delivery_id,order_id,partner_id,promised_time_mins,actual_time_mins,dispatched_at,delivered_at,delivery_status
1,1,57,10,15.0,2026-05-16 18:12:18,2026-05-16 18:27:18,Delivered
2,2,63,15,15.0,2026-03-30 13:09:46,2026-03-30 13:24:46,Delivered
3,3,25,30,41.0,2026-04-27 08:04:48,2026-04-27 08:45:48,Delayed
4,4,65,15,16.0,2026-07-07 15:31:34,2026-07-07 15:47:34,Delivered
5,5,82,10,6.0,2026-03-10 09:35:03,2026-03-10 09:41:03,Delivered
6,6,69,10,8.0,2026-02-22 09:44:27,2026-02-22 09:52:27,Delivered
7,7,36,15,15.0,2026-02-27 20:21:12,2026-02-27 20:36:12,Delayed
8,8,17,20,16.0,2026-03-22 23:39:59,2026-03-22 23:55:59,Delivered
9,9,1,10,,2026-05-30 07:36:14,,Cancelled
10,10,21,20,22.0,2026-07-13 21:07:14,2026-07-13 21:29:14,Delivered
11,11,34,30,42.0,2026-04-14 13:11:44,2026-04-14 13:53:44,Delayed
12,12,51,10,4.0,2026-06-30 20:28:08,2026-06-30 20:32:08,Delayed
13,13,33,30,35.0,2026-04-08 14:37:56,2026-04-08 15:12:56,Delivered
14,14,49,20,19.0,2026-02-18 10:41:12,2026-02-18 11:00:12,Delivered
15,15,37,20,4.0,2026-05-22 14:01:57,2026-05-22 14:05:57,Delivered
16,16,7,30,23.0,2026-02-12 18:57:56,2026-02-12 19:20:56,Delivered
17,17,26,20,22.0,2026-05-23 07:36:41,2026-05-23 07:58:41,Delivered
18,18,36,15,11.0,2026-03-14 18:19:07,2026-03-14 18:30:07,Delivered
19,19,59,15,17.0,2026-02-21 13:00:15,2026-02-21 13:17:15,Delivered
20,20,42,15,11.0,2026-04-24 19:19:23,2026-04-24 19:30:23,Delivered
21,21,9,20,22.0,2026-04-22 21:41:16,2026-04-22 22:03:16,Delivered
22,22,28,15,11.0,2026-05-07 11:00:37,2026-05-07 11:11:37,Delivered
23,23,76,10,8.0,2026-05-05 11:39:40,2026-05-05 11:47:40,Delivered
24,24,82,30,,2026-07-17 09:35:29,,Cancelled
25,25,78,10,18.0,2026-07-12 19:33:36,2026-07-12 19:51:36,Delayed
26,26,12,10,,2026-02-22 16:32:06,,Cancelled
27,27,17,30,32.0,2026-03-10 08:15:22,2026-03-10 08:47:22,Delivered
28,28,37,20,23.0,2026-05-02 21:58:44,2026-05-02 22:21:44,Delivered
29,29,62,30,34.0,2026-07-18 12:44:51,2026-07-18 13:18:51,Delivered
30,30,55,10,14.0,2026-05-14 16:42:22,2026-05-14 16:56:22,Delayed
31,31,1,15,13.0,2026-03-28 10:47:07,2026-03-28 11:00:07,Delivered
32,32,41,30,,2026-07-14 21:04:25,,Cancelled
33,33,81,10,4.0,2026-06-07 19:01:27,2026-06-07 19:05:27,Delivered
34,34,25,10,23.0,2026-02-09 13:21:19,2026-02-09 13:44:19,Delayed
35,35,64,30,37.0,2026-05-03 20:05:55,2026-05-03 20:42:55,Delayed
36,36,28,20,,2026-06-14 11:26:35,,Cancelled
37,37,24,30,19.0,2026-05-20 09:28:54,2026-05-20 09:47:54,Delivered
38,38,41,30,27.0,2026-05-15 13:55:45,2026-05-15 14:22:45,Delivered
39,39,27,30,34.0,2026-06-28 08:02:53,2026-06-28 08:36:53,Delivered
40,40,67,30,31.0,2026-07-10 15:29:31,2026-07-10 16:00:31,Delayed
41,41,4,30,35.0,2026-07-06 11:50:02,2026-07-06 12:25:02,Delivered
42,42,14,10,4.0,2026-07-12 14:20:11,2026-07-12 14:24:11,Delivered
43,43,23,20,,2026-08-01 17:18:40,,Cancelled
44,44,73,30,29.0,2026-04-03 22:53:59,2026-04-03 23:22:59,Delivered
45,45,47,10,,2026-03-26 15:47:42,,Cancelled
46,46,68,15,12.0,2026-06-13 09:31:35,2026-06-13 09:43:35,Delivered
47,47,43,20,27.0,2026-06-09 23:32:42,2026-06-09 23:59:42,Delayed
48,48,48,20,18.0,2026-06-09 10:13:52,2026-06-09 10:31:52,Delivered
49,49,17,10,,2026-08-03 15:00:25,,Cancelled
50,50,29,10,5.0,2026-08-01 20:44:46,2026-08-01 20:49:46,Delivered
51,51,40,15,5.0,2026-06-12 08:38:52,2026-06-12 08:43:52,Delivered
52,52,72,30,26.0,2026-03-11 19:38:41,2026-03-11 20:04:41,Delivered
53,53,39,15,28.0,2026-03-03 19:55:03,2026-03-03 20:23:03,Delayed
54,54,59,10,4.0,2026-08-02 09:25:33,2026-08-02 09:29:33,Delivered
55,55,42,20,15.0,2026-04-18 22:08:01,2026-04-18 22:23:01,Delivered
56,56,14,20,17.0,2026-06-18 12:50:29,2026-06-18 13:07:29,Delivered
57,57,24,20,22.0,2026-05-23 14:48:17,2026-05-23 15:10:17,Delivered
58,58,63,15,22.0,2026-05-23 19:22:47,2026-05-23 19:44:47,Delayed
59,59,41,15,10.0,2026-07-12 22:09:04,2026-07-12 22:19:04,Delayed
60,60,20,10,18.0,2026-06-11 17:02:21,2026-06-11 17:20:21,Delayed
61,61,23,10,6.0,2026-03-13 17:38:52,2026-03-13 17:44:52,Delivered
62,62,17,10,5.0,2026-06-08 12:38:07,2026-06-08 12:43:07,Delivered
63,63,12,20,12.0,2026-06-24 09:31:00,2026-06-24 09:43:00,Delivered
64,64,81,20,16.0,2026-07-13 20:19:37,2026-07-13 20:35:37,Delivered
65,65,53,30,29.0,2026-07-31 20:59:04,2026-07-31 21:28:04,Delivered
66,66,15,20,25.0,2026-05-11 22:35:15,2026-05-11 23:00:15,Delivered
67,67,60,30,,2026-05-29 18:51:54,,Cancelled
68,68,31,20,16.0,2026-07-25 12:56:35,2026-07-25 13:12:35,Delivered
69,69,62,10,11.0,2026-05-02 20:01:03,2026-05-02 20:12:03,Delivered
70,70,13,30,21.0,2026-05-27 23:07:22,2026-05-27 23:28:22,Delivered
71,71,79,30,33.0,2026-06-22 14:37:16,2026-06-22 15:10:16,Delivered
72,72,50,20,27.0,2026-06-19 21:39:24,2026-06-19 22:06:24,Delayed
73,73,76,15,23.0,2026-04-13 15:43:53,2026-04-13 16:06:53,Delayed
74,74,38,20,22.0,2026-04-19 21:08:11,2026-04-19 21:30:11,Delivered
75,75,51,20,23.0,2026-03-24 15:50:14,2026-03-24 16:13:14,Delivered
76,76,24,30,38.0,2026-05-19 16:40:15,2026-05-19 17:18:15,Delayed
77,77,17,10,14.0,2026-06-26 13:08:02,2026-06-26 13:22:02,Delivered
78,78,25,15,22.0,2026-07-24 17:48:52,2026-07-24 18:10:52,Delayed
79,79,54,20,29.0,2026-05-30 22:00:41,2026-05-30 22:29:41,Delayed
80,80,60,10,11.0,2026-07-08 07:45:02,2026-07-08 07:56:02,Delivered
81,81,49,10,11.0,2026-03-17 20:31:58,2026-03-17 20:42:58,Delivered
82,82,1,30,42.0,2026-04-20 17:02:29,2026-04-20 17:44:29,Delayed
83,83,56,20,17.0,2026-06-11 23:14:20,2026-06-11 23:31:20,Delivered
84,84,18,15,6.0,2026-05-20 11:41:58,2026-05-20 11:47:58,Delivered
85,85,80,15,16.0,2026-03-25 17:48:53,2026-03-25 18:04:53,Delivered
86,86,49,10,6.0,2026-03-26 10:43:59,2026-03-26 10:49:59,Delivered
87,87,57,20,17.0,2026-04-15 09:30:13,2026-04-15 09:47:13,Delivered
88,88,68,30,33.0,2026-06-13 07:23:03,2026-06-13 07:56:03,Delivered
89,89,24,10,5.0,2026-07-14 12:20:43,2026-07-14 12:25:43,Delivered
90,90,65,10,5.0,2026-03-26 17:11:32,2026-03-26 17:16:32,Delivered
91,91,83,20,19.0,2026-05-13 15:35:27,2026-05-13 15:54:27,Delivered
92,92,67,30,29.0,2026-07-07 20:54:52,2026-07-07 21:23:52,Delivered
93,93,42,15,11.0,2026-06-11 21:00:14,2026-06-11 21:11:14,Delivered
94,94,48,10,4.0,2026-02-16 19:15:05,2026-02-16 19:19:05,Delivered
95,95,57,10,4.0,2026-04-28 13:02:01,2026-04-28 13:06:01,Delivered
96,96,47,10,,2026-04-04 18:09:30,,Cancelled
97,97,25,30,27.0,2026-08-03 22:30:09,2026-08-03 22:57:09,Delivered
98,98,44,10,5.0,2026-02-12 16:21:15,2026-02-12 16:26:15,Delivered
99,99,54,15,9.0,2026-04-07 18:19:41,2026-04-07 18:28:41,Delivered
100,100,8,30,24.0,2026-03-28 22:36:05,2026-03-28 23:00:05,Delivered
101,101,70,30,19.0,2026-02-07 11:43:32,2026-02-07 12:02:32,Delivered
102,102,20,15,22.0,2026-04-09 15:38:42,2026-04-09 16:00:42,Delayed
103,103,62,10,6.0,2026-03-10 19:14:16,2026-03-10 19:20:16,Delivered
104,104,82,20,24.0,2026-07-18 07:14:37,2026-07-18 07:38:37,Delivered
105,105,58,30,26.0,2026-06-29 23:27:20,2026-06-29 23:53:20,Delivered
106,106,79,15,15.0,2026-08-03 13:41:54,2026-08-03 13:56:54,Delivered
107,107,1,20,18.0,2026-03-27 14:36:54,2026-03-27 14:54:54,Delivered
108,108,53,15,17.0,2026-04-18 11:43:22,2026-04-18 12:00:22,Delivered
109,109,79,20,20.0,2026-03-24 18:47:12,2026-03-24 19:07:12,Delivered
110,110,7,30,34.0,2026-07-07 13:32:29,2026-07-07 14:06:29,Delivered
111,111,63,30,32.0,2026-04-23 18:29:58,2026-04-23 19:01:58,Delivered
112,112,83,15,15.0,2026-02-16 21:37:19,2026-02-16 21:52:19,Delivered
113,113,60,20,15.0,2026-05-01 20:51:28,2026-05-01 21:06:28,Delayed
114,114,20,20,13.0,2026-08-04 08:56:42,2026-08-04 09:09:42,Delivered
115,115,61,10,6.0,2026-06-20 14:07:51,2026-06-20 14:13:51,Delivered
116,116,58,20,19.0,2026-03-01 16:53:26,2026-03-01 17:12:26,Delivered
117,117,65,30,31.0,2026-05-02 07:13:33,2026-05-02 07:44:33,Delivered
118,118,23,15,19.0,2026-03-18 11:49:12,2026-03-18 12:08:12,Delivered
119,119,34,15,17.0,2026-06-15 23:32:19,2026-06-15 23:49:19,Delivered
120,120,19,30,26.0,2026-07-06 11:30:30,2026-07-06 11:56:30,Delayed
121,121,20,20,23.0,2026-03-03 21:58:13,2026-03-03 22:21:13,Delivered
122,122,54,10,13.0,2026-04-27 21:23:44,2026-04-27 21:36:44,Delivered
123,123,55,20,21.0,2026-02-05 21:48:59,2026-02-05 22:09:59,Delivered
124,124,42,30,24.0,2026-07-25 08:08:16,2026-07-25 08:32:16,Delivered
125,125,47,10,21.0,2026-07-21 21:10:17,2026-07-21 21:31:17,Delayed
126,126,25,10,4.0,2026-04-06 18:40:38,2026-04-06 18:44:38,Delivered
127,127,62,15,11.0,2026-05-13 07:41:43,2026-05-13 07:52:43,Delivered
128,128,64,15,15.0,2026-04-28 20:12:14,2026-04-28 20:27:14,Delivered
129,129,38,30,29.0,2026-06-29 22:41:54,2026-06-29 23:10:54,Delivered
130,130,78,10,10.0,2026-04-22 18:20:09,2026-04-22 18:30:09,Delivered
131,131,33,20,18.0,2026-07-12 21:13:20,2026-07-12 21:31:20,Delivered
132,132,42,20,25.0,2026-03-10 14:43:36,2026-03-10 15:08:36,Delivered
133,133,21,20,27.0,2026-05-03 10:51:00,2026-05-03 11:18:00,Delayed
134,134,55,10,,2026-02-06 09:37:00,,Cancelled
135,135,83,10,19.0,2026-02-08 16:18:52,2026-02-08 16:37:52,Delayed
136,136,66,30,28.0,2026-07-02 18:51:02,2026-07-02 19:19:02,Delivered
137,137,5,20,29.0,2026-02-07 10:35:30,2026-02-07 11:04:30,Delayed
138,138,16,30,,2026-06-28 13:03:00,,Cancelled
139,139,5,10,,2026-02-09 18:29:38,,Cancelled
140,140,82,20,28.0,2026-05-15 12:03:49,2026-05-15 12:31:49,Delayed
141,141,21,20,14.0,2026-07-28 22:58:27,2026-07-28 23:12:27,Delivered
142,142,60,10,5.0,2026-04-23 09:53:49,2026-04-23 09:58:49,Delivered
143,143,72,15,11.0,2026-05-26 15:58:12,2026-05-26 16:09:12,Delivered
144,144,31,30,33.0,2026-03-03 13:57:03,2026-03-03 14:30:03,Delivered
145,145,6,20,15.0,2026-02-09 19:50:43,2026-02-09 20:05:43,Delayed
146,146,31,10,8.0,2026-06-30 22:12:18,2026-06-30 22:20:18,Delivered
147,147,31,15,17.0,2026-06-05 08:53:14,2026-06-05 09:10:14,Delivered
148,148,65,15,,2026-04-21 19:19:59,,Cancelled
149,149,57,20,17.0,2026-06-24 21:59:33,2026-06-24 22:16:33,Delivered
150,150,6,20,,2026-02-14 21:04:00,,Cancelled
151,151,71,15,23.0,2026-04-07 13:21:44,2026-04-07 13:44:44,Delayed
152,152,51,10,21.0,2026-07-11 14:02:26,2026-07-11 14:23:26,Delayed
153,153,46,15,17.0,2026-05-21 09:36:00,2026-05-21 09:53:00,Delivered
154,154,79,20,20.0,2026-07-28 18:50:15,2026-07-28 19:10:15,Delivered
155,155,74,10,14.0,2026-04-29 08:13:13,2026-04-29 08:27:13,Delivered
156,156,22,30,,2026-06-16 19:57:48,,Cancelled
157,157,37,30,19.0,2026-04-21 12:46:23,2026-04-21 13:05:23,Delivered
158,158,39,30,28.0,2026-06-03 16:48:29,2026-06-03 17:16:29,Delivered
159,159,15,15,27.0,2026-06-18 09:50:26,2026-06-18 10:17:26,Delayed
160,160,58,20,18.0,2026-04-11 10:46:08,2026-04-11 11:04:08,Delivered
161,161,68,15,6.0,2026-06-30 12:18:09,2026-06-30 12:24:09,Delivered
162,162,65,10,13.0,2026-06-08 13:37:28,2026-06-08 13:50:28,Delivered
163,163,77,20,22.0,2026-06-17 07:10:26,2026-06-17 07:32:26,Delivered
164,164,24,30,,2026-04-24 17:10:23,,Cancelled
165,165,6,30,31.0,2026-05-02 20:42:26,2026-05-02 21:13:26,Delivered
166,166,49,20,11.0,2026-06-05 14:36:11,2026-06-05 14:47:11,Delayed
167,167,24,20,,2026-05-23 23:23:48,,Cancelled
168,168,68,10,13.0,2026-06-26 11:36:12,2026-06-26 11:49:12,Delivered
169,169,43,10,16.0,2026-03-16 16:58:43,2026-03-16 17:14:43,Delayed
170,170,73,10,14.0,2026-02-05 12:10:25,2026-02-05 12:24:25,Delivered
171,171,4,30,29.0,2026-05-23 09:13:20,2026-05-23 09:42:20,Delivered
172,172,35,15,15.0,2026-06-16 13:47:48,2026-06-16 14:02:48,Delivered
173,173,39,10,14.0,2026-06-28 19:27:11,2026-06-28 19:41:11,Delivered
174,174,3,30,29.0,2026-03-26 23:38:33,2026-03-27 00:07:33,Delivered
175,175,82,15,15.0,2026-03-03 09:05:32,2026-03-03 09:20:32,Delivered
176,176,13,10,4.0,2026-03-07 12:25:41,2026-03-07 12:29:41,Delayed
177,177,63,15,10.0,2026-03-26 13:41:53,2026-03-26 13:51:53,Delivered
178,178,79,10,4.0,2026-08-01 20:04:06,2026-08-01 20:08:06,Delivered
179,179,30,30,,2026-04-23 16:06:10,,Cancelled
180,180,3,15,11.0,2026-04-03 18:18:09,2026-04-03 18:29:09,Delivered
181,181,25,30,37.0,2026-05-23 15:21:41,2026-05-23 15:58:41,Delayed
182,182,79,10,9.0,2026-06-25 17:38:52,2026-06-25 17:47:52,Delayed
183,183,29,15,9.0,2026-07-28 15:36:17,2026-07-28 15:45:17,Delivered
184,184,12,15,7.0,2026-02-20 16:41:23,2026-02-20 16:48:23,Delivered
185,185,19,30,25.0,2026-02-14 23:07:10,2026-02-14 23:32:10,Delivered
186,186,16,15,7.0,2026-03-20 10:50:16,2026-03-20 10:57:16,Delivered
187,187,29,30,32.0,2026-06-30 09:33:13,2026-06-30 10:05:13,Delayed
188,188,80,30,33.0,2026-06-20 09:16:26,2026-06-20 09:49:26,Delivered
189,189,42,20,28.0,2026-07-05 10:22:49,2026-07-05 10:50:49,Delayed
190,190,72,10,12.0,2026-05-02 09:29:43,2026-05-02 09:41:43,Delivered
191,191,76,20,21.0,2026-07-29 07:09:11,2026-07-29 07:30:11,Delivered
192,192,11,15,17.0,2026-03-26 11:55:29,2026-03-26 12:12:29,Delivered
194,194,47,15,13.0,2026-04-13 22:25:13,2026-04-13 22:38:13,Delivered
195,195,81,20,13.0,2026-07-05 08:21:32,2026-07-05 08:34:32,Delayed
196,196,41,20,18.0,2026-04-26 16:46:30,2026-04-26 17:04:30,Delivered
197,197,8,20,,2026-03-24 08:09:59,,Cancelled
198,198,17,15,12.0,2026-05-15 15:29:35,2026-05-15 15:41:35,Delayed
199,199,1,15,16.0,2026-05-13 16:53:54,2026-05-13 17:09:54,Delivered
200,200,54,15,,2026-07-18 14:37:32,,Cancelled
201,201,21,20,16.0,2026-03-23 21:15:13,2026-03-23 21:31:13,Delivered
202,202,81,30,36.0,2026-03-03 14:40:47,2026-03-03 15:16:47,Delayed
203,203,81,20,15.0,2026-03-06 21:59:21,2026-03-06 22:14:21,Delivered
204,204,76,10,4.0,2026-05-23 16:05:26,2026-05-23 16:09:26,Delivered
205,205,46,15,21.0,2026-06-16 23:55:31,2026-06-17 00:16:31,Delayed
206,206,54,20,,2026-05-28 21:37:08,,Cancelled
207,207,4,30,34.0,2026-05-03 23:51:21,2026-05-04 00:25:21,Delivered
208,208,80,20,20.0,2026-05-05 22:57:44,2026-05-05 23:17:44,Delivered
209,209,32,15,12.0,2026-05-05 11:04:50,2026-05-05 11:16:50,Delivered
210,210,68,15,12.0,2026-06-20 14:07:03,2026-06-20 14:19:03,Delivered
211,211,5,15,9.0,2026-06-20 08:29:53,2026-06-20 08:38:53,Delivered
212,212,36,20,21.0,2026-06-30 07:47:35,2026-06-30 08:08:35,Delivered
213,213,71,30,36.0,2026-05-08 13:40:04,2026-05-08 14:16:04,Delayed
214,214,59,30,,2026-05-07 22:53:54,,Cancelled
215,215,71,15,11.0,2026-05-06 11:37:25,2026-05-06 11:48:25,Delivered
216,216,61,10,9.0,2026-06-30 08:58:29,2026-06-30 09:07:29,Delivered
217,217,42,30,,2026-05-02 15:14:08,,Cancelled
218,218,44,10,9.0,2026-02-13 20:15:48,2026-02-13 20:24:48,Delivered
219,219,7,10,4.0,2026-03-18 22:42:16,2026-03-18 22:46:16,Delivered
220,220,57,20,24.0,2026-07-18 17:05:43,2026-07-18 17:29:43,Delivered
221,221,81,20,22.0,2026-06-15 17:21:09,2026-06-15 17:43:09,Delivered
222,222,60,20,24.0,2026-06-26 17:49:32,2026-06-26 18:13:32,Delivered
223,223,65,15,21.0,2026-07-01 08:06:50,2026-07-01 08:27:50,Delayed
224,224,20,10,8.0,2026-03-29 17:18:37,2026-03-29 17:26:37,Delivered
225,225,56,20,25.0,2026-04-29 10:05:41,2026-04-29 10:30:41,Delivered
226,226,11,10,10.0,2026-07-28 14:37:40,2026-07-28 14:47:40,Delivered
227,227,12,10,6.0,2026-05-01 18:01:03,2026-05-01 18:07:03,Delivered
228,228,14,10,17.0,2026-03-15 08:16:47,2026-03-15 08:33:47,Delayed
229,229,51,10,12.0,2026-03-08 18:36:50,2026-03-08 18:48:50,Delivered
230,230,20,15,18.0,2026-08-01 15:43:50,2026-08-01 16:01:50,Delivered
231,231,19,10,24.0,2026-02-09 16:37:05,2026-02-09 17:01:05,Delayed
232,232,46,20,16.0,2026-07-18 07:52:21,2026-07-18 08:08:21,Delivered
233,233,38,20,15.0,2026-05-21 11:09:25,2026-05-21 11:24:25,Delivered
234,234,35,20,16.0,2026-08-02 19:21:04,2026-08-02 19:37:04,Delivered
235,235,53,30,28.0,2026-03-12 13:40:22,2026-03-12 14:08:22,Delivered
236,236,49,10,15.0,2026-06-06 09:16:11,2026-06-06 09:31:11,Delivered
237,237,37,15,4.0,2026-02-12 07:43:05,2026-02-12 07:47:05,Delivered
238,238,14,15,12.0,2026-04-18 11:51:09,2026-04-18 12:03:09,Delivered
239,239,63,15,11.0,2026-07-15 17:01:00,2026-07-15 17:12:00,Delivered
240,240,9,30,27.0,2026-04-16 17:33:24,2026-04-16 18:00:24,Delivered
241,241,81,30,35.0,2026-03-25 18:24:09,2026-03-25 18:59:09,Delivered
242,242,53,15,9.0,2026-03-20 14:59:52,2026-03-20 15:08:52,Delivered
243,243,12,30,27.0,2026-06-22 13:15:28,2026-06-22 13:42:28,Delivered
244,244,25,30,31.0,2026-06-24 07:51:29,2026-06-24 08:22:29,Delivered
245,245,81,20,12.0,2026-05-05 08:51:56,2026-05-05 09:03:56,Delivered
246,246,62,30,39.0,2026-04-21 23:32:32,2026-04-22 00:11:32,Delayed
247,247,59,15,13.0,2026-05-14 17:10:48,2026-05-14 17:23:48,Delivered
248,248,29,10,4.0,2026-07-08 12:42:26,2026-07-08 12:46:26,Delivered
249,249,67,20,24.0,2026-04-04 23:25:33,2026-04-04 23:49:33,Delivered
250,250,57,30,26.0,2026-02-26 17:22:03,2026-02-26 17:48:03,Delivered
251,251,81,15,15.0,2026-04-23 10:06:16,2026-04-23 10:21:16,Delivered
252,252,2,10,14.0,2026-03-12 10:52:56,2026-03-12 11:06:56,Delivered
253,253,53,15,4.0,2026-03-17 11:12:36,2026-03-17 11:16:36,Delayed
254,254,65,20,10.0,2026-02-17 11:20:06,2026-02-17 11:30:06,Delivered
255,255,27,15,16.0,2026-04-02 22:10:35,2026-04-02 22:26:35,Delivered
256,256,33,15,9.0,2026-04-04 07:19:02,2026-04-04 07:28:02,Delivered
257,257,43,30,38.0,2026-03-07 10:04:02,2026-03-07 10:42:02,Delayed
258,258,77,15,23.0,2026-03-24 11:05:53,2026-03-24 11:28:53,Delayed
259,259,5,10,4.0,2026-04-10 18:43:53,2026-04-10 18:47:53,Delivered
260,260,35,10,7.0,2026-05-16 19:16:42,2026-05-16 19:23:42,Delivered
261,261,35,30,24.0,2026-07-22 14:35:14,2026-07-22 14:59:14,Delivered
263,263,79,20,16.0,2026-05-21 13:37:54,2026-05-21 13:53:54,Delivered
264,264,55,10,,2026-07-23 21:27:30,,Cancelled
265,265,37,30,37.0,2026-06-09 14:38:38,2026-06-09 15:15:38,Delayed
266,266,68,15,25.0,2026-04-06 07:50:22,2026-04-06 08:15:22,Delayed
267,267,44,10,4.0,2026-02-19 16:43:09,2026-02-19 16:47:09,Delivered
268,268,73,30,41.0,2026-07-07 14:33:13,2026-07-07 15:14:13,Delayed
269,269,30,30,24.0,2026-02-06 11:08:11,2026-02-06 11:32:11,Delivered
270,270,82,15,23.0,2026-04-25 09:30:56,2026-04-25 09:53:56,Delayed
271,271,54,20,18.0,2026-04-12 21:20:37,2026-04-12 21:38:37,Delivered
272,272,63,10,15.0,2026-06-19 07:14:02,2026-06-19 07:29:02,Delivered
273,273,7,15,20.0,2026-04-21 07:54:56,2026-04-21 08:14:56,Delivered
274,274,44,15,8.0,2026-03-06 10:41:16,2026-03-06 10:49:16,Delivered
275,275,44,10,18.0,2026-03-12 13:07:49,2026-03-12 13:25:49,Delayed
276,276,42,30,34.0,2026-03-04 17:19:01,2026-03-04 17:53:01,Delivered
277,277,55,20,17.0,2026-03-27 09:48:30,2026-03-27 10:05:30,Delivered
278,278,8,30,33.0,2026-07-24 11:49:24,2026-07-24 12:22:24,Delivered
279,279,11,10,4.0,2026-03-29 15:40:09,2026-03-29 15:44:09,Delivered
280,280,75,30,28.0,2026-04-21 21:40:45,2026-04-21 22:08:45,Delivered
281,281,39,10,5.0,2026-07-17 16:28:15,2026-07-17 16:33:15,Delivered
282,282,38,10,12.0,2026-04-01 12:12:37,2026-04-01 12:24:37,Delivered
283,283,45,20,11.0,2026-03-18 08:11:11,2026-03-18 08:22:11,Delivered
284,284,34,15,18.0,2026-05-23 19:23:12,2026-05-23 19:41:12,Delivered
285,285,24,20,18.0,2026-03-06 23:55:14,2026-03-07 00:13:14,Delivered
286,286,62,30,27.0,2026-05-15 15:54:36,2026-05-15 16:21:36,Delayed
287,287,64,30,31.0,2026-05-17 12:32:55,2026-05-17 13:03:55,Delivered
288,288,30,15,,2026-06-26 08:24:30,,Cancelled
289,289,67,15,12.0,2026-05-04 19:12:20,2026-05-04 19:24:20,Delivered
290,290,78,20,10.0,2026-07-02 23:43:37,2026-07-02 23:53:37,Delivered
291,291,58,30,44.0,2026-02-19 16:54:07,2026-02-19 17:38:07,Delayed
292,292,32,15,19.0,2026-04-21 13:55:07,2026-04-21 14:14:07,Delivered
293,293,26,15,15.0,2026-07-09 16:02:41,2026-07-09 16:17:41,Delivered
294,294,79,15,9.0,2026-06-13 11:15:09,2026-06-13 11:24:09,Delivered
295,295,80,30,36.0,2026-07-18 09:27:27,2026-07-18 10:03:27,Delayed
296,296,81,15,24.0,2026-06-18 14:46:46,2026-06-18 15:10:46,Delayed
297,297,22,30,23.0,2026-03-30 19:53:50,2026-03-30 20:16:50,Delivered
298,298,11,10,11.0,2026-06-10 09:07:37,2026-06-10 09:18:37,Delivered
299,299,56,10,13.0,2026-02-16 17:09:05,2026-02-16 17:22:05,Delivered
300,300,58,30,25.0,2026-05-02 11:16:24,2026-05-02 11:41:24,Delayed
301,301,38,15,13.0,2026-07-31 16:52:28,2026-07-31 17:05:28,Delivered
302,302,3,10,4.0,2026-02-08 20:32:43,2026-02-08 20:36:43,Delivered
303,303,11,15,,2026-02-18 12:26:59,,Cancelled
304,304,16,20,14.0,2026-02-22 23:24:53,2026-02-22 23:38:53,Delivered
305,305,82,10,12.0,2026-03-12 18:05:02,2026-03-12 18:17:02,Delivered
306,306,8,10,9.0,2026-05-14 19:55:20,2026-05-14 20:04:20,Delivered
307,307,42,20,12.0,2026-04-24 09:03:17,2026-04-24 09:15:17,Delivered
308,308,80,30,34.0,2026-05-27 21:58:11,2026-05-27 22:32:11,Delivered
309,309,63,10,7.0,2026-04-29 18:14:14,2026-04-29 18:21:14,Delivered
310,310,50,30,25.0,2026-03-15 13:59:34,2026-03-15 14:24:34,Delivered
311,311,27,20,23.0,2026-04-22 20:30:52,2026-04-22 20:53:52,Delivered
312,312,43,20,21.0,2026-03-23 09:47:39,2026-03-23 10:08:39,Delivered
313,313,50,15,8.0,2026-06-06 23:14:28,2026-06-06 23:22:28,Delivered
314,314,26,15,12.0,2026-06-04 22:32:22,2026-06-04 22:44:22,Delivered
315,315,80,30,37.0,2026-07-21 10:58:09,2026-07-21 11:35:09,Delayed
316,316,37,15,17.0,2026-03-11 22:13:45,2026-03-11 22:30:45,Delivered
317,317,5,15,19.0,2026-03-14 11:56:25,2026-03-14 12:15:25,Delivered
318,318,65,10,6.0,2026-07-04 20:17:59,2026-07-04 20:23:59,Delivered
319,319,80,20,21.0,2026-03-26 23:51:38,2026-03-27 00:12:38,Delivered
320,320,81,30,26.0,2026-02-23 19:51:48,2026-02-23 20:17:48,Delayed
321,321,80,15,8.0,2026-07-20 19:26:35,2026-07-20 19:34:35,Delivered
322,322,51,20,,2026-07-04 23:02:15,,Cancelled
323,323,6,15,20.0,2026-03-04 23:48:26,2026-03-05 00:08:26,Delivered
324,324,13,20,17.0,2026-05-07 23:19:07,2026-05-07 23:36:07,Delivered
325,325,47,20,13.0,2026-06-17 15:24:09,2026-06-17 15:37:09,Delivered
327,327,69,30,26.0,2026-04-15 20:20:23,2026-04-15 20:46:23,Delivered
328,328,9,10,19.0,2026-07-30 18:43:42,2026-07-30 19:02:42,Delayed
329,329,58,15,7.0,2026-05-13 07:22:37,2026-05-13 07:29:37,Delivered
330,330,67,20,29.0,2026-04-21 08:09:54,2026-04-21 08:38:54,Delayed
331,331,56,20,18.0,2026-06-27 21:27:13,2026-06-27 21:45:13,Delivered
332,332,66,30,48.0,2026-05-09 11:18:00,2026-05-09 12:06:00,Delayed
333,333,19,30,26.0,2026-02-17 18:02:05,2026-02-17 18:28:05,Delayed
334,334,79,15,11.0,2026-07-31 14:03:13,2026-07-31 14:14:13,Delivered
335,335,58,10,4.0,2026-03-03 11:33:52,2026-03-03 11:37:52,Delivered
336,336,69,10,14.0,2026-06-25 10:17:38,2026-06-25 10:31:38,Delivered
337,337,4,20,22.0,2026-05-08 19:59:54,2026-05-08 20:21:54,Delivered
338,338,38,10,4.0,2026-06-11 16:04:23,2026-06-11 16:08:23,Delivered
339,339,70,30,34.0,2026-02-24 23:30:14,2026-02-25 00:04:14,Delayed
340,340,25,30,33.0,2026-05-14 20:31:46,2026-05-14 21:04:46,Delivered
341,341,11,30,,2026-05-26 18:39:50,,Cancelled
342,342,10,10,10.0,2026-05-11 07:54:07,2026-05-11 08:04:07,Delivered
343,343,15,30,,2026-04-17 10:58:07,,Cancelled
344,344,71,10,,2026-04-17 10:21:35,,Cancelled
345,345,18,10,11.0,2026-03-28 13:13:54,2026-03-28 13:24:54,Delivered
346,346,52,10,24.0,2026-07-30 22:57:53,2026-07-30 23:21:53,Delayed
347,347,12,10,6.0,2026-02-13 11:33:33,2026-02-13 11:39:33,Delivered
349,349,64,15,13.0,2026-04-28 23:22:28,2026-04-28 23:35:28,Delivered
350,350,72,20,18.0,2026-04-10 09:33:54,2026-04-10 09:51:54,Delivered
351,351,13,20,20.0,2026-06-23 12:29:08,2026-06-23 12:49:08,Delivered
352,352,54,20,28.0,2026-07-02 14:39:44,2026-07-02 15:07:44,Delayed
353,353,12,15,13.0,2026-03-06 16:20:29,2026-03-06 16:33:29,Delayed
354,354,16,20,27.0,2026-05-09 18:37:29,2026-05-09 19:04:29,Delayed
355,355,57,20,27.0,2026-04-22 14:21:13,2026-04-22 14:48:13,Delayed
356,356,13,15,15.0,2026-02-13 14:24:51,2026-02-13 14:39:51,Delivered
357,357,60,15,15.0,2026-02-24 12:08:30,2026-02-24 12:23:30,Delivered
358,358,30,10,4.0,2026-06-30 16:19:15,2026-06-30 16:23:15,Delivered
359,359,56,15,23.0,2026-06-03 17:19:17,2026-06-03 17:42:17,Delayed
360,360,68,30,,2026-06-28 08:47:56,,Cancelled
361,361,64,10,,2026-04-01 08:29:43,,Cancelled
362,362,45,30,31.0,2026-04-04 20:35:58,2026-04-04 21:06:58,Delivered
363,363,49,30,27.0,2026-04-15 18:40:33,2026-04-15 19:07:33,Delivered
364,364,60,10,20.0,2026-05-26 23:55:45,2026-05-27 00:15:45,Delayed
365,365,18,20,28.0,2026-02-17 23:15:41,2026-02-17 23:43:41,Delayed
366,366,81,20,27.0,2026-06-15 08:47:40,2026-06-15 09:14:40,Delayed
367,367,70,20,26.0,2026-03-03 19:15:20,2026-03-03 19:41:20,Delayed
368,368,13,20,21.0,2026-02-09 23:37:26,2026-02-09 23:58:26,Delivered
369,369,80,15,29.0,2026-06-14 11:24:17,2026-06-14 11:53:17,Delayed
370,370,10,15,14.0,2026-06-05 22:19:04,2026-06-05 22:33:04,Delivered
372,372,58,15,,2026-06-17 18:20:24,,Cancelled
373,373,22,30,29.0,2026-05-31 14:56:00,2026-05-31 15:25:00,Delivered
374,374,67,15,15.0,2026-05-08 16:50:23,2026-05-08 17:05:23,Delayed
375,375,33,15,,2026-07-19 16:46:53,,Cancelled
376,376,46,10,,2026-03-04 23:38:17,,Cancelled
377,377,14,30,,2026-04-02 14:49:42,,Cancelled
378,378,4,10,,2026-02-09 07:53:54,,Cancelled
379,379,83,10,14.0,2026-03-27 13:02:24,2026-03-27 13:16:24,Delivered
380,380,61,10,,2026-06-03 11:48:49,,Cancelled
381,381,13,15,13.0,2026-04-22 10:54:22,2026-04-22 11:07:22,Delivered
382,382,47,10,8.0,2026-04-12 22:22:26,2026-04-12 22:30:26,Delivered
383,383,36,20,9.0,2026-04-08 19:37:00,2026-04-08 19:46:00,Delivered
384,384,30,20,16.0,2026-07-25 18:47:04,2026-07-25 19:03:04,Delivered
385,385,37,10,10.0,2026-06-22 10:45:13,2026-06-22 10:55:13,Delivered
386,386,75,15,17.0,2026-07-28 07:05:48,2026-07-28 07:22:48,Delivered
387,387,18,30,26.0,2026-02-14 09:08:19,2026-02-14 09:34:19,Delivered
388,388,79,10,12.0,2026-06-27 22:04:26,2026-06-27 22:16:26,Delivered
389,389,77,30,37.0,2026-07-20 09:29:54,2026-07-20 10:06:54,Delayed
390,390,68,20,15.0,2026-05-26 19:53:50,2026-05-26 20:08:50,Delivered
391,391,22,10,13.0,2026-04-20 07:55:03,2026-04-20 08:08:03,Delivered
392,392,43,30,33.0,2026-03-07 14:53:40,2026-03-07 15:26:40,Delivered
393,393,12,30,20.0,2026-02-12 09:44:51,2026-02-12 10:04:51,Delivered
394,394,2,20,14.0,2026-05-12 12:59:13,2026-05-12 13:13:13,Delivered
395,395,22,15,17.0,2026-06-12 11:29:55,2026-06-12 11:46:55,Delivered
396,396,59,20,13.0,2026-04-13 09:13:39,2026-04-13 09:26:39,Delivered
397,397,65,10,11.0,2026-06-20 23:56:52,2026-06-21 00:07:52,Delivered
398,398,77,10,12.0,2026-05-08 13:26:58,2026-05-08 13:38:58,Delivered
400,400,14,30,26.0,2026-06-04 17:20:50,2026-06-04 17:46:50,Delivered
401,401,7,30,28.0,2026-05-08 19:01:37,2026-05-08 19:29:37,Delivered
402,402,68,15,16.0,2026-03-13 10:08:11,2026-03-13 10:24:11,Delivered
403,403,4,20,28.0,2026-06-09 12:03:13,2026-06-09 12:31:13,Delayed
404,404,54,15,22.0,2026-07-02 10:50:45,2026-07-02 11:12:45,Delayed
405,405,14,10,4.0,2026-06-09 12:26:09,2026-06-09 12:30:09,Delivered
406,406,8,30,26.0,2026-06-06 14:15:46,2026-06-06 14:41:46,Delivered
407,407,31,10,,2026-05-06 14:45:58,,Cancelled
408,408,18,30,29.0,2026-03-05 20:34:21,2026-03-05 21:03:21,Delivered
409,409,77,20,33.0,2026-06-15 20:00:44,2026-06-15 20:33:44,Delayed
410,410,55,30,20.0,2026-03-20 22:44:44,2026-03-20 23:04:44,Delayed
411,411,49,15,26.0,2026-06-22 00:03:04,2026-06-22 00:29:04,Delayed
412,412,20,10,,2026-03-31 12:26:27,,Cancelled
413,413,39,10,5.0,2026-05-04 19:06:44,2026-05-04 19:11:44,Delivered
414,414,20,15,10.0,2026-06-13 22:30:25,2026-06-13 22:40:25,Delivered
415,415,41,15,17.0,2026-07-19 12:00:13,2026-07-19 12:17:13,Delivered
416,416,79,15,5.0,2026-03-29 09:19:43,2026-03-29 09:24:43,Delivered
417,417,17,10,,2026-07-29 19:01:51,,Cancelled
418,418,68,30,19.0,2026-04-29 19:32:55,2026-04-29 19:51:55,Delivered
419,419,10,20,17.0,2026-02-24 23:14:16,2026-02-24 23:31:16,Delivered
420,420,76,10,17.0,2026-06-21 07:12:43,2026-06-21 07:29:43,Delayed
421,421,51,10,10.0,2026-02-26 17:47:15,2026-02-26 17:57:15,Delayed
422,422,4,15,18.0,2026-04-02 13:44:40,2026-04-02 14:02:40,Delivered
423,423,50,10,16.0,2026-04-30 13:35:53,2026-04-30 13:51:53,Delayed
424,424,83,20,17.0,2026-02-13 22:22:34,2026-02-13 22:39:34,Delivered
425,425,52,15,,2026-03-13 17:09:47,,Cancelled
426,426,41,20,,2026-03-27 17:34:20,,Cancelled
427,427,79,20,20.0,2026-03-06 20:18:12,2026-03-06 20:38:12,Delivered
428,428,13,10,7.0,2026-07-24 23:11:41,2026-07-24 23:18:41,Delivered
429,429,61,10,14.0,2026-07-26 10:40:27,2026-07-26 10:54:27,Delivered
430,430,36,10,9.0,2026-07-30 18:08:58,2026-07-30 18:17:58,Delivered
431,431,27,10,12.0,2026-08-03 23:10:37,2026-08-03 23:22:37,Delivered
432,432,81,15,23.0,2026-02-21 16:42:45,2026-02-21 17:05:45,Delayed
433,433,27,20,19.0,2026-06-25 11:59:46,2026-06-25 12:18:46,Delivered
434,434,67,15,7.0,2026-03-19 07:54:09,2026-03-19 08:01:09,Delivered
435,435,1,30,38.0,2026-07-09 21:25:27,2026-07-09 22:03:27,Delayed
436,436,46,10,15.0,2026-05-12 08:10:46,2026-05-12 08:25:46,Delivered
437,437,29,10,14.0,2026-04-22 09:33:02,2026-04-22 09:47:02,Delivered
438,438,22,30,33.0,2026-05-08 10:26:18,2026-05-08 10:59:18,Delivered
439,439,45,15,17.0,2026-07-22 17:50:24,2026-07-22 18:07:24,Delivered
441,441,73,20,,2026-07-19 11:37:54,,Cancelled
442,442,43,10,4.0,2026-07-22 11:21:08,2026-07-22 11:25:08,Delivered
443,443,62,20,12.0,2026-07-05 18:49:58,2026-07-05 19:01:58,Delivered
444,444,28,10,17.0,2026-05-17 12:12:46,2026-05-17 12:29:46,Delayed
445,445,42,15,4.0,2026-02-05 20:04:29,2026-02-05 20:08:29,Delivered
446,446,32,30,22.0,2026-02-24 16:02:01,2026-02-24 16:24:01,Delivered
447,447,11,15,7.0,2026-04-03 20:14:07,2026-04-03 20:21:07,Delivered
448,448,16,10,4.0,2026-06-03 17:12:44,2026-06-03 17:16:44,Delivered
449,449,65,20,18.0,2026-03-12 12:48:04,2026-03-12 13:06:04,Delivered
451,451,51,20,30.0,2026-03-30 10:09:31,2026-03-30 10:39:31,Delayed
452,452,55,15,13.0,2026-05-19 08:35:50,2026-05-19 08:48:50,Delivered
453,453,24,15,10.0,2026-04-16 10:21:13,2026-04-16 10:31:13,Delivered
454,454,32,20,,2026-02-25 12:25:07,,Cancelled
455,455,67,15,14.0,2026-03-13 09:20:31,2026-03-13 09:34:31,Delivered
456,456,26,10,,2026-06-19 17:04:08,,Cancelled
457,457,62,30,25.0,2026-04-22 09:22:25,2026-04-22 09:47:25,Delivered
458,458,3,20,21.0,2026-06-13 08:15:01,2026-06-13 08:36:01,Delivered
459,459,11,10,24.0,2026-05-03 09:03:22,2026-05-03 09:27:22,Delayed
460,460,33,30,39.0,2026-07-10 07:35:30,2026-07-10 08:14:30,Delayed
461,461,1,30,19.0,2026-02-14 10:11:13,2026-02-14 10:30:13,Delivered
462,462,79,15,21.0,2026-06-13 07:09:09,2026-06-13 07:30:09,Delayed
463,463,82,20,24.0,2026-07-18 15:34:53,2026-07-18 15:58:53,Delivered
464,464,45,20,22.0,2026-07-27 23:35:25,2026-07-27 23:57:25,Delivered
465,465,5,30,28.0,2026-07-02 11:56:23,2026-07-02 12:24:23,Delivered
466,466,61,30,24.0,2026-05-20 16:20:49,2026-05-20 16:44:49,Delivered
467,467,51,15,18.0,2026-06-07 15:15:15,2026-06-07 15:33:15,Delivered
468,468,24,15,8.0,2026-04-09 18:49:08,2026-04-09 18:57:08,Delivered
469,469,22,10,4.0,2026-02-10 21:59:09,2026-02-10 22:03:09,Delivered
470,470,67,15,9.0,2026-07-30 18:36:23,2026-07-30 18:45:23,Delivered
472,472,1,10,10.0,2026-02-08 17:45:34,2026-02-08 17:55:34,Delivered
473,473,18,10,11.0,2026-05-30 10:38:41,2026-05-30 10:49:41,Delivered
474,474,15,10,13.0,2026-03-21 10:40:58,2026-03-21 10:53:58,Delivered
475,475,27,10,10.0,2026-03-20 21:31:30,2026-03-20 21:41:30,Delivered
476,476,7,15,12.0,2026-03-16 12:35:23,2026-03-16 12:47:23,Delivered
477,477,75,10,4.0,2026-04-21 21:23:24,2026-04-21 21:27:24,Delivered
479,479,3,10,19.0,2026-07-26 08:17:42,2026-07-26 08:36:42,Delayed
480,480,34,30,23.0,2026-06-29 20:47:21,2026-06-29 21:10:21,Delivered
481,481,21,15,14.0,2026-04-23 19:53:33,2026-04-23 20:07:33,Delivered
482,482,8,10,16.0,2026-03-29 18:12:59,2026-03-29 18:28:59,Delayed
483,483,19,10,8.0,2026-05-24 08:04:42,2026-05-24 08:12:42,Delivered
484,484,34,10,,2026-04-25 16:37:15,,Cancelled
485,485,58,10,18.0,2026-06-17 16:45:14,2026-06-17 17:03:14,Delayed
486,486,13,20,21.0,2026-06-15 16:18:29,2026-06-15 16:39:29,Delivered
488,488,13,10,12.0,2026-06-20 13:36:41,2026-06-20 13:48:41,Delivered
489,489,69,30,24.0,2026-03-14 09:35:04,2026-03-14 09:59:04,Delivered
490,490,53,20,26.0,2026-06-22 19:53:50,2026-06-22 20:19:50,Delayed
492,492,46,15,16.0,2026-02-14 18:18:42,2026-02-14 18:34:42,Delivered
493,493,62,30,34.0,2026-03-08 00:01:32,2026-03-08 00:35:32,Delivered
494,494,47,10,4.0,2026-03-10 22:36:53,2026-03-10 22:40:53,Delivered
495,495,64,15,18.0,2026-06-13 23:43:02,2026-06-14 00:01:02,Delivered
496,496,7,15,12.0,2026-06-01 11:11:40,2026-06-01 11:23:40,Delivered
497,497,31,10,9.0,2026-06-13 14:20:50,2026-06-13 14:29:50,Delivered
498,498,10,20,14.0,2026-06-12 11:51:29,2026-06-12 12:05:29,Delivered
499,499,77,10,4.0,2026-03-01 19:43:51,2026-03-01 19:47:51,Delivered
500,500,66,15,6.0,2026-03-20 07:50:16,2026-03-20 07:56:16,Delivered
501,501,28,20,23.0,2026-06-08 23:11:51,2026-06-08 23:34:51,Delivered
502,502,50,10,8.0,2026-06-05 08:45:36,2026-06-05 08:53:36,Delivered
503,503,8,30,22.0,2026-06-01 18:40:05,2026-06-01 19:02:05,Delivered
504,504,82,15,13.0,2026-02-18 18:02:27,2026-02-18 18:15:27,Delivered
505,505,16,15,18.0,2026-03-27 19:50:55,2026-03-27 20:08:55,Delivered
506,506,62,30,30.0,2026-05-14 07:16:07,2026-05-14 07:46:07,Delivered
507,507,51,30,35.0,2026-04-02 19:40:27,2026-04-02 20:15:27,Delivered
508,508,83,30,31.0,2026-07-05 11:49:52,2026-07-05 12:20:52,Delivered
509,509,66,30,,2026-07-15 14:44:26,,Cancelled
510,510,57,20,11.0,2026-02-26 10:24:48,2026-02-26 10:35:48,Delivered
511,511,82,15,15.0,2026-05-02 13:06:55,2026-05-02 13:21:55,Delivered
512,512,38,20,11.0,2026-06-21 07:55:08,2026-06-21 08:06:08,Delivered
514,514,31,30,36.0,2026-05-04 12:01:39,2026-05-04 12:37:39,Delayed
515,515,5,10,4.0,2026-04-16 07:53:11,2026-04-16 07:57:11,Delivered
516,516,14,10,7.0,2026-06-21 22:58:28,2026-06-21 23:05:28,Delivered
517,517,50,10,8.0,2026-05-14 07:09:06,2026-05-14 07:17:06,Delayed
518,518,55,30,,2026-06-14 22:35:35,,Cancelled
519,519,21,10,,2026-03-07 09:58:56,,Cancelled
520,520,13,30,23.0,2026-03-28 13:15:25,2026-03-28 13:38:25,Delivered
521,521,10,20,,2026-03-03 20:01:53,,Cancelled
522,522,19,10,12.0,2026-04-19 07:12:46,2026-04-19 07:24:46,Delivered
523,523,6,15,25.0,2026-06-17 08:55:52,2026-06-17 09:20:52,Delayed
524,524,49,10,20.0,2026-06-03 07:44:56,2026-06-03 08:04:56,Delayed
525,525,50,15,,2026-06-06 07:48:27,,Cancelled
526,526,64,15,,2026-05-27 18:52:05,,Cancelled
527,527,80,30,28.0,2026-05-10 16:33:02,2026-05-10 17:01:02,Delivered
528,528,68,10,13.0,2026-02-21 11:07:37,2026-02-21 11:20:37,Delivered
529,529,3,15,13.0,2026-02-22 11:24:43,2026-02-22 11:37:43,Delivered
530,530,18,15,7.0,2026-07-15 22:54:31,2026-07-15 23:01:31,Delayed
531,531,26,10,6.0,2026-05-11 20:50:28,2026-05-11 20:56:28,Delayed
532,532,55,20,26.0,2026-04-20 07:15:02,2026-04-20 07:41:02,Delayed
533,533,75,15,12.0,2026-07-18 07:54:05,2026-07-18 08:06:05,Delivered
534,534,5,30,34.0,2026-03-09 19:18:16,2026-03-09 19:52:16,Delivered
535,535,74,20,24.0,2026-07-20 12:56:58,2026-07-20 13:20:58,Delivered
536,536,76,15,4.0,2026-04-14 07:57:36,2026-04-14 08:01:36,Delayed
537,537,29,30,,2026-06-01 19:52:05,,Cancelled
538,538,12,10,4.0,2026-07-27 16:51:46,2026-07-27 16:55:46,Delivered
539,539,24,20,25.0,2026-04-09 21:12:44,2026-04-09 21:37:44,Delivered
540,540,39,10,11.0,2026-03-20 17:15:38,2026-03-20 17:26:38,Delivered
541,541,9,10,12.0,2026-02-22 18:44:05,2026-02-22 18:56:05,Delivered
542,542,42,20,19.0,2026-03-13 21:02:49,2026-03-13 21:21:49,Delivered
543,543,34,20,14.0,2026-02-15 09:06:35,2026-02-15 09:20:35,Delivered
544,544,68,30,26.0,2026-03-17 10:50:44,2026-03-17 11:16:44,Delivered
545,545,3,30,39.0,2026-04-27 19:42:28,2026-04-27 20:21:28,Delayed
546,546,21,10,7.0,2026-06-24 13:48:54,2026-06-24 13:55:54,Delivered
547,547,82,15,,2026-07-28 20:49:24,,Cancelled
548,548,55,10,6.0,2026-08-02 10:13:17,2026-08-02 10:19:17,Delivered
549,549,49,20,16.0,2026-05-09 14:43:19,2026-05-09 14:59:19,Delivered
550,550,79,15,12.0,2026-06-08 07:36:49,2026-06-08 07:48:49,Delivered
551,551,19,20,18.0,2026-05-28 15:48:08,2026-05-28 16:06:08,Delivered
552,552,78,15,9.0,2026-03-03 20:59:40,2026-03-03 21:08:40,Delivered
553,553,23,20,,2026-04-03 11:35:40,,Cancelled
554,554,65,15,18.0,2026-05-11 16:18:24,2026-05-11 16:36:24,Delivered
555,555,53,30,26.0,2026-07-30 09:39:39,2026-07-30 10:05:39,Delivered
556,556,64,15,17.0,2026-03-04 23:46:06,2026-03-05 00:03:06,Delivered
557,557,63,15,17.0,2026-02-11 13:38:01,2026-02-11 13:55:01,Delivered
558,558,56,15,15.0,2026-02-27 08:33:01,2026-02-27 08:48:01,Delayed
559,559,18,30,15.0,2026-05-12 11:36:41,2026-05-12 11:51:41,Delivered
560,560,79,20,17.0,2026-04-25 07:13:01,2026-04-25 07:30:01,Delivered
561,561,3,30,23.0,2026-07-22 22:28:43,2026-07-22 22:51:43,Delivered
562,562,76,30,33.0,2026-03-04 16:51:43,2026-03-04 17:24:43,Delivered
563,563,19,10,14.0,2026-07-19 18:00:49,2026-07-19 18:14:49,Delivered
564,564,59,15,15.0,2026-03-07 18:48:07,2026-03-07 19:03:07,Delivered
565,565,52,30,23.0,2026-07-06 20:13:26,2026-07-06 20:36:26,Delivered
566,566,49,15,15.0,2026-03-09 08:37:04,2026-03-09 08:52:04,Delivered
567,567,2,30,32.0,2026-03-30 13:03:21,2026-03-30 13:35:21,Delivered
568,568,38,30,31.0,2026-06-23 08:13:24,2026-06-23 08:44:24,Delivered
569,569,54,20,,2026-06-01 17:59:34,,Cancelled
570,570,80,20,14.0,2026-04-22 08:12:58,2026-04-22 08:26:58,Delivered
571,571,6,10,4.0,2026-02-09 19:33:49,2026-02-09 19:37:49,Delivered
573,573,43,10,,2026-05-20 13:27:37,,Cancelled
574,574,37,10,23.0,2026-08-04 09:39:49,2026-08-04 10:02:49,Delayed
575,575,58,15,15.0,2026-03-01 13:07:21,2026-03-01 13:22:21,Delivered
576,576,38,15,10.0,2026-06-08 12:42:31,2026-06-08 12:52:31,Delivered
577,577,75,20,12.0,2026-08-04 17:00:36,2026-08-04 17:12:36,Delivered
578,578,35,10,5.0,2026-02-17 16:33:59,2026-02-17 16:38:59,Delivered
579,579,69,20,,2026-06-26 10:55:51,,Cancelled
580,580,53,15,25.0,2026-02-28 18:30:09,2026-02-28 18:55:09,Delayed
581,581,77,10,21.0,2026-06-20 16:58:58,2026-06-20 17:19:58,Delayed
582,582,36,30,30.0,2026-05-06 23:11:28,2026-05-06 23:41:28,Delivered
583,583,45,20,16.0,2026-07-19 13:35:29,2026-07-19 13:51:29,Delivered
584,584,33,30,29.0,2026-02-15 14:33:04,2026-02-15 15:02:04,Delivered
585,585,33,20,14.0,2026-07-30 07:55:06,2026-07-30 08:09:06,Delivered
586,586,5,10,6.0,2026-06-13 17:55:48,2026-06-13 18:01:48,Delivered
587,587,70,15,13.0,2026-07-30 07:08:36,2026-07-30 07:21:36,Delivered
588,588,49,15,4.0,2026-07-02 16:11:55,2026-07-02 16:15:55,Delivered
589,589,49,10,,2026-04-29 22:32:26,,Cancelled
590,590,19,10,4.0,2026-06-17 20:41:19,2026-06-17 20:45:19,Delivered
591,591,15,10,,2026-07-24 07:04:45,,Cancelled
592,592,8,15,11.0,2026-03-15 23:49:06,2026-03-16 00:00:06,Delivered
593,593,16,30,32.0,2026-04-11 21:55:31,2026-04-11 22:27:31,Delivered
594,594,16,15,16.0,2026-05-13 11:51:44,2026-05-13 12:07:44,Delivered
595,595,63,15,4.0,2026-07-16 14:18:25,2026-07-16 14:22:25,Delayed
596,596,28,20,12.0,2026-05-06 14:01:07,2026-05-06 14:13:07,Delivered
597,597,65,15,6.0,2026-05-02 15:00:02,2026-05-02 15:06:02,Delivered
598,598,18,20,9.0,2026-06-25 21:35:29,2026-06-25 21:44:29,Delivered
599,599,17,30,25.0,2026-07-27 22:58:44,2026-07-27 23:23:44,Delivered
600,600,14,15,24.0,2026-02-05 15:05:50,2026-02-05 15:29:50,Delayed
601,601,57,30,25.0,2026-02-26 10:35:54,2026-02-26 11:00:54,Delivered
602,602,76,30,20.0,2026-07-17 14:37:09,2026-07-17 14:57:09,Delivered
603,603,47,30,25.0,2026-08-01 10:58:17,2026-08-01 11:23:17,Delivered
604,604,58,15,14.0,2026-05-14 18:07:12,2026-05-14 18:21:12,Delivered
605,605,57,20,8.0,2026-03-13 14:11:42,2026-03-13 14:19:42,Delivered
606,606,35,10,,2026-05-13 15:35:34,,Cancelled
607,607,45,10,19.0,2026-06-18 15:41:25,2026-06-18 16:00:25,Delayed
608,608,56,10,23.0,2026-02-09 23:25:53,2026-02-09 23:48:53,Delayed
609,609,51,10,12.0,2026-05-07 17:11:33,2026-05-07 17:23:33,Delivered
610,610,29,20,18.0,2026-07-10 10:15:29,2026-07-10 10:33:29,Delivered
611,611,16,30,31.0,2026-04-21 11:52:47,2026-04-21 12:23:47,Delivered
612,612,4,20,,2026-03-18 15:20:27,,Cancelled
614,614,74,30,24.0,2026-06-18 20:15:50,2026-06-18 20:39:50,Delivered
615,615,65,20,24.0,2026-07-17 20:48:57,2026-07-17 21:12:57,Delivered
616,616,55,30,30.0,2026-04-09 09:10:24,2026-04-09 09:40:24,Delivered
617,617,24,20,29.0,2026-07-08 07:11:38,2026-07-08 07:40:38,Delayed
618,618,52,20,28.0,2026-03-04 20:42:11,2026-03-04 21:10:11,Delayed
619,619,8,10,18.0,2026-06-11 10:59:25,2026-06-11 11:17:25,Delayed
620,620,64,20,16.0,2026-06-06 11:53:14,2026-06-06 12:09:14,Delivered
621,621,12,15,20.0,2026-03-31 13:04:34,2026-03-31 13:24:34,Delivered
622,622,78,20,27.0,2026-02-15 09:53:06,2026-02-15 10:20:06,Delayed
623,623,25,10,4.0,2026-07-15 18:53:27,2026-07-15 18:57:27,Delivered
624,624,69,10,16.0,2026-02-11 12:55:28,2026-02-11 13:11:28,Delayed
625,625,44,20,16.0,2026-04-16 23:49:03,2026-04-17 00:05:03,Delivered
626,626,3,15,20.0,2026-03-05 21:30:18,2026-03-05 21:50:18,Delivered
628,628,33,15,31.0,2026-04-07 07:24:15,2026-04-07 07:55:15,Delayed
629,629,39,10,10.0,2026-02-27 20:21:40,2026-02-27 20:31:40,Delivered
630,630,73,10,18.0,2026-02-11 23:33:30,2026-02-11 23:51:30,Delayed
631,631,70,15,14.0,2026-06-12 20:38:09,2026-06-12 20:52:09,Delivered
632,632,83,20,5.0,2026-06-16 13:47:40,2026-06-16 13:52:40,Delivered
633,633,17,30,30.0,2026-04-26 18:20:31,2026-04-26 18:50:31,Delivered
634,634,28,15,4.0,2026-05-31 22:30:09,2026-05-31 22:34:09,Delivered
635,635,55,30,31.0,2026-04-21 08:46:13,2026-04-21 09:17:13,Delivered
636,636,13,10,,2026-05-21 13:29:32,,Cancelled
637,637,49,10,19.0,2026-07-24 08:34:57,2026-07-24 08:53:57,Delayed
638,638,7,10,4.0,2026-05-08 16:29:10,2026-05-08 16:33:10,Delivered
639,639,7,20,22.0,2026-02-16 13:23:19,2026-02-16 13:45:19,Delivered
640,640,3,30,28.0,2026-07-09 17:49:43,2026-07-09 18:17:43,Delivered
641,641,15,10,14.0,2026-05-22 14:26:54,2026-05-22 14:40:54,Delivered
642,642,12,10,13.0,2026-07-20 19:20:10,2026-07-20 19:33:10,Delivered
643,643,56,20,23.0,2026-04-30 15:16:12,2026-04-30 15:39:12,Delivered
644,644,43,15,21.0,2026-04-07 13:06:57,2026-04-07 13:27:57,Delayed
645,645,82,10,10.0,2026-05-23 11:53:14,2026-05-23 12:03:14,Delivered
646,646,26,20,25.0,2026-04-16 10:37:58,2026-04-16 11:02:58,Delivered
647,647,76,15,7.0,2026-02-17 16:24:41,2026-02-17 16:31:41,Delivered
648,648,72,30,31.0,2026-05-11 18:00:08,2026-05-11 18:31:08,Delivered
649,649,33,10,13.0,2026-03-06 20:42:32,2026-03-06 20:55:32,Delivered
650,650,67,30,28.0,2026-02-13 15:07:37,2026-02-13 15:35:37,Delivered
651,651,80,20,9.0,2026-02-18 20:37:18,2026-02-18 20:46:18,Delivered
652,652,39,30,22.0,2026-05-02 13:56:04,2026-05-02 14:18:04,Delayed
653,653,35,30,29.0,2026-06-30 20:12:18,2026-06-30 20:41:18,Delivered
654,654,2,10,13.0,2026-03-11 11:56:33,2026-03-11 12:09:33,Delivered
655,655,77,20,17.0,2026-05-27 17:11:04,2026-05-27 17:28:04,Delivered
656,656,46,20,14.0,2026-04-19 20:49:06,2026-04-19 21:03:06,Delivered
657,657,6,20,19.0,2026-04-05 08:51:17,2026-04-05 09:10:17,Delivered
658,658,18,30,22.0,2026-05-10 15:48:00,2026-05-10 16:10:00,Delivered
659,659,79,30,31.0,2026-06-13 07:40:36,2026-06-13 08:11:36,Delivered
660,660,4,20,17.0,2026-05-31 07:31:36,2026-05-31 07:48:36,Delivered
661,661,32,15,4.0,2026-04-08 09:17:14,2026-04-08 09:21:14,Delivered
662,662,59,15,7.0,2026-04-14 13:46:00,2026-04-14 13:53:00,Delivered
663,663,1,20,28.0,2026-06-09 16:39:37,2026-06-09 17:07:37,Delayed
664,664,20,15,,2026-06-16 08:43:52,,Cancelled
666,666,26,20,23.0,2026-05-19 12:10:48,2026-05-19 12:33:48,Delivered
667,667,18,20,,2026-03-01 13:48:28,,Cancelled
668,668,40,15,5.0,2026-03-16 16:48:16,2026-03-16 16:53:16,Delivered
669,669,82,10,,2026-03-16 09:19:51,,Cancelled
670,670,24,10,7.0,2026-07-20 10:36:51,2026-07-20 10:43:51,Delivered
671,671,41,10,7.0,2026-05-07 13:51:41,2026-05-07 13:58:41,Delivered
672,672,19,30,25.0,2026-03-13 08:31:49,2026-03-13 08:56:49,Delivered
673,673,81,15,17.0,2026-07-20 22:46:14,2026-07-20 23:03:14,Delivered
674,674,83,20,25.0,2026-04-13 19:27:12,2026-04-13 19:52:12,Delivered
675,675,81,20,15.0,2026-04-09 08:00:32,2026-04-09 08:15:32,Delivered
676,676,24,15,29.0,2026-03-29 15:33:05,2026-03-29 16:02:05,Delayed
677,677,76,20,21.0,2026-04-06 13:43:35,2026-04-06 14:04:35,Delivered
678,678,48,10,,2026-04-30 14:40:42,,Cancelled
679,679,18,30,,2026-05-25 10:07:44,,Cancelled
680,680,51,10,6.0,2026-06-18 07:48:59,2026-06-18 07:54:59,Delivered
681,681,39,15,9.0,2026-06-09 18:56:29,2026-06-09 19:05:29,Delivered
682,682,35,10,,2026-03-06 22:36:03,,Cancelled
683,683,14,10,4.0,2026-02-26 15:34:41,2026-02-26 15:38:41,Delivered
684,684,43,30,26.0,2026-02-17 15:01:45,2026-02-17 15:27:45,Delivered
685,685,58,15,10.0,2026-03-19 19:53:56,2026-03-19 20:03:56,Delivered
686,686,40,15,14.0,2026-02-24 17:57:51,2026-02-24 18:11:51,Delivered
687,687,29,20,24.0,2026-04-29 18:20:59,2026-04-29 18:44:59,Delivered
688,688,21,30,,2026-06-03 22:42:39,,Cancelled
689,689,66,30,23.0,2026-06-07 23:13:08,2026-06-07 23:36:08,Delayed
690,690,49,20,18.0,2026-02-21 21:48:09,2026-02-21 22:06:09,Delayed
691,691,44,20,9.0,2026-05-10 21:24:56,2026-05-10 21:33:56,Delivered
692,692,42,20,,2026-03-19 14:00:49,,Cancelled
693,693,16,20,17.0,2026-07-13 08:31:17,2026-07-13 08:48:17,Delivered
694,694,71,20,,2026-07-12 13:37:57,,Cancelled
695,695,83,20,36.0,2026-03-26 10:37:39,2026-03-26 11:13:39,Delayed
696,696,56,10,,2026-07-10 11:29:18,,Cancelled
697,697,22,20,34.0,2026-07-03 19:57:02,2026-07-03 20:31:02,Delayed
698,698,41,10,19.0,2026-05-09 18:12:53,2026-05-09 18:31:53,Delayed
699,699,4,30,31.0,2026-07-10 16:27:48,2026-07-10 16:58:48,Delivered
700,700,29,15,10.0,2026-05-11 12:14:29,2026-05-11 12:24:29,Delivered
701,701,22,15,16.0,2026-02-25 07:56:26,2026-02-25 08:12:26,Delivered
702,702,42,20,28.0,2026-04-14 08:09:24,2026-04-14 08:37:24,Delayed
703,703,61,15,20.0,2026-06-02 17:02:00,2026-06-02 17:22:00,Delivered
704,704,57,20,9.0,2026-02-10 21:51:31,2026-02-10 22:00:31,Delivered
705,705,43,10,10.0,2026-02-09 22:20:33,2026-02-09 22:30:33,Delivered
706,706,14,20,12.0,2026-04-15 09:02:53,2026-04-15 09:14:53,Delivered
707,707,68,15,15.0,2026-03-04 13:34:14,2026-03-04 13:49:14,Delayed
708,708,70,10,14.0,2026-06-30 17:04:01,2026-06-30 17:18:01,Delivered
709,709,65,15,21.0,2026-05-31 18:34:49,2026-05-31 18:55:49,Delayed
710,710,80,15,8.0,2026-06-04 10:46:50,2026-06-04 10:54:50,Delivered
711,711,72,30,,2026-05-31 23:00:11,,Cancelled
712,712,62,30,,2026-03-05 15:32:14,,Cancelled
713,713,67,10,7.0,2026-04-22 11:15:37,2026-04-22 11:22:37,Delivered
714,714,7,10,13.0,2026-05-02 12:08:51,2026-05-02 12:21:51,Delivered
715,715,26,30,24.0,2026-06-18 20:54:51,2026-06-18 21:18:51,Delivered
716,716,42,20,24.0,2026-03-04 21:38:01,2026-03-04 22:02:01,Delivered
717,717,65,20,17.0,2026-06-29 09:08:56,2026-06-29 09:25:56,Delivered
718,718,13,15,10.0,2026-02-16 17:28:17,2026-02-16 17:38:17,Delayed
719,719,77,20,12.0,2026-05-03 15:37:59,2026-05-03 15:49:59,Delivered
721,721,76,15,24.0,2026-06-28 23:12:48,2026-06-28 23:36:48,Delayed
722,722,15,15,20.0,2026-06-04 20:38:09,2026-06-04 20:58:09,Delivered
723,723,69,15,,2026-07-30 16:06:54,,Cancelled
724,724,17,30,26.0,2026-03-29 16:51:59,2026-03-29 17:17:59,Delivered
725,725,23,10,10.0,2026-05-15 18:37:40,2026-05-15 18:47:40,Delivered
726,726,26,30,37.0,2026-07-27 18:39:39,2026-07-27 19:16:39,Delayed
727,727,21,15,19.0,2026-03-11 16:09:50,2026-03-11 16:28:50,Delivered
728,728,48,30,31.0,2026-02-05 22:55:40,2026-02-05 23:26:40,Delivered
729,729,62,30,29.0,2026-07-03 18:45:47,2026-07-03 19:14:47,Delivered
730,730,8,15,22.0,2026-03-04 17:00:56,2026-03-04 17:22:56,Delayed
731,731,29,10,4.0,2026-07-17 08:21:38,2026-07-17 08:25:38,Delivered
732,732,29,30,28.0,2026-05-14 09:53:45,2026-05-14 10:21:45,Delivered
733,733,78,20,13.0,2026-03-21 15:44:05,2026-03-21 15:57:05,Delivered
734,734,75,10,11.0,2026-03-03 22:02:27,2026-03-03 22:13:27,Delivered
735,735,81,30,18.0,2026-04-12 22:23:27,2026-04-12 22:41:27,Delivered
736,736,83,10,5.0,2026-03-10 22:56:25,2026-03-10 23:01:25,Delivered
737,737,29,30,31.0,2026-07-07 14:05:00,2026-07-07 14:36:00,Delivered
738,738,38,30,36.0,2026-07-30 23:48:29,2026-07-31 00:24:29,Delayed
739,739,24,15,15.0,2026-05-10 10:04:27,2026-05-10 10:19:27,Delivered
740,740,38,30,35.0,2026-04-24 21:01:27,2026-04-24 21:36:27,Delivered
741,741,32,20,20.0,2026-03-08 22:15:24,2026-03-08 22:35:24,Delivered
742,742,9,20,,2026-02-16 09:24:44,,Cancelled
743,743,75,20,29.0,2026-07-14 19:01:06,2026-07-14 19:30:06,Delayed
744,744,30,20,29.0,2026-05-27 21:25:50,2026-05-27 21:54:50,Delayed
745,745,62,10,14.0,2026-06-10 22:12:01,2026-06-10 22:26:01,Delivered
746,746,79,10,4.0,2026-06-10 21:02:40,2026-06-10 21:06:40,Delivered
747,747,78,30,,2026-07-15 12:23:25,,Cancelled
748,748,4,30,24.0,2026-03-30 14:37:24,2026-03-30 15:01:24,Delayed
749,749,35,20,15.0,2026-02-13 08:43:54,2026-02-13 08:58:54,Delivered
750,750,59,15,16.0,2026-07-07 23:07:36,2026-07-07 23:23:36,Delivered
751,751,46,30,,2026-06-12 21:29:55,,Cancelled
752,752,27,20,12.0,2026-08-02 12:20:19,2026-08-02 12:32:19,Delivered
753,753,33,20,17.0,2026-06-18 08:08:31,2026-06-18 08:25:31,Delivered
754,754,58,30,,2026-07-11 13:06:52,,Cancelled
755,755,30,15,15.0,2026-05-22 10:22:21,2026-05-22 10:37:21,Delivered
756,756,80,10,4.0,2026-05-28 08:28:12,2026-05-28 08:32:12,Delivered
757,757,12,15,21.0,2026-03-23 17:38:04,2026-03-23 17:59:04,Delayed
758,758,83,20,37.0,2026-06-08 07:32:06,2026-06-08 08:09:06,Delayed
759,759,28,20,14.0,2026-05-22 17:17:27,2026-05-22 17:31:27,Delivered
760,760,65,15,9.0,2026-07-21 23:14:06,2026-07-21 23:23:06,Delivered
761,761,25,20,15.0,2026-05-01 22:28:56,2026-05-01 22:43:56,Delivered
762,762,44,10,11.0,2026-02-17 15:55:51,2026-02-17 16:06:51,Delivered
763,763,18,10,17.0,2026-03-01 17:40:25,2026-03-01 17:57:25,Delayed
764,764,82,20,30.0,2026-06-25 11:26:00,2026-06-25 11:56:00,Delayed
765,765,33,30,37.0,2026-04-24 10:49:11,2026-04-24 11:26:11,Delayed
766,766,82,20,18.0,2026-06-04 19:51:29,2026-06-04 20:09:29,Delivered
767,767,45,15,17.0,2026-07-07 12:39:24,2026-07-07 12:56:24,Delivered
769,769,33,10,4.0,2026-04-07 13:20:49,2026-04-07 13:24:49,Delivered
770,770,67,15,28.0,2026-06-01 13:11:10,2026-06-01 13:39:10,Delayed
771,771,68,30,28.0,2026-03-01 22:21:56,2026-03-01 22:49:56,Delivered
772,772,67,20,30.0,2026-04-18 07:28:47,2026-04-18 07:58:47,Delayed
773,773,31,10,10.0,2026-06-20 10:24:02,2026-06-20 10:34:02,Delivered
774,774,62,10,21.0,2026-04-30 19:54:54,2026-04-30 20:15:54,Delayed
775,775,74,15,15.0,2026-04-14 08:24:32,2026-04-14 08:39:32,Delivered
776,776,8,30,35.0,2026-07-30 17:37:53,2026-07-30 18:12:53,Delivered
777,777,62,10,14.0,2026-05-28 15:56:53,2026-05-28 16:10:53,Delivered
778,778,77,20,,2026-03-11 22:52:44,,Cancelled
779,779,77,20,23.0,2026-07-23 18:36:46,2026-07-23 18:59:46,Delivered
780,780,52,30,24.0,2026-07-14 21:05:47,2026-07-14 21:29:47,Delivered
781,781,26,15,9.0,2026-06-07 17:05:58,2026-06-07 17:14:58,Delivered
782,782,1,20,22.0,2026-07-26 09:45:43,2026-07-26 10:07:43,Delivered
783,783,20,15,11.0,2026-07-15 13:35:29,2026-07-15 13:46:29,Delivered
784,784,7,20,15.0,2026-04-02 16:20:43,2026-04-02 16:35:43,Delivered
785,785,66,30,28.0,2026-02-17 22:51:15,2026-02-17 23:19:15,Delivered
786,786,26,15,,2026-04-25 19:34:00,,Cancelled
787,787,35,10,11.0,2026-08-02 14:24:25,2026-08-02 14:35:25,Delivered
788,788,53,15,,2026-06-09 16:16:10,,Cancelled
789,789,59,30,,2026-05-24 22:29:54,,Cancelled
790,790,64,30,27.0,2026-05-07 14:55:52,2026-05-07 15:22:52,Delivered
791,791,39,10,14.0,2026-04-26 21:37:23,2026-04-26 21:51:23,Delivered
792,792,29,30,32.0,2026-05-06 17:37:41,2026-05-06 18:09:41,Delivered
793,793,22,30,22.0,2026-07-02 14:10:43,2026-07-02 14:32:43,Delivered
794,794,34,10,,2026-04-21 13:03:25,,Cancelled
795,795,10,10,12.0,2026-05-13 14:07:12,2026-05-13 14:19:12,Delivered
796,796,63,10,,2026-05-09 18:25:09,,Cancelled
797,797,52,15,16.0,2026-03-18 17:59:43,2026-03-18 18:15:43,Delivered
798,798,33,10,11.0,2026-03-09 09:24:32,2026-03-09 09:35:32,Delivered
799,799,22,20,19.0,2026-07-31 12:11:57,2026-07-31 12:30:57,Delivered
800,800,80,20,,2026-06-23 16:48:50,,Cancelled
801,801,34,10,12.0,2026-02-25 17:14:25,2026-02-25 17:26:25,Delivered
802,802,78,15,,2026-04-23 00:02:22,,Cancelled
803,803,5,30,40.0,2026-05-23 23:55:15,2026-05-24 00:35:15,Delayed
804,804,44,10,6.0,2026-03-15 17:41:43,2026-03-15 17:47:43,Delivered
805,805,5,30,24.0,2026-05-28 10:04:00,2026-05-28 10:28:00,Delivered
806,806,78,30,,2026-07-04 15:44:11,,Cancelled
807,807,77,15,,2026-05-26 19:57:41,,Cancelled
808,808,57,30,17.0,2026-06-07 09:58:22,2026-06-07 10:15:22,Delivered
809,809,22,10,9.0,2026-04-08 19:46:11,2026-04-08 19:55:11,Delivered
810,810,28,15,19.0,2026-02-24 12:47:16,2026-02-24 13:06:16,Delivered
811,811,45,15,7.0,2026-07-23 11:11:32,2026-07-23 11:18:32,Delivered
812,812,69,20,23.0,2026-06-03 10:28:19,2026-06-03 10:51:19,Delivered
813,813,16,10,11.0,2026-07-24 16:53:45,2026-07-24 17:04:45,Delivered
814,814,30,30,,2026-03-07 09:25:16,,Cancelled
815,815,45,10,4.0,2026-04-21 21:23:08,2026-04-21 21:27:08,Delivered
816,816,25,20,17.0,2026-03-23 21:54:57,2026-03-23 22:11:57,Delivered
817,817,49,20,,2026-03-15 13:38:18,,Cancelled
818,818,20,15,,2026-02-14 16:26:05,,Cancelled
819,819,80,10,10.0,2026-06-10 14:49:03,2026-06-10 14:59:03,Delivered
820,820,17,10,9.0,2026-02-10 18:25:03,2026-02-10 18:34:03,Delivered
821,821,38,10,,2026-05-31 09:51:03,,Cancelled
822,822,82,20,15.0,2026-04-24 18:54:05,2026-04-24 19:09:05,Delivered
823,823,39,10,6.0,2026-02-24 10:49:20,2026-02-24 10:55:20,Delivered
824,824,63,20,22.0,2026-05-27 21:47:18,2026-05-27 22:09:18,Delivered
825,825,66,15,21.0,2026-05-05 21:21:56,2026-05-05 21:42:56,Delayed
826,826,57,30,25.0,2026-06-15 09:16:56,2026-06-15 09:41:56,Delayed
827,827,14,20,20.0,2026-06-05 14:27:19,2026-06-05 14:47:19,Delivered
828,828,18,10,9.0,2026-04-03 18:52:52,2026-04-03 19:01:52,Delivered
829,829,59,10,11.0,2026-03-12 10:35:26,2026-03-12 10:46:26,Delivered
830,830,59,30,29.0,2026-03-18 19:43:03,2026-03-18 20:12:03,Delivered
831,831,74,20,,2026-04-25 22:21:11,,Cancelled
832,832,19,20,27.0,2026-04-14 11:06:32,2026-04-14 11:33:32,Delayed
833,833,76,10,18.0,2026-07-16 08:41:00,2026-07-16 08:59:00,Delayed
834,834,28,30,32.0,2026-07-29 19:54:16,2026-07-29 20:26:16,Delivered
835,835,78,15,4.0,2026-06-14 23:23:19,2026-06-14 23:27:19,Delivered
836,836,28,15,12.0,2026-04-13 19:10:25,2026-04-13 19:22:25,Delivered
837,837,36,20,22.0,2026-06-19 16:07:37,2026-06-19 16:29:37,Delayed
838,838,78,10,16.0,2026-04-23 23:30:28,2026-04-23 23:46:28,Delayed
839,839,64,10,4.0,2026-05-17 11:54:31,2026-05-17 11:58:31,Delayed
840,840,60,20,17.0,2026-08-04 08:17:12,2026-08-04 08:34:12,Delivered
841,841,27,15,19.0,2026-06-07 18:15:21,2026-06-07 18:34:21,Delivered
842,842,46,10,11.0,2026-07-22 22:58:12,2026-07-22 23:09:12,Delivered
843,843,35,10,17.0,2026-03-31 21:25:32,2026-03-31 21:42:32,Delayed
844,844,77,10,,2026-05-20 11:34:29,,Cancelled
845,845,45,10,12.0,2026-03-03 23:55:52,2026-03-04 00:07:52,Delivered
846,846,46,10,13.0,2026-04-22 14:47:44,2026-04-22 15:00:44,Delivered
847,847,69,10,13.0,2026-03-20 22:10:46,2026-03-20 22:23:46,Delivered
848,848,69,15,15.0,2026-06-10 23:09:20,2026-06-10 23:24:20,Delivered
849,849,82,30,27.0,2026-05-28 08:04:34,2026-05-28 08:31:34,Delivered
850,850,46,20,12.0,2026-07-05 20:02:03,2026-07-05 20:14:03,Delivered
851,851,43,20,18.0,2026-07-09 22:40:11,2026-07-09 22:58:11,Delivered
852,852,34,30,30.0,2026-03-03 21:17:58,2026-03-03 21:47:58,Delivered
853,853,39,30,33.0,2026-05-26 15:43:15,2026-05-26 16:16:15,Delivered
854,854,41,20,16.0,2026-07-01 17:43:16,2026-07-01 17:59:16,Delivered
855,855,20,20,13.0,2026-03-24 07:03:03,2026-03-24 07:16:03,Delivered
856,856,14,15,17.0,2026-03-11 22:31:22,2026-03-11 22:48:22,Delivered
857,857,53,10,14.0,2026-06-05 07:46:55,2026-06-05 08:00:55,Delivered
858,858,37,20,26.0,2026-03-17 17:51:05,2026-03-17 18:17:05,Delayed
859,859,61,15,12.0,2026-07-03 21:56:59,2026-07-03 22:08:59,Delivered
860,860,83,20,22.0,2026-07-23 07:37:54,2026-07-23 07:59:54,Delivered
861,861,22,30,37.0,2026-07-11 08:23:03,2026-07-11 09:00:03,Delayed
862,862,76,20,25.0,2026-07-12 12:48:07,2026-07-12 13:13:07,Delivered
863,863,82,10,4.0,2026-03-01 07:13:31,2026-03-01 07:17:31,Delivered
864,864,11,15,,2026-06-03 18:52:40,,Cancelled
865,865,2,30,35.0,2026-06-03 17:00:37,2026-06-03 17:35:37,Delivered
866,866,68,15,10.0,2026-03-02 09:22:35,2026-03-02 09:32:35,Delivered
867,867,1,20,11.0,2026-04-20 18:13:01,2026-04-20 18:24:01,Delivered
868,868,38,30,36.0,2026-06-09 10:10:35,2026-06-09 10:46:35,Delayed
869,869,81,15,19.0,2026-08-02 19:42:29,2026-08-02 20:01:29,Delivered
870,870,58,15,19.0,2026-03-09 22:06:48,2026-03-09 22:25:48,Delivered
871,871,77,15,15.0,2026-08-01 11:03:56,2026-08-01 11:18:56,Delivered
872,872,61,30,31.0,2026-03-15 07:04:32,2026-03-15 07:35:32,Delivered
873,873,67,15,14.0,2026-02-11 19:45:57,2026-02-11 19:59:57,Delivered
874,874,80,30,45.0,2026-05-03 10:16:39,2026-05-03 11:01:39,Delayed
875,875,17,30,49.0,2026-06-28 18:46:15,2026-06-28 19:35:15,Delayed
876,876,22,15,18.0,2026-03-06 22:55:33,2026-03-06 23:13:33,Delayed
877,877,33,20,17.0,2026-07-09 14:49:33,2026-07-09 15:06:33,Delivered
878,878,55,10,17.0,2026-05-03 18:33:40,2026-05-03 18:50:40,Delayed
879,879,1,20,18.0,2026-03-05 17:51:55,2026-03-05 18:09:55,Delivered
880,880,21,15,10.0,2026-04-30 08:24:04,2026-04-30 08:34:04,Delivered
881,881,29,30,,2026-05-21 08:41:19,,Cancelled
882,882,16,10,10.0,2026-04-03 08:58:10,2026-04-03 09:08:10,Delivered
883,883,1,20,16.0,2026-04-25 13:24:13,2026-04-25 13:40:13,Delivered
884,884,17,10,8.0,2026-05-27 10:08:54,2026-05-27 10:16:54,Delivered
885,885,31,20,19.0,2026-07-14 23:01:04,2026-07-14 23:20:04,Delivered
886,886,81,20,25.0,2026-02-23 23:29:09,2026-02-23 23:54:09,Delivered
887,887,63,10,13.0,2026-07-27 09:47:34,2026-07-27 10:00:34,Delivered
889,889,44,10,12.0,2026-04-30 15:25:52,2026-04-30 15:37:52,Delivered
890,890,2,15,11.0,2026-05-27 15:29:04,2026-05-27 15:40:04,Delivered
891,891,3,30,36.0,2026-08-04 22:09:12,2026-08-04 22:45:12,Delayed
892,892,23,30,34.0,2026-05-10 10:12:52,2026-05-10 10:46:52,Delivered
893,893,23,15,15.0,2026-02-13 14:33:15,2026-02-13 14:48:15,Delivered
894,894,23,15,9.0,2026-04-29 10:31:41,2026-04-29 10:40:41,Delayed
895,895,42,20,15.0,2026-06-12 11:08:37,2026-06-12 11:23:37,Delivered
896,896,7,15,15.0,2026-08-01 20:18:02,2026-08-01 20:33:02,Delivered
897,897,67,10,12.0,2026-04-11 18:05:51,2026-04-11 18:17:51,Delivered
898,898,57,10,10.0,2026-02-09 07:28:38,2026-02-09 07:38:38,Delivered
899,899,71,10,4.0,2026-07-03 17:16:18,2026-07-03 17:20:18,Delivered
900,900,35,10,15.0,2026-06-28 23:31:10,2026-06-28 23:46:10,Delivered
901,901,31,20,20.0,2026-06-27 14:07:08,2026-06-27 14:27:08,Delivered
902,902,20,20,15.0,2026-02-22 16:02:53,2026-02-22 16:17:53,Delivered
903,903,26,20,14.0,2026-06-23 15:45:54,2026-06-23 15:59:54,Delivered
904,904,49,10,4.0,2026-07-23 07:39:34,2026-07-23 07:43:34,Delayed
905,905,3,30,31.0,2026-02-25 20:05:57,2026-02-25 20:36:57,Delivered
906,906,17,20,30.0,2026-08-01 10:22:27,2026-08-01 10:52:27,Delayed
907,907,15,15,5.0,2026-04-16 13:18:08,2026-04-16 13:23:08,Delivered
908,908,79,30,33.0,2026-07-23 17:35:38,2026-07-23 18:08:38,Delivered
909,909,60,15,8.0,2026-07-09 14:40:41,2026-07-09 14:48:41,Delivered
910,910,63,15,5.0,2026-03-22 21:28:31,2026-03-22 21:33:31,Delivered
912,912,60,20,19.0,2026-05-05 12:11:34,2026-05-05 12:30:34,Delivered
913,913,41,20,21.0,2026-04-26 23:58:25,2026-04-27 00:19:25,Delivered
914,914,14,15,21.0,2026-06-25 15:32:33,2026-06-25 15:53:33,Delayed
915,915,6,30,22.0,2026-02-28 22:06:45,2026-02-28 22:28:45,Delivered
916,916,15,10,5.0,2026-02-20 14:52:52,2026-02-20 14:57:52,Delivered
917,917,41,20,21.0,2026-05-24 23:21:51,2026-05-24 23:42:51,Delivered
918,918,22,10,4.0,2026-05-08 21:45:13,2026-05-08 21:49:13,Delivered
919,919,16,15,15.0,2026-05-29 18:22:33,2026-05-29 18:37:33,Delivered
920,920,26,20,26.0,2026-03-31 22:02:07,2026-03-31 22:28:07,Delayed
921,921,35,20,23.0,2026-04-05 16:02:48,2026-04-05 16:25:48,Delivered
922,922,67,15,13.0,2026-03-13 09:01:57,2026-03-13 09:14:57,Delivered
923,923,30,10,23.0,2026-07-31 13:54:45,2026-07-31 14:17:45,Delayed
924,924,9,10,,2026-05-01 09:26:53,,Cancelled
925,925,82,20,23.0,2026-05-28 08:50:31,2026-05-28 09:13:31,Delivered
926,926,82,15,10.0,2026-04-04 15:21:15,2026-04-04 15:31:15,Delivered
927,927,21,30,33.0,2026-06-15 15:14:38,2026-06-15 15:47:38,Delivered
928,928,40,30,32.0,2026-02-14 15:39:15,2026-02-14 16:11:15,Delivered
929,929,1,10,,2026-06-11 07:40:20,,Cancelled
930,930,58,15,9.0,2026-04-22 23:40:59,2026-04-22 23:49:59,Delivered
931,931,38,30,,2026-03-24 10:02:42,,Cancelled
932,932,82,20,,2026-04-22 13:59:50,,Cancelled
933,933,68,20,16.0,2026-04-19 17:15:06,2026-04-19 17:31:06,Delivered
934,934,41,30,27.0,2026-03-23 20:44:14,2026-03-23 21:11:14,Delivered
935,935,66,10,6.0,2026-08-04 18:10:01,2026-08-04 18:16:01,Delayed
936,936,39,20,28.0,2026-05-26 13:24:31,2026-05-26 13:52:31,Delayed
937,937,49,15,19.0,2026-04-02 22:23:51,2026-04-02 22:42:51,Delivered
938,938,80,20,26.0,2026-03-17 18:38:11,2026-03-17 19:04:11,Delayed
939,939,58,20,4.0,2026-07-05 15:49:20,2026-07-05 15:53:20,Delivered
940,940,26,10,10.0,2026-02-07 19:07:02,2026-02-07 19:17:02,Delivered
941,941,60,10,12.0,2026-03-27 10:39:18,2026-03-27 10:51:18,Delivered
942,942,63,10,6.0,2026-04-03 20:58:27,2026-04-03 21:04:27,Delivered
943,943,52,15,23.0,2026-06-01 17:13:11,2026-06-01 17:36:11,Delayed
944,944,28,10,7.0,2026-03-22 10:30:23,2026-03-22 10:37:23,Delivered
945,945,74,20,28.0,2026-03-04 17:32:28,2026-03-04 18:00:28,Delayed
946,946,83,30,30.0,2026-06-25 07:40:41,2026-06-25 08:10:41,Delivered
947,947,49,10,9.0,2026-06-14 13:12:14,2026-06-14 13:21:14,Delivered
948,948,43,30,33.0,2026-02-10 08:32:15,2026-02-10 09:05:15,Delivered
949,949,16,20,11.0,2026-06-11 17:43:49,2026-06-11 17:54:49,Delivered
950,950,33,10,20.0,2026-03-21 15:25:43,2026-03-21 15:45:43,Delayed
951,951,52,15,16.0,2026-04-14 17:20:33,2026-04-14 17:36:33,Delivered
953,953,63,10,,2026-05-02 14:40:39,,Cancelled
954,954,14,10,6.0,2026-04-15 14:54:43,2026-04-15 15:00:43,Delivered
955,955,35,20,15.0,2026-04-08 17:28:12,2026-04-08 17:43:12,Delayed
956,956,42,10,21.0,2026-04-27 14:27:27,2026-04-27 14:48:27,Delayed
957,957,30,10,5.0,2026-03-25 20:43:22,2026-03-25 20:48:22,Delivered
958,958,46,30,31.0,2026-04-22 07:15:17,2026-04-22 07:46:17,Delivered
959,959,5,30,27.0,2026-06-13 10:33:07,2026-06-13 11:00:07,Delivered
960,960,70,30,33.0,2026-05-30 14:39:23,2026-05-30 15:12:23,Delivered
961,961,51,20,9.0,2026-03-27 16:54:16,2026-03-27 17:03:16,Delivered
962,962,19,30,27.0,2026-07-13 22:04:50,2026-07-13 22:31:50,Delivered
963,963,54,30,34.0,2026-06-11 20:25:20,2026-06-11 20:59:20,Delivered
964,964,83,30,26.0,2026-03-24 08:30:26,2026-03-24 08:56:26,Delivered
965,965,64,20,13.0,2026-04-03 13:25:23,2026-04-03 13:38:23,Delivered
966,966,52,30,19.0,2026-07-31 07:46:32,2026-07-31 08:05:32,Delivered
967,967,77,30,32.0,2026-02-26 11:15:04,2026-02-26 11:47:04,Delivered
968,968,58,15,9.0,2026-06-12 00:02:15,2026-06-12 00:11:15,Delivered
969,969,75,20,17.0,2026-05-13 16:44:01,2026-05-13 17:01:01,Delivered
970,970,30,15,12.0,2026-04-05 19:05:36,2026-04-05 19:17:36,Delivered
971,971,31,20,24.0,2026-07-03 11:29:51,2026-07-03 11:53:51,Delivered
972,972,39,10,4.0,2026-05-14 07:12:59,2026-05-14 07:16:59,Delivered
973,973,41,20,,2026-04-17 12:44:47,,Cancelled
974,974,23,15,6.0,2026-02-10 20:05:58,2026-02-10 20:11:58,Delivered
975,975,83,15,19.0,2026-05-27 11:32:50,2026-05-27 11:51:50,Delivered
976,976,19,15,10.0,2026-06-10 10:22:58,2026-06-10 10:32:58,Delivered
977,977,58,30,33.0,2026-05-11 23:47:41,2026-05-12 00:20:41,Delivered
978,978,67,20,22.0,2026-05-19 19:54:43,2026-05-19 20:16:43,Delivered
979,979,11,20,25.0,2026-07-14 15:42:09,2026-07-14 16:07:09,Delivered
980,980,15,15,10.0,2026-06-07 11:45:14,2026-06-07 11:55:14,Delivered
981,981,44,10,,2026-04-14 11:31:41,,Cancelled
982,982,8,20,12.0,2026-05-21 11:56:20,2026-05-21 12:08:20,Delivered
983,983,78,10,6.0,2026-02-14 18:14:19,2026-02-14 18:20:19,Delivered
984,984,5,15,8.0,2026-05-02 23:08:53,2026-05-02 23:16:53,Delivered
985,985,42,10,,2026-05-04 20:24:20,,Cancelled
986,986,20,20,14.0,2026-06-06 19:16:50,2026-06-06 19:30:50,Delivered
987,987,21,30,35.0,2026-07-22 13:28:04,2026-07-22 14:03:04,Delivered
988,988,65,10,4.0,2026-05-31 10:17:25,2026-05-31 10:21:25,Delivered
989,989,63,30,44.0,2026-07-04 11:28:11,2026-07-04 12:12:11,Delayed
990,990,38,10,10.0,2026-07-11 21:49:46,2026-07-11 21:59:46,Delivered
991,991,21,10,10.0,2026-02-25 08:27:08,2026-02-25 08:37:08,Delivered
992,992,28,30,26.0,2026-06-29 08:26:13,2026-06-29 08:52:13,Delivered
994,994,38,20,20.0,2026-04-22 18:57:58,2026-04-22 19:17:58,Delivered
995,995,20,20,4.0,2026-04-22 15:06:34,2026-04-22 15:10:34,Delivered
996,996,7,20,17.0,2026-05-08 17:45:55,2026-05-08 18:02:55,Delivered
997,997,32,30,34.0,2026-07-07 22:49:43,2026-07-07 23:23:43,Delivered
998,998,42,20,11.0,2026-07-17 16:06:33,2026-07-17 16:17:33,Delivered
999,999,73,15,17.0,2026-06-13 08:05:22,2026-06-13 08:22:22,Delivered
1000,1000,1,30,26.0,2026-05-12 14:31:17,2026-05-12 14:57:17,Delivered
1001,1001,7,20,,2026-07-23 12:16:46,,Cancelled
1002,1002,24,15,14.0,2026-02-15 07:59:32,2026-02-15 08:13:32,Delivered
1003,1003,80,10,4.0,2026-04-17 11:38:28,2026-04-17 11:42:28,Delivered
1004,1004,65,20,12.0,2026-06-01 20:13:30,2026-06-01 20:25:30,Delivered
1005,1005,19,30,,2026-05-24 11:01:54,,Cancelled
1006,1006,64,30,31.0,2026-06-10 22:45:01,2026-06-10 23:16:01,Delivered
1007,1007,76,30,35.0,2026-06-07 14:53:42,2026-06-07 15:28:42,Delivered
1008,1008,26,20,8.0,2026-06-16 10:39:04,2026-06-16 10:47:04,Delayed
1009,1009,7,30,28.0,2026-04-28 10:00:23,2026-04-28 10:28:23,Delivered
1010,1010,30,15,11.0,2026-07-13 10:55:50,2026-07-13 11:06:50,Delivered
1011,1011,82,20,8.0,2026-02-10 13:16:23,2026-02-10 13:24:23,Delivered
1012,1012,11,30,29.0,2026-06-24 19:29:32,2026-06-24 19:58:32,Delivered
1013,1013,73,15,12.0,2026-03-15 14:20:53,2026-03-15 14:32:53,Delayed
1014,1014,5,30,35.0,2026-03-09 08:31:48,2026-03-09 09:06:48,Delivered
1015,1015,79,20,22.0,2026-05-08 21:59:51,2026-05-08 22:21:51,Delivered
1016,1016,82,20,19.0,2026-04-29 20:46:49,2026-04-29 21:05:49,Delivered
1017,1017,4,20,24.0,2026-03-19 08:15:51,2026-03-19 08:39:51,Delivered
1018,1018,5,10,4.0,2026-07-05 09:08:08,2026-07-05 09:12:08,Delivered
1019,1019,57,10,8.0,2026-05-30 14:28:52,2026-05-30 14:36:52,Delivered
1020,1020,3,10,4.0,2026-06-15 00:03:47,2026-06-15 00:07:47,Delivered
1021,1021,41,20,17.0,2026-04-04 13:43:52,2026-04-04 14:00:52,Delivered
1022,1022,8,30,27.0,2026-04-11 18:19:53,2026-04-11 18:46:53,Delivered
1023,1023,27,10,4.0,2026-06-20 12:45:29,2026-06-20 12:49:29,Delivered
1024,1024,29,10,19.0,2026-02-26 08:05:27,2026-02-26 08:24:27,Delayed
1025,1025,51,30,32.0,2026-06-05 20:46:18,2026-06-05 21:18:18,Delivered
1026,1026,7,20,19.0,2026-06-28 15:17:41,2026-06-28 15:36:41,Delivered
1027,1027,17,20,28.0,2026-05-30 10:02:06,2026-05-30 10:30:06,Delayed
1028,1028,79,30,,2026-05-20 09:44:23,,Cancelled
1029,1029,11,20,24.0,2026-04-17 14:02:22,2026-04-17 14:26:22,Delivered
1030,1030,15,30,35.0,2026-05-26 18:55:19,2026-05-26 19:30:19,Delivered
1031,1031,40,10,7.0,2026-03-23 10:29:58,2026-03-23 10:36:58,Delivered
1032,1032,13,10,4.0,2026-02-11 11:55:06,2026-02-11 11:59:06,Delivered
1033,1033,54,15,20.0,2026-02-14 09:12:23,2026-02-14 09:32:23,Delivered
1034,1034,51,30,27.0,2026-02-20 14:48:23,2026-02-20 15:15:23,Delivered
1035,1035,59,15,7.0,2026-05-20 15:07:18,2026-05-20 15:14:18,Delivered
1036,1036,24,15,14.0,2026-03-22 20:21:14,2026-03-22 20:35:14,Delivered
1037,1037,82,10,12.0,2026-06-29 18:51:35,2026-06-29 19:03:35,Delivered
1039,1039,23,15,15.0,2026-07-28 22:17:06,2026-07-28 22:32:06,Delivered
1041,1041,45,10,,2026-03-08 11:23:14,,Cancelled
1042,1042,56,10,21.0,2026-05-15 18:08:24,2026-05-15 18:29:24,Delayed
1043,1043,22,10,11.0,2026-06-21 07:58:26,2026-06-21 08:09:26,Delivered
1044,1044,44,10,20.0,2026-04-30 19:21:56,2026-04-30 19:41:56,Delayed
1045,1045,37,10,22.0,2026-02-21 12:22:55,2026-02-21 12:44:55,Delayed
1046,1046,6,20,28.0,2026-03-05 21:08:47,2026-03-05 21:36:47,Delayed
1047,1047,54,30,22.0,2026-03-11 21:20:29,2026-03-11 21:42:29,Delayed
1048,1048,82,10,4.0,2026-03-26 07:22:05,2026-03-26 07:26:05,Delivered
1049,1049,77,20,24.0,2026-07-16 23:46:02,2026-07-17 00:10:02,Delivered
1050,1050,31,10,20.0,2026-06-13 16:59:19,2026-06-13 17:19:19,Delayed
1051,1051,65,20,14.0,2026-06-19 17:34:00,2026-06-19 17:48:00,Delivered
1052,1052,43,20,17.0,2026-05-24 17:37:36,2026-05-24 17:54:36,Delivered
1053,1053,60,20,23.0,2026-04-22 09:32:45,2026-04-22 09:55:45,Delivered
1054,1054,9,10,20.0,2026-04-29 08:58:39,2026-04-29 09:18:39,Delayed
1055,1055,19,15,18.0,2026-05-16 21:29:50,2026-05-16 21:47:50,Delivered
1056,1056,9,15,21.0,2026-05-11 21:36:09,2026-05-11 21:57:09,Delayed
1057,1057,62,10,10.0,2026-05-23 17:25:00,2026-05-23 17:35:00,Delivered
1058,1058,30,10,6.0,2026-03-19 18:51:33,2026-03-19 18:57:33,Delivered
1059,1059,9,10,4.0,2026-06-19 15:47:10,2026-06-19 15:51:10,Delivered
1060,1060,77,10,10.0,2026-04-14 12:21:32,2026-04-14 12:31:32,Delivered
1061,1061,33,20,22.0,2026-07-07 13:13:06,2026-07-07 13:35:06,Delivered
1062,1062,9,30,26.0,2026-03-26 10:10:10,2026-03-26 10:36:10,Delivered
1063,1063,49,15,,2026-03-23 12:04:30,,Cancelled
1064,1064,1,20,12.0,2026-06-22 17:52:58,2026-06-22 18:04:58,Delivered
1065,1065,83,10,4.0,2026-06-10 16:54:39,2026-06-10 16:58:39,Delivered
1066,1066,48,10,18.0,2026-06-23 23:29:35,2026-06-23 23:47:35,Delayed
1067,1067,40,10,9.0,2026-06-08 21:27:17,2026-06-08 21:36:17,Delivered
1068,1068,10,30,,2026-03-19 15:43:09,,Cancelled
1069,1069,1,10,7.0,2026-03-03 10:30:54,2026-03-03 10:37:54,Delivered
1070,1070,58,20,30.0,2026-07-31 10:17:25,2026-07-31 10:47:25,Delayed
1071,1071,80,10,12.0,2026-02-27 07:32:42,2026-02-27 07:44:42,Delivered
1072,1072,18,10,4.0,2026-06-17 11:05:04,2026-06-17 11:09:04,Delivered
1073,1073,43,30,26.0,2026-04-01 13:10:43,2026-04-01 13:36:43,Delivered
1074,1074,55,30,,2026-02-23 15:39:43,,Cancelled
1075,1075,20,10,,2026-07-17 21:53:42,,Cancelled
1076,1076,5,10,12.0,2026-05-21 19:45:15,2026-05-21 19:57:15,Delivered
1077,1077,19,30,,2026-05-13 14:16:38,,Cancelled
1078,1078,20,20,26.0,2026-04-27 22:35:05,2026-04-27 23:01:05,Delayed
1079,1079,59,10,4.0,2026-07-07 12:46:38,2026-07-07 12:50:38,Delayed
1080,1080,73,20,12.0,2026-04-08 20:58:14,2026-04-08 21:10:14,Delivered
1081,1081,30,30,28.0,2026-08-04 12:15:11,2026-08-04 12:43:11,Delayed
1082,1082,23,10,4.0,2026-06-22 22:31:27,2026-06-22 22:35:27,Delivered
1083,1083,34,20,17.0,2026-05-06 18:13:49,2026-05-06 18:30:49,Delivered
1084,1084,58,15,19.0,2026-06-09 21:03:14,2026-06-09 21:22:14,Delivered
1085,1085,54,15,13.0,2026-06-04 18:23:04,2026-06-04 18:36:04,Delivered
1087,1087,36,20,16.0,2026-07-17 07:03:57,2026-07-17 07:19:57,Delivered
1088,1088,58,10,10.0,2026-02-08 19:06:18,2026-02-08 19:16:18,Delivered
1089,1089,2,20,25.0,2026-03-28 18:50:12,2026-03-28 19:15:12,Delivered
1090,1090,82,20,30.0,2026-08-03 07:38:09,2026-08-03 08:08:09,Delayed
1091,1091,14,10,22.0,2026-07-08 14:43:26,2026-07-08 15:05:26,Delayed
1093,1093,70,20,26.0,2026-03-26 22:19:16,2026-03-26 22:45:16,Delayed
1094,1094,52,10,10.0,2026-03-13 11:37:44,2026-03-13 11:47:44,Delivered
1095,1095,68,30,32.0,2026-06-24 11:48:48,2026-06-24 12:20:48,Delivered
1096,1096,58,10,9.0,2026-08-01 17:59:07,2026-08-01 18:08:07,Delivered
1097,1097,60,20,,2026-04-15 17:16:55,,Cancelled
1098,1098,82,30,20.0,2026-03-12 22:53:02,2026-03-12 23:13:02,Delivered
1099,1099,24,15,19.0,2026-05-14 10:50:05,2026-05-14 11:09:05,Delivered
1100,1100,53,15,21.0,2026-04-13 19:32:38,2026-04-13 19:53:38,Delayed
1101,1101,63,30,35.0,2026-04-24 12:38:28,2026-04-24 13:13:28,Delivered
1102,1102,5,15,22.0,2026-08-02 17:19:06,2026-08-02 17:41:06,Delayed
1103,1103,43,15,9.0,2026-03-15 13:42:39,2026-03-15 13:51:39,Delivered
1104,1104,13,30,30.0,2026-02-26 08:58:08,2026-02-26 09:28:08,Delivered
1105,1105,58,30,31.0,2026-05-08 13:51:58,2026-05-08 14:22:58,Delivered
1106,1106,79,20,13.0,2026-05-02 19:13:24,2026-05-02 19:26:24,Delivered
1107,1107,10,15,11.0,2026-05-24 19:14:56,2026-05-24 19:25:56,Delivered
1108,1108,27,20,31.0,2026-03-22 15:32:05,2026-03-22 16:03:05,Delayed
1109,1109,21,20,11.0,2026-03-21 22:23:39,2026-03-21 22:34:39,Delivered
1110,1110,53,20,,2026-07-02 10:30:38,,Cancelled
1111,1111,30,15,15.0,2026-05-19 18:51:30,2026-05-19 19:06:30,Delivered
1112,1112,44,30,22.0,2026-03-28 07:08:26,2026-03-28 07:30:26,Delivered
1113,1113,2,30,31.0,2026-04-11 14:38:34,2026-04-11 15:09:34,Delivered
1114,1114,54,15,19.0,2026-07-30 23:23:39,2026-07-30 23:42:39,Delivered
1115,1115,12,10,27.0,2026-06-19 13:43:19,2026-06-19 14:10:19,Delayed
1116,1116,42,10,12.0,2026-03-20 18:01:39,2026-03-20 18:13:39,Delivered
1117,1117,67,30,34.0,2026-02-13 22:19:15,2026-02-13 22:53:15,Delivered
1118,1118,4,30,33.0,2026-08-03 19:55:00,2026-08-03 20:28:00,Delivered
1119,1119,25,10,14.0,2026-03-26 07:07:06,2026-03-26 07:21:06,Delivered
1120,1120,17,10,13.0,2026-04-20 19:32:14,2026-04-20 19:45:14,Delayed
1121,1121,63,10,,2026-03-27 09:44:52,,Cancelled
1122,1122,6,15,11.0,2026-04-02 12:25:29,2026-04-02 12:36:29,Delivered
1123,1123,73,10,12.0,2026-02-16 11:22:27,2026-02-16 11:34:27,Delivered
1124,1124,55,15,6.0,2026-06-01 16:40:56,2026-06-01 16:46:56,Delivered
1125,1125,60,20,,2026-07-24 16:55:04,,Cancelled
1126,1126,33,15,19.0,2026-04-10 21:12:29,2026-04-10 21:31:29,Delivered
1127,1127,11,20,17.0,2026-03-16 22:58:54,2026-03-16 23:15:54,Delivered
1128,1128,12,30,26.0,2026-03-15 12:26:52,2026-03-15 12:52:52,Delivered
1129,1129,30,15,22.0,2026-03-10 10:14:10,2026-03-10 10:36:10,Delayed
1130,1130,79,30,,2026-06-11 13:57:00,,Cancelled
1131,1131,68,15,,2026-07-07 08:52:44,,Cancelled
1132,1132,32,15,11.0,2026-04-07 15:22:32,2026-04-07 15:33:32,Delivered
1134,1134,10,10,14.0,2026-06-21 21:40:08,2026-06-21 21:54:08,Delivered
1135,1135,20,15,16.0,2026-07-24 10:59:18,2026-07-24 11:15:18,Delivered
1136,1136,25,20,20.0,2026-07-11 21:19:32,2026-07-11 21:39:32,Delivered
1137,1137,1,15,4.0,2026-06-06 18:15:13,2026-06-06 18:19:13,Delivered
1138,1138,15,30,31.0,2026-02-18 10:18:03,2026-02-18 10:49:03,Delivered
1139,1139,58,10,13.0,2026-07-10 16:41:08,2026-07-10 16:54:08,Delivered
1140,1140,4,30,31.0,2026-03-10 20:05:21,2026-03-10 20:36:21,Delivered
1141,1141,70,30,25.0,2026-03-02 08:18:32,2026-03-02 08:43:32,Delivered
1142,1142,73,10,12.0,2026-07-24 22:06:26,2026-07-24 22:18:26,Delivered
1143,1143,5,20,13.0,2026-03-06 22:57:36,2026-03-06 23:10:36,Delivered
1144,1144,69,20,24.0,2026-04-19 08:33:35,2026-04-19 08:57:35,Delivered
1145,1145,26,15,23.0,2026-04-22 08:05:31,2026-04-22 08:28:31,Delayed
1146,1146,17,10,6.0,2026-07-27 16:55:10,2026-07-27 17:01:10,Delivered
1147,1147,65,15,11.0,2026-02-20 16:56:52,2026-02-20 17:07:52,Delivered
1148,1148,41,20,19.0,2026-06-12 19:44:13,2026-06-12 20:03:13,Delivered
1149,1149,41,10,5.0,2026-05-02 11:19:32,2026-05-02 11:24:32,Delivered
1150,1150,3,30,30.0,2026-06-25 08:59:28,2026-06-25 09:29:28,Delivered
1151,1151,50,30,34.0,2026-06-13 13:33:57,2026-06-13 14:07:57,Delivered
1152,1152,68,20,12.0,2026-05-30 13:18:51,2026-05-30 13:30:51,Delayed
1153,1153,56,15,4.0,2026-06-27 09:11:11,2026-06-27 09:15:11,Delayed
1154,1154,38,30,36.0,2026-05-29 09:13:31,2026-05-29 09:49:31,Delayed
1155,1155,79,10,,2026-02-27 11:44:59,,Cancelled
1156,1156,45,30,35.0,2026-05-28 07:03:16,2026-05-28 07:38:16,Delivered
1157,1157,10,15,,2026-02-16 11:12:23,,Cancelled
1158,1158,83,30,,2026-07-27 16:13:45,,Cancelled
1159,1159,29,30,27.0,2026-04-29 11:23:01,2026-04-29 11:50:01,Delivered
1160,1160,47,15,23.0,2026-05-20 18:29:58,2026-05-20 18:52:58,Delayed
1161,1161,16,30,32.0,2026-03-10 23:01:07,2026-03-10 23:33:07,Delivered
1162,1162,42,30,41.0,2026-04-09 17:28:32,2026-04-09 18:09:32,Delayed
1163,1163,73,15,13.0,2026-07-13 13:46:56,2026-07-13 13:59:56,Delivered
1164,1164,24,30,32.0,2026-04-07 08:46:17,2026-04-07 09:18:17,Delivered
1165,1165,9,10,4.0,2026-07-18 22:11:30,2026-07-18 22:15:30,Delivered
1166,1166,14,15,5.0,2026-06-26 22:09:55,2026-06-26 22:14:55,Delivered
1167,1167,71,10,4.0,2026-02-26 22:50:42,2026-02-26 22:54:42,Delivered
1168,1168,34,20,12.0,2026-03-18 10:27:48,2026-03-18 10:39:48,Delivered
1169,1169,36,30,34.0,2026-04-26 19:59:56,2026-04-26 20:33:56,Delivered
1170,1170,13,15,9.0,2026-06-08 12:35:07,2026-06-08 12:44:07,Delivered
1171,1171,41,10,10.0,2026-03-14 20:45:47,2026-03-14 20:55:47,Delivered
1172,1172,49,10,4.0,2026-06-25 12:02:13,2026-06-25 12:06:13,Delivered
1173,1173,45,30,26.0,2026-03-21 20:18:01,2026-03-21 20:44:01,Delivered
1174,1174,60,20,22.0,2026-03-09 17:57:59,2026-03-09 18:19:59,Delivered
1175,1175,21,20,12.0,2026-04-10 16:43:39,2026-04-10 16:55:39,Delivered
1176,1176,72,10,15.0,2026-03-15 12:05:17,2026-03-15 12:20:17,Delivered
1177,1177,33,15,8.0,2026-06-23 10:55:26,2026-06-23 11:03:26,Delivered
1178,1178,8,10,10.0,2026-07-28 12:20:05,2026-07-28 12:30:05,Delivered
1179,1179,35,10,15.0,2026-06-25 07:38:19,2026-06-25 07:53:19,Delivered
1180,1180,2,20,17.0,2026-03-20 18:22:14,2026-03-20 18:39:14,Delivered
1181,1181,7,15,4.0,2026-04-16 20:34:08,2026-04-16 20:38:08,Delivered
1182,1182,10,20,29.0,2026-03-29 19:20:18,2026-03-29 19:49:18,Delayed
1183,1183,20,15,12.0,2026-06-18 18:53:00,2026-06-18 19:05:00,Delivered
1184,1184,6,30,30.0,2026-04-25 16:51:10,2026-04-25 17:21:10,Delivered
1185,1185,38,15,20.0,2026-07-05 12:42:15,2026-07-05 13:02:15,Delivered
1186,1186,82,20,14.0,2026-08-03 07:18:09,2026-08-03 07:32:09,Delivered
1187,1187,53,20,26.0,2026-03-04 15:08:47,2026-03-04 15:34:47,Delayed
1188,1188,5,15,15.0,2026-02-11 20:12:05,2026-02-11 20:27:05,Delivered
1189,1189,76,10,,2026-06-23 11:06:00,,Cancelled
1190,1190,9,10,4.0,2026-06-28 23:15:52,2026-06-28 23:19:52,Delivered
1191,1191,67,20,11.0,2026-06-29 23:41:39,2026-06-29 23:52:39,Delivered
1192,1192,10,10,25.0,2026-06-15 18:30:14,2026-06-15 18:55:14,Delayed
1193,1193,22,10,20.0,2026-03-04 11:42:40,2026-03-04 12:02:40,Delayed
1194,1194,16,20,26.0,2026-05-30 23:35:51,2026-05-31 00:01:51,Delayed
1195,1195,24,10,13.0,2026-04-09 07:40:11,2026-04-09 07:53:11,Delivered
1196,1196,12,10,18.0,2026-05-17 07:49:32,2026-05-17 08:07:32,Delayed
1197,1197,54,15,17.0,2026-04-14 15:33:34,2026-04-14 15:50:34,Delivered
1198,1198,52,30,37.0,2026-07-27 15:12:50,2026-07-27 15:49:50,Delayed
1199,1199,33,30,24.0,2026-04-25 17:06:04,2026-04-25 17:30:04,Delivered
1200,1200,26,10,4.0,2026-05-15 16:36:04,2026-05-15 16:40:04,Delivered
1201,1201,27,10,7.0,2026-05-29 19:35:05,2026-05-29 19:42:05,Delivered
1203,1203,49,10,11.0,2026-06-25 15:49:44,2026-06-25 16:00:44,Delivered
1204,1204,14,30,,2026-04-05 10:13:04,,Cancelled
1205,1205,58,30,28.0,2026-02-20 08:54:03,2026-02-20 09:22:03,Delivered
1206,1206,33,15,18.0,2026-04-01 12:56:29,2026-04-01 13:14:29,Delivered
1207,1207,16,10,4.0,2026-07-02 09:24:20,2026-07-02 09:28:20,Delivered
1208,1208,36,10,4.0,2026-07-20 17:13:35,2026-07-20 17:17:35,Delivered
1209,1209,31,10,4.0,2026-05-03 14:03:46,2026-05-03 14:07:46,Delivered
1210,1210,20,30,24.0,2026-05-04 11:58:19,2026-05-04 12:22:19,Delayed
1211,1211,63,15,29.0,2026-07-24 11:51:23,2026-07-24 12:20:23,Delayed
1212,1212,11,30,30.0,2026-04-04 20:52:36,2026-04-04 21:22:36,Delivered
1213,1213,38,20,27.0,2026-05-24 10:27:55,2026-05-24 10:54:55,Delayed
1214,1214,7,20,12.0,2026-03-27 08:46:47,2026-03-27 08:58:47,Delivered
1215,1215,34,30,36.0,2026-05-03 15:49:26,2026-05-03 16:25:26,Delayed
1216,1216,4,20,11.0,2026-04-12 20:22:49,2026-04-12 20:33:49,Delivered
1217,1217,22,20,29.0,2026-05-29 22:58:24,2026-05-29 23:27:24,Delayed
1218,1218,17,15,17.0,2026-06-13 21:43:35,2026-06-13 22:00:35,Delivered
1219,1219,5,30,19.0,2026-03-13 11:58:04,2026-03-13 12:17:04,Delivered
1220,1220,45,10,4.0,2026-07-05 08:37:19,2026-07-05 08:41:19,Delivered
1221,1221,52,15,15.0,2026-06-04 12:18:49,2026-06-04 12:33:49,Delivered
1222,1222,46,15,16.0,2026-03-05 14:08:21,2026-03-05 14:24:21,Delivered
1223,1223,14,30,18.0,2026-03-19 15:15:32,2026-03-19 15:33:32,Delivered
1224,1224,23,15,20.0,2026-02-14 13:44:24,2026-02-14 14:04:24,Delivered
1225,1225,9,15,20.0,2026-03-13 14:24:00,2026-03-13 14:44:00,Delivered
1226,1226,77,20,25.0,2026-07-21 13:38:13,2026-07-21 14:03:13,Delivered
1227,1227,34,20,20.0,2026-04-09 21:48:43,2026-04-09 22:08:43,Delivered
1228,1228,19,10,6.0,2026-03-15 13:36:47,2026-03-15 13:42:47,Delivered
1229,1229,16,15,17.0,2026-07-24 13:54:17,2026-07-24 14:11:17,Delivered
1230,1230,80,30,24.0,2026-06-22 08:55:15,2026-06-22 09:19:15,Delivered
1231,1231,34,20,23.0,2026-07-21 15:05:08,2026-07-21 15:28:08,Delivered
1233,1233,23,30,40.0,2026-08-02 23:26:43,2026-08-03 00:06:43,Delayed
1234,1234,78,15,,2026-02-09 23:43:13,,Cancelled
1235,1235,47,20,21.0,2026-06-14 22:22:03,2026-06-14 22:43:03,Delivered
1236,1236,60,15,15.0,2026-03-20 15:00:06,2026-03-20 15:15:06,Delivered
1237,1237,78,15,15.0,2026-03-04 07:17:38,2026-03-04 07:32:38,Delivered
1238,1238,31,30,38.0,2026-05-30 22:42:21,2026-05-30 23:20:21,Delayed
1239,1239,5,30,14.0,2026-06-16 19:33:22,2026-06-16 19:47:22,Delayed
1240,1240,26,30,24.0,2026-05-03 18:24:33,2026-05-03 18:48:33,Delivered
1241,1241,25,30,30.0,2026-05-09 17:55:51,2026-05-09 18:25:51,Delivered
1242,1242,16,15,18.0,2026-08-01 23:20:27,2026-08-01 23:38:27,Delivered
1243,1243,2,20,21.0,2026-03-02 09:28:21,2026-03-02 09:49:21,Delivered
1244,1244,69,10,24.0,2026-06-10 10:44:22,2026-06-10 11:08:22,Delayed
1245,1245,23,30,28.0,2026-07-11 18:03:05,2026-07-11 18:31:05,Delivered
1247,1247,22,10,13.0,2026-06-27 10:38:38,2026-06-27 10:51:38,Delivered
1248,1248,83,15,4.0,2026-05-15 11:50:40,2026-05-15 11:54:40,Delivered
1249,1249,17,30,27.0,2026-04-16 09:50:06,2026-04-16 10:17:06,Delivered
1250,1250,39,30,28.0,2026-02-11 13:26:57,2026-02-11 13:54:57,Delivered
1251,1251,70,10,5.0,2026-04-07 16:00:59,2026-04-07 16:05:59,Delivered
1252,1252,15,15,,2026-04-25 09:07:09,,Cancelled
1253,1253,31,10,,2026-08-03 17:57:47,,Cancelled
1254,1254,63,30,,2026-02-24 23:27:44,,Cancelled
1255,1255,13,30,33.0,2026-05-22 10:19:32,2026-05-22 10:52:32,Delivered
1256,1256,48,20,6.0,2026-05-02 10:24:44,2026-05-02 10:30:44,Delivered
1257,1257,17,15,7.0,2026-06-23 16:21:31,2026-06-23 16:28:31,Delayed
1258,1258,30,10,11.0,2026-05-20 11:37:07,2026-05-20 11:48:07,Delayed
1259,1259,39,30,42.0,2026-06-27 19:41:26,2026-06-27 20:23:26,Delayed
1260,1260,68,20,18.0,2026-07-20 19:27:48,2026-07-20 19:45:48,Delivered
1261,1261,13,10,16.0,2026-05-15 14:32:33,2026-05-15 14:48:33,Delayed
1262,1262,17,15,,2026-04-11 22:54:47,,Cancelled
1263,1263,15,10,11.0,2026-07-13 10:27:56,2026-07-13 10:38:56,Delivered
1264,1264,82,30,30.0,2026-03-30 21:40:27,2026-03-30 22:10:27,Delivered
1265,1265,28,15,17.0,2026-07-01 18:52:02,2026-07-01 19:09:02,Delivered
1266,1266,20,30,26.0,2026-07-18 11:02:29,2026-07-18 11:28:29,Delivered
1267,1267,69,30,,2026-05-14 22:22:17,,Cancelled
1268,1268,29,20,,2026-04-10 16:39:54,,Cancelled
1269,1269,29,10,10.0,2026-05-21 12:35:48,2026-05-21 12:45:48,Delivered
1270,1270,16,30,35.0,2026-06-28 20:11:10,2026-06-28 20:46:10,Delivered
1271,1271,71,20,18.0,2026-04-22 14:19:13,2026-04-22 14:37:13,Delivered
1272,1272,50,30,22.0,2026-02-17 14:34:41,2026-02-17 14:56:41,Delivered
1273,1273,24,20,11.0,2026-05-29 17:47:48,2026-05-29 17:58:48,Delivered
1274,1274,24,30,19.0,2026-03-22 07:59:05,2026-03-22 08:18:05,Delivered
1275,1275,8,20,27.0,2026-07-19 21:40:52,2026-07-19 22:07:52,Delayed
1276,1276,45,20,,2026-06-14 14:17:35,,Cancelled
1277,1277,18,30,31.0,2026-03-09 20:20:04,2026-03-09 20:51:04,Delivered
1278,1278,74,15,11.0,2026-05-26 17:27:11,2026-05-26 17:38:11,Delivered
1279,1279,22,30,25.0,2026-07-18 18:55:00,2026-07-18 19:20:00,Delivered
1280,1280,21,30,32.0,2026-06-02 10:55:04,2026-06-02 11:27:04,Delivered
1281,1281,76,30,,2026-04-24 11:06:44,,Cancelled
1282,1282,32,30,35.0,2026-06-04 07:25:05,2026-06-04 08:00:05,Delivered
1283,1283,41,20,,2026-08-04 08:58:58,,Cancelled
1284,1284,17,30,,2026-07-04 12:25:48,,Cancelled
1285,1285,2,10,9.0,2026-06-16 15:57:16,2026-06-16 16:06:16,Delivered
1286,1286,82,30,41.0,2026-02-06 17:40:12,2026-02-06 18:21:12,Delayed
1287,1287,68,10,6.0,2026-04-27 21:14:01,2026-04-27 21:20:01,Delivered
1288,1288,21,15,19.0,2026-03-09 11:14:26,2026-03-09 11:33:26,Delivered
1289,1289,55,30,38.0,2026-07-24 09:36:06,2026-07-24 10:14:06,Delayed
1290,1290,17,15,8.0,2026-06-27 16:50:44,2026-06-27 16:58:44,Delivered
1292,1292,61,10,10.0,2026-06-07 14:44:17,2026-06-07 14:54:17,Delivered
1293,1293,60,30,37.0,2026-07-05 18:03:08,2026-07-05 18:40:08,Delayed
1294,1294,11,30,39.0,2026-04-02 13:17:44,2026-04-02 13:56:44,Delayed
1295,1295,79,15,19.0,2026-07-31 18:04:36,2026-07-31 18:23:36,Delivered
1296,1296,10,15,,2026-07-24 07:30:55,,Cancelled
1297,1297,83,15,24.0,2026-04-29 19:20:25,2026-04-29 19:44:25,Delayed
1298,1298,66,20,,2026-02-07 16:06:07,,Cancelled
1299,1299,53,10,,2026-03-28 14:02:57,,Cancelled
1300,1300,32,10,6.0,2026-06-05 12:36:14,2026-06-05 12:42:14,Delivered
1301,1301,47,15,5.0,2026-03-06 15:48:39,2026-03-06 15:53:39,Delivered
1302,1302,6,15,,2026-06-03 15:14:42,,Cancelled
1303,1303,44,20,20.0,2026-05-27 14:51:55,2026-05-27 15:11:55,Delivered
1304,1304,73,30,41.0,2026-05-17 19:32:39,2026-05-17 20:13:39,Delayed
1305,1305,7,30,27.0,2026-02-13 21:24:56,2026-02-13 21:51:56,Delivered
1306,1306,12,30,32.0,2026-04-23 23:04:11,2026-04-23 23:36:11,Delivered
1307,1307,55,10,10.0,2026-03-22 14:44:55,2026-03-22 14:54:55,Delivered
1308,1308,64,10,16.0,2026-03-08 11:49:18,2026-03-08 12:05:18,Delayed
1309,1309,82,30,31.0,2026-06-26 23:08:14,2026-06-26 23:39:14,Delivered
1310,1310,16,15,10.0,2026-03-06 22:33:17,2026-03-06 22:43:17,Delivered
1311,1311,9,15,17.0,2026-07-31 14:57:44,2026-07-31 15:14:44,Delivered
1312,1312,6,30,34.0,2026-05-09 15:26:35,2026-05-09 16:00:35,Delivered
1313,1313,20,10,4.0,2026-04-04 11:35:07,2026-04-04 11:39:07,Delivered
1314,1314,20,20,17.0,2026-06-17 22:19:15,2026-06-17 22:36:15,Delivered
1315,1315,40,20,18.0,2026-06-30 22:43:06,2026-06-30 23:01:06,Delivered
1316,1316,62,10,5.0,2026-04-29 19:58:03,2026-04-29 20:03:03,Delivered
1317,1317,14,15,15.0,2026-07-07 20:31:37,2026-07-07 20:46:37,Delivered
1318,1318,23,10,19.0,2026-03-19 07:21:58,2026-03-19 07:40:58,Delayed
1319,1319,39,10,7.0,2026-06-07 17:22:20,2026-06-07 17:29:20,Delivered
1320,1320,21,20,26.0,2026-05-26 07:17:31,2026-05-26 07:43:31,Delayed
1321,1321,76,30,17.0,2026-07-02 22:16:49,2026-07-02 22:33:49,Delivered
1322,1322,63,15,14.0,2026-07-11 23:29:06,2026-07-11 23:43:06,Delivered
1323,1323,54,30,25.0,2026-07-09 11:51:05,2026-07-09 12:16:05,Delivered
1324,1324,57,10,14.0,2026-06-18 07:57:25,2026-06-18 08:11:25,Delivered
1325,1325,82,20,15.0,2026-06-14 23:11:30,2026-06-14 23:26:30,Delivered
1326,1326,78,15,21.0,2026-06-30 09:53:34,2026-06-30 10:14:34,Delayed
1327,1327,53,20,19.0,2026-02-13 11:17:15,2026-02-13 11:36:15,Delivered
1328,1328,46,10,13.0,2026-05-29 13:50:06,2026-05-29 14:03:06,Delivered
1329,1329,44,20,14.0,2026-03-12 11:46:28,2026-03-12 12:00:28,Delivered
1330,1330,34,15,19.0,2026-05-07 17:31:20,2026-05-07 17:50:20,Delivered
1331,1331,41,15,12.0,2026-07-27 22:57:20,2026-07-27 23:09:20,Delivered
1332,1332,41,30,,2026-05-11 22:24:59,,Cancelled
1333,1333,18,20,25.0,2026-06-24 23:04:35,2026-06-24 23:29:35,Delivered
1334,1334,18,30,30.0,2026-02-21 15:54:42,2026-02-21 16:24:42,Delivered
1335,1335,36,30,32.0,2026-05-23 07:03:16,2026-05-23 07:35:16,Delivered
1336,1336,49,10,4.0,2026-02-23 15:59:06,2026-02-23 16:03:06,Delivered
1337,1337,4,15,16.0,2026-04-09 09:26:27,2026-04-09 09:42:27,Delivered
1338,1338,13,10,7.0,2026-06-07 16:36:57,2026-06-07 16:43:57,Delayed
1339,1339,28,30,29.0,2026-03-09 15:07:19,2026-03-09 15:36:19,Delivered
1340,1340,34,15,18.0,2026-05-23 17:14:01,2026-05-23 17:32:01,Delivered
1341,1341,50,15,,2026-03-11 17:04:28,,Cancelled
1342,1342,17,15,6.0,2026-07-06 17:46:21,2026-07-06 17:52:21,Delivered
1343,1343,51,30,26.0,2026-07-31 18:22:30,2026-07-31 18:48:30,Delivered
1344,1344,71,20,22.0,2026-04-18 11:58:56,2026-04-18 12:20:56,Delivered
1346,1346,55,15,5.0,2026-07-29 20:40:39,2026-07-29 20:45:39,Delivered
1347,1347,62,20,18.0,2026-05-13 23:29:21,2026-05-13 23:47:21,Delivered
1348,1348,73,10,6.0,2026-07-11 07:23:06,2026-07-11 07:29:06,Delivered
1349,1349,41,20,11.0,2026-03-18 08:28:20,2026-03-18 08:39:20,Delivered
1350,1350,57,30,33.0,2026-07-14 14:01:26,2026-07-14 14:34:26,Delivered
1351,1351,80,10,7.0,2026-03-13 17:36:10,2026-03-13 17:43:10,Delivered
1352,1352,48,15,17.0,2026-03-26 22:26:32,2026-03-26 22:43:32,Delivered
1353,1353,37,10,17.0,2026-08-04 23:56:01,2026-08-05 00:13:01,Delayed
1354,1354,72,15,17.0,2026-06-04 07:48:30,2026-06-04 08:05:30,Delivered
1355,1355,83,30,30.0,2026-06-14 18:38:11,2026-06-14 19:08:11,Delivered
1356,1356,58,30,32.0,2026-06-11 16:04:56,2026-06-11 16:36:56,Delivered
1357,1357,22,30,,2026-07-05 23:58:34,,Cancelled
1358,1358,4,10,25.0,2026-05-29 13:40:52,2026-05-29 14:05:52,Delayed
1359,1359,18,30,26.0,2026-06-29 20:07:09,2026-06-29 20:33:09,Delayed
1360,1360,3,30,33.0,2026-07-26 15:31:12,2026-07-26 16:04:12,Delivered
1361,1361,34,30,,2026-04-16 23:50:53,,Cancelled
1362,1362,23,20,10.0,2026-02-05 22:19:25,2026-02-05 22:29:25,Delivered
1363,1363,21,20,27.0,2026-05-23 20:05:42,2026-05-23 20:32:42,Delayed
1364,1364,46,10,11.0,2026-08-04 08:05:25,2026-08-04 08:16:25,Delivered
1366,1366,14,15,15.0,2026-06-17 12:28:35,2026-06-17 12:43:35,Delivered
1367,1367,46,10,4.0,2026-03-01 11:10:48,2026-03-01 11:14:48,Delivered
1368,1368,7,15,24.0,2026-03-30 20:49:15,2026-03-30 21:13:15,Delayed
1369,1369,32,30,29.0,2026-03-26 09:29:19,2026-03-26 09:58:19,Delayed
1370,1370,48,10,8.0,2026-04-19 19:39:03,2026-04-19 19:47:03,Delivered
1371,1371,75,10,21.0,2026-05-30 12:32:49,2026-05-30 12:53:49,Delayed
1372,1372,36,20,10.0,2026-02-21 23:46:55,2026-02-21 23:56:55,Delivered
1373,1373,83,30,25.0,2026-04-07 17:14:34,2026-04-07 17:39:34,Delivered
1374,1374,81,15,23.0,2026-06-23 18:56:07,2026-06-23 19:19:07,Delayed
1375,1375,74,30,18.0,2026-03-18 12:35:44,2026-03-18 12:53:44,Delivered
1377,1377,8,15,,2026-07-01 20:56:00,,Cancelled
1378,1378,14,15,19.0,2026-07-04 07:53:42,2026-07-04 08:12:42,Delivered
1379,1379,77,30,30.0,2026-07-18 14:13:17,2026-07-18 14:43:17,Delivered
1380,1380,45,30,23.0,2026-02-09 14:10:51,2026-02-09 14:33:51,Delivered
1381,1381,22,15,11.0,2026-06-24 08:09:21,2026-06-24 08:20:21,Delivered
1382,1382,34,30,31.0,2026-05-21 14:12:02,2026-05-21 14:43:02,Delivered
1383,1383,44,30,32.0,2026-06-23 10:09:45,2026-06-23 10:41:45,Delivered
1385,1385,1,10,5.0,2026-07-21 09:36:37,2026-07-21 09:41:37,Delivered
1386,1386,60,15,13.0,2026-02-24 19:01:55,2026-02-24 19:14:55,Delivered
1387,1387,6,15,14.0,2026-07-23 18:27:47,2026-07-23 18:41:47,Delivered
1388,1388,56,15,11.0,2026-03-26 22:02:00,2026-03-26 22:13:00,Delivered
1389,1389,49,10,5.0,2026-02-08 20:32:00,2026-02-08 20:37:00,Delivered
1390,1390,3,20,22.0,2026-05-29 23:01:34,2026-05-29 23:23:34,Delivered
1391,1391,4,20,19.0,2026-04-24 20:49:12,2026-04-24 21:08:12,Delivered
1392,1392,41,20,26.0,2026-07-05 23:11:54,2026-07-05 23:37:54,Delayed
1393,1393,83,30,34.0,2026-07-05 19:17:53,2026-07-05 19:51:53,Delivered
1394,1394,24,20,22.0,2026-03-19 22:37:31,2026-03-19 22:59:31,Delivered
1395,1395,33,30,26.0,2026-07-23 12:44:23,2026-07-23 13:10:23,Delivered
1396,1396,73,10,21.0,2026-02-22 10:27:46,2026-02-22 10:48:46,Delayed
1397,1397,29,30,37.0,2026-05-29 12:02:45,2026-05-29 12:39:45,Delayed
1398,1398,8,15,14.0,2026-02-06 22:26:54,2026-02-06 22:40:54,Delivered
1399,1399,2,20,29.0,2026-03-05 22:18:55,2026-03-05 22:47:55,Delayed
1400,1400,19,20,28.0,2026-02-16 23:25:47,2026-02-16 23:53:47,Delayed
1401,1401,4,20,17.0,2026-04-26 19:48:31,2026-04-26 20:05:31,Delivered
1402,1402,65,15,12.0,2026-03-20 19:02:03,2026-03-20 19:14:03,Delivered
1403,1403,44,10,,2026-07-18 11:12:17,,Cancelled
1404,1404,76,20,19.0,2026-06-14 21:11:40,2026-06-14 21:30:40,Delivered
1405,1405,74,10,5.0,2026-04-18 20:50:59,2026-04-18 20:55:59,Delivered
1406,1406,3,30,,2026-07-05 10:56:29,,Cancelled
1407,1407,10,20,18.0,2026-06-15 19:15:41,2026-06-15 19:33:41,Delivered
1408,1408,1,15,21.0,2026-05-21 11:50:39,2026-05-21 12:11:39,Delayed
1409,1409,60,30,35.0,2026-07-18 12:00:11,2026-07-18 12:35:11,Delivered
1410,1410,30,20,25.0,2026-07-09 11:00:09,2026-07-09 11:25:09,Delivered
1411,1411,65,10,14.0,2026-03-29 12:57:52,2026-03-29 13:11:52,Delivered
1412,1412,80,10,4.0,2026-02-14 10:57:39,2026-02-14 11:01:39,Delayed
1413,1413,19,15,9.0,2026-07-20 09:59:45,2026-07-20 10:08:45,Delivered
1414,1414,29,20,16.0,2026-02-17 17:30:46,2026-02-17 17:46:46,Delivered
1415,1415,41,15,22.0,2026-02-21 16:14:52,2026-02-21 16:36:52,Delayed
1416,1416,69,30,,2026-06-30 23:55:38,,Cancelled
1417,1417,12,10,14.0,2026-04-24 14:24:02,2026-04-24 14:38:02,Delivered
1418,1418,33,30,27.0,2026-07-13 21:42:47,2026-07-13 22:09:47,Delivered
1419,1419,26,30,27.0,2026-02-22 08:51:55,2026-02-22 09:18:55,Delivered
1420,1420,66,10,4.0,2026-08-01 14:42:11,2026-08-01 14:46:11,Delivered
1421,1421,18,15,16.0,2026-06-27 07:05:58,2026-06-27 07:21:58,Delivered
1422,1422,27,15,17.0,2026-04-17 19:16:36,2026-04-17 19:33:36,Delivered
1423,1423,34,15,19.0,2026-03-16 07:32:50,2026-03-16 07:51:50,Delivered
1424,1424,79,30,35.0,2026-02-11 17:43:33,2026-02-11 18:18:33,Delivered
1425,1425,28,15,19.0,2026-06-29 16:55:46,2026-06-29 17:14:46,Delivered
1426,1426,78,15,9.0,2026-03-16 12:16:11,2026-03-16 12:25:11,Delivered
1427,1427,38,30,38.0,2026-06-10 10:52:29,2026-06-10 11:30:29,Delayed
1428,1428,17,10,7.0,2026-04-08 11:17:07,2026-04-08 11:24:07,Delivered
1429,1429,60,10,9.0,2026-03-26 14:21:01,2026-03-26 14:30:01,Delivered
1430,1430,4,20,,2026-08-03 08:11:15,,Cancelled
1431,1431,55,10,15.0,2026-03-21 11:37:23,2026-03-21 11:52:23,Delivered
1432,1432,19,15,12.0,2026-05-03 14:21:06,2026-05-03 14:33:06,Delivered
1433,1433,35,10,,2026-06-21 15:28:18,,Cancelled
1434,1434,75,30,36.0,2026-05-20 18:33:48,2026-05-20 19:09:48,Delayed
1435,1435,49,10,10.0,2026-07-10 12:50:36,2026-07-10 13:00:36,Delivered
1436,1436,48,10,8.0,2026-02-25 13:40:04,2026-02-25 13:48:04,Delivered
1437,1437,57,20,29.0,2026-03-02 13:45:53,2026-03-02 14:14:53,Delayed
1438,1438,12,30,26.0,2026-05-21 21:02:09,2026-05-21 21:28:09,Delivered
1439,1439,17,15,8.0,2026-07-24 17:53:59,2026-07-24 18:01:59,Delivered
1440,1440,11,20,9.0,2026-06-07 11:16:06,2026-06-07 11:25:06,Delivered
1441,1441,78,20,24.0,2026-06-19 16:35:46,2026-06-19 16:59:46,Delayed
1442,1442,24,30,39.0,2026-06-18 18:34:14,2026-06-18 19:13:14,Delayed
1443,1443,26,15,28.0,2026-06-22 08:24:44,2026-06-22 08:52:44,Delayed
1444,1444,19,15,11.0,2026-07-29 17:04:35,2026-07-29 17:15:35,Delivered
1445,1445,73,10,15.0,2026-06-09 19:50:32,2026-06-09 20:05:32,Delivered
1446,1446,75,30,,2026-03-08 16:47:16,,Cancelled
1447,1447,31,30,,2026-06-07 07:53:52,,Cancelled
1448,1448,76,20,,2026-06-28 15:57:13,,Cancelled
1449,1449,1,15,27.0,2026-04-24 19:16:33,2026-04-24 19:43:33,Delayed
1450,1450,17,10,,2026-05-02 17:22:08,,Cancelled
1451,1451,66,15,17.0,2026-02-06 12:36:40,2026-02-06 12:53:40,Delivered
1452,1452,11,15,17.0,2026-04-17 16:27:40,2026-04-17 16:44:40,Delivered
1453,1453,38,20,32.0,2026-06-13 07:33:37,2026-06-13 08:05:37,Delayed
1454,1454,9,15,15.0,2026-02-09 13:38:06,2026-02-09 13:53:06,Delivered
1455,1455,55,20,23.0,2026-05-06 15:38:11,2026-05-06 16:01:11,Delivered
1456,1456,74,15,13.0,2026-04-12 09:33:43,2026-04-12 09:46:43,Delivered
1457,1457,55,10,10.0,2026-02-17 14:54:18,2026-02-17 15:04:18,Delivered
1458,1458,38,30,32.0,2026-04-25 22:22:29,2026-04-25 22:54:29,Delivered
1459,1459,19,20,19.0,2026-07-17 14:52:35,2026-07-17 15:11:35,Delivered
1460,1460,2,30,23.0,2026-03-07 13:52:44,2026-03-07 14:15:44,Delivered
1461,1461,53,15,11.0,2026-04-03 16:22:21,2026-04-03 16:33:21,Delivered
1462,1462,65,30,28.0,2026-02-05 08:56:24,2026-02-05 09:24:24,Delivered
1463,1463,69,10,6.0,2026-04-13 16:10:39,2026-04-13 16:16:39,Delivered
1464,1464,18,20,22.0,2026-02-09 11:49:03,2026-02-09 12:11:03,Delivered
1465,1465,61,20,17.0,2026-02-21 09:59:10,2026-02-21 10:16:10,Delivered
1466,1466,68,30,,2026-04-03 09:01:54,,Cancelled
1467,1467,43,20,27.0,2026-03-26 19:41:35,2026-03-26 20:08:35,Delayed
1468,1468,80,15,25.0,2026-03-12 13:26:10,2026-03-12 13:51:10,Delayed
1469,1469,64,20,,2026-07-28 14:26:27,,Cancelled
1470,1470,58,10,,2026-06-27 08:53:02,,Cancelled
1471,1471,11,20,,2026-07-18 23:10:03,,Cancelled
1472,1472,5,10,7.0,2026-03-31 18:38:14,2026-03-31 18:45:14,Delivered
1473,1473,25,15,16.0,2026-05-13 13:52:51,2026-05-13 14:08:51,Delivered
1474,1474,39,20,13.0,2026-02-15 12:03:14,2026-02-15 12:16:14,Delivered
1475,1475,42,10,12.0,2026-07-27 11:09:35,2026-07-27 11:21:35,Delivered
1476,1476,14,15,5.0,2026-06-26 15:20:31,2026-06-26 15:25:31,Delivered
1477,1477,30,30,28.0,2026-07-27 12:54:21,2026-07-27 13:22:21,Delivered
1478,1478,19,10,24.0,2026-07-23 22:31:09,2026-07-23 22:55:09,Delayed
1479,1479,27,30,29.0,2026-04-10 17:28:42,2026-04-10 17:57:42,Delivered
1480,1480,46,15,12.0,2026-03-01 19:50:33,2026-03-01 20:02:33,Delivered
1481,1481,77,30,21.0,2026-03-14 11:12:32,2026-03-14 11:33:32,Delivered
1482,1482,41,30,28.0,2026-02-06 21:49:44,2026-02-06 22:17:44,Delivered
1483,1483,82,15,9.0,2026-07-06 14:18:09,2026-07-06 14:27:09,Delivered
1484,1484,7,15,14.0,2026-06-08 15:26:38,2026-06-08 15:40:38,Delivered
1485,1485,44,10,12.0,2026-02-26 19:55:34,2026-02-26 20:07:34,Delivered
1486,1486,13,20,18.0,2026-07-09 12:02:39,2026-07-09 12:20:39,Delivered
1487,1487,31,10,,2026-03-07 19:01:07,,Cancelled
1488,1488,56,15,14.0,2026-06-26 18:35:50,2026-06-26 18:49:50,Delivered
1489,1489,27,10,13.0,2026-04-17 08:35:58,2026-04-17 08:48:58,Delivered
1490,1490,18,15,8.0,2026-06-30 10:23:41,2026-06-30 10:31:41,Delivered
1491,1491,27,15,21.0,2026-05-12 15:03:41,2026-05-12 15:24:41,Delayed
1492,1492,1,30,26.0,2026-06-27 16:11:41,2026-06-27 16:37:41,Delivered
1493,1493,34,30,31.0,2026-04-02 16:51:04,2026-04-02 17:22:04,Delayed
1494,1494,63,20,,2026-06-19 10:24:21,,Cancelled
1495,1495,45,15,5.0,2026-04-18 16:37:04,2026-04-18 16:42:04,Delivered
1496,1496,5,20,22.0,2026-05-25 18:43:44,2026-05-25 19:05:44,Delivered
1497,1497,53,10,13.0,2026-05-27 12:56:35,2026-05-27 13:09:35,Delivered
1498,1498,57,15,10.0,2026-06-20 14:24:58,2026-06-20 14:34:58,Delivered
1499,1499,3,20,17.0,2026-06-10 16:13:34,2026-06-10 16:30:34,Delivered
1500,1500,54,10,,2026-05-08 09:28:12,,Cancelled
1501,1501,73,15,5.0,2026-04-07 09:51:19,2026-04-07 09:56:19,Delivered
1502,1502,17,10,12.0,2026-03-24 19:35:12,2026-03-24 19:47:12,Delivered
1504,1504,20,30,38.0,2026-04-17 11:19:41,2026-04-17 11:57:41,Delayed
1505,1505,46,30,22.0,2026-07-09 23:26:45,2026-07-09 23:48:45,Delivered
1506,1506,61,30,26.0,2026-06-29 13:55:23,2026-06-29 14:21:23,Delivered
1507,1507,10,30,18.0,2026-04-12 12:12:49,2026-04-12 12:30:49,Delivered
1508,1508,24,10,12.0,2026-07-31 15:27:54,2026-07-31 15:39:54,Delivered
1509,1509,59,20,17.0,2026-03-13 18:12:11,2026-03-13 18:29:11,Delivered
1510,1510,38,10,5.0,2026-06-21 16:38:21,2026-06-21 16:43:21,Delivered
1511,1511,54,10,,2026-04-11 11:56:08,,Cancelled
1512,1512,3,10,15.0,2026-07-23 11:07:14,2026-07-23 11:22:14,Delivered
1513,1513,23,15,16.0,2026-08-02 12:13:42,2026-08-02 12:29:42,Delivered
1515,1515,72,20,16.0,2026-04-12 10:10:25,2026-04-12 10:26:25,Delivered
1516,1516,80,15,,2026-07-09 10:12:03,,Cancelled
1517,1517,37,15,17.0,2026-05-14 08:16:44,2026-05-14 08:33:44,Delivered
1518,1518,1,10,5.0,2026-07-10 16:34:02,2026-07-10 16:39:02,Delivered
1519,1519,60,15,14.0,2026-02-16 19:18:04,2026-02-16 19:32:04,Delivered
1520,1520,54,10,19.0,2026-04-12 09:29:28,2026-04-12 09:48:28,Delayed
1521,1521,75,15,19.0,2026-05-21 21:58:02,2026-05-21 22:17:02,Delivered
1522,1522,12,30,36.0,2026-06-16 07:11:12,2026-06-16 07:47:12,Delayed
1523,1523,14,10,7.0,2026-03-13 12:00:14,2026-03-13 12:07:14,Delivered
1524,1524,11,20,26.0,2026-05-04 21:42:17,2026-05-04 22:08:17,Delayed
1525,1525,14,15,18.0,2026-06-28 08:58:11,2026-06-28 09:16:11,Delivered
1526,1526,75,10,15.0,2026-03-12 08:39:36,2026-03-12 08:54:36,Delivered
1527,1527,33,30,25.0,2026-05-03 11:07:02,2026-05-03 11:32:02,Delivered
1528,1528,72,20,23.0,2026-07-21 19:03:29,2026-07-21 19:26:29,Delivered
1529,1529,11,10,12.0,2026-03-13 19:39:02,2026-03-13 19:51:02,Delivered
1530,1530,60,15,9.0,2026-03-03 09:33:01,2026-03-03 09:42:01,Delivered
1531,1531,33,30,37.0,2026-02-21 13:43:06,2026-02-21 14:20:06,Delayed
1532,1532,77,15,24.0,2026-04-30 17:29:38,2026-04-30 17:53:38,Delayed
1533,1533,41,15,15.0,2026-03-16 10:55:26,2026-03-16 11:10:26,Delivered
1534,1534,20,20,27.0,2026-06-07 16:51:41,2026-06-07 17:18:41,Delayed
1535,1535,43,20,,2026-02-06 08:23:50,,Cancelled
1536,1536,18,20,23.0,2026-07-08 10:46:12,2026-07-08 11:09:12,Delivered
1537,1537,29,30,30.0,2026-07-30 23:25:11,2026-07-30 23:55:11,Delayed
1538,1538,53,20,25.0,2026-03-23 23:11:23,2026-03-23 23:36:23,Delayed
1539,1539,17,30,20.0,2026-06-08 19:57:36,2026-06-08 20:17:36,Delivered
1540,1540,19,10,21.0,2026-05-04 09:08:54,2026-05-04 09:29:54,Delayed
1541,1541,62,15,14.0,2026-07-04 13:38:21,2026-07-04 13:52:21,Delivered
1542,1542,65,15,11.0,2026-05-17 12:07:26,2026-05-17 12:18:26,Delivered
1543,1543,52,10,12.0,2026-07-27 20:25:24,2026-07-27 20:37:24,Delivered
1544,1544,5,10,14.0,2026-06-12 22:15:56,2026-06-12 22:29:56,Delivered
1545,1545,80,15,18.0,2026-05-30 09:22:28,2026-05-30 09:40:28,Delivered
1547,1547,22,10,11.0,2026-05-11 17:04:41,2026-05-11 17:15:41,Delivered
1548,1548,27,10,4.0,2026-04-03 09:24:57,2026-04-03 09:28:57,Delivered
1549,1549,32,15,16.0,2026-04-05 09:07:08,2026-04-05 09:23:08,Delivered
1550,1550,64,20,21.0,2026-04-06 14:49:59,2026-04-06 15:10:59,Delivered
1551,1551,75,30,37.0,2026-07-22 12:39:06,2026-07-22 13:16:06,Delayed
1552,1552,78,30,25.0,2026-02-05 22:42:50,2026-02-05 23:07:50,Delivered
1553,1553,53,15,14.0,2026-05-18 23:38:03,2026-05-18 23:52:03,Delivered
1554,1554,1,20,28.0,2026-04-24 13:20:25,2026-04-24 13:48:25,Delayed
1555,1555,19,15,20.0,2026-04-20 18:53:33,2026-04-20 19:13:33,Delivered
1556,1556,59,30,41.0,2026-05-27 16:00:13,2026-05-27 16:41:13,Delayed
1557,1557,58,10,21.0,2026-07-30 17:45:32,2026-07-30 18:06:32,Delayed
1558,1558,16,30,28.0,2026-05-03 23:49:30,2026-05-04 00:17:30,Delivered
1559,1559,54,20,17.0,2026-05-09 14:45:52,2026-05-09 15:02:52,Delivered
1560,1560,8,10,4.0,2026-02-12 23:32:00,2026-02-12 23:36:00,Delivered
1561,1561,78,15,24.0,2026-07-10 19:19:01,2026-07-10 19:43:01,Delayed
1562,1562,80,30,,2026-06-14 08:54:50,,Cancelled
1563,1563,59,10,13.0,2026-03-01 22:04:01,2026-03-01 22:17:01,Delivered
1564,1564,80,15,13.0,2026-06-18 11:20:02,2026-06-18 11:33:02,Delivered
1565,1565,21,10,4.0,2026-02-21 07:47:35,2026-02-21 07:51:35,Delivered
1566,1566,2,30,28.0,2026-07-04 23:09:03,2026-07-04 23:37:03,Delivered
1567,1567,14,15,7.0,2026-06-27 21:07:25,2026-06-27 21:14:25,Delivered
1568,1568,32,15,17.0,2026-05-21 16:06:49,2026-05-21 16:23:49,Delivered
1569,1569,83,20,19.0,2026-03-29 10:23:46,2026-03-29 10:42:46,Delivered
1570,1570,23,15,6.0,2026-04-01 07:41:35,2026-04-01 07:47:35,Delivered
1571,1571,12,20,20.0,2026-02-19 16:39:40,2026-02-19 16:59:40,Delivered
1572,1572,73,10,5.0,2026-05-15 10:32:10,2026-05-15 10:37:10,Delivered
1573,1573,11,20,21.0,2026-03-21 08:04:52,2026-03-21 08:25:52,Delivered
1574,1574,19,30,28.0,2026-08-04 16:22:53,2026-08-04 16:50:53,Delivered
1575,1575,69,30,35.0,2026-07-25 00:01:11,2026-07-25 00:36:11,Delivered
1576,1576,46,20,26.0,2026-07-03 22:48:12,2026-07-03 23:14:12,Delayed
1577,1577,1,30,,2026-05-15 17:27:13,,Cancelled
1578,1578,82,15,18.0,2026-08-01 14:12:50,2026-08-01 14:30:50,Delivered
1579,1579,64,15,18.0,2026-06-29 22:17:21,2026-06-29 22:35:21,Delivered
1580,1580,23,10,11.0,2026-05-02 22:57:06,2026-05-02 23:08:06,Delivered
1581,1581,24,30,,2026-04-04 14:47:57,,Cancelled
1582,1582,30,10,13.0,2026-02-09 21:55:07,2026-02-09 22:08:07,Delivered
1583,1583,10,20,19.0,2026-03-14 07:25:47,2026-03-14 07:44:47,Delivered
1584,1584,26,10,6.0,2026-05-06 11:34:36,2026-05-06 11:40:36,Delivered
1585,1585,44,30,28.0,2026-05-16 07:36:13,2026-05-16 08:04:13,Delivered
1586,1586,42,10,6.0,2026-06-23 08:31:17,2026-06-23 08:37:17,Delivered
1587,1587,78,10,10.0,2026-03-18 21:11:39,2026-03-18 21:21:39,Delivered
1588,1588,35,15,18.0,2026-02-23 10:11:41,2026-02-23 10:29:41,Delivered
1589,1589,29,10,4.0,2026-07-24 21:59:18,2026-07-24 22:03:18,Delivered
1590,1590,15,20,24.0,2026-05-14 13:23:22,2026-05-14 13:47:22,Delivered
1591,1591,50,30,23.0,2026-06-23 08:24:31,2026-06-23 08:47:31,Delivered
1592,1592,43,20,24.0,2026-06-03 20:10:58,2026-06-03 20:34:58,Delivered
1593,1593,75,20,17.0,2026-06-30 17:02:00,2026-06-30 17:19:00,Delivered
1594,1594,3,15,19.0,2026-05-12 07:15:40,2026-05-12 07:34:40,Delivered
1595,1595,45,10,4.0,2026-02-05 07:49:47,2026-02-05 07:53:47,Delivered
1596,1596,53,15,4.0,2026-05-13 09:46:07,2026-05-13 09:50:07,Delayed
1597,1597,62,20,18.0,2026-02-05 08:25:00,2026-02-05 08:43:00,Delivered
1598,1598,64,20,11.0,2026-04-16 13:30:04,2026-04-16 13:41:04,Delivered
1599,1599,77,15,19.0,2026-02-21 16:47:02,2026-02-21 17:06:02,Delivered
1600,1600,83,15,7.0,2026-03-13 19:45:12,2026-03-13 19:52:12,Delivered
1601,1601,41,20,18.0,2026-03-06 23:32:50,2026-03-06 23:50:50,Delivered
1603,1603,77,20,19.0,2026-02-28 21:15:10,2026-02-28 21:34:10,Delivered
1604,1604,81,30,34.0,2026-06-03 17:46:13,2026-06-03 18:20:13,Delivered
1605,1605,63,20,16.0,2026-02-26 22:29:46,2026-02-26 22:45:46,Delivered
1606,1606,32,30,22.0,2026-04-15 13:40:22,2026-04-15 14:02:22,Delivered
1607,1607,50,30,27.0,2026-07-05 23:25:52,2026-07-05 23:52:52,Delivered
1608,1608,9,30,43.0,2026-03-20 15:26:27,2026-03-20 16:09:27,Delayed
1609,1609,44,30,22.0,2026-05-15 15:44:16,2026-05-15 16:06:16,Delivered
1610,1610,74,10,6.0,2026-02-11 14:11:06,2026-02-11 14:17:06,Delivered
1611,1611,58,20,20.0,2026-03-08 13:48:00,2026-03-08 14:08:00,Delayed
1612,1612,78,10,12.0,2026-06-29 09:24:23,2026-06-29 09:36:23,Delayed
1613,1613,51,30,23.0,2026-06-15 09:14:51,2026-06-15 09:37:51,Delivered
1614,1614,57,15,,2026-03-27 17:06:22,,Cancelled
1615,1615,56,15,13.0,2026-03-16 07:52:36,2026-03-16 08:05:36,Delivered
1616,1616,45,10,4.0,2026-03-05 14:37:11,2026-03-05 14:41:11,Delivered
1617,1617,50,10,11.0,2026-04-19 08:42:59,2026-04-19 08:53:59,Delivered
1618,1618,36,30,34.0,2026-04-20 17:49:54,2026-04-20 18:23:54,Delivered
1619,1619,70,30,34.0,2026-05-14 21:03:42,2026-05-14 21:37:42,Delivered
1620,1620,30,10,4.0,2026-04-12 11:03:20,2026-04-12 11:07:20,Delivered
1621,1621,82,15,13.0,2026-03-24 23:32:01,2026-03-24 23:45:01,Delivered
1622,1622,21,10,,2026-05-17 09:53:05,,Cancelled
1623,1623,11,15,18.0,2026-07-14 10:06:03,2026-07-14 10:24:03,Delivered
1624,1624,31,15,4.0,2026-08-01 12:32:21,2026-08-01 12:36:21,Delivered
1625,1625,80,20,18.0,2026-05-12 13:53:37,2026-05-12 14:11:37,Delivered
1627,1627,21,20,20.0,2026-04-21 13:46:27,2026-04-21 14:06:27,Delivered
1628,1628,19,30,27.0,2026-02-22 21:01:08,2026-02-22 21:28:08,Delivered
1629,1629,56,20,28.0,2026-06-09 20:11:39,2026-06-09 20:39:39,Delayed
1630,1630,70,30,30.0,2026-04-24 15:17:30,2026-04-24 15:47:30,Delayed
1631,1631,4,30,37.0,2026-05-22 10:44:19,2026-05-22 11:21:19,Delayed
1632,1632,63,15,22.0,2026-06-26 13:09:32,2026-06-26 13:31:32,Delayed
1633,1633,18,30,20.0,2026-06-07 21:48:58,2026-06-07 22:08:58,Delivered
1634,1634,66,10,15.0,2026-05-20 21:01:27,2026-05-20 21:16:27,Delivered
1635,1635,33,15,18.0,2026-07-28 22:43:06,2026-07-28 23:01:06,Delivered
1636,1636,77,20,21.0,2026-07-22 15:45:23,2026-07-22 16:06:23,Delivered
1637,1637,70,15,4.0,2026-05-24 08:56:50,2026-05-24 09:00:50,Delivered
1639,1639,13,30,31.0,2026-04-02 22:00:49,2026-04-02 22:31:49,Delivered
1640,1640,6,10,7.0,2026-04-18 21:29:10,2026-04-18 21:36:10,Delivered
1641,1641,71,15,14.0,2026-02-07 13:28:02,2026-02-07 13:42:02,Delivered
1642,1642,5,20,16.0,2026-06-20 20:40:56,2026-06-20 20:56:56,Delivered
1643,1643,82,30,39.0,2026-02-26 07:37:16,2026-02-26 08:16:16,Delayed
1645,1645,31,15,18.0,2026-04-30 13:05:58,2026-04-30 13:23:58,Delivered
1646,1646,25,10,,2026-05-10 23:59:36,,Cancelled
1648,1648,44,15,23.0,2026-06-08 10:57:39,2026-06-08 11:20:39,Delayed
1649,1649,4,15,6.0,2026-02-27 07:29:09,2026-02-27 07:35:09,Delivered
1650,1650,78,15,10.0,2026-07-15 12:03:39,2026-07-15 12:13:39,Delivered
1651,1651,57,30,19.0,2026-04-12 21:44:30,2026-04-12 22:03:30,Delivered
1652,1652,27,15,16.0,2026-08-01 08:00:31,2026-08-01 08:16:31,Delivered
1653,1653,59,10,9.0,2026-04-16 18:16:56,2026-04-16 18:25:56,Delivered
1654,1654,25,10,15.0,2026-05-15 08:48:37,2026-05-15 09:03:37,Delivered
1655,1655,11,30,22.0,2026-07-14 15:19:46,2026-07-14 15:41:46,Delivered
1656,1656,8,15,10.0,2026-04-22 14:11:38,2026-04-22 14:21:38,Delivered
1657,1657,10,20,20.0,2026-03-16 14:36:04,2026-03-16 14:56:04,Delivered
1658,1658,1,15,14.0,2026-02-27 12:49:33,2026-02-27 13:03:33,Delayed
1659,1659,67,30,29.0,2026-04-21 10:09:51,2026-04-21 10:38:51,Delivered
1660,1660,12,20,20.0,2026-03-12 16:46:12,2026-03-12 17:06:12,Delayed
1661,1661,3,30,26.0,2026-02-25 12:12:06,2026-02-25 12:38:06,Delivered
1662,1662,28,20,14.0,2026-03-07 17:30:12,2026-03-07 17:44:12,Delivered
1663,1663,51,30,31.0,2026-06-06 21:48:45,2026-06-06 22:19:45,Delivered
1664,1664,55,20,,2026-02-09 10:57:35,,Cancelled
1665,1665,19,20,14.0,2026-02-05 16:46:10,2026-02-05 17:00:10,Delivered
1666,1666,80,30,32.0,2026-07-19 17:15:22,2026-07-19 17:47:22,Delivered
1667,1667,67,30,33.0,2026-06-18 12:32:20,2026-06-18 13:05:20,Delivered
1668,1668,81,10,4.0,2026-05-17 10:53:09,2026-05-17 10:57:09,Delivered
1669,1669,55,30,28.0,2026-05-16 19:53:54,2026-05-16 20:21:54,Delivered
1670,1670,40,30,31.0,2026-03-23 22:06:35,2026-03-23 22:37:35,Delivered
1671,1671,40,10,4.0,2026-02-17 10:20:51,2026-02-17 10:24:51,Delivered
1672,1672,33,10,8.0,2026-03-09 07:09:56,2026-03-09 07:17:56,Delivered
1673,1673,61,15,14.0,2026-03-10 18:44:00,2026-03-10 18:58:00,Delivered
1674,1674,48,30,42.0,2026-04-24 16:19:07,2026-04-24 17:01:07,Delayed
1675,1675,77,20,24.0,2026-03-22 14:39:10,2026-03-22 15:03:10,Delivered
1676,1676,5,15,13.0,2026-06-24 08:31:26,2026-06-24 08:44:26,Delivered
1677,1677,58,10,4.0,2026-05-15 19:13:58,2026-05-15 19:17:58,Delivered
1678,1678,40,10,4.0,2026-05-04 09:05:14,2026-05-04 09:09:14,Delivered
1679,1679,51,15,,2026-03-14 16:12:44,,Cancelled
1680,1680,22,10,,2026-02-28 16:53:08,,Cancelled
1681,1681,66,30,38.0,2026-02-25 23:33:35,2026-02-26 00:11:35,Delayed
1682,1682,74,15,19.0,2026-03-18 17:33:10,2026-03-18 17:52:10,Delivered
1683,1683,2,30,,2026-06-08 09:42:52,,Cancelled
1684,1684,60,20,12.0,2026-06-30 20:28:03,2026-06-30 20:40:03,Delivered
1685,1685,31,10,,2026-05-07 13:21:07,,Cancelled
1686,1686,55,20,25.0,2026-04-14 12:33:16,2026-04-14 12:58:16,Delivered
1687,1687,58,10,4.0,2026-03-19 20:20:34,2026-03-19 20:24:34,Delivered
1688,1688,17,30,32.0,2026-07-30 13:03:23,2026-07-30 13:35:23,Delivered
1689,1689,39,15,20.0,2026-04-16 13:32:01,2026-04-16 13:52:01,Delivered
1690,1690,77,15,8.0,2026-04-10 09:47:18,2026-04-10 09:55:18,Delivered
1691,1691,37,20,27.0,2026-07-02 13:56:44,2026-07-02 14:23:44,Delayed
1692,1692,10,30,40.0,2026-05-25 11:52:05,2026-05-25 12:32:05,Delayed
1693,1693,8,20,15.0,2026-06-28 19:53:06,2026-06-28 20:08:06,Delivered
1694,1694,42,30,33.0,2026-06-12 20:55:00,2026-06-12 21:28:00,Delivered
1695,1695,26,10,9.0,2026-06-08 20:40:19,2026-06-08 20:49:19,Delayed
1696,1696,78,10,4.0,2026-02-18 23:29:55,2026-02-18 23:33:55,Delivered
1697,1697,42,20,20.0,2026-07-31 19:05:25,2026-07-31 19:25:25,Delivered
1698,1698,6,30,28.0,2026-04-08 10:26:49,2026-04-08 10:54:49,Delivered
1699,1699,68,20,34.0,2026-07-25 22:40:50,2026-07-25 23:14:50,Delayed
1700,1700,49,10,4.0,2026-02-27 11:38:21,2026-02-27 11:42:21,Delivered
1701,1701,65,20,14.0,2026-05-30 08:13:11,2026-05-30 08:27:11,Delivered
1702,1702,20,20,17.0,2026-02-06 16:22:53,2026-02-06 16:39:53,Delivered
1703,1703,67,15,27.0,2026-02-26 10:19:20,2026-02-26 10:46:20,Delayed
1704,1704,9,15,15.0,2026-04-20 21:08:48,2026-04-20 21:23:48,Delivered
1705,1705,26,20,,2026-02-28 23:37:24,,Cancelled
1706,1706,14,10,22.0,2026-05-28 08:59:44,2026-05-28 09:21:44,Delayed
1707,1707,9,30,30.0,2026-07-10 13:24:47,2026-07-10 13:54:47,Delivered
1708,1708,65,10,4.0,2026-05-20 23:43:37,2026-05-20 23:47:37,Delivered
1709,1709,6,10,11.0,2026-04-28 09:00:48,2026-04-28 09:11:48,Delivered
1710,1710,64,30,37.0,2026-03-11 22:27:56,2026-03-11 23:04:56,Delayed
1711,1711,45,15,11.0,2026-06-13 10:08:12,2026-06-13 10:19:12,Delivered
1712,1712,54,10,14.0,2026-07-07 09:00:32,2026-07-07 09:14:32,Delivered
1713,1713,65,30,,2026-02-22 09:11:49,,Cancelled
1714,1714,6,10,4.0,2026-04-24 23:49:53,2026-04-24 23:53:53,Delivered
1715,1715,81,20,21.0,2026-07-22 10:16:25,2026-07-22 10:37:25,Delivered
1716,1716,25,20,24.0,2026-06-29 21:29:04,2026-06-29 21:53:04,Delivered
1717,1717,41,15,10.0,2026-07-20 13:59:12,2026-07-20 14:09:12,Delivered
1718,1718,10,20,19.0,2026-05-18 07:50:13,2026-05-18 08:09:13,Delivered
1719,1719,5,15,14.0,2026-03-15 11:41:32,2026-03-15 11:55:32,Delivered
1720,1720,27,15,22.0,2026-07-18 08:29:38,2026-07-18 08:51:38,Delayed
1721,1721,28,30,18.0,2026-03-10 11:00:09,2026-03-10 11:18:09,Delivered
1722,1722,22,15,13.0,2026-06-10 15:14:59,2026-06-10 15:27:59,Delivered
1723,1723,36,30,27.0,2026-02-28 19:53:38,2026-02-28 20:20:38,Delivered
1724,1724,32,20,27.0,2026-04-29 09:20:19,2026-04-29 09:47:19,Delayed
1725,1725,44,30,31.0,2026-06-28 16:22:25,2026-06-28 16:53:25,Delivered
1726,1726,48,30,29.0,2026-06-09 15:30:21,2026-06-09 15:59:21,Delivered
1727,1727,75,20,15.0,2026-05-25 13:03:36,2026-05-25 13:18:36,Delivered
1728,1728,41,30,38.0,2026-07-02 10:27:19,2026-07-02 11:05:19,Delayed
1729,1729,30,20,24.0,2026-07-03 19:20:29,2026-07-03 19:44:29,Delivered
1730,1730,35,30,33.0,2026-07-05 22:21:22,2026-07-05 22:54:22,Delivered
1731,1731,19,15,22.0,2026-06-21 14:54:44,2026-06-21 15:16:44,Delayed
1732,1732,61,20,16.0,2026-05-02 23:08:49,2026-05-02 23:24:49,Delivered
1733,1733,11,10,4.0,2026-05-27 13:01:44,2026-05-27 13:05:44,Delivered
1734,1734,66,30,40.0,2026-07-03 15:47:15,2026-07-03 16:27:15,Delayed
1735,1735,71,15,15.0,2026-07-09 07:27:48,2026-07-09 07:42:48,Delivered
1736,1736,55,30,,2026-02-19 13:14:51,,Cancelled
1737,1737,83,15,18.0,2026-06-02 20:15:45,2026-06-02 20:33:45,Delivered
1738,1738,1,10,5.0,2026-02-28 08:58:45,2026-02-28 09:03:45,Delivered
1739,1739,71,10,10.0,2026-08-01 21:56:38,2026-08-01 22:06:38,Delivered
1740,1740,58,15,22.0,2026-02-28 22:58:08,2026-02-28 23:20:08,Delayed
1741,1741,36,10,4.0,2026-07-20 10:39:15,2026-07-20 10:43:15,Delivered
1742,1742,14,30,22.0,2026-06-29 20:08:50,2026-06-29 20:30:50,Delivered
1743,1743,17,10,12.0,2026-07-08 18:17:03,2026-07-08 18:29:03,Delivered
1744,1744,1,15,9.0,2026-02-09 13:02:10,2026-02-09 13:11:10,Delivered
1745,1745,18,20,17.0,2026-05-20 17:37:13,2026-05-20 17:54:13,Delivered
1747,1747,67,15,11.0,2026-06-29 12:16:31,2026-06-29 12:27:31,Delivered
1748,1748,69,30,30.0,2026-04-20 21:18:49,2026-04-20 21:48:49,Delivered
1749,1749,28,10,11.0,2026-02-22 13:56:17,2026-02-22 14:07:17,Delayed
1750,1750,7,10,6.0,2026-06-09 00:00:41,2026-06-09 00:06:41,Delivered
1751,1751,46,30,,2026-03-11 23:29:33,,Cancelled
1752,1752,36,30,38.0,2026-06-23 08:39:07,2026-06-23 09:17:07,Delayed
1753,1753,18,15,16.0,2026-05-24 07:06:46,2026-05-24 07:22:46,Delivered
1754,1754,83,10,18.0,2026-06-23 22:45:08,2026-06-23 23:03:08,Delayed
1755,1755,61,30,,2026-03-01 07:46:55,,Cancelled
1756,1756,2,10,10.0,2026-06-15 11:59:01,2026-06-15 12:09:01,Delivered
1757,1757,60,20,28.0,2026-02-16 19:16:11,2026-02-16 19:44:11,Delayed
1758,1758,27,30,41.0,2026-02-18 23:27:19,2026-02-19 00:08:19,Delayed
1759,1759,6,30,18.0,2026-06-10 16:01:04,2026-06-10 16:19:04,Delivered
1760,1760,53,20,22.0,2026-04-17 20:20:24,2026-04-17 20:42:24,Delivered
1761,1761,60,30,23.0,2026-05-17 21:00:43,2026-05-17 21:23:43,Delivered
1762,1762,4,30,25.0,2026-04-10 14:31:47,2026-04-10 14:56:47,Delivered
1763,1763,44,30,24.0,2026-02-06 19:30:15,2026-02-06 19:54:15,Delivered
1764,1764,5,30,37.0,2026-05-10 18:39:53,2026-05-10 19:16:53,Delayed
1765,1765,74,20,11.0,2026-06-21 20:58:36,2026-06-21 21:09:36,Delivered
1766,1766,12,30,29.0,2026-04-24 09:42:05,2026-04-24 10:11:05,Delivered
1767,1767,72,30,36.0,2026-05-25 19:15:19,2026-05-25 19:51:19,Delayed
1768,1768,5,15,10.0,2026-07-19 14:23:32,2026-07-19 14:33:32,Delivered
1769,1769,19,20,,2026-04-20 07:41:18,,Cancelled
1770,1770,10,15,,2026-02-09 14:41:50,,Cancelled
1771,1771,73,15,16.0,2026-05-11 20:45:02,2026-05-11 21:01:02,Delayed
1772,1772,41,15,17.0,2026-05-13 19:36:05,2026-05-13 19:53:05,Delivered
1773,1773,66,15,24.0,2026-05-22 19:03:22,2026-05-22 19:27:22,Delayed
1774,1774,49,10,4.0,2026-05-30 17:40:49,2026-05-30 17:44:49,Delivered
1775,1775,78,15,6.0,2026-03-14 15:48:21,2026-03-14 15:54:21,Delivered
1776,1776,26,15,9.0,2026-03-25 22:12:05,2026-03-25 22:21:05,Delivered
1777,1777,62,30,22.0,2026-05-11 22:36:22,2026-05-11 22:58:22,Delivered
1778,1778,42,10,4.0,2026-04-27 12:34:20,2026-04-27 12:38:20,Delivered
1779,1779,60,20,13.0,2026-05-26 16:54:34,2026-05-26 17:07:34,Delivered
1780,1780,24,30,30.0,2026-02-26 08:35:33,2026-02-26 09:05:33,Delivered
1781,1781,5,20,18.0,2026-02-26 11:41:19,2026-02-26 11:59:19,Delivered
1782,1782,64,10,8.0,2026-06-24 21:42:38,2026-06-24 21:50:38,Delivered
1783,1783,28,15,16.0,2026-02-15 15:08:28,2026-02-15 15:24:28,Delivered
1784,1784,58,10,5.0,2026-06-30 14:48:07,2026-06-30 14:53:07,Delivered
1785,1785,38,30,22.0,2026-07-18 07:48:22,2026-07-18 08:10:22,Delivered
1786,1786,14,20,27.0,2026-05-07 18:59:04,2026-05-07 19:26:04,Delayed
1787,1787,58,20,17.0,2026-05-12 14:52:41,2026-05-12 15:09:41,Delivered
1788,1788,1,10,,2026-02-09 12:44:24,,Cancelled
1789,1789,81,20,24.0,2026-07-16 07:12:59,2026-07-16 07:36:59,Delivered
1790,1790,67,30,31.0,2026-02-19 20:23:53,2026-02-19 20:54:53,Delivered
1791,1791,24,15,9.0,2026-04-06 19:34:24,2026-04-06 19:43:24,Delivered
1792,1792,4,20,19.0,2026-07-02 08:03:31,2026-07-02 08:22:31,Delivered
1793,1793,30,10,25.0,2026-02-24 18:29:18,2026-02-24 18:54:18,Delayed
1794,1794,50,10,8.0,2026-03-16 19:47:00,2026-03-16 19:55:00,Delayed
1795,1795,27,10,8.0,2026-04-15 17:39:12,2026-04-15 17:47:12,Delivered
1796,1796,57,20,17.0,2026-05-04 17:16:12,2026-05-04 17:33:12,Delivered
1797,1797,83,20,20.0,2026-04-07 16:03:31,2026-04-07 16:23:31,Delayed
1798,1798,13,10,6.0,2026-03-09 12:02:44,2026-03-09 12:08:44,Delivered
1799,1799,68,30,,2026-05-22 12:29:19,,Cancelled
1800,1800,65,30,34.0,2026-03-25 14:06:18,2026-03-25 14:40:18,Delivered
1801,1801,5,20,16.0,2026-06-15 10:54:02,2026-06-15 11:10:02,Delivered
1802,1802,65,10,16.0,2026-06-28 13:24:47,2026-06-28 13:40:47,Delayed
1803,1803,2,20,23.0,2026-07-23 11:55:18,2026-07-23 12:18:18,Delivered
1804,1804,67,10,10.0,2026-07-30 18:30:15,2026-07-30 18:40:15,Delivered
1805,1805,6,30,42.0,2026-05-17 10:12:08,2026-05-17 10:54:08,Delayed
1806,1806,81,10,11.0,2026-05-08 14:10:37,2026-05-08 14:21:37,Delivered
1808,1808,63,30,42.0,2026-02-09 10:27:13,2026-02-09 11:09:13,Delayed
1809,1809,64,10,15.0,2026-05-01 10:25:46,2026-05-01 10:40:46,Delivered
1812,1812,5,20,27.0,2026-03-27 21:38:25,2026-03-27 22:05:25,Delayed
1813,1813,33,15,14.0,2026-03-06 10:33:59,2026-03-06 10:47:59,Delivered
1814,1814,62,30,29.0,2026-04-25 15:55:17,2026-04-25 16:24:17,Delivered
1815,1815,62,15,6.0,2026-02-20 17:52:40,2026-02-20 17:58:40,Delivered
1816,1816,53,30,32.0,2026-06-10 22:34:44,2026-06-10 23:06:44,Delivered
1817,1817,60,30,25.0,2026-06-18 08:34:11,2026-06-18 08:59:11,Delayed
1819,1819,78,30,,2026-06-01 16:36:26,,Cancelled
1820,1820,78,10,14.0,2026-02-13 22:16:20,2026-02-13 22:30:20,Delivered
1821,1821,70,30,31.0,2026-04-30 08:55:16,2026-04-30 09:26:16,Delivered
1822,1822,80,15,18.0,2026-05-20 11:36:25,2026-05-20 11:54:25,Delivered
1823,1823,13,30,23.0,2026-04-23 13:29:45,2026-04-23 13:52:45,Delivered
1824,1824,55,30,22.0,2026-04-28 10:17:44,2026-04-28 10:39:44,Delivered
1825,1825,18,15,,2026-05-08 18:10:28,,Cancelled
1826,1826,59,15,9.0,2026-07-11 13:34:59,2026-07-11 13:43:59,Delivered
1827,1827,50,20,13.0,2026-05-02 21:00:18,2026-05-02 21:13:18,Delivered
1828,1828,26,10,13.0,2026-05-02 17:48:59,2026-05-02 18:01:59,Delivered
1830,1830,57,20,17.0,2026-02-20 21:20:30,2026-02-20 21:37:30,Delivered
1831,1831,33,20,29.0,2026-06-11 13:16:29,2026-06-11 13:45:29,Delayed
1832,1832,19,15,11.0,2026-05-09 18:44:59,2026-05-09 18:55:59,Delivered
1833,1833,7,15,19.0,2026-05-11 15:16:13,2026-05-11 15:35:13,Delivered
1834,1834,49,15,13.0,2026-02-23 10:01:33,2026-02-23 10:14:33,Delivered
1835,1835,82,20,15.0,2026-08-03 12:30:12,2026-08-03 12:45:12,Delivered
1836,1836,77,30,32.0,2026-04-13 16:39:02,2026-04-13 17:11:02,Delivered
1837,1837,14,10,9.0,2026-07-23 08:46:57,2026-07-23 08:55:57,Delivered
1838,1838,62,30,28.0,2026-05-01 23:26:26,2026-05-01 23:54:26,Delivered
1839,1839,75,30,23.0,2026-03-03 10:19:09,2026-03-03 10:42:09,Delivered
1840,1840,69,20,18.0,2026-02-25 22:39:52,2026-02-25 22:57:52,Delivered
1841,1841,12,20,33.0,2026-07-01 08:25:55,2026-07-01 08:58:55,Delayed
1842,1842,17,20,28.0,2026-05-17 16:28:43,2026-05-17 16:56:43,Delayed
1843,1843,83,20,24.0,2026-06-28 09:51:36,2026-06-28 10:15:36,Delivered
1844,1844,45,15,25.0,2026-05-15 11:34:32,2026-05-15 11:59:32,Delayed
1845,1845,75,15,25.0,2026-02-20 12:06:14,2026-02-20 12:31:14,Delayed
1846,1846,71,20,25.0,2026-03-20 18:41:30,2026-03-20 19:06:30,Delivered
1847,1847,13,30,34.0,2026-02-13 08:35:42,2026-02-13 09:09:42,Delivered
1848,1848,77,10,14.0,2026-07-20 10:11:09,2026-07-20 10:25:09,Delivered
1849,1849,63,15,5.0,2026-02-10 13:21:27,2026-02-10 13:26:27,Delivered
1850,1850,63,15,17.0,2026-02-20 22:29:00,2026-02-20 22:46:00,Delivered
1851,1851,79,20,13.0,2026-05-26 08:38:04,2026-05-26 08:51:04,Delayed
1852,1852,18,20,25.0,2026-07-23 21:08:54,2026-07-23 21:33:54,Delivered
1853,1853,39,10,6.0,2026-05-09 09:09:54,2026-05-09 09:15:54,Delivered
1854,1854,53,30,30.0,2026-05-11 23:05:49,2026-05-11 23:35:49,Delivered
1855,1855,37,30,36.0,2026-07-16 08:43:33,2026-07-16 09:19:33,Delayed
1856,1856,73,15,4.0,2026-07-11 09:12:22,2026-07-11 09:16:22,Delivered
1857,1857,34,10,16.0,2026-04-10 08:05:09,2026-04-10 08:21:09,Delayed
1858,1858,29,20,17.0,2026-05-28 13:54:41,2026-05-28 14:11:41,Delivered
1859,1859,34,30,,2026-05-18 11:44:14,,Cancelled
1860,1860,6,30,28.0,2026-07-11 16:45:47,2026-07-11 17:13:47,Delivered
1861,1861,29,10,4.0,2026-04-25 22:39:53,2026-04-25 22:43:53,Delivered
1862,1862,10,30,,2026-04-29 12:49:28,,Cancelled
1863,1863,52,10,10.0,2026-04-13 20:31:34,2026-04-13 20:41:34,Delivered
1864,1864,26,10,9.0,2026-02-15 07:46:26,2026-02-15 07:55:26,Delivered
1866,1866,66,20,23.0,2026-04-25 19:50:33,2026-04-25 20:13:33,Delivered
1867,1867,9,10,11.0,2026-02-07 19:16:22,2026-02-07 19:27:22,Delivered
1868,1868,8,20,12.0,2026-05-01 12:09:16,2026-05-01 12:21:16,Delivered
1869,1869,13,15,9.0,2026-08-04 23:17:13,2026-08-04 23:26:13,Delivered
1870,1870,24,10,11.0,2026-05-20 10:05:32,2026-05-20 10:16:32,Delivered
1871,1871,24,20,10.0,2026-03-05 21:44:27,2026-03-05 21:54:27,Delivered
1872,1872,32,10,12.0,2026-03-29 22:24:31,2026-03-29 22:36:31,Delivered
1873,1873,57,20,,2026-07-24 15:48:46,,Cancelled
1874,1874,11,30,31.0,2026-06-23 09:20:56,2026-06-23 09:51:56,Delivered
1875,1875,7,30,34.0,2026-07-19 23:32:10,2026-07-20 00:06:10,Delivered
1876,1876,67,10,4.0,2026-03-30 11:55:50,2026-03-30 11:59:50,Delivered
1877,1877,32,10,11.0,2026-05-21 22:16:24,2026-05-21 22:27:24,Delivered
1878,1878,15,10,8.0,2026-05-28 16:18:01,2026-05-28 16:26:01,Delivered
1879,1879,77,15,15.0,2026-05-22 07:19:15,2026-05-22 07:34:15,Delivered
1880,1880,3,15,14.0,2026-05-12 18:31:12,2026-05-12 18:45:12,Delivered
1881,1881,57,30,34.0,2026-04-16 13:49:00,2026-04-16 14:23:00,Delivered
1882,1882,83,20,26.0,2026-05-25 21:49:19,2026-05-25 22:15:19,Delayed
1883,1883,65,10,14.0,2026-07-27 13:24:03,2026-07-27 13:38:03,Delivered
1884,1884,15,20,6.0,2026-05-16 19:07:53,2026-05-16 19:13:53,Delivered
1885,1885,16,30,23.0,2026-03-05 22:38:02,2026-03-05 23:01:02,Delivered
1886,1886,75,10,4.0,2026-02-27 13:21:54,2026-02-27 13:25:54,Delivered
1887,1887,65,15,18.0,2026-04-02 07:51:04,2026-04-02 08:09:04,Delivered
1888,1888,71,10,11.0,2026-05-29 08:55:13,2026-05-29 09:06:13,Delivered
1889,1889,31,10,9.0,2026-07-13 14:31:07,2026-07-13 14:40:07,Delivered
1890,1890,70,20,7.0,2026-04-12 12:02:58,2026-04-12 12:09:58,Delivered
1891,1891,3,15,12.0,2026-06-11 09:19:44,2026-06-11 09:31:44,Delivered
1892,1892,64,20,13.0,2026-05-06 14:33:56,2026-05-06 14:46:56,Delivered
1893,1893,57,15,,2026-08-01 19:40:31,,Cancelled
1894,1894,65,20,,2026-04-04 12:34:00,,Cancelled
1895,1895,17,15,4.0,2026-04-10 10:32:56,2026-04-10 10:36:56,Delivered
1896,1896,3,30,29.0,2026-06-26 09:35:01,2026-06-26 10:04:01,Delivered
1897,1897,66,30,32.0,2026-06-01 15:49:39,2026-06-01 16:21:39,Delivered
1898,1898,75,15,27.0,2026-06-06 23:32:29,2026-06-06 23:59:29,Delayed
1899,1899,33,30,24.0,2026-04-07 11:21:13,2026-04-07 11:45:13,Delivered
1900,1900,58,15,14.0,2026-07-15 18:01:03,2026-07-15 18:15:03,Delivered
1901,1901,64,15,16.0,2026-05-19 16:16:24,2026-05-19 16:32:24,Delivered
1902,1902,2,20,,2026-03-04 15:27:06,,Cancelled
1903,1903,64,20,32.0,2026-06-01 21:00:28,2026-06-01 21:32:28,Delayed
1904,1904,32,30,23.0,2026-02-06 14:22:48,2026-02-06 14:45:48,Delivered
1905,1905,17,15,23.0,2026-06-18 22:11:28,2026-06-18 22:34:28,Delayed
1906,1906,25,30,29.0,2026-04-16 14:36:00,2026-04-16 15:05:00,Delivered
1907,1907,25,10,,2026-05-13 14:30:41,,Cancelled
1908,1908,19,20,26.0,2026-05-21 17:01:22,2026-05-21 17:27:22,Delayed
1909,1909,65,10,4.0,2026-07-27 08:41:42,2026-07-27 08:45:42,Delivered
1910,1910,58,15,14.0,2026-05-23 17:12:29,2026-05-23 17:26:29,Delivered
1912,1912,57,30,37.0,2026-05-07 14:37:21,2026-05-07 15:14:21,Delayed
1913,1913,77,20,22.0,2026-02-28 16:36:53,2026-02-28 16:58:53,Delivered
1914,1914,47,20,24.0,2026-03-08 15:13:54,2026-03-08 15:37:54,Delivered
1915,1915,52,10,8.0,2026-02-20 10:02:16,2026-02-20 10:10:16,Delivered
1916,1916,48,20,9.0,2026-04-24 13:47:35,2026-04-24 13:56:35,Delivered
1917,1917,13,30,24.0,2026-06-07 19:35:28,2026-06-07 19:59:28,Delivered
1918,1918,74,20,16.0,2026-02-28 18:54:27,2026-02-28 19:10:27,Delivered
1919,1919,82,10,15.0,2026-03-15 07:35:22,2026-03-15 07:50:22,Delivered
1920,1920,40,30,31.0,2026-07-14 19:49:32,2026-07-14 20:20:32,Delivered
1921,1921,59,20,26.0,2026-03-04 16:29:50,2026-03-04 16:55:50,Delayed
1922,1922,27,15,13.0,2026-05-10 18:41:02,2026-05-10 18:54:02,Delivered
1923,1923,47,10,6.0,2026-06-21 13:07:52,2026-06-21 13:13:52,Delivered
1924,1924,33,15,8.0,2026-06-27 22:01:52,2026-06-27 22:09:52,Delivered
1925,1925,26,30,31.0,2026-05-03 07:20:07,2026-05-03 07:51:07,Delivered
1926,1926,81,20,,2026-04-29 16:11:59,,Cancelled
1927,1927,67,10,10.0,2026-04-11 07:37:53,2026-04-11 07:47:53,Delivered
1928,1928,14,20,21.0,2026-03-28 23:37:48,2026-03-28 23:58:48,Delivered
1929,1929,67,10,8.0,2026-06-16 09:24:02,2026-06-16 09:32:02,Delivered
1930,1930,6,30,,2026-06-20 07:05:46,,Cancelled
1931,1931,44,20,,2026-06-20 20:33:16,,Cancelled
1932,1932,72,30,29.0,2026-04-07 14:04:33,2026-04-07 14:33:33,Delivered
1933,1933,23,20,8.0,2026-02-25 07:36:54,2026-02-25 07:44:54,Delivered
1934,1934,33,15,22.0,2026-06-29 07:21:14,2026-06-29 07:43:14,Delayed
1935,1935,67,30,28.0,2026-07-07 19:30:53,2026-07-07 19:58:53,Delivered
1936,1936,4,20,,2026-03-20 19:02:39,,Cancelled
1937,1937,8,15,12.0,2026-07-14 17:01:42,2026-07-14 17:13:42,Delivered
1938,1938,36,30,22.0,2026-02-22 17:36:49,2026-02-22 17:58:49,Delivered
1939,1939,38,20,13.0,2026-08-02 20:14:39,2026-08-02 20:27:39,Delivered
1940,1940,1,10,6.0,2026-02-13 21:15:01,2026-02-13 21:21:01,Delivered
1941,1941,18,20,13.0,2026-06-03 15:25:26,2026-06-03 15:38:26,Delivered
1942,1942,37,10,20.0,2026-04-09 11:23:12,2026-04-09 11:43:12,Delayed
1943,1943,75,30,38.0,2026-07-04 18:38:36,2026-07-04 19:16:36,Delayed
1944,1944,15,15,20.0,2026-07-25 10:20:50,2026-07-25 10:40:50,Delivered
1945,1945,10,20,,2026-06-05 09:07:18,,Cancelled
1946,1946,18,20,21.0,2026-06-22 19:14:32,2026-06-22 19:35:32,Delivered
1947,1947,63,20,23.0,2026-07-28 09:43:22,2026-07-28 10:06:22,Delivered
1948,1948,47,20,27.0,2026-06-14 16:07:31,2026-06-14 16:34:31,Delayed
1949,1949,49,15,11.0,2026-04-09 11:19:30,2026-04-09 11:30:30,Delivered
1950,1950,22,10,12.0,2026-02-11 23:32:56,2026-02-11 23:44:56,Delivered
1951,1951,27,30,,2026-04-13 12:14:40,,Cancelled
1952,1952,26,15,24.0,2026-05-08 13:44:39,2026-05-08 14:08:39,Delayed
1953,1953,81,30,31.0,2026-02-19 22:24:33,2026-02-19 22:55:33,Delivered
1954,1954,15,20,20.0,2026-07-05 14:17:31,2026-07-05 14:37:31,Delivered
1955,1955,21,20,19.0,2026-05-29 10:14:49,2026-05-29 10:33:49,Delivered
1956,1956,57,20,24.0,2026-07-10 16:51:05,2026-07-10 17:15:05,Delivered
1957,1957,81,15,,2026-03-27 17:25:22,,Cancelled
1958,1958,82,20,,2026-06-20 15:27:42,,Cancelled
1959,1959,33,30,31.0,2026-03-15 10:10:39,2026-03-15 10:41:39,Delivered
1960,1960,68,20,,2026-05-01 15:27:18,,Cancelled
1961,1961,28,15,18.0,2026-02-08 16:41:58,2026-02-08 16:59:58,Delivered
1962,1962,66,15,6.0,2026-04-24 20:34:24,2026-04-24 20:40:24,Delivered
1963,1963,71,20,,2026-02-22 13:43:46,,Cancelled
1964,1964,55,20,22.0,2026-06-12 16:24:01,2026-06-12 16:46:01,Delivered
1965,1965,16,30,14.0,2026-03-24 20:05:00,2026-03-24 20:19:00,Delivered
1966,1966,80,10,8.0,2026-08-03 22:24:38,2026-08-03 22:32:38,Delivered
1967,1967,67,30,32.0,2026-07-31 12:34:04,2026-07-31 13:06:04,Delivered
1968,1968,17,30,33.0,2026-02-17 11:48:04,2026-02-17 12:21:04,Delivered
1969,1969,50,15,,2026-05-24 13:53:44,,Cancelled
1970,1970,12,20,34.0,2026-07-15 14:21:37,2026-07-15 14:55:37,Delayed
1971,1971,73,10,11.0,2026-08-01 23:54:40,2026-08-02 00:05:40,Delivered
1972,1972,79,10,24.0,2026-07-02 14:50:57,2026-07-02 15:14:57,Delayed
1973,1973,30,15,15.0,2026-03-11 21:58:18,2026-03-11 22:13:18,Delivered
1974,1974,82,10,9.0,2026-04-08 12:01:01,2026-04-08 12:10:01,Delivered
1975,1975,45,10,10.0,2026-06-03 08:14:15,2026-06-03 08:24:15,Delivered
1976,1976,33,15,17.0,2026-06-12 17:23:38,2026-06-12 17:40:38,Delivered
1977,1977,12,20,20.0,2026-06-15 15:49:02,2026-06-15 16:09:02,Delivered
1978,1978,37,20,35.0,2026-05-30 19:40:51,2026-05-30 20:15:51,Delayed
1979,1979,21,20,23.0,2026-05-22 16:00:54,2026-05-22 16:23:54,Delivered
1980,1980,50,30,35.0,2026-03-21 13:04:59,2026-03-21 13:39:59,Delivered
1981,1981,44,20,16.0,2026-05-13 11:30:33,2026-05-13 11:46:33,Delivered
1982,1982,49,10,4.0,2026-02-17 10:42:35,2026-02-17 10:46:35,Delivered
1983,1983,66,10,,2026-02-05 10:59:22,,Cancelled
1984,1984,63,20,22.0,2026-07-03 15:07:41,2026-07-03 15:29:41,Delivered
1985,1985,71,10,4.0,2026-06-02 12:23:41,2026-06-02 12:27:41,Delivered
1986,1986,2,30,26.0,2026-04-14 17:08:08,2026-04-14 17:34:08,Delayed
1987,1987,70,15,,2026-02-05 23:03:46,,Cancelled
1988,1988,12,15,16.0,2026-06-30 20:30:49,2026-06-30 20:46:49,Delivered
1989,1989,20,20,18.0,2026-08-01 14:03:51,2026-08-01 14:21:51,Delivered
1990,1990,56,15,7.0,2026-03-23 10:48:00,2026-03-23 10:55:00,Delivered
1991,1991,18,30,26.0,2026-06-10 12:16:51,2026-06-10 12:42:51,Delivered
1992,1992,32,10,4.0,2026-02-24 11:28:31,2026-02-24 11:32:31,Delivered
1993,1993,78,20,23.0,2026-05-04 13:56:26,2026-05-04 14:19:26,Delivered
1994,1994,61,30,33.0,2026-05-05 09:33:29,2026-05-05 10:06:29,Delivered
1995,1995,62,10,10.0,2026-07-10 08:44:09,2026-07-10 08:54:09,Delivered
1996,1996,13,20,9.0,2026-05-01 22:33:26,2026-05-01 22:42:26,Delivered
1997,1997,46,20,22.0,2026-07-10 19:23:17,2026-07-10 19:45:17,Delivered
1998,1998,15,30,41.0,2026-05-18 21:10:13,2026-05-18 21:51:13,Delayed
1999,1999,13,15,23.0,2026-05-13 09:02:42,2026-05-13 09:25:42,Delayed
2000,2000,58,20,18.0,2026-04-20 12:26:31,2026-04-20 12:44:31,Delivered
2001,2001,38,30,23.0,2026-02-24 11:24:31,2026-02-24 11:47:31,Delayed
2002,2002,14,15,12.0,2026-04-23 07:12:31,2026-04-23 07:24:31,Delivered
2003,2003,28,10,10.0,2026-05-18 09:39:15,2026-05-18 09:49:15,Delivered
2004,2004,43,20,21.0,2026-03-03 19:50:53,2026-03-03 20:11:53,Delivered
2005,2005,3,15,10.0,2026-03-16 07:37:31,2026-03-16 07:47:31,Delivered
2006,2006,19,10,5.0,2026-05-04 22:03:39,2026-05-04 22:08:39,Delivered
2008,2008,80,10,5.0,2026-02-17 22:15:58,2026-02-17 22:20:58,Delivered
2009,2009,48,15,16.0,2026-02-21 18:04:10,2026-02-21 18:20:10,Delivered
2011,2011,56,10,8.0,2026-07-03 08:21:34,2026-07-03 08:29:34,Delivered
2012,2012,38,20,23.0,2026-02-28 09:15:38,2026-02-28 09:38:38,Delivered
2013,2013,35,15,22.0,2026-06-02 15:57:09,2026-06-02 16:19:09,Delayed
2014,2014,67,15,15.0,2026-05-30 10:44:07,2026-05-30 10:59:07,Delivered
2016,2016,42,15,,2026-07-27 16:11:51,,Cancelled
2017,2017,5,20,,2026-03-14 13:00:15,,Cancelled
2018,2018,70,30,37.0,2026-06-14 08:27:50,2026-06-14 09:04:50,Delayed
2019,2019,26,10,11.0,2026-08-04 09:58:24,2026-08-04 10:09:24,Delivered
2020,2020,16,15,21.0,2026-05-06 20:53:43,2026-05-06 21:14:43,Delayed
2021,2021,45,15,25.0,2026-03-31 15:41:36,2026-03-31 16:06:36,Delayed
2022,2022,33,15,12.0,2026-02-11 21:32:53,2026-02-11 21:44:53,Delivered
2023,2023,60,30,28.0,2026-05-16 09:39:16,2026-05-16 10:07:16,Delivered
2024,2024,69,15,24.0,2026-03-26 11:34:59,2026-03-26 11:58:59,Delayed
2025,2025,21,20,13.0,2026-03-24 16:36:00,2026-03-24 16:49:00,Delivered
2026,2026,59,30,26.0,2026-03-28 16:54:59,2026-03-28 17:20:59,Delivered
2027,2027,5,30,31.0,2026-05-24 16:16:31,2026-05-24 16:47:31,Delivered
2028,2028,49,15,17.0,2026-02-11 20:33:34,2026-02-11 20:50:34,Delivered
2029,2029,17,30,35.0,2026-06-20 12:04:00,2026-06-20 12:39:00,Delivered
2030,2030,80,30,23.0,2026-03-28 19:49:30,2026-03-28 20:12:30,Delivered
2031,2031,64,15,10.0,2026-04-11 14:23:51,2026-04-11 14:33:51,Delivered
2032,2032,63,15,18.0,2026-05-19 20:35:02,2026-05-19 20:53:02,Delivered
2033,2033,43,30,40.0,2026-02-16 07:45:35,2026-02-16 08:25:35,Delayed
2034,2034,49,20,15.0,2026-05-23 16:13:59,2026-05-23 16:28:59,Delivered
2035,2035,26,10,11.0,2026-04-09 18:30:15,2026-04-09 18:41:15,Delivered
2036,2036,13,20,21.0,2026-07-11 10:26:44,2026-07-11 10:47:44,Delivered
2037,2037,9,20,20.0,2026-05-24 07:21:56,2026-05-24 07:41:56,Delivered
2038,2038,6,20,,2026-03-28 00:00:09,,Cancelled
2039,2039,3,15,20.0,2026-07-27 22:30:29,2026-07-27 22:50:29,Delivered
2040,2040,12,15,10.0,2026-04-30 12:13:34,2026-04-30 12:23:34,Delivered
2041,2041,47,10,5.0,2026-06-20 07:58:43,2026-06-20 08:03:43,Delivered
2042,2042,56,20,10.0,2026-05-16 22:52:59,2026-05-16 23:02:59,Delivered
2043,2043,56,30,34.0,2026-07-12 17:14:37,2026-07-12 17:48:37,Delivered
2044,2044,22,10,8.0,2026-03-23 07:41:28,2026-03-23 07:49:28,Delivered
2045,2045,34,10,4.0,2026-07-10 19:31:48,2026-07-10 19:35:48,Delivered
2046,2046,52,20,,2026-07-20 17:51:55,,Cancelled
2047,2047,82,10,9.0,2026-04-14 18:23:00,2026-04-14 18:32:00,Delivered
2048,2048,68,15,4.0,2026-04-25 10:23:03,2026-04-25 10:27:03,Delivered
2049,2049,82,15,26.0,2026-05-17 16:14:20,2026-05-17 16:40:20,Delayed
2050,2050,65,10,11.0,2026-03-02 17:12:16,2026-03-02 17:23:16,Delivered
2051,2051,80,10,,2026-02-28 10:29:02,,Cancelled
2052,2052,44,20,23.0,2026-02-11 08:06:51,2026-02-11 08:29:51,Delivered
2054,2054,8,10,,2026-08-01 12:16:32,,Cancelled
2055,2055,59,15,,2026-04-04 19:47:23,,Cancelled
2056,2056,8,30,23.0,2026-03-26 21:27:31,2026-03-26 21:50:31,Delivered
2057,2057,78,15,17.0,2026-06-23 19:29:11,2026-06-23 19:46:11,Delivered
2058,2058,82,10,13.0,2026-06-15 18:46:21,2026-06-15 18:59:21,Delivered
2059,2059,14,30,23.0,2026-04-21 12:56:33,2026-04-21 13:19:33,Delivered
2060,2060,71,20,17.0,2026-05-03 21:08:43,2026-05-03 21:25:43,Delivered
2061,2061,58,15,16.0,2026-06-01 11:00:34,2026-06-01 11:16:34,Delivered
2062,2062,34,20,,2026-05-24 17:59:08,,Cancelled
2063,2063,3,15,21.0,2026-03-23 21:50:05,2026-03-23 22:11:05,Delayed
2064,2064,29,20,,2026-02-07 08:30:13,,Cancelled
2065,2065,57,20,11.0,2026-02-13 07:31:50,2026-02-13 07:42:50,Delivered
2066,2066,26,20,22.0,2026-05-06 13:14:02,2026-05-06 13:36:02,Delivered
2067,2067,19,30,22.0,2026-06-21 16:25:20,2026-06-21 16:47:20,Delivered
2068,2068,50,15,17.0,2026-02-07 18:37:31,2026-02-07 18:54:31,Delivered
2069,2069,54,30,28.0,2026-07-25 23:10:41,2026-07-25 23:38:41,Delivered
2070,2070,73,15,20.0,2026-06-19 12:36:48,2026-06-19 12:56:48,Delivered
2071,2071,79,20,13.0,2026-05-14 13:56:58,2026-05-14 14:09:58,Delivered
2072,2072,82,15,22.0,2026-06-23 23:50:19,2026-06-24 00:12:19,Delayed
2073,2073,68,15,9.0,2026-05-23 20:22:54,2026-05-23 20:31:54,Delivered
2074,2074,37,15,20.0,2026-07-12 00:00:49,2026-07-12 00:20:49,Delivered
2075,2075,39,10,4.0,2026-07-26 21:21:32,2026-07-26 21:25:32,Delivered
2076,2076,3,15,22.0,2026-04-19 18:47:40,2026-04-19 19:09:40,Delayed
2077,2077,25,15,12.0,2026-05-27 18:36:41,2026-05-27 18:48:41,Delivered
2078,2078,70,20,24.0,2026-05-24 10:53:56,2026-05-24 11:17:56,Delivered
2079,2079,2,10,8.0,2026-06-23 20:17:57,2026-06-23 20:25:57,Delivered
2080,2080,10,15,,2026-04-08 22:15:25,,Cancelled
2081,2081,52,20,18.0,2026-04-12 21:41:30,2026-04-12 21:59:30,Delivered
2082,2082,68,30,34.0,2026-07-23 07:55:59,2026-07-23 08:29:59,Delivered
2083,2083,11,30,38.0,2026-06-10 15:02:16,2026-06-10 15:40:16,Delayed
2084,2084,14,20,9.0,2026-06-07 16:32:01,2026-06-07 16:41:01,Delivered
2085,2085,62,30,33.0,2026-04-07 15:10:58,2026-04-07 15:43:58,Delivered
2086,2086,56,20,,2026-06-20 23:39:56,,Cancelled
2087,2087,2,10,,2026-04-30 15:00:00,,Cancelled
2088,2088,80,10,11.0,2026-05-31 17:43:55,2026-05-31 17:54:55,Delayed
2089,2089,48,10,6.0,2026-06-16 14:43:12,2026-06-16 14:49:12,Delayed
2090,2090,4,15,18.0,2026-03-10 17:22:15,2026-03-10 17:40:15,Delivered
2091,2091,69,10,5.0,2026-06-14 20:17:59,2026-06-14 20:22:59,Delivered
2092,2092,25,30,24.0,2026-02-08 22:19:25,2026-02-08 22:43:25,Delayed
2093,2093,20,15,8.0,2026-05-03 14:44:46,2026-05-03 14:52:46,Delivered
2094,2094,62,20,18.0,2026-04-03 21:14:07,2026-04-03 21:32:07,Delivered
2095,2095,26,15,19.0,2026-03-21 08:05:39,2026-03-21 08:24:39,Delivered
2096,2096,74,30,,2026-05-31 17:16:46,,Cancelled
2097,2097,74,30,33.0,2026-08-01 20:58:00,2026-08-01 21:31:00,Delivered
2098,2098,76,15,19.0,2026-02-11 00:01:13,2026-02-11 00:20:13,Delivered
2099,2099,12,10,6.0,2026-05-03 12:37:44,2026-05-03 12:43:44,Delivered
2100,2100,8,20,28.0,2026-07-31 22:29:11,2026-07-31 22:57:11,Delayed
2101,2101,17,10,,2026-06-16 14:24:02,,Cancelled
2102,2102,28,10,18.0,2026-03-19 16:09:15,2026-03-19 16:27:15,Delayed
2103,2103,70,15,18.0,2026-07-02 18:21:23,2026-07-02 18:39:23,Delayed
2104,2104,18,15,12.0,2026-05-10 14:52:30,2026-05-10 15:04:30,Delivered
2105,2105,47,15,19.0,2026-03-05 17:03:01,2026-03-05 17:22:01,Delivered
2106,2106,4,30,42.0,2026-03-30 17:22:49,2026-03-30 18:04:49,Delayed
2107,2107,56,10,16.0,2026-06-12 11:11:57,2026-06-12 11:27:57,Delayed
2108,2108,67,10,5.0,2026-05-04 08:04:24,2026-05-04 08:09:24,Delivered
2109,2109,18,15,9.0,2026-05-12 09:03:38,2026-05-12 09:12:38,Delivered
2110,2110,65,10,4.0,2026-07-01 15:45:32,2026-07-01 15:49:32,Delivered
2111,2111,19,10,13.0,2026-03-23 21:34:48,2026-03-23 21:47:48,Delivered
2112,2112,59,10,4.0,2026-06-20 20:40:58,2026-06-20 20:44:58,Delivered
2113,2113,17,15,16.0,2026-02-05 09:58:21,2026-02-05 10:14:21,Delivered
2115,2115,33,20,19.0,2026-02-25 17:06:36,2026-02-25 17:25:36,Delivered
2116,2116,37,10,13.0,2026-06-05 17:19:48,2026-06-05 17:32:48,Delivered
2117,2117,35,15,20.0,2026-05-12 17:01:06,2026-05-12 17:21:06,Delivered
2118,2118,32,10,10.0,2026-04-05 15:12:54,2026-04-05 15:22:54,Delivered
2119,2119,34,10,6.0,2026-07-21 07:41:24,2026-07-21 07:47:24,Delivered
2120,2120,83,20,20.0,2026-05-30 13:08:26,2026-05-30 13:28:26,Delivered
2121,2121,79,30,32.0,2026-04-06 08:21:20,2026-04-06 08:53:20,Delivered
2122,2122,75,10,4.0,2026-04-07 22:50:39,2026-04-07 22:54:39,Delivered
2123,2123,47,10,15.0,2026-07-13 16:22:52,2026-07-13 16:37:52,Delivered
2124,2124,4,30,32.0,2026-02-12 13:37:27,2026-02-12 14:09:27,Delivered
2125,2125,51,20,12.0,2026-05-06 15:15:59,2026-05-06 15:27:59,Delivered
2126,2126,11,30,31.0,2026-04-24 13:15:46,2026-04-24 13:46:46,Delivered
2127,2127,29,15,19.0,2026-05-20 21:06:09,2026-05-20 21:25:09,Delivered
2128,2128,3,30,,2026-08-01 14:44:39,,Cancelled
2130,2130,18,15,11.0,2026-07-09 22:30:52,2026-07-09 22:41:52,Delivered
2132,2132,10,20,15.0,2026-07-06 16:51:42,2026-07-06 17:06:42,Delivered
2133,2133,61,10,,2026-03-22 08:50:32,,Cancelled
2134,2134,56,20,14.0,2026-05-19 19:07:32,2026-05-19 19:21:32,Delivered
2135,2135,65,10,4.0,2026-04-11 21:18:20,2026-04-11 21:22:20,Delivered
2136,2136,64,15,18.0,2026-02-17 13:53:46,2026-02-17 14:11:46,Delivered
2137,2137,9,20,20.0,2026-07-28 12:09:21,2026-07-28 12:29:21,Delivered
2138,2138,29,15,19.0,2026-04-03 17:50:30,2026-04-03 18:09:30,Delivered
2139,2139,16,15,16.0,2026-06-18 09:24:31,2026-06-18 09:40:31,Delivered
2140,2140,8,15,15.0,2026-06-14 15:52:34,2026-06-14 16:07:34,Delivered
2141,2141,64,15,15.0,2026-06-22 08:58:36,2026-06-22 09:13:36,Delivered
2142,2142,39,20,22.0,2026-04-25 08:12:05,2026-04-25 08:34:05,Delivered
2143,2143,33,15,10.0,2026-08-04 20:41:28,2026-08-04 20:51:28,Delivered
2144,2144,17,30,34.0,2026-05-21 14:49:59,2026-05-21 15:23:59,Delivered
2146,2146,21,10,4.0,2026-06-17 15:59:13,2026-06-17 16:03:13,Delayed
2147,2147,22,30,30.0,2026-06-22 08:09:30,2026-06-22 08:39:30,Delivered
2148,2148,65,10,4.0,2026-06-29 20:04:20,2026-06-29 20:08:20,Delivered
2149,2149,43,30,32.0,2026-04-07 20:33:35,2026-04-07 21:05:35,Delivered
2150,2150,73,20,,2026-07-25 08:01:02,,Cancelled
2151,2151,66,10,10.0,2026-05-02 22:36:10,2026-05-02 22:46:10,Delivered
2152,2152,11,10,12.0,2026-02-16 07:12:44,2026-02-16 07:24:44,Delivered
2153,2153,57,15,12.0,2026-03-27 10:21:00,2026-03-27 10:33:00,Delivered
2154,2154,63,15,12.0,2026-02-15 14:36:48,2026-02-15 14:48:48,Delivered
2155,2155,60,10,22.0,2026-05-15 22:36:10,2026-05-15 22:58:10,Delayed
2156,2156,81,30,33.0,2026-05-25 19:27:11,2026-05-25 20:00:11,Delivered
2157,2157,34,10,,2026-05-07 15:32:39,,Cancelled
2158,2158,40,15,7.0,2026-05-03 12:05:27,2026-05-03 12:12:27,Delivered
2159,2159,68,30,28.0,2026-04-25 16:12:32,2026-04-25 16:40:32,Delivered
2160,2160,66,10,,2026-03-08 14:49:22,,Cancelled
2161,2161,25,10,9.0,2026-05-17 17:49:54,2026-05-17 17:58:54,Delivered
2162,2162,79,10,8.0,2026-06-26 21:14:35,2026-06-26 21:22:35,Delivered
2163,2163,20,10,12.0,2026-07-10 22:26:48,2026-07-10 22:38:48,Delivered
2164,2164,80,30,39.0,2026-05-15 18:54:33,2026-05-15 19:33:33,Delayed
2165,2165,10,20,16.0,2026-07-16 20:26:43,2026-07-16 20:42:43,Delivered
2166,2166,56,20,21.0,2026-03-13 19:49:24,2026-03-13 20:10:24,Delivered
2167,2167,71,20,11.0,2026-06-07 23:14:32,2026-06-07 23:25:32,Delivered
2168,2168,30,10,7.0,2026-03-29 14:39:05,2026-03-29 14:46:05,Delivered
2169,2169,65,30,45.0,2026-02-13 15:01:33,2026-02-13 15:46:33,Delayed
2170,2170,38,10,,2026-05-26 21:56:57,,Cancelled
2171,2171,17,20,27.0,2026-07-12 07:41:21,2026-07-12 08:08:21,Delayed
2172,2172,3,15,25.0,2026-07-11 10:39:19,2026-07-11 11:04:19,Delayed
2173,2173,47,30,22.0,2026-07-22 07:05:54,2026-07-22 07:27:54,Delivered
2174,2174,61,30,17.0,2026-06-08 14:46:21,2026-06-08 15:03:21,Delivered
2175,2175,19,20,34.0,2026-02-19 18:07:08,2026-02-19 18:41:08,Delayed
2176,2176,29,30,39.0,2026-04-02 21:02:48,2026-04-02 21:41:48,Delayed
2177,2177,31,10,14.0,2026-04-10 16:06:44,2026-04-10 16:20:44,Delivered
2178,2178,24,30,27.0,2026-03-23 11:45:20,2026-03-23 12:12:20,Delivered
2179,2179,16,15,20.0,2026-07-13 09:40:04,2026-07-13 10:00:04,Delivered
2180,2180,66,20,23.0,2026-03-08 14:44:49,2026-03-08 15:07:49,Delivered
2181,2181,8,10,6.0,2026-05-21 13:59:34,2026-05-21 14:05:34,Delivered
2183,2183,53,15,20.0,2026-07-29 15:24:02,2026-07-29 15:44:02,Delivered
2184,2184,46,15,11.0,2026-06-25 22:37:39,2026-06-25 22:48:39,Delivered
2185,2185,28,15,14.0,2026-02-05 22:47:42,2026-02-05 23:01:42,Delivered
2186,2186,14,20,29.0,2026-03-17 07:43:45,2026-03-17 08:12:45,Delayed
2187,2187,71,20,18.0,2026-06-08 23:30:52,2026-06-08 23:48:52,Delivered
2188,2188,5,10,7.0,2026-07-14 07:22:18,2026-07-14 07:29:18,Delivered
2189,2189,25,20,,2026-04-29 16:20:02,,Cancelled
2190,2190,58,20,24.0,2026-04-08 14:44:59,2026-04-08 15:08:59,Delivered
2191,2191,54,20,8.0,2026-07-04 23:03:00,2026-07-04 23:11:00,Delivered
2192,2192,47,15,14.0,2026-03-19 19:32:06,2026-03-19 19:46:06,Delivered
2193,2193,43,10,7.0,2026-07-24 22:08:40,2026-07-24 22:15:40,Delivered
2194,2194,60,30,32.0,2026-04-07 20:14:57,2026-04-07 20:46:57,Delivered
2195,2195,2,15,22.0,2026-02-06 11:02:54,2026-02-06 11:24:54,Delayed
2196,2196,17,10,9.0,2026-07-16 22:59:24,2026-07-16 23:08:24,Delivered
2197,2197,44,30,31.0,2026-03-24 07:36:26,2026-03-24 08:07:26,Delivered
2198,2198,74,30,34.0,2026-03-04 13:35:11,2026-03-04 14:09:11,Delivered
2199,2199,62,15,14.0,2026-04-26 14:12:07,2026-04-26 14:26:07,Delivered
2200,2200,46,15,9.0,2026-06-25 20:51:26,2026-06-25 21:00:26,Delivered
2201,2201,14,30,28.0,2026-08-01 11:45:11,2026-08-01 12:13:11,Delivered
2202,2202,57,15,4.0,2026-05-20 23:35:46,2026-05-20 23:39:46,Delivered
2203,2203,53,30,29.0,2026-02-08 23:16:07,2026-02-08 23:45:07,Delivered
2204,2204,48,15,18.0,2026-08-04 08:44:00,2026-08-04 09:02:00,Delivered
2205,2205,63,15,16.0,2026-02-27 15:19:44,2026-02-27 15:35:44,Delivered
2206,2206,6,30,26.0,2026-08-03 20:57:32,2026-08-03 21:23:32,Delivered
2207,2207,57,10,11.0,2026-03-29 08:08:22,2026-03-29 08:19:22,Delivered
2208,2208,11,10,4.0,2026-04-05 07:42:26,2026-04-05 07:46:26,Delivered
2209,2209,78,30,33.0,2026-04-13 15:48:35,2026-04-13 16:21:35,Delivered
2210,2210,78,30,,2026-03-14 21:55:20,,Cancelled
2211,2211,47,20,,2026-04-28 12:16:31,,Cancelled
2212,2212,8,10,11.0,2026-05-15 10:32:00,2026-05-15 10:43:00,Delivered
2213,2213,6,15,18.0,2026-07-28 18:00:50,2026-07-28 18:18:50,Delivered
2214,2214,56,10,7.0,2026-05-20 13:57:06,2026-05-20 14:04:06,Delivered
2215,2215,78,20,13.0,2026-03-06 09:07:46,2026-03-06 09:20:46,Delivered
2216,2216,59,30,,2026-06-13 13:15:30,,Cancelled
2217,2217,7,30,28.0,2026-07-10 18:05:56,2026-07-10 18:33:56,Delivered
2219,2219,41,30,27.0,2026-03-21 21:55:47,2026-03-21 22:22:47,Delivered
2220,2220,45,20,17.0,2026-02-19 21:21:48,2026-02-19 21:38:48,Delivered
2221,2221,24,10,12.0,2026-03-03 20:09:32,2026-03-03 20:21:32,Delivered
2222,2222,6,20,18.0,2026-04-19 21:32:06,2026-04-19 21:50:06,Delivered
2223,2223,18,10,22.0,2026-03-31 13:58:07,2026-03-31 14:20:07,Delayed
2224,2224,77,15,21.0,2026-07-16 22:05:29,2026-07-16 22:26:29,Delayed
2225,2225,56,30,33.0,2026-04-07 14:10:45,2026-04-07 14:43:45,Delivered
2226,2226,4,30,32.0,2026-05-10 09:55:22,2026-05-10 10:27:22,Delivered
2227,2227,46,30,33.0,2026-06-25 16:34:13,2026-06-25 17:07:13,Delivered
2228,2228,65,10,4.0,2026-07-24 23:17:16,2026-07-24 23:21:16,Delivered
2229,2229,15,15,13.0,2026-06-21 21:10:40,2026-06-21 21:23:40,Delayed
2230,2230,72,10,5.0,2026-06-19 11:39:01,2026-06-19 11:44:01,Delivered
2231,2231,75,20,14.0,2026-04-10 20:46:09,2026-04-10 21:00:09,Delivered
2233,2233,26,30,30.0,2026-06-11 14:38:53,2026-06-11 15:08:53,Delivered
2234,2234,33,15,14.0,2026-07-05 18:29:39,2026-07-05 18:43:39,Delivered
2235,2235,82,15,4.0,2026-06-05 18:26:42,2026-06-05 18:30:42,Delivered
2236,2236,20,15,4.0,2026-05-21 23:53:31,2026-05-21 23:57:31,Delivered
2237,2237,23,10,13.0,2026-03-21 18:17:05,2026-03-21 18:30:05,Delivered
2238,2238,66,10,13.0,2026-04-21 12:16:27,2026-04-21 12:29:27,Delivered
2239,2239,32,20,23.0,2026-08-02 23:46:46,2026-08-03 00:09:46,Delivered
2240,2240,71,15,12.0,2026-03-15 13:23:51,2026-03-15 13:35:51,Delivered
2241,2241,34,10,11.0,2026-05-18 21:15:52,2026-05-18 21:26:52,Delivered
2242,2242,77,15,13.0,2026-04-16 19:18:43,2026-04-16 19:31:43,Delivered
2243,2243,50,15,,2026-06-30 23:50:10,,Cancelled
2244,2244,83,30,27.0,2026-04-06 20:06:10,2026-04-06 20:33:10,Delivered
2245,2245,42,15,,2026-06-21 16:56:57,,Cancelled
2246,2246,78,10,4.0,2026-05-24 09:17:08,2026-05-24 09:21:08,Delivered
2247,2247,51,10,12.0,2026-04-09 17:39:58,2026-04-09 17:51:58,Delivered
2248,2248,20,10,,2026-03-24 22:38:49,,Cancelled
2249,2249,68,20,24.0,2026-05-10 19:56:57,2026-05-10 20:20:57,Delivered
2250,2250,28,20,17.0,2026-03-05 11:51:07,2026-03-05 12:08:07,Delivered
2251,2251,50,20,25.0,2026-05-02 12:15:14,2026-05-02 12:40:14,Delivered
2252,2252,76,10,11.0,2026-07-08 21:21:46,2026-07-08 21:32:46,Delivered
2253,2253,82,20,15.0,2026-07-07 00:02:53,2026-07-07 00:17:53,Delivered
2254,2254,1,15,6.0,2026-07-19 12:53:33,2026-07-19 12:59:33,Delivered
2255,2255,32,30,17.0,2026-02-06 19:32:27,2026-02-06 19:49:27,Delivered
2256,2256,76,15,16.0,2026-06-14 15:52:23,2026-06-14 16:08:23,Delivered
2257,2257,62,10,,2026-06-22 16:25:49,,Cancelled
2258,2258,28,15,23.0,2026-03-01 09:51:03,2026-03-01 10:14:03,Delayed
2259,2259,21,15,14.0,2026-04-15 20:34:52,2026-04-15 20:48:52,Delivered
2260,2260,42,20,20.0,2026-02-09 18:43:54,2026-02-09 19:03:54,Delivered
2261,2261,22,15,15.0,2026-07-13 18:11:46,2026-07-13 18:26:46,Delivered
2262,2262,45,10,6.0,2026-02-08 17:54:43,2026-02-08 18:00:43,Delivered
2263,2263,44,15,19.0,2026-06-08 20:11:57,2026-06-08 20:30:57,Delivered
2264,2264,79,10,10.0,2026-07-22 16:39:56,2026-07-22 16:49:56,Delivered
2265,2265,11,30,28.0,2026-03-03 22:18:40,2026-03-03 22:46:40,Delivered
2266,2266,79,30,31.0,2026-05-12 23:06:12,2026-05-12 23:37:12,Delivered
2267,2267,45,20,,2026-06-17 22:46:51,,Cancelled
2268,2268,74,15,13.0,2026-07-17 20:44:46,2026-07-17 20:57:46,Delivered
2269,2269,76,10,20.0,2026-04-02 19:48:56,2026-04-02 20:08:56,Delayed
2270,2270,20,20,12.0,2026-07-01 13:32:11,2026-07-01 13:44:11,Delivered
2271,2271,22,30,31.0,2026-03-06 10:35:35,2026-03-06 11:06:35,Delivered
2272,2272,66,20,13.0,2026-04-08 13:04:38,2026-04-08 13:17:38,Delivered
2273,2273,67,15,,2026-03-09 21:13:06,,Cancelled
2274,2274,21,30,30.0,2026-05-07 09:30:02,2026-05-07 10:00:02,Delivered
2275,2275,71,10,13.0,2026-04-30 16:26:21,2026-04-30 16:39:21,Delivered
2276,2276,34,10,,2026-04-09 11:30:38,,Cancelled
2277,2277,28,30,13.0,2026-03-02 17:57:46,2026-03-02 18:10:46,Delivered
2278,2278,76,20,,2026-07-14 13:42:39,,Cancelled
2279,2279,61,15,20.0,2026-06-23 22:57:33,2026-06-23 23:17:33,Delivered
2280,2280,21,20,4.0,2026-06-02 08:16:19,2026-06-02 08:20:19,Delivered
2281,2281,22,20,15.0,2026-04-11 18:15:39,2026-04-11 18:30:39,Delivered
2282,2282,70,15,,2026-05-21 18:03:03,,Cancelled
2283,2283,17,15,15.0,2026-02-18 15:52:53,2026-02-18 16:07:53,Delivered
2284,2284,44,10,16.0,2026-06-29 13:50:50,2026-06-29 14:06:50,Delayed
2285,2285,82,20,26.0,2026-06-23 14:33:22,2026-06-23 14:59:22,Delayed
2286,2286,11,15,19.0,2026-03-10 13:37:50,2026-03-10 13:56:50,Delivered
2287,2287,33,30,34.0,2026-05-11 20:42:31,2026-05-11 21:16:31,Delivered
2288,2288,75,10,17.0,2026-07-17 15:41:36,2026-07-17 15:58:36,Delayed
2289,2289,19,30,36.0,2026-07-18 10:55:30,2026-07-18 11:31:30,Delayed
2290,2290,65,30,46.0,2026-03-05 09:36:11,2026-03-05 10:22:11,Delayed
2291,2291,69,20,22.0,2026-02-25 18:37:23,2026-02-25 18:59:23,Delivered
2292,2292,17,10,4.0,2026-04-03 23:41:40,2026-04-03 23:45:40,Delivered
2293,2293,18,20,21.0,2026-08-03 20:16:08,2026-08-03 20:37:08,Delivered
2294,2294,35,10,12.0,2026-05-16 20:41:12,2026-05-16 20:53:12,Delivered
2295,2295,44,20,29.0,2026-04-17 09:56:07,2026-04-17 10:25:07,Delayed
2296,2296,10,10,15.0,2026-04-03 23:32:13,2026-04-03 23:47:13,Delivered
2298,2298,45,10,,2026-05-13 19:19:09,,Cancelled
2299,2299,56,20,10.0,2026-02-16 07:33:29,2026-02-16 07:43:29,Delivered
2300,2300,37,30,35.0,2026-06-20 22:13:41,2026-06-20 22:48:41,Delivered
2301,2301,43,30,27.0,2026-03-24 16:32:54,2026-03-24 16:59:54,Delivered
2302,2302,50,15,6.0,2026-02-20 22:40:58,2026-02-20 22:46:58,Delivered
2303,2303,55,30,36.0,2026-07-24 14:28:27,2026-07-24 15:04:27,Delayed
2304,2304,51,20,16.0,2026-04-23 13:50:25,2026-04-23 14:06:25,Delivered
2305,2305,71,20,28.0,2026-04-17 18:45:50,2026-04-17 19:13:50,Delayed
2306,2306,82,15,25.0,2026-07-25 22:06:29,2026-07-25 22:31:29,Delayed
2307,2307,60,15,26.0,2026-03-23 12:46:29,2026-03-23 13:12:29,Delayed
2308,2308,53,20,18.0,2026-02-26 20:20:49,2026-02-26 20:38:49,Delivered
2309,2309,40,10,13.0,2026-03-04 12:52:32,2026-03-04 13:05:32,Delivered
2310,2310,70,20,27.0,2026-04-14 22:25:24,2026-04-14 22:52:24,Delayed
2311,2311,67,15,4.0,2026-07-04 15:55:36,2026-07-04 15:59:36,Delivered
2312,2312,76,10,,2026-02-13 14:35:14,,Cancelled
2313,2313,51,10,15.0,2026-05-17 18:35:24,2026-05-17 18:50:24,Delivered
2314,2314,6,30,26.0,2026-08-03 16:44:25,2026-08-03 17:10:25,Delivered
2315,2315,31,30,,2026-06-21 22:05:04,,Cancelled
2316,2316,26,20,18.0,2026-03-04 15:57:10,2026-03-04 16:15:10,Delivered
2317,2317,28,30,33.0,2026-05-11 17:19:21,2026-05-11 17:52:21,Delivered
2318,2318,40,30,40.0,2026-05-20 07:50:04,2026-05-20 08:30:04,Delayed
2319,2319,25,30,25.0,2026-04-16 16:49:53,2026-04-16 17:14:53,Delivered
2320,2320,71,10,4.0,2026-04-22 15:44:27,2026-04-22 15:48:27,Delivered
2321,2321,3,10,4.0,2026-07-13 21:17:55,2026-07-13 21:21:55,Delivered
2322,2322,80,10,7.0,2026-06-18 09:52:05,2026-06-18 09:59:05,Delivered
2323,2323,59,15,24.0,2026-04-20 19:23:44,2026-04-20 19:47:44,Delayed
2324,2324,54,20,24.0,2026-06-24 22:37:22,2026-06-24 23:01:22,Delivered
2325,2325,41,15,17.0,2026-07-01 13:03:53,2026-07-01 13:20:53,Delivered
2326,2326,60,30,,2026-06-26 18:12:39,,Cancelled
2327,2327,53,30,25.0,2026-02-07 16:54:46,2026-02-07 17:19:46,Delayed
2328,2328,12,15,,2026-07-10 16:51:07,,Cancelled
2329,2329,47,20,16.0,2026-06-02 20:39:09,2026-06-02 20:55:09,Delivered
2330,2330,4,20,19.0,2026-03-20 16:42:27,2026-03-20 17:01:27,Delivered
2331,2331,76,10,7.0,2026-03-04 16:00:13,2026-03-04 16:07:13,Delivered
2332,2332,64,10,10.0,2026-06-06 13:42:03,2026-06-06 13:52:03,Delivered
2333,2333,19,30,,2026-07-22 21:38:46,,Cancelled
2334,2334,82,10,7.0,2026-03-27 08:38:25,2026-03-27 08:45:25,Delayed
2335,2335,10,30,26.0,2026-07-27 15:01:14,2026-07-27 15:27:14,Delivered
2336,2336,43,10,11.0,2026-04-23 12:19:47,2026-04-23 12:30:47,Delayed
2337,2337,14,15,7.0,2026-06-13 08:30:13,2026-06-13 08:37:13,Delivered
2338,2338,34,15,17.0,2026-02-15 15:47:59,2026-02-15 16:04:59,Delivered
2339,2339,81,15,4.0,2026-06-18 17:32:35,2026-06-18 17:36:35,Delivered
2340,2340,72,15,20.0,2026-02-06 12:48:15,2026-02-06 13:08:15,Delivered
2341,2341,16,30,24.0,2026-03-27 23:43:51,2026-03-28 00:07:51,Delivered
2342,2342,19,10,12.0,2026-07-21 15:03:39,2026-07-21 15:15:39,Delivered
2343,2343,20,20,11.0,2026-05-14 11:07:18,2026-05-14 11:18:18,Delivered
2344,2344,37,15,11.0,2026-04-03 13:57:16,2026-04-03 14:08:16,Delivered
2345,2345,69,15,20.0,2026-02-13 20:56:12,2026-02-13 21:16:12,Delivered
2346,2346,81,15,14.0,2026-07-03 07:40:52,2026-07-03 07:54:52,Delivered
2347,2347,25,15,4.0,2026-02-23 21:40:26,2026-02-23 21:44:26,Delayed
2348,2348,68,30,33.0,2026-07-17 09:28:24,2026-07-17 10:01:24,Delivered
2349,2349,48,20,23.0,2026-06-17 22:11:10,2026-06-17 22:34:10,Delivered
2351,2351,20,20,21.0,2026-06-20 21:59:48,2026-06-20 22:20:48,Delivered
2352,2352,46,20,15.0,2026-03-23 16:41:59,2026-03-23 16:56:59,Delayed
2353,2353,21,20,,2026-04-02 11:32:41,,Cancelled
2354,2354,10,15,23.0,2026-07-18 15:08:21,2026-07-18 15:31:21,Delayed
2355,2355,60,10,,2026-04-09 09:15:38,,Cancelled
2356,2356,16,20,17.0,2026-04-02 10:56:23,2026-04-02 11:13:23,Delivered
2357,2357,59,30,40.0,2026-02-24 16:36:35,2026-02-24 17:16:35,Delayed
2358,2358,25,20,24.0,2026-03-17 11:36:33,2026-03-17 12:00:33,Delivered
2359,2359,54,10,10.0,2026-03-11 21:33:42,2026-03-11 21:43:42,Delivered
2360,2360,37,15,15.0,2026-05-10 17:44:34,2026-05-10 17:59:34,Delivered
2361,2361,78,10,10.0,2026-03-10 07:24:49,2026-03-10 07:34:49,Delivered
2362,2362,71,15,10.0,2026-07-08 09:09:42,2026-07-08 09:19:42,Delivered
2363,2363,40,15,9.0,2026-04-30 12:57:49,2026-04-30 13:06:49,Delivered
2364,2364,11,30,28.0,2026-05-17 15:05:44,2026-05-17 15:33:44,Delivered
2365,2365,63,15,20.0,2026-05-14 10:55:01,2026-05-14 11:15:01,Delivered
2366,2366,80,15,29.0,2026-03-09 16:49:25,2026-03-09 17:18:25,Delayed
2367,2367,71,15,24.0,2026-07-31 14:16:50,2026-07-31 14:40:50,Delayed
2368,2368,28,10,4.0,2026-07-05 09:13:49,2026-07-05 09:17:49,Delivered
2369,2369,29,10,20.0,2026-07-22 09:14:03,2026-07-22 09:34:03,Delayed
2370,2370,81,30,22.0,2026-06-15 09:58:44,2026-06-15 10:20:44,Delivered
2371,2371,72,10,17.0,2026-04-09 22:59:32,2026-04-09 23:16:32,Delayed
2372,2372,42,30,38.0,2026-02-18 23:55:13,2026-02-19 00:33:13,Delayed
2374,2374,33,20,21.0,2026-07-23 15:25:15,2026-07-23 15:46:15,Delivered
2375,2375,30,20,26.0,2026-05-10 23:10:05,2026-05-10 23:36:05,Delayed
2376,2376,18,20,19.0,2026-05-05 14:43:12,2026-05-05 15:02:12,Delivered
2377,2377,51,30,21.0,2026-03-18 21:48:21,2026-03-18 22:09:21,Delivered
2378,2378,82,10,4.0,2026-03-08 10:01:51,2026-03-08 10:05:51,Delivered
2379,2379,37,10,,2026-03-05 15:07:09,,Cancelled
2380,2380,52,10,4.0,2026-07-05 15:57:20,2026-07-05 16:01:20,Delivered
2381,2381,83,15,5.0,2026-07-24 12:53:47,2026-07-24 12:58:47,Delivered
2382,2382,57,30,34.0,2026-05-20 15:15:39,2026-05-20 15:49:39,Delivered
2383,2383,19,15,16.0,2026-05-30 10:22:54,2026-05-30 10:38:54,Delivered
2384,2384,23,10,4.0,2026-05-13 17:00:17,2026-05-13 17:04:17,Delivered
2385,2385,15,10,9.0,2026-05-04 17:00:06,2026-05-04 17:09:06,Delivered
2386,2386,21,20,24.0,2026-05-19 13:41:10,2026-05-19 14:05:10,Delivered
2387,2387,24,20,17.0,2026-04-25 10:29:35,2026-04-25 10:46:35,Delivered
2388,2388,1,20,,2026-06-01 20:00:06,,Cancelled
2389,2389,80,30,20.0,2026-06-06 10:33:37,2026-06-06 10:53:37,Delayed
2390,2390,62,15,,2026-02-20 12:43:21,,Cancelled
2391,2391,44,10,16.0,2026-05-23 13:40:48,2026-05-23 13:56:48,Delayed
2392,2392,76,20,27.0,2026-07-14 21:52:37,2026-07-14 22:19:37,Delayed
2393,2393,48,10,12.0,2026-02-28 12:48:24,2026-02-28 13:00:24,Delivered
2394,2394,23,10,20.0,2026-06-12 10:18:25,2026-06-12 10:38:25,Delayed
2395,2395,69,15,4.0,2026-07-21 12:05:00,2026-07-21 12:09:00,Delivered
2396,2396,32,10,11.0,2026-06-17 19:53:43,2026-06-17 20:04:43,Delivered
2397,2397,68,10,14.0,2026-03-17 10:43:07,2026-03-17 10:57:07,Delivered
2398,2398,21,30,28.0,2026-04-08 23:34:26,2026-04-09 00:02:26,Delivered
2399,2399,41,20,15.0,2026-03-18 21:20:48,2026-03-18 21:35:48,Delivered
2400,2400,49,20,15.0,2026-06-26 08:50:19,2026-06-26 09:05:19,Delivered
2401,2401,72,10,,2026-05-26 20:54:12,,Cancelled
2402,2402,81,20,,2026-02-23 09:56:02,,Cancelled
2403,2403,7,30,37.0,2026-07-21 10:27:49,2026-07-21 11:04:49,Delayed
2404,2404,79,20,12.0,2026-03-25 18:40:45,2026-03-25 18:52:45,Delivered
2405,2405,54,30,25.0,2026-02-21 13:25:35,2026-02-21 13:50:35,Delivered
2406,2406,62,10,15.0,2026-08-01 15:18:08,2026-08-01 15:33:08,Delivered
2407,2407,54,15,12.0,2026-07-15 21:40:35,2026-07-15 21:52:35,Delivered
2408,2408,3,15,15.0,2026-07-26 23:39:26,2026-07-26 23:54:26,Delivered
2409,2409,35,30,26.0,2026-03-10 10:04:13,2026-03-10 10:30:13,Delivered
2410,2410,79,10,4.0,2026-02-18 08:24:36,2026-02-18 08:28:36,Delivered
2411,2411,75,10,14.0,2026-04-30 08:22:13,2026-04-30 08:36:13,Delivered
2412,2412,83,15,8.0,2026-05-16 18:15:44,2026-05-16 18:23:44,Delivered
2413,2413,44,30,,2026-04-29 08:40:38,,Cancelled
2415,2415,55,15,17.0,2026-05-11 11:50:49,2026-05-11 12:07:49,Delivered
2416,2416,59,20,18.0,2026-02-23 13:20:12,2026-02-23 13:38:12,Delivered
2417,2417,13,15,16.0,2026-04-10 11:12:25,2026-04-10 11:28:25,Delivered
2418,2418,82,10,4.0,2026-07-12 17:42:40,2026-07-12 17:46:40,Delivered
2419,2419,48,30,27.0,2026-06-22 20:41:19,2026-06-22 21:08:19,Delivered
2420,2420,6,20,19.0,2026-06-25 16:58:54,2026-06-25 17:17:54,Delivered
2421,2421,48,20,25.0,2026-05-03 17:43:39,2026-05-03 18:08:39,Delivered
2422,2422,50,10,10.0,2026-05-25 16:21:07,2026-05-25 16:31:07,Delivered
2423,2423,63,10,,2026-02-25 22:14:31,,Cancelled
2424,2424,17,15,16.0,2026-05-11 16:23:21,2026-05-11 16:39:21,Delivered
2425,2425,12,30,29.0,2026-06-25 12:19:00,2026-06-25 12:48:00,Delivered
2426,2426,37,30,37.0,2026-05-04 23:43:32,2026-05-05 00:20:32,Delayed
2427,2427,19,10,6.0,2026-04-03 19:57:20,2026-04-03 20:03:20,Delivered
2428,2428,60,30,27.0,2026-07-14 16:51:07,2026-07-14 17:18:07,Delivered
2429,2429,52,15,12.0,2026-04-13 20:49:40,2026-04-13 21:01:40,Delivered
2430,2430,44,15,7.0,2026-03-04 12:45:07,2026-03-04 12:52:07,Delivered
2431,2431,49,30,29.0,2026-02-20 09:20:22,2026-02-20 09:49:22,Delivered
2432,2432,17,15,21.0,2026-06-01 22:26:10,2026-06-01 22:47:10,Delayed
2433,2433,8,20,28.0,2026-05-21 21:38:26,2026-05-21 22:06:26,Delayed
2434,2434,81,20,28.0,2026-03-01 10:48:58,2026-03-01 11:16:58,Delayed
2435,2435,1,20,31.0,2026-04-18 15:43:54,2026-04-18 16:14:54,Delayed
2436,2436,65,15,15.0,2026-05-19 21:01:54,2026-05-19 21:16:54,Delivered
2437,2437,28,15,16.0,2026-03-15 07:33:37,2026-03-15 07:49:37,Delivered
2438,2438,72,20,14.0,2026-07-14 12:25:06,2026-07-14 12:39:06,Delivered
2439,2439,69,10,,2026-03-24 20:12:22,,Cancelled
2440,2440,52,10,,2026-05-10 23:20:33,,Cancelled
2441,2441,35,10,,2026-04-25 14:18:58,,Cancelled
2442,2442,8,10,23.0,2026-06-21 11:05:19,2026-06-21 11:28:19,Delayed
2443,2443,58,30,21.0,2026-04-03 12:36:12,2026-04-03 12:57:12,Delivered
2444,2444,11,30,26.0,2026-07-02 13:46:34,2026-07-02 14:12:34,Delayed
2445,2445,42,30,37.0,2026-05-09 22:09:01,2026-05-09 22:46:01,Delayed
2446,2446,83,20,29.0,2026-06-23 21:46:25,2026-06-23 22:15:25,Delayed
2448,2448,63,30,19.0,2026-02-24 21:36:52,2026-02-24 21:55:52,Delivered
2449,2449,38,20,21.0,2026-02-12 07:06:08,2026-02-12 07:27:08,Delayed
2450,2450,62,30,27.0,2026-06-26 09:11:50,2026-06-26 09:38:50,Delivered
2451,2451,35,10,10.0,2026-06-04 07:55:24,2026-06-04 08:05:24,Delivered
2453,2453,53,30,30.0,2026-06-02 12:34:44,2026-06-02 13:04:44,Delivered
2454,2454,35,30,34.0,2026-06-28 07:32:51,2026-06-28 08:06:51,Delivered
2455,2455,68,30,31.0,2026-05-06 18:44:59,2026-05-06 19:15:59,Delivered
2456,2456,12,15,9.0,2026-06-03 19:50:05,2026-06-03 19:59:05,Delivered
2457,2457,52,20,27.0,2026-07-17 11:16:37,2026-07-17 11:43:37,Delayed
2458,2458,64,20,16.0,2026-06-23 16:35:05,2026-06-23 16:51:05,Delivered
2459,2459,37,20,24.0,2026-06-19 23:12:49,2026-06-19 23:36:49,Delivered
2460,2460,82,15,11.0,2026-04-05 15:00:23,2026-04-05 15:11:23,Delivered
2461,2461,60,10,10.0,2026-07-13 20:05:07,2026-07-13 20:15:07,Delivered
2462,2462,19,10,9.0,2026-02-12 13:45:05,2026-02-12 13:54:05,Delivered
2463,2463,80,20,20.0,2026-05-20 13:36:34,2026-05-20 13:56:34,Delivered
2464,2464,59,30,34.0,2026-06-16 23:21:09,2026-06-16 23:55:09,Delayed
2465,2465,19,10,5.0,2026-04-06 21:53:11,2026-04-06 21:58:11,Delivered
2466,2466,24,30,32.0,2026-05-03 11:14:47,2026-05-03 11:46:47,Delivered
2467,2467,6,15,,2026-07-21 11:56:36,,Cancelled
2468,2468,1,15,18.0,2026-04-23 12:49:04,2026-04-23 13:07:04,Delivered
2469,2469,74,20,,2026-05-03 20:09:25,,Cancelled
2470,2470,26,30,35.0,2026-02-27 14:39:03,2026-02-27 15:14:03,Delivered
2471,2471,43,10,13.0,2026-05-14 09:22:25,2026-05-14 09:35:25,Delivered
2472,2472,75,20,27.0,2026-05-06 22:36:08,2026-05-06 23:03:08,Delayed
2473,2473,43,15,17.0,2026-06-30 17:00:07,2026-06-30 17:17:07,Delivered
2474,2474,51,20,31.0,2026-03-31 10:29:39,2026-03-31 11:00:39,Delayed
2475,2475,36,10,9.0,2026-05-16 15:41:25,2026-05-16 15:50:25,Delivered
2476,2476,1,20,30.0,2026-05-24 20:17:02,2026-05-24 20:47:02,Delayed
2477,2477,78,20,19.0,2026-02-26 09:44:13,2026-02-26 10:03:13,Delivered
2478,2478,3,20,13.0,2026-07-26 19:31:31,2026-07-26 19:44:31,Delivered
2479,2479,1,30,28.0,2026-05-15 15:06:37,2026-05-15 15:34:37,Delivered
2480,2480,42,20,,2026-03-05 21:25:24,,Cancelled
2481,2481,38,15,10.0,2026-05-10 15:03:07,2026-05-10 15:13:07,Delivered
2482,2482,61,10,5.0,2026-04-14 16:44:03,2026-04-14 16:49:03,Delivered
2483,2483,57,30,33.0,2026-04-10 16:38:20,2026-04-10 17:11:20,Delivered
2484,2484,14,20,21.0,2026-08-01 13:22:31,2026-08-01 13:43:31,Delivered
2485,2485,63,15,13.0,2026-05-09 20:14:15,2026-05-09 20:27:15,Delivered
2486,2486,81,30,41.0,2026-06-14 12:48:06,2026-06-14 13:29:06,Delayed
2487,2487,69,30,41.0,2026-02-22 18:56:19,2026-02-22 19:37:19,Delayed
2488,2488,81,20,18.0,2026-07-17 20:49:57,2026-07-17 21:07:57,Delivered
2489,2489,7,20,28.0,2026-05-06 21:26:21,2026-05-06 21:54:21,Delayed
2490,2490,31,15,18.0,2026-05-17 15:53:55,2026-05-17 16:11:55,Delivered
2491,2491,16,30,11.0,2026-03-30 15:28:32,2026-03-30 15:39:32,Delivered
2492,2492,18,20,,2026-02-19 14:30:33,,Cancelled
2493,2493,25,20,12.0,2026-05-13 12:35:36,2026-05-13 12:47:36,Delivered
2494,2494,8,15,22.0,2026-07-20 10:47:43,2026-07-20 11:09:43,Delayed
2495,2495,6,30,25.0,2026-07-26 21:58:28,2026-07-26 22:23:28,Delivered
2496,2496,58,10,11.0,2026-05-18 17:02:30,2026-05-18 17:13:30,Delivered
2497,2497,60,20,16.0,2026-06-13 21:11:48,2026-06-13 21:27:48,Delivered
2498,2498,29,20,23.0,2026-07-27 08:36:46,2026-07-27 08:59:46,Delivered
2499,2499,9,10,13.0,2026-07-11 11:19:03,2026-07-11 11:32:03,Delivered
2500,2500,33,15,11.0,2026-07-04 07:28:36,2026-07-04 07:39:36,Delivered
2501,2501,35,20,30.0,2026-05-27 21:20:26,2026-05-27 21:50:26,Delayed
2502,2502,49,10,19.0,2026-04-04 22:14:03,2026-04-04 22:33:03,Delayed
2503,2503,46,15,10.0,2026-03-17 23:42:10,2026-03-17 23:52:10,Delivered
2504,2504,27,10,4.0,2026-05-13 07:56:32,2026-05-13 08:00:32,Delayed
2505,2505,36,20,15.0,2026-04-06 20:10:29,2026-04-06 20:25:29,Delivered
2506,2506,18,30,31.0,2026-05-26 13:43:26,2026-05-26 14:14:26,Delivered
2508,2508,44,20,23.0,2026-07-10 22:53:40,2026-07-10 23:16:40,Delivered
2509,2509,61,10,4.0,2026-03-07 14:33:05,2026-03-07 14:37:05,Delayed
2510,2510,80,30,40.0,2026-02-09 16:33:36,2026-02-09 17:13:36,Delayed
2511,2511,63,30,,2026-06-09 20:00:01,,Cancelled
2512,2512,51,20,20.0,2026-06-13 13:47:42,2026-06-13 14:07:42,Delivered
2513,2513,57,15,6.0,2026-03-28 21:35:31,2026-03-28 21:41:31,Delivered
2514,2514,70,30,32.0,2026-04-02 07:20:20,2026-04-02 07:52:20,Delayed
2515,2515,81,30,35.0,2026-05-23 14:22:49,2026-05-23 14:57:49,Delivered
2516,2516,74,10,4.0,2026-06-08 09:24:08,2026-06-08 09:28:08,Delivered
2517,2517,73,30,30.0,2026-07-02 16:16:41,2026-07-02 16:46:41,Delivered
2518,2518,39,30,,2026-02-27 13:15:02,,Cancelled
2519,2519,61,20,12.0,2026-02-17 22:52:54,2026-02-17 23:04:54,Delivered
2520,2520,34,10,19.0,2026-04-11 08:48:23,2026-04-11 09:07:23,Delayed
2521,2521,30,15,26.0,2026-02-18 10:27:50,2026-02-18 10:53:50,Delayed
2522,2522,22,10,7.0,2026-06-03 07:58:36,2026-06-03 08:05:36,Delivered
2523,2523,72,10,4.0,2026-07-09 16:01:34,2026-07-09 16:05:34,Delivered
2524,2524,11,20,,2026-07-14 21:41:31,,Cancelled
2525,2525,66,15,15.0,2026-05-16 14:07:56,2026-05-16 14:22:56,Delivered
2526,2526,58,15,26.0,2026-05-20 19:08:32,2026-05-20 19:34:32,Delayed
2527,2527,68,10,10.0,2026-02-27 19:45:31,2026-02-27 19:55:31,Delivered
2528,2528,77,15,23.0,2026-07-29 16:36:57,2026-07-29 16:59:57,Delayed
2529,2529,28,10,13.0,2026-02-28 10:14:36,2026-02-28 10:27:36,Delivered
2530,2530,46,15,17.0,2026-03-31 18:23:25,2026-03-31 18:40:25,Delivered
2531,2531,22,10,4.0,2026-07-26 21:01:45,2026-07-26 21:05:45,Delivered
2532,2532,59,10,,2026-02-21 08:39:22,,Cancelled
2533,2533,61,10,11.0,2026-06-30 18:18:45,2026-06-30 18:29:45,Delivered
2534,2534,55,20,20.0,2026-06-25 22:39:17,2026-06-25 22:59:17,Delivered
2535,2535,58,10,11.0,2026-03-26 23:07:51,2026-03-26 23:18:51,Delivered
2536,2536,19,15,17.0,2026-06-06 23:31:50,2026-06-06 23:48:50,Delivered
2537,2537,26,10,8.0,2026-07-24 08:49:05,2026-07-24 08:57:05,Delivered
2538,2538,55,30,26.0,2026-07-10 19:52:40,2026-07-10 20:18:40,Delayed
2540,2540,40,20,18.0,2026-07-06 22:28:22,2026-07-06 22:46:22,Delivered
2541,2541,4,10,6.0,2026-03-13 11:32:01,2026-03-13 11:38:01,Delivered
2542,2542,31,15,18.0,2026-02-26 11:33:16,2026-02-26 11:51:16,Delivered
2543,2543,81,30,30.0,2026-03-31 09:40:17,2026-03-31 10:10:17,Delivered
2544,2544,76,15,10.0,2026-02-28 08:35:37,2026-02-28 08:45:37,Delivered
2545,2545,83,30,34.0,2026-06-03 13:02:46,2026-06-03 13:36:46,Delivered
2546,2546,54,15,16.0,2026-04-02 11:43:38,2026-04-02 11:59:38,Delayed
2547,2547,50,10,13.0,2026-05-17 16:06:10,2026-05-17 16:19:10,Delivered
2548,2548,78,20,21.0,2026-04-02 21:31:50,2026-04-02 21:52:50,Delivered
2549,2549,16,10,7.0,2026-05-02 11:50:17,2026-05-02 11:57:17,Delivered
2550,2550,56,15,7.0,2026-06-03 20:43:33,2026-06-03 20:50:33,Delivered
2551,2551,53,10,10.0,2026-07-14 07:12:04,2026-07-14 07:22:04,Delivered
2552,2552,13,20,21.0,2026-05-11 18:07:09,2026-05-11 18:28:09,Delivered
2553,2553,65,30,40.0,2026-03-09 22:02:37,2026-03-09 22:42:37,Delayed
2554,2554,20,10,11.0,2026-03-28 10:23:48,2026-03-28 10:34:48,Delivered
2555,2555,11,30,36.0,2026-07-11 09:58:32,2026-07-11 10:34:32,Delayed
2556,2556,20,30,,2026-07-06 14:24:22,,Cancelled
2557,2557,40,15,28.0,2026-07-11 21:04:07,2026-07-11 21:32:07,Delayed
2558,2558,20,10,6.0,2026-03-09 14:14:37,2026-03-09 14:20:37,Delivered
2559,2559,62,30,30.0,2026-03-02 21:07:40,2026-03-02 21:37:40,Delivered
2560,2560,21,30,26.0,2026-02-28 14:47:09,2026-02-28 15:13:09,Delivered
2561,2561,21,15,30.0,2026-06-11 16:16:57,2026-06-11 16:46:57,Delayed
2562,2562,39,20,13.0,2026-03-03 21:06:08,2026-03-03 21:19:08,Delayed
2563,2563,37,15,8.0,2026-04-15 18:04:35,2026-04-15 18:12:35,Delivered
2564,2564,21,15,19.0,2026-04-01 21:33:59,2026-04-01 21:52:59,Delivered
2565,2565,62,20,25.0,2026-05-09 19:08:00,2026-05-09 19:33:00,Delivered
2566,2566,58,30,30.0,2026-03-17 00:01:41,2026-03-17 00:31:41,Delivered
2567,2567,29,20,21.0,2026-04-30 14:13:58,2026-04-30 14:34:58,Delivered
2568,2568,83,30,34.0,2026-07-21 16:59:27,2026-07-21 17:33:27,Delivered
2569,2569,71,15,21.0,2026-03-08 20:34:30,2026-03-08 20:55:30,Delayed
2570,2570,27,15,20.0,2026-04-18 23:55:45,2026-04-19 00:15:45,Delivered
2571,2571,42,15,18.0,2026-05-22 14:05:09,2026-05-22 14:23:09,Delivered
2572,2572,34,20,14.0,2026-05-07 22:55:29,2026-05-07 23:09:29,Delivered
2573,2573,5,20,31.0,2026-08-02 13:58:04,2026-08-02 14:29:04,Delayed
2574,2574,69,15,14.0,2026-06-05 11:12:30,2026-06-05 11:26:30,Delivered
2575,2575,65,30,13.0,2026-06-05 14:20:57,2026-06-05 14:33:57,Delivered
2576,2576,16,30,21.0,2026-07-21 18:34:21,2026-07-21 18:55:21,Delivered
2577,2577,54,10,4.0,2026-02-14 18:16:17,2026-02-14 18:20:17,Delivered
2578,2578,22,20,17.0,2026-07-21 18:23:33,2026-07-21 18:40:33,Delayed
2579,2579,6,10,19.0,2026-04-01 19:40:38,2026-04-01 19:59:38,Delayed
2580,2580,47,20,27.0,2026-05-25 18:48:22,2026-05-25 19:15:22,Delayed
2581,2581,28,20,21.0,2026-02-26 08:18:37,2026-02-26 08:39:37,Delivered
2582,2582,79,20,24.0,2026-05-19 09:37:47,2026-05-19 10:01:47,Delivered
2583,2583,7,15,5.0,2026-05-11 14:55:58,2026-05-11 15:00:58,Delivered
2584,2584,61,30,19.0,2026-02-26 14:59:18,2026-02-26 15:18:18,Delivered
2585,2585,9,30,39.0,2026-06-05 21:47:25,2026-06-05 22:26:25,Delayed
2586,2586,10,30,30.0,2026-03-04 19:46:28,2026-03-04 20:16:28,Delivered
2587,2587,18,20,6.0,2026-02-27 22:15:54,2026-02-27 22:21:54,Delivered
2588,2588,35,30,36.0,2026-03-10 17:23:29,2026-03-10 17:59:29,Delayed
2589,2589,65,20,19.0,2026-04-25 16:47:36,2026-04-25 17:06:36,Delivered
2590,2590,62,30,37.0,2026-08-04 15:37:54,2026-08-04 16:14:54,Delayed
2591,2591,82,15,9.0,2026-04-02 08:06:07,2026-04-02 08:15:07,Delivered
2592,2592,6,10,11.0,2026-04-21 13:32:34,2026-04-21 13:43:34,Delivered
2593,2593,81,30,29.0,2026-06-21 07:46:58,2026-06-21 08:15:58,Delivered
2594,2594,59,10,15.0,2026-03-15 10:18:02,2026-03-15 10:33:02,Delivered
2595,2595,60,20,23.0,2026-03-05 10:11:04,2026-03-05 10:34:04,Delivered
2596,2596,8,20,,2026-04-11 18:50:59,,Cancelled
2597,2597,80,15,7.0,2026-07-19 12:21:32,2026-07-19 12:28:32,Delivered
2598,2598,2,20,28.0,2026-04-23 07:11:11,2026-04-23 07:39:11,Delayed
2599,2599,20,30,28.0,2026-08-02 20:52:45,2026-08-02 21:20:45,Delivered
2600,2600,35,20,8.0,2026-05-28 23:29:28,2026-05-28 23:37:28,Delivered
2601,2601,60,30,27.0,2026-06-23 07:32:05,2026-06-23 07:59:05,Delivered
2602,2602,43,20,25.0,2026-07-13 22:34:42,2026-07-13 22:59:42,Delivered
2603,2603,3,10,,2026-08-03 18:40:19,,Cancelled
2604,2604,43,30,38.0,2026-03-27 10:01:44,2026-03-27 10:39:44,Delayed
2605,2605,65,10,6.0,2026-04-23 11:20:39,2026-04-23 11:26:39,Delivered
2606,2606,58,30,33.0,2026-03-31 15:32:27,2026-03-31 16:05:27,Delivered
2607,2607,82,10,,2026-02-15 17:21:16,,Cancelled
2608,2608,34,15,14.0,2026-04-04 17:51:13,2026-04-04 18:05:13,Delivered
2609,2609,79,30,,2026-08-03 11:16:45,,Cancelled
2610,2610,6,20,39.0,2026-02-06 09:24:44,2026-02-06 10:03:44,Delayed
2611,2611,35,20,14.0,2026-04-28 16:06:59,2026-04-28 16:20:59,Delivered
2612,2612,55,10,,2026-04-23 21:30:55,,Cancelled
2613,2613,4,15,10.0,2026-02-27 18:49:40,2026-02-27 18:59:40,Delivered
2614,2614,44,30,29.0,2026-06-17 16:18:21,2026-06-17 16:47:21,Delivered
2615,2615,79,10,22.0,2026-05-10 08:40:37,2026-05-10 09:02:37,Delayed
2616,2616,61,20,28.0,2026-06-24 16:41:45,2026-06-24 17:09:45,Delayed
2617,2617,36,15,11.0,2026-05-14 11:58:24,2026-05-14 12:09:24,Delivered
2618,2618,48,30,34.0,2026-05-21 13:25:59,2026-05-21 13:59:59,Delivered
2619,2619,35,10,7.0,2026-04-13 21:03:24,2026-04-13 21:10:24,Delivered
2620,2620,39,30,,2026-05-04 08:07:31,,Cancelled
2621,2621,79,30,31.0,2026-05-29 07:14:15,2026-05-29 07:45:15,Delivered
2622,2622,56,10,,2026-06-20 17:03:11,,Cancelled
2623,2623,54,20,23.0,2026-06-22 13:10:38,2026-06-22 13:33:38,Delivered
2624,2624,38,20,,2026-07-16 18:13:59,,Cancelled
2625,2625,8,10,17.0,2026-08-03 18:08:04,2026-08-03 18:25:04,Delayed
2627,2627,81,10,9.0,2026-06-04 13:11:32,2026-06-04 13:20:32,Delayed
2628,2628,22,30,48.0,2026-07-09 10:20:47,2026-07-09 11:08:47,Delayed
2629,2629,29,15,15.0,2026-06-22 22:18:37,2026-06-22 22:33:37,Delivered
2630,2630,53,15,9.0,2026-02-11 09:14:18,2026-02-11 09:23:18,Delivered
2631,2631,42,30,,2026-05-30 09:06:36,,Cancelled
2632,2632,67,20,18.0,2026-05-27 23:20:18,2026-05-27 23:38:18,Delivered
2633,2633,59,30,29.0,2026-06-29 22:24:01,2026-06-29 22:53:01,Delivered
2634,2634,4,10,,2026-05-28 21:33:17,,Cancelled
2635,2635,63,30,30.0,2026-05-20 15:17:28,2026-05-20 15:47:28,Delivered
2636,2636,49,30,29.0,2026-07-25 20:06:03,2026-07-25 20:35:03,Delivered
2637,2637,53,15,13.0,2026-04-11 23:48:00,2026-04-12 00:01:00,Delivered
2638,2638,68,10,21.0,2026-04-27 10:26:59,2026-04-27 10:47:59,Delayed
2639,2639,64,10,18.0,2026-03-08 20:24:25,2026-03-08 20:42:25,Delayed
2640,2640,25,30,31.0,2026-02-23 14:17:20,2026-02-23 14:48:20,Delivered
2641,2641,29,10,4.0,2026-02-06 13:50:00,2026-02-06 13:54:00,Delivered
2642,2642,69,20,28.0,2026-03-03 08:20:20,2026-03-03 08:48:20,Delayed
2643,2643,81,10,14.0,2026-05-13 23:03:48,2026-05-13 23:17:48,Delivered
2644,2644,39,15,18.0,2026-02-09 22:37:30,2026-02-09 22:55:30,Delivered
2645,2645,46,10,12.0,2026-07-01 21:49:10,2026-07-01 22:01:10,Delivered
2646,2646,78,15,5.0,2026-03-26 22:26:57,2026-03-26 22:31:57,Delivered
2647,2647,19,15,20.0,2026-06-15 15:42:02,2026-06-15 16:02:02,Delivered
2648,2648,12,10,10.0,2026-03-16 19:33:42,2026-03-16 19:43:42,Delivered
2649,2649,29,15,11.0,2026-03-05 07:56:04,2026-03-05 08:07:04,Delivered
2650,2650,45,10,6.0,2026-05-31 17:34:39,2026-05-31 17:40:39,Delayed
2651,2651,38,15,12.0,2026-05-15 18:51:13,2026-05-15 19:03:13,Delivered
2652,2652,31,15,22.0,2026-06-28 12:38:36,2026-06-28 13:00:36,Delayed
2653,2653,24,10,9.0,2026-05-21 10:17:05,2026-05-21 10:26:05,Delivered
2654,2654,11,30,35.0,2026-04-18 20:54:44,2026-04-18 21:29:44,Delivered
2655,2655,1,10,19.0,2026-06-25 21:37:24,2026-06-25 21:56:24,Delayed
2656,2656,29,30,29.0,2026-02-12 15:51:18,2026-02-12 16:20:18,Delivered
2657,2657,3,10,4.0,2026-03-09 11:21:06,2026-03-09 11:25:06,Delivered
2658,2658,39,10,9.0,2026-02-20 18:33:58,2026-02-20 18:42:58,Delayed
2659,2659,73,30,20.0,2026-03-02 19:31:34,2026-03-02 19:51:34,Delayed
2660,2660,38,30,,2026-04-19 16:42:33,,Cancelled
2661,2661,77,30,28.0,2026-05-29 10:49:22,2026-05-29 11:17:22,Delivered
2662,2662,15,20,29.0,2026-06-28 07:33:47,2026-06-28 08:02:47,Delayed
2663,2663,72,15,4.0,2026-06-13 21:58:09,2026-06-13 22:02:09,Delivered
2664,2664,4,10,4.0,2026-06-13 11:51:39,2026-06-13 11:55:39,Delivered
2665,2665,10,15,20.0,2026-02-23 12:57:27,2026-02-23 13:17:27,Delivered
2666,2666,22,10,10.0,2026-02-12 14:48:38,2026-02-12 14:58:38,Delivered
2667,2667,20,30,34.0,2026-05-20 21:06:27,2026-05-20 21:40:27,Delivered
2668,2668,58,15,11.0,2026-06-19 09:45:05,2026-06-19 09:56:05,Delivered
2669,2669,41,30,,2026-03-14 22:31:24,,Cancelled
2670,2670,31,15,16.0,2026-06-04 18:13:42,2026-06-04 18:29:42,Delivered
2671,2671,27,10,,2026-07-01 12:18:13,,Cancelled
2672,2672,43,10,,2026-06-07 11:49:22,,Cancelled
2673,2673,18,10,14.0,2026-07-19 18:10:28,2026-07-19 18:24:28,Delivered
2674,2674,40,10,6.0,2026-06-05 21:48:13,2026-06-05 21:54:13,Delivered
2675,2675,34,15,17.0,2026-07-13 14:08:02,2026-07-13 14:25:02,Delivered
2676,2676,5,15,11.0,2026-05-19 23:32:01,2026-05-19 23:43:01,Delivered
2678,2678,82,15,7.0,2026-04-10 09:38:36,2026-04-10 09:45:36,Delivered
2679,2679,75,15,16.0,2026-06-05 20:27:50,2026-06-05 20:43:50,Delivered
2680,2680,36,15,17.0,2026-04-07 14:30:01,2026-04-07 14:47:01,Delivered
2681,2681,31,10,20.0,2026-03-11 21:42:13,2026-03-11 22:02:13,Delayed
2682,2682,53,15,27.0,2026-04-20 18:56:08,2026-04-20 19:23:08,Delayed
2684,2684,78,20,19.0,2026-03-17 12:03:48,2026-03-17 12:22:48,Delivered
2685,2685,78,15,17.0,2026-03-30 10:38:04,2026-03-30 10:55:04,Delivered
2686,2686,55,20,,2026-07-19 12:41:29,,Cancelled
2687,2687,52,30,29.0,2026-05-12 07:52:16,2026-05-12 08:21:16,Delayed
2688,2688,78,10,10.0,2026-03-13 08:30:23,2026-03-13 08:40:23,Delivered
2689,2689,29,10,21.0,2026-05-18 19:24:16,2026-05-18 19:45:16,Delayed
2690,2690,63,10,12.0,2026-02-08 22:06:47,2026-02-08 22:18:47,Delivered
2691,2691,34,30,24.0,2026-04-12 14:01:01,2026-04-12 14:25:01,Delivered
2692,2692,1,10,4.0,2026-07-21 17:36:42,2026-07-21 17:40:42,Delivered
2693,2693,32,15,4.0,2026-02-12 15:47:43,2026-02-12 15:51:43,Delayed
2694,2694,54,30,37.0,2026-06-03 12:48:56,2026-06-03 13:25:56,Delayed
2695,2695,66,15,14.0,2026-04-12 23:24:56,2026-04-12 23:38:56,Delivered
2696,2696,67,15,8.0,2026-03-20 18:26:12,2026-03-20 18:34:12,Delivered
2697,2697,6,20,20.0,2026-04-12 10:30:07,2026-04-12 10:50:07,Delivered
2698,2698,74,30,38.0,2026-02-15 18:02:50,2026-02-15 18:40:50,Delayed
2699,2699,38,20,12.0,2026-06-05 08:08:31,2026-06-05 08:20:31,Delivered
2700,2700,80,20,22.0,2026-06-25 16:11:26,2026-06-25 16:33:26,Delivered
2701,2701,7,10,17.0,2026-07-26 21:08:27,2026-07-26 21:25:27,Delayed
2702,2702,81,10,9.0,2026-05-15 16:26:10,2026-05-15 16:35:10,Delivered
2703,2703,36,20,,2026-06-24 22:57:04,,Cancelled
2704,2704,73,15,8.0,2026-05-25 07:53:24,2026-05-25 08:01:24,Delivered
2705,2705,83,10,7.0,2026-04-15 08:04:32,2026-04-15 08:11:32,Delivered
2706,2706,83,20,17.0,2026-02-28 07:38:06,2026-02-28 07:55:06,Delivered
2707,2707,24,15,19.0,2026-02-18 23:34:04,2026-02-18 23:53:04,Delivered
2708,2708,35,15,20.0,2026-02-21 23:07:00,2026-02-21 23:27:00,Delivered
2709,2709,37,20,7.0,2026-05-22 11:41:08,2026-05-22 11:48:08,Delayed
2710,2710,80,10,20.0,2026-08-01 22:15:32,2026-08-01 22:35:32,Delayed
2711,2711,73,30,28.0,2026-06-08 12:04:11,2026-06-08 12:32:11,Delivered
2712,2712,1,30,35.0,2026-05-03 19:48:03,2026-05-03 20:23:03,Delivered
2713,2713,19,20,17.0,2026-04-02 23:40:37,2026-04-02 23:57:37,Delivered
2714,2714,49,10,14.0,2026-04-05 13:16:43,2026-04-05 13:30:43,Delivered
2715,2715,78,30,30.0,2026-08-04 14:51:32,2026-08-04 15:21:32,Delivered
2716,2716,49,15,12.0,2026-05-30 14:54:03,2026-05-30 15:06:03,Delivered
2717,2717,25,20,22.0,2026-02-15 17:15:31,2026-02-15 17:37:31,Delivered
2718,2718,27,20,23.0,2026-07-15 14:29:45,2026-07-15 14:52:45,Delivered
2719,2719,54,20,14.0,2026-04-15 16:02:59,2026-04-15 16:16:59,Delivered
2720,2720,64,10,4.0,2026-05-16 09:05:49,2026-05-16 09:09:49,Delivered
2721,2721,27,30,32.0,2026-03-06 12:35:18,2026-03-06 13:07:18,Delivered
2722,2722,71,10,6.0,2026-03-10 11:37:26,2026-03-10 11:43:26,Delivered
2723,2723,55,15,6.0,2026-07-21 00:01:47,2026-07-21 00:07:47,Delivered
2724,2724,71,20,,2026-03-16 12:52:21,,Cancelled
2725,2725,45,10,26.0,2026-03-29 22:48:42,2026-03-29 23:14:42,Delayed
2726,2726,78,20,23.0,2026-05-31 11:08:57,2026-05-31 11:31:57,Delivered
2727,2727,29,15,,2026-05-23 12:00:13,,Cancelled
2728,2728,40,15,26.0,2026-03-03 07:56:42,2026-03-03 08:22:42,Delayed
2729,2729,23,20,20.0,2026-02-17 09:36:06,2026-02-17 09:56:06,Delivered
2730,2730,62,30,16.0,2026-03-22 12:51:09,2026-03-22 13:07:09,Delivered
2731,2731,80,15,19.0,2026-02-14 21:30:16,2026-02-14 21:49:16,Delivered
2732,2732,29,10,8.0,2026-06-02 12:34:33,2026-06-02 12:42:33,Delivered
2733,2733,74,30,35.0,2026-03-05 10:24:53,2026-03-05 10:59:53,Delivered
2734,2734,45,30,26.0,2026-06-28 21:14:14,2026-06-28 21:40:14,Delivered
2735,2735,73,10,17.0,2026-07-11 10:19:18,2026-07-11 10:36:18,Delayed
2736,2736,17,20,27.0,2026-07-31 18:46:08,2026-07-31 19:13:08,Delayed
2737,2737,25,15,18.0,2026-04-11 19:10:04,2026-04-11 19:28:04,Delivered
2738,2738,72,20,21.0,2026-04-29 07:21:13,2026-04-29 07:42:13,Delivered
2739,2739,70,10,12.0,2026-06-30 14:29:41,2026-06-30 14:41:41,Delivered
2740,2740,80,10,,2026-06-16 15:13:42,,Cancelled
2741,2741,67,10,,2026-04-22 09:25:34,,Cancelled
2742,2742,68,30,26.0,2026-04-02 19:19:51,2026-04-02 19:45:51,Delivered
2743,2743,58,30,24.0,2026-06-01 11:39:07,2026-06-01 12:03:07,Delivered
2744,2744,39,30,29.0,2026-07-25 08:51:26,2026-07-25 09:20:26,Delivered
2745,2745,67,20,12.0,2026-07-28 11:00:16,2026-07-28 11:12:16,Delivered
2746,2746,11,15,24.0,2026-03-03 11:25:26,2026-03-03 11:49:26,Delayed
2747,2747,81,30,25.0,2026-05-16 18:07:03,2026-05-16 18:32:03,Delivered
2748,2748,64,15,14.0,2026-05-08 22:59:28,2026-05-08 23:13:28,Delivered
2749,2749,74,30,43.0,2026-04-12 09:32:32,2026-04-12 10:15:32,Delayed
2750,2750,59,30,34.0,2026-03-20 16:04:34,2026-03-20 16:38:34,Delayed
2751,2751,11,20,26.0,2026-05-20 18:07:59,2026-05-20 18:33:59,Delayed
2752,2752,45,30,34.0,2026-04-05 19:45:24,2026-04-05 20:19:24,Delivered
2753,2753,23,20,20.0,2026-07-08 23:23:17,2026-07-08 23:43:17,Delivered
2754,2754,78,15,16.0,2026-02-22 12:57:06,2026-02-22 13:13:06,Delivered
2755,2755,14,10,7.0,2026-03-23 11:34:33,2026-03-23 11:41:33,Delivered
2756,2756,63,10,13.0,2026-04-19 09:39:45,2026-04-19 09:52:45,Delivered
2757,2757,46,30,34.0,2026-07-28 16:59:31,2026-07-28 17:33:31,Delivered
2758,2758,77,20,23.0,2026-06-27 11:41:39,2026-06-27 12:04:39,Delivered
2759,2759,6,10,,2026-07-13 14:26:02,,Cancelled
2760,2760,75,20,23.0,2026-04-07 08:10:55,2026-04-07 08:33:55,Delivered
2761,2761,28,10,5.0,2026-04-05 18:59:57,2026-04-05 19:04:57,Delivered
2762,2762,18,30,32.0,2026-02-06 23:59:01,2026-02-07 00:31:01,Delivered
2763,2763,60,20,10.0,2026-05-25 20:49:38,2026-05-25 20:59:38,Delivered
2764,2764,17,10,4.0,2026-03-20 08:03:39,2026-03-20 08:07:39,Delivered
2765,2765,35,15,15.0,2026-06-09 13:55:37,2026-06-09 14:10:37,Delivered
2766,2766,16,15,17.0,2026-03-06 14:33:08,2026-03-06 14:50:08,Delivered
2767,2767,64,30,32.0,2026-03-31 12:14:14,2026-03-31 12:46:14,Delivered
2768,2768,77,20,20.0,2026-02-17 07:16:46,2026-02-17 07:36:46,Delivered
2769,2769,51,15,15.0,2026-07-16 18:24:39,2026-07-16 18:39:39,Delivered
2770,2770,60,15,16.0,2026-06-25 18:13:05,2026-06-25 18:29:05,Delivered
2771,2771,65,15,10.0,2026-06-22 18:59:13,2026-06-22 19:09:13,Delivered
2772,2772,41,30,28.0,2026-05-10 22:11:37,2026-05-10 22:39:37,Delivered
2773,2773,53,10,14.0,2026-03-07 07:03:21,2026-03-07 07:17:21,Delivered
2774,2774,36,15,20.0,2026-03-01 21:00:13,2026-03-01 21:20:13,Delivered
2775,2775,8,20,24.0,2026-02-11 21:39:35,2026-02-11 22:03:35,Delivered
2776,2776,82,10,16.0,2026-07-04 11:25:53,2026-07-04 11:41:53,Delayed
2777,2777,63,20,12.0,2026-04-15 15:43:06,2026-04-15 15:55:06,Delivered
2778,2778,67,10,17.0,2026-02-07 07:38:39,2026-02-07 07:55:39,Delayed
2779,2779,80,10,18.0,2026-03-28 16:58:23,2026-03-28 17:16:23,Delayed
2780,2780,36,10,6.0,2026-06-13 12:33:46,2026-06-13 12:39:46,Delivered
2781,2781,56,30,25.0,2026-03-06 09:21:47,2026-03-06 09:46:47,Delivered
2782,2782,55,15,21.0,2026-07-09 12:41:15,2026-07-09 13:02:15,Delayed
2783,2783,29,30,31.0,2026-05-08 07:37:13,2026-05-08 08:08:13,Delivered
2784,2784,14,20,10.0,2026-06-04 09:13:59,2026-06-04 09:23:59,Delivered
2785,2785,64,15,8.0,2026-02-13 20:33:25,2026-02-13 20:41:25,Delivered
2786,2786,4,30,40.0,2026-04-06 16:05:09,2026-04-06 16:45:09,Delayed
2787,2787,74,10,13.0,2026-02-14 09:47:54,2026-02-14 10:00:54,Delivered
2788,2788,46,15,21.0,2026-02-13 21:39:21,2026-02-13 22:00:21,Delayed
2789,2789,53,10,18.0,2026-03-04 17:36:13,2026-03-04 17:54:13,Delayed
2790,2790,47,30,32.0,2026-07-21 23:31:28,2026-07-22 00:03:28,Delivered
2791,2791,8,20,21.0,2026-05-13 22:50:57,2026-05-13 23:11:57,Delivered
2792,2792,42,30,24.0,2026-03-22 23:50:56,2026-03-23 00:14:56,Delivered
2793,2793,39,20,16.0,2026-04-27 20:46:43,2026-04-27 21:02:43,Delivered
2794,2794,13,10,6.0,2026-04-10 23:53:46,2026-04-10 23:59:46,Delivered
2795,2795,10,15,25.0,2026-06-27 13:36:42,2026-06-27 14:01:42,Delayed
2796,2796,67,15,10.0,2026-05-28 09:13:51,2026-05-28 09:23:51,Delivered
2797,2797,39,30,37.0,2026-04-12 07:48:49,2026-04-12 08:25:49,Delayed
2798,2798,57,15,12.0,2026-06-16 09:13:44,2026-06-16 09:25:44,Delivered
2799,2799,64,30,24.0,2026-02-12 19:16:33,2026-02-12 19:40:33,Delivered
2800,2800,3,10,4.0,2026-05-03 23:52:59,2026-05-03 23:56:59,Delivered
2801,2801,65,15,20.0,2026-06-27 08:56:15,2026-06-27 09:16:15,Delivered
2802,2802,12,20,16.0,2026-04-16 15:09:42,2026-04-16 15:25:42,Delivered
2803,2803,3,20,15.0,2026-02-18 13:23:21,2026-02-18 13:38:21,Delivered
2804,2804,48,30,25.0,2026-06-26 19:37:40,2026-06-26 20:02:40,Delivered
2805,2805,51,20,10.0,2026-08-02 15:31:49,2026-08-02 15:41:49,Delivered
2806,2806,81,10,9.0,2026-08-01 09:14:26,2026-08-01 09:23:26,Delivered
2807,2807,81,30,30.0,2026-05-13 21:51:14,2026-05-13 22:21:14,Delivered
2808,2808,80,20,28.0,2026-03-16 15:02:04,2026-03-16 15:30:04,Delayed
2809,2809,22,15,14.0,2026-06-24 09:14:23,2026-06-24 09:28:23,Delivered
2810,2810,17,30,30.0,2026-04-08 19:12:08,2026-04-08 19:42:08,Delivered
2811,2811,28,10,5.0,2026-06-04 16:09:50,2026-06-04 16:14:50,Delayed
2812,2812,60,15,5.0,2026-03-30 12:07:41,2026-03-30 12:12:41,Delivered
2813,2813,1,10,9.0,2026-03-03 08:10:00,2026-03-03 08:19:00,Delivered
2814,2814,61,30,31.0,2026-06-14 21:02:24,2026-06-14 21:33:24,Delivered
2815,2815,16,15,18.0,2026-04-11 09:15:39,2026-04-11 09:33:39,Delivered
2816,2816,15,20,19.0,2026-03-29 08:43:58,2026-03-29 09:02:58,Delivered
2817,2817,22,15,7.0,2026-03-07 15:47:25,2026-03-07 15:54:25,Delivered
2818,2818,1,30,25.0,2026-08-04 09:12:55,2026-08-04 09:37:55,Delivered
2819,2819,6,20,22.0,2026-05-28 09:11:51,2026-05-28 09:33:51,Delivered
2820,2820,62,30,34.0,2026-03-02 18:24:15,2026-03-02 18:58:15,Delivered
2821,2821,7,15,19.0,2026-05-22 07:27:29,2026-05-22 07:46:29,Delivered
2822,2822,80,20,10.0,2026-06-06 16:24:49,2026-06-06 16:34:49,Delivered
2823,2823,16,15,5.0,2026-05-24 07:37:44,2026-05-24 07:42:44,Delayed
2824,2824,8,30,28.0,2026-03-16 00:01:29,2026-03-16 00:29:29,Delivered
2825,2825,66,20,22.0,2026-07-22 14:30:49,2026-07-22 14:52:49,Delayed
2826,2826,55,30,27.0,2026-04-25 16:38:35,2026-04-25 17:05:35,Delivered
2827,2827,41,10,4.0,2026-08-04 07:45:52,2026-08-04 07:49:52,Delivered
2828,2828,19,30,22.0,2026-04-10 13:04:25,2026-04-10 13:26:25,Delivered
2829,2829,29,30,23.0,2026-06-06 19:15:29,2026-06-06 19:38:29,Delivered
2830,2830,82,30,29.0,2026-04-08 22:53:47,2026-04-08 23:22:47,Delivered
2831,2831,80,15,11.0,2026-03-17 10:50:42,2026-03-17 11:01:42,Delivered
2832,2832,1,10,4.0,2026-03-29 14:58:51,2026-03-29 15:02:51,Delivered
2833,2833,78,10,20.0,2026-06-13 22:58:22,2026-06-13 23:18:22,Delayed
2834,2834,15,30,23.0,2026-06-17 19:31:34,2026-06-17 19:54:34,Delivered
2835,2835,39,20,,2026-04-29 18:26:59,,Cancelled
2836,2836,38,20,29.0,2026-05-10 21:18:35,2026-05-10 21:47:35,Delayed
2837,2837,83,20,28.0,2026-04-27 10:36:03,2026-04-27 11:04:03,Delayed
2838,2838,46,30,16.0,2026-03-09 10:47:54,2026-03-09 11:03:54,Delivered
2839,2839,73,20,10.0,2026-02-22 17:32:29,2026-02-22 17:42:29,Delivered
2840,2840,18,10,5.0,2026-02-11 08:23:39,2026-02-11 08:28:39,Delivered
2841,2841,41,20,37.0,2026-04-23 23:39:16,2026-04-24 00:16:16,Delayed
2842,2842,32,30,34.0,2026-04-28 08:01:04,2026-04-28 08:35:04,Delivered
2843,2843,46,10,7.0,2026-05-05 18:22:38,2026-05-05 18:29:38,Delivered
2844,2844,32,15,,2026-05-18 07:13:45,,Cancelled
2845,2845,55,10,4.0,2026-06-13 10:57:15,2026-06-13 11:01:15,Delivered
2847,2847,82,30,37.0,2026-02-20 17:14:28,2026-02-20 17:51:28,Delayed
2848,2848,49,15,21.0,2026-07-13 16:35:14,2026-07-13 16:56:14,Delayed
2849,2849,28,20,26.0,2026-06-18 10:58:42,2026-06-18 11:24:42,Delayed
2850,2850,32,10,15.0,2026-05-01 22:45:42,2026-05-01 23:00:42,Delayed
2851,2851,55,30,41.0,2026-05-16 09:04:19,2026-05-16 09:45:19,Delayed
2852,2852,58,30,24.0,2026-02-26 12:12:51,2026-02-26 12:36:51,Delivered
2853,2853,10,15,13.0,2026-04-01 23:50:28,2026-04-02 00:03:28,Delivered
2854,2854,2,15,,2026-07-28 23:32:06,,Cancelled
2855,2855,66,30,24.0,2026-05-21 08:38:09,2026-05-21 09:02:09,Delivered
2856,2856,65,30,34.0,2026-03-14 10:47:23,2026-03-14 11:21:23,Delivered
2857,2857,39,15,,2026-06-02 13:59:16,,Cancelled
2858,2858,19,20,19.0,2026-04-17 16:29:44,2026-04-17 16:48:44,Delivered
2859,2859,27,10,14.0,2026-06-21 08:30:26,2026-06-21 08:44:26,Delivered
2860,2860,62,10,,2026-03-04 08:27:26,,Cancelled
2861,2861,16,10,4.0,2026-02-24 21:27:02,2026-02-24 21:31:02,Delivered
2862,2862,76,15,18.0,2026-05-04 10:58:53,2026-05-04 11:16:53,Delivered
2864,2864,77,15,,2026-03-25 13:17:14,,Cancelled
2865,2865,42,10,4.0,2026-06-20 19:56:04,2026-06-20 20:00:04,Delivered
2866,2866,15,30,33.0,2026-03-06 10:28:47,2026-03-06 11:01:47,Delivered
2867,2867,74,20,11.0,2026-02-06 20:14:56,2026-02-06 20:25:56,Delayed
2868,2868,82,30,26.0,2026-06-13 19:13:53,2026-06-13 19:39:53,Delivered
2869,2869,15,20,26.0,2026-07-01 15:34:44,2026-07-01 16:00:44,Delayed
2870,2870,43,20,11.0,2026-02-18 16:20:34,2026-02-18 16:31:34,Delayed
2871,2871,61,20,16.0,2026-02-11 12:16:46,2026-02-11 12:32:46,Delivered
2872,2872,14,20,22.0,2026-08-03 19:53:28,2026-08-03 20:15:28,Delivered
2873,2873,26,30,28.0,2026-04-04 12:05:53,2026-04-04 12:33:53,Delivered
2874,2874,19,20,13.0,2026-05-05 11:20:01,2026-05-05 11:33:01,Delivered
2875,2875,58,15,15.0,2026-08-01 17:58:17,2026-08-01 18:13:17,Delivered
2876,2876,55,20,12.0,2026-05-02 08:21:43,2026-05-02 08:33:43,Delivered
2877,2877,57,10,12.0,2026-05-17 13:21:34,2026-05-17 13:33:34,Delivered
2878,2878,26,20,21.0,2026-05-10 12:46:47,2026-05-10 13:07:47,Delivered
2880,2880,13,10,,2026-06-06 11:45:18,,Cancelled
2881,2881,72,20,23.0,2026-08-04 23:49:47,2026-08-05 00:12:47,Delivered
2882,2882,40,10,10.0,2026-05-23 15:49:21,2026-05-23 15:59:21,Delivered
2883,2883,51,10,4.0,2026-07-30 23:11:49,2026-07-30 23:15:49,Delivered
2884,2884,40,20,30.0,2026-07-16 10:23:21,2026-07-16 10:53:21,Delayed
2885,2885,39,15,7.0,2026-03-19 20:39:54,2026-03-19 20:46:54,Delayed
2886,2886,64,30,39.0,2026-06-19 11:15:53,2026-06-19 11:54:53,Delayed
2887,2887,27,30,29.0,2026-07-16 14:12:51,2026-07-16 14:41:51,Delayed
2888,2888,41,10,16.0,2026-05-11 15:22:23,2026-05-11 15:38:23,Delayed
2889,2889,16,15,17.0,2026-07-23 20:25:50,2026-07-23 20:42:50,Delivered
2890,2890,12,30,34.0,2026-04-19 17:33:25,2026-04-19 18:07:25,Delivered
2891,2891,4,10,4.0,2026-02-12 17:38:35,2026-02-12 17:42:35,Delivered
2892,2892,82,15,23.0,2026-06-05 16:53:09,2026-06-05 17:16:09,Delayed
2893,2893,9,20,29.0,2026-03-11 14:21:35,2026-03-11 14:50:35,Delayed
2894,2894,76,10,,2026-02-25 14:36:02,,Cancelled
2895,2895,63,20,25.0,2026-04-10 15:51:32,2026-04-10 16:16:32,Delivered
2896,2896,30,30,25.0,2026-04-07 20:25:28,2026-04-07 20:50:28,Delivered
2897,2897,24,30,,2026-04-22 20:40:25,,Cancelled
2898,2898,38,20,15.0,2026-02-23 22:52:43,2026-02-23 23:07:43,Delivered
2899,2899,32,15,4.0,2026-06-25 22:38:32,2026-06-25 22:42:32,Delivered
2900,2900,52,10,,2026-05-28 11:33:23,,Cancelled
2901,2901,55,15,12.0,2026-02-25 12:44:34,2026-02-25 12:56:34,Delivered
2902,2902,68,15,21.0,2026-02-08 12:17:34,2026-02-08 12:38:34,Delayed
2903,2903,25,20,21.0,2026-06-22 15:43:22,2026-06-22 16:04:22,Delivered
2904,2904,76,15,28.0,2026-07-09 08:18:21,2026-07-09 08:46:21,Delayed
2905,2905,60,15,16.0,2026-03-09 07:50:27,2026-03-09 08:06:27,Delivered
2906,2906,10,30,35.0,2026-03-20 13:48:48,2026-03-20 14:23:48,Delivered
2907,2907,66,10,4.0,2026-08-02 08:45:02,2026-08-02 08:49:02,Delivered
2908,2908,26,20,14.0,2026-03-27 21:32:04,2026-03-27 21:46:04,Delivered
2909,2909,37,20,,2026-02-09 15:56:05,,Cancelled
2910,2910,60,10,13.0,2026-07-29 21:49:45,2026-07-29 22:02:45,Delivered
2911,2911,50,30,23.0,2026-05-22 11:23:57,2026-05-22 11:46:57,Delivered
2912,2912,38,20,13.0,2026-04-05 20:32:57,2026-04-05 20:45:57,Delivered
2913,2913,67,15,10.0,2026-02-09 08:41:55,2026-02-09 08:51:55,Delivered
2914,2914,6,20,15.0,2026-02-10 19:56:56,2026-02-10 20:11:56,Delivered
2915,2915,40,15,22.0,2026-05-03 22:30:59,2026-05-03 22:52:59,Delayed
2917,2917,40,15,15.0,2026-03-07 09:39:41,2026-03-07 09:54:41,Delivered
2918,2918,60,30,32.0,2026-05-20 12:21:16,2026-05-20 12:53:16,Delivered
2919,2919,4,30,39.0,2026-05-29 11:21:07,2026-05-29 12:00:07,Delayed
2920,2920,77,20,23.0,2026-07-18 09:17:28,2026-07-18 09:40:28,Delivered
2921,2921,68,10,4.0,2026-06-24 17:26:51,2026-06-24 17:30:51,Delivered
2922,2922,71,10,4.0,2026-08-01 22:49:02,2026-08-01 22:53:02,Delivered
2923,2923,60,20,29.0,2026-05-01 11:22:25,2026-05-01 11:51:25,Delayed
2924,2924,21,20,10.0,2026-04-19 21:45:39,2026-04-19 21:55:39,Delivered
2925,2925,61,10,,2026-03-09 16:56:41,,Cancelled
2926,2926,21,30,31.0,2026-06-22 15:25:42,2026-06-22 15:56:42,Delivered
2927,2927,6,30,26.0,2026-02-25 22:51:33,2026-02-25 23:17:33,Delivered
2928,2928,32,15,14.0,2026-04-03 08:00:41,2026-04-03 08:14:41,Delivered
2929,2929,42,15,16.0,2026-07-09 15:28:11,2026-07-09 15:44:11,Delivered
2930,2930,26,30,21.0,2026-03-04 08:11:49,2026-03-04 08:32:49,Delivered
2931,2931,65,10,4.0,2026-05-02 20:23:15,2026-05-02 20:27:15,Delivered
2932,2932,14,10,7.0,2026-06-03 16:15:43,2026-06-03 16:22:43,Delivered
2933,2933,73,30,38.0,2026-05-16 21:13:18,2026-05-16 21:51:18,Delayed
2934,2934,66,15,7.0,2026-07-19 22:02:30,2026-07-19 22:09:30,Delivered
2935,2935,61,30,28.0,2026-06-17 23:48:38,2026-06-18 00:16:38,Delayed
2936,2936,45,30,30.0,2026-06-29 22:54:36,2026-06-29 23:24:36,Delivered
2937,2937,61,20,24.0,2026-02-11 14:01:14,2026-02-11 14:25:14,Delivered
2938,2938,56,15,18.0,2026-02-08 22:34:15,2026-02-08 22:52:15,Delivered
2939,2939,74,30,35.0,2026-06-20 20:49:49,2026-06-20 21:24:49,Delivered
2940,2940,38,15,13.0,2026-06-25 10:06:49,2026-06-25 10:19:49,Delivered
2941,2941,21,30,29.0,2026-07-24 21:40:07,2026-07-24 22:09:07,Delivered
2942,2942,43,10,9.0,2026-04-17 12:01:34,2026-04-17 12:10:34,Delivered
2943,2943,11,15,13.0,2026-07-27 23:55:49,2026-07-28 00:08:49,Delivered
2944,2944,61,10,,2026-06-18 16:41:25,,Cancelled
2945,2945,64,30,26.0,2026-02-19 21:27:29,2026-02-19 21:53:29,Delivered
2946,2946,70,20,21.0,2026-06-01 19:48:15,2026-06-01 20:09:15,Delivered
2947,2947,47,15,10.0,2026-07-21 16:16:57,2026-07-21 16:26:57,Delivered
2948,2948,6,30,26.0,2026-04-11 17:21:51,2026-04-11 17:47:51,Delivered
2949,2949,21,15,,2026-07-29 17:36:13,,Cancelled
2950,2950,57,30,19.0,2026-05-01 07:41:10,2026-05-01 08:00:10,Delivered
2951,2951,27,30,24.0,2026-02-28 11:54:50,2026-02-28 12:18:50,Delayed
2953,2953,79,20,27.0,2026-07-12 17:45:43,2026-07-12 18:12:43,Delayed
2954,2954,40,30,31.0,2026-04-02 10:22:22,2026-04-02 10:53:22,Delivered
2955,2955,75,10,16.0,2026-05-10 13:17:12,2026-05-10 13:33:12,Delayed
2956,2956,55,30,40.0,2026-05-19 11:26:05,2026-05-19 12:06:05,Delayed
2957,2957,62,30,18.0,2026-02-14 07:20:07,2026-02-14 07:38:07,Delivered
2958,2958,65,20,20.0,2026-06-05 16:48:42,2026-06-05 17:08:42,Delivered
2959,2959,46,30,26.0,2026-04-07 22:30:24,2026-04-07 22:56:24,Delivered
2960,2960,73,20,19.0,2026-04-29 11:00:55,2026-04-29 11:19:55,Delivered
2961,2961,67,30,26.0,2026-07-20 19:03:15,2026-07-20 19:29:15,Delivered
2962,2962,82,20,16.0,2026-04-26 18:17:24,2026-04-26 18:33:24,Delivered
2963,2963,34,20,24.0,2026-03-09 20:25:04,2026-03-09 20:49:04,Delivered
2964,2964,43,10,16.0,2026-06-19 13:45:33,2026-06-19 14:01:33,Delayed
2965,2965,82,20,13.0,2026-05-26 13:45:32,2026-05-26 13:58:32,Delivered
2966,2966,36,30,24.0,2026-06-11 11:51:22,2026-06-11 12:15:22,Delivered
2967,2967,67,15,16.0,2026-03-18 23:30:22,2026-03-18 23:46:22,Delivered
2968,2968,54,10,4.0,2026-05-01 20:53:30,2026-05-01 20:57:30,Delayed
2969,2969,21,20,17.0,2026-08-02 15:39:38,2026-08-02 15:56:38,Delivered
2970,2970,37,10,4.0,2026-07-18 20:03:47,2026-07-18 20:07:47,Delivered
2971,2971,50,30,29.0,2026-03-20 11:32:18,2026-03-20 12:01:18,Delivered
2972,2972,3,20,16.0,2026-07-07 12:56:25,2026-07-07 13:12:25,Delivered
2973,2973,80,20,20.0,2026-04-26 11:26:14,2026-04-26 11:46:14,Delivered
2974,2974,51,10,11.0,2026-04-11 16:40:11,2026-04-11 16:51:11,Delayed
2975,2975,41,15,16.0,2026-03-05 12:29:21,2026-03-05 12:45:21,Delivered
2976,2976,82,20,23.0,2026-06-13 11:41:35,2026-06-13 12:04:35,Delivered
2978,2978,75,30,26.0,2026-06-08 10:51:16,2026-06-08 11:17:16,Delivered
2979,2979,40,30,35.0,2026-07-02 18:18:42,2026-07-02 18:53:42,Delayed
2980,2980,62,30,27.0,2026-07-09 12:59:14,2026-07-09 13:26:14,Delivered
2981,2981,71,30,28.0,2026-03-31 14:26:18,2026-03-31 14:54:18,Delivered
2982,2982,15,15,19.0,2026-06-16 21:08:11,2026-06-16 21:27:11,Delivered
2983,2983,41,10,15.0,2026-02-11 22:03:39,2026-02-11 22:18:39,Delivered
2984,2984,34,30,32.0,2026-05-17 14:53:48,2026-05-17 15:25:48,Delivered
2985,2985,5,30,31.0,2026-03-19 19:33:28,2026-03-19 20:04:28,Delivered
2986,2986,1,10,8.0,2026-03-09 23:13:54,2026-03-09 23:21:54,Delivered
2987,2987,82,20,27.0,2026-07-08 15:29:56,2026-07-08 15:56:56,Delayed
2988,2988,70,20,,2026-03-24 09:52:33,,Cancelled
2989,2989,62,20,15.0,2026-05-26 11:16:09,2026-05-26 11:31:09,Delivered
2990,2990,7,15,14.0,2026-06-15 13:32:46,2026-06-15 13:46:46,Delivered
2992,2992,36,10,16.0,2026-02-08 08:10:11,2026-02-08 08:26:11,Delayed
2993,2993,3,30,,2026-05-17 14:52:06,,Cancelled
2994,2994,33,15,16.0,2026-06-06 20:23:06,2026-06-06 20:39:06,Delivered
2995,2995,26,15,15.0,2026-06-01 16:26:17,2026-06-01 16:41:17,Delivered
2996,2996,57,20,15.0,2026-05-25 20:40:46,2026-05-25 20:55:46,Delivered
2997,2997,71,20,18.0,2026-05-07 09:01:42,2026-05-07 09:19:42,Delivered
2998,2998,33,10,,2026-03-27 15:44:59,,Cancelled
2999,2999,33,20,16.0,2026-06-25 09:57:18,2026-06-25 10:13:18,Delivered
3000,3000,36,20,31.0,2026-03-01 14:25:40,2026-03-01 14:56:40,Delayed
3001,3001,40,10,12.0,2026-05-13 19:41:12,2026-05-13 19:53:12,Delivered
3002,3002,30,20,5.0,2026-05-08 13:06:14,2026-05-08 13:11:14,Delivered
3003,3003,58,30,25.0,2026-05-12 12:36:22,2026-05-12 13:01:22,Delivered
3004,3004,27,20,,2026-05-08 23:22:56,,Cancelled
3005,3005,26,15,,2026-04-03 19:46:19,,Cancelled
3006,3006,21,20,16.0,2026-05-25 07:21:13,2026-05-25 07:37:13,Delivered
3007,3007,28,30,23.0,2026-06-25 09:16:55,2026-06-25 09:39:55,Delivered
3008,3008,67,20,25.0,2026-07-23 09:34:34,2026-07-23 09:59:34,Delivered
3010,3010,24,20,15.0,2026-03-17 15:30:57,2026-03-17 15:45:57,Delivered
3011,3011,38,10,8.0,2026-05-16 19:13:55,2026-05-16 19:21:55,Delivered
3012,3012,25,30,24.0,2026-03-03 22:53:36,2026-03-03 23:17:36,Delivered
3013,3013,66,15,23.0,2026-04-25 22:34:55,2026-04-25 22:57:55,Delayed
3014,3014,28,10,13.0,2026-06-11 17:30:35,2026-06-11 17:43:35,Delivered
3015,3015,25,10,19.0,2026-05-09 21:23:09,2026-05-09 21:42:09,Delayed
3016,3016,66,10,10.0,2026-07-03 14:10:05,2026-07-03 14:20:05,Delivered
3017,3017,77,20,17.0,2026-03-14 21:59:13,2026-03-14 22:16:13,Delayed
3018,3018,65,20,30.0,2026-06-23 15:23:09,2026-06-23 15:53:09,Delayed
3019,3019,7,30,23.0,2026-06-18 20:08:07,2026-06-18 20:31:07,Delivered
3020,3020,11,20,9.0,2026-02-05 14:56:38,2026-02-05 15:05:38,Delivered
3021,3021,81,30,28.0,2026-06-19 11:10:00,2026-06-19 11:38:00,Delivered
3022,3022,11,15,,2026-05-29 08:20:21,,Cancelled
3023,3023,64,20,19.0,2026-08-02 08:14:37,2026-08-02 08:33:37,Delivered
3024,3024,51,15,22.0,2026-06-12 21:27:44,2026-06-12 21:49:44,Delayed
3025,3025,78,20,27.0,2026-05-12 19:29:40,2026-05-12 19:56:40,Delayed
3026,3026,81,10,4.0,2026-05-04 07:41:59,2026-05-04 07:45:59,Delivered
3027,3027,80,30,30.0,2026-03-27 11:35:12,2026-03-27 12:05:12,Delivered
3028,3028,63,20,19.0,2026-06-12 20:11:58,2026-06-12 20:30:58,Delivered
3029,3029,32,10,,2026-03-18 20:27:29,,Cancelled
3030,3030,44,20,18.0,2026-06-02 09:09:25,2026-06-02 09:27:25,Delivered
3031,3031,2,10,13.0,2026-04-13 19:39:33,2026-04-13 19:52:33,Delivered
3032,3032,14,10,8.0,2026-03-03 20:32:40,2026-03-03 20:40:40,Delivered
3033,3033,53,15,18.0,2026-06-04 10:02:06,2026-06-04 10:20:06,Delivered
3034,3034,68,30,39.0,2026-04-18 18:02:09,2026-04-18 18:41:09,Delayed
3035,3035,79,30,20.0,2026-03-17 15:13:34,2026-03-17 15:33:34,Delivered
3036,3036,80,20,15.0,2026-04-13 14:53:11,2026-04-13 15:08:11,Delivered
3037,3037,51,10,4.0,2026-05-28 17:05:23,2026-05-28 17:09:23,Delivered
3038,3038,72,30,29.0,2026-03-06 08:38:26,2026-03-06 09:07:26,Delivered
3039,3039,20,30,39.0,2026-03-17 14:25:25,2026-03-17 15:04:25,Delayed
3040,3040,61,15,12.0,2026-06-28 09:20:39,2026-06-28 09:32:39,Delivered
3041,3041,77,30,30.0,2026-04-21 21:44:54,2026-04-21 22:14:54,Delivered
3042,3042,25,20,17.0,2026-06-09 15:03:23,2026-06-09 15:20:23,Delivered
3043,3043,50,15,7.0,2026-02-09 20:27:40,2026-02-09 20:34:40,Delivered
3044,3044,12,15,22.0,2026-04-02 09:23:33,2026-04-02 09:45:33,Delayed
3045,3045,80,15,,2026-03-20 09:13:25,,Cancelled
3046,3046,70,10,7.0,2026-06-23 17:05:50,2026-06-23 17:12:50,Delivered
3047,3047,63,30,36.0,2026-05-19 14:36:57,2026-05-19 15:12:57,Delayed
3048,3048,65,15,13.0,2026-04-10 10:12:11,2026-04-10 10:25:11,Delivered
3049,3049,37,20,10.0,2026-03-18 11:08:51,2026-03-18 11:18:51,Delivered
3050,3050,61,15,13.0,2026-04-30 17:25:40,2026-04-30 17:38:40,Delivered
3051,3051,20,10,5.0,2026-07-15 17:45:26,2026-07-15 17:50:26,Delivered
3052,3052,3,20,,2026-08-01 22:53:46,,Cancelled
3053,3053,2,15,10.0,2026-05-18 15:11:09,2026-05-18 15:21:09,Delivered
3054,3054,82,15,14.0,2026-07-11 22:46:12,2026-07-11 23:00:12,Delivered
3055,3055,58,15,15.0,2026-03-06 10:41:47,2026-03-06 10:56:47,Delivered
3056,3056,69,30,32.0,2026-06-16 19:14:01,2026-06-16 19:46:01,Delivered
3057,3057,76,30,30.0,2026-02-19 07:34:46,2026-02-19 08:04:46,Delivered
3059,3059,37,15,16.0,2026-07-10 22:54:07,2026-07-10 23:10:07,Delivered
3060,3060,12,15,5.0,2026-02-14 07:38:25,2026-02-14 07:43:25,Delivered
3061,3061,41,15,16.0,2026-02-05 08:37:25,2026-02-05 08:53:25,Delivered
3062,3062,64,15,15.0,2026-07-23 18:46:54,2026-07-23 19:01:54,Delivered
3063,3063,68,30,28.0,2026-07-13 21:48:20,2026-07-13 22:16:20,Delivered
3064,3064,9,30,37.0,2026-02-12 21:44:55,2026-02-12 22:21:55,Delayed
3065,3065,35,20,26.0,2026-03-22 09:17:22,2026-03-22 09:43:22,Delayed
3066,3066,30,20,,2026-06-20 22:16:39,,Cancelled
3067,3067,19,20,18.0,2026-04-26 23:42:06,2026-04-27 00:00:06,Delivered
3068,3068,16,30,25.0,2026-03-29 14:04:33,2026-03-29 14:29:33,Delivered
3069,3069,5,20,18.0,2026-07-13 09:22:17,2026-07-13 09:40:17,Delivered
3070,3070,54,10,12.0,2026-07-10 21:27:25,2026-07-10 21:39:25,Delivered
3071,3071,11,30,26.0,2026-06-29 08:37:12,2026-06-29 09:03:12,Delivered
3072,3072,78,10,4.0,2026-03-09 11:36:40,2026-03-09 11:40:40,Delivered
3073,3073,31,10,23.0,2026-07-23 12:04:22,2026-07-23 12:27:22,Delayed
3074,3074,38,30,23.0,2026-02-07 15:18:12,2026-02-07 15:41:12,Delivered
3075,3075,42,10,13.0,2026-04-24 20:59:32,2026-04-24 21:12:32,Delivered
3076,3076,8,20,28.0,2026-02-25 16:34:01,2026-02-25 17:02:01,Delayed
3077,3077,22,15,15.0,2026-06-28 12:42:14,2026-06-28 12:57:14,Delivered
3078,3078,2,20,19.0,2026-06-01 12:28:18,2026-06-01 12:47:18,Delivered
3079,3079,79,15,18.0,2026-05-03 14:44:31,2026-05-03 15:02:31,Delivered
3080,3080,15,20,,2026-05-28 19:02:06,,Cancelled
3081,3081,57,15,13.0,2026-03-26 09:36:52,2026-03-26 09:49:52,Delivered
3082,3082,41,10,,2026-06-16 10:24:27,,Cancelled
3083,3083,67,15,7.0,2026-06-27 14:27:29,2026-06-27 14:34:29,Delivered
3084,3084,51,30,28.0,2026-05-21 19:27:59,2026-05-21 19:55:59,Delivered
3085,3085,53,20,,2026-07-15 15:06:29,,Cancelled
3086,3086,81,30,23.0,2026-04-29 08:16:33,2026-04-29 08:39:33,Delivered
3087,3087,30,20,20.0,2026-07-22 10:39:10,2026-07-22 10:59:10,Delivered
3088,3088,32,10,,2026-06-13 08:17:12,,Cancelled
3089,3089,8,10,12.0,2026-05-20 20:45:01,2026-05-20 20:57:01,Delivered
3090,3090,78,15,17.0,2026-03-15 11:10:12,2026-03-15 11:27:12,Delivered
3091,3091,59,20,10.0,2026-04-05 10:00:14,2026-04-05 10:10:14,Delivered
3092,3092,75,15,10.0,2026-05-22 21:34:08,2026-05-22 21:44:08,Delivered
3093,3093,49,10,4.0,2026-03-24 08:57:39,2026-03-24 09:01:39,Delivered
3094,3094,76,15,9.0,2026-07-12 19:19:08,2026-07-12 19:28:08,Delivered
3095,3095,3,10,,2026-05-08 09:24:15,,Cancelled
3096,3096,4,20,21.0,2026-06-17 20:04:55,2026-06-17 20:25:55,Delivered
3097,3097,27,10,23.0,2026-03-12 11:40:29,2026-03-12 12:03:29,Delayed
3098,3098,51,20,18.0,2026-07-14 13:30:39,2026-07-14 13:48:39,Delivered
3099,3099,78,10,8.0,2026-04-30 18:45:56,2026-04-30 18:53:56,Delayed
3100,3100,52,20,17.0,2026-04-12 07:28:44,2026-04-12 07:45:44,Delivered
3101,3101,33,20,,2026-03-13 11:09:06,,Cancelled
3102,3102,60,20,14.0,2026-04-23 11:00:09,2026-04-23 11:14:09,Delivered
3103,3103,33,15,6.0,2026-06-09 12:52:20,2026-06-09 12:58:20,Delivered
3104,3104,17,30,35.0,2026-04-22 13:15:41,2026-04-22 13:50:41,Delivered
3105,3105,47,20,17.0,2026-05-08 17:02:04,2026-05-08 17:19:04,Delivered
3106,3106,9,30,36.0,2026-06-25 09:36:18,2026-06-25 10:12:18,Delayed
3107,3107,20,20,25.0,2026-06-22 15:24:38,2026-06-22 15:49:38,Delivered
3108,3108,53,20,13.0,2026-05-02 19:12:33,2026-05-02 19:25:33,Delivered
3110,3110,10,20,12.0,2026-07-21 09:59:14,2026-07-21 10:11:14,Delivered
3111,3111,39,20,17.0,2026-05-19 16:33:51,2026-05-19 16:50:51,Delivered
3112,3112,79,15,,2026-02-08 20:53:05,,Cancelled
3113,3113,58,30,28.0,2026-03-15 10:25:00,2026-03-15 10:53:00,Delivered
3114,3114,46,10,24.0,2026-05-11 14:35:01,2026-05-11 14:59:01,Delayed
3115,3115,16,20,18.0,2026-07-11 20:36:30,2026-07-11 20:54:30,Delivered
3116,3116,83,15,21.0,2026-04-08 10:45:14,2026-04-08 11:06:14,Delayed
3117,3117,6,10,12.0,2026-06-07 18:53:23,2026-06-07 19:05:23,Delivered
3118,3118,32,10,,2026-04-30 11:13:48,,Cancelled
3119,3119,32,30,26.0,2026-06-08 14:21:24,2026-06-08 14:47:24,Delivered
3120,3120,46,10,12.0,2026-03-22 17:56:52,2026-03-22 18:08:52,Delivered
3121,3121,34,30,23.0,2026-02-09 16:13:00,2026-02-09 16:36:00,Delivered
3122,3122,63,15,7.0,2026-07-03 07:04:43,2026-07-03 07:11:43,Delivered
3123,3123,20,30,,2026-05-10 15:27:04,,Cancelled
3124,3124,70,30,31.0,2026-02-21 20:47:35,2026-02-21 21:18:35,Delivered
3125,3125,63,20,22.0,2026-02-10 07:39:19,2026-02-10 08:01:19,Delivered
3126,3126,31,15,6.0,2026-06-18 12:52:33,2026-06-18 12:58:33,Delivered
3127,3127,68,10,14.0,2026-04-02 08:41:02,2026-04-02 08:55:02,Delivered
3128,3128,49,30,31.0,2026-07-18 07:06:30,2026-07-18 07:37:30,Delivered
3129,3129,81,30,26.0,2026-05-04 13:36:26,2026-05-04 14:02:26,Delivered
3130,3130,83,10,4.0,2026-08-02 10:26:06,2026-08-02 10:30:06,Delivered
3131,3131,65,30,,2026-03-27 17:22:46,,Cancelled
3132,3132,12,15,16.0,2026-04-17 17:02:51,2026-04-17 17:18:51,Delivered
3133,3133,38,20,6.0,2026-06-28 19:18:53,2026-06-28 19:24:53,Delivered
3134,3134,55,15,9.0,2026-07-15 08:56:38,2026-07-15 09:05:38,Delivered
3135,3135,12,10,10.0,2026-03-26 23:38:48,2026-03-26 23:48:48,Delivered
3136,3136,4,10,11.0,2026-07-04 16:57:56,2026-07-04 17:08:56,Delayed
3137,3137,68,20,14.0,2026-07-24 17:22:53,2026-07-24 17:36:53,Delivered
3138,3138,78,20,13.0,2026-05-21 16:04:58,2026-05-21 16:17:58,Delivered
3139,3139,78,10,4.0,2026-02-20 11:51:38,2026-02-20 11:55:38,Delivered
3140,3140,79,20,36.0,2026-08-02 10:00:54,2026-08-02 10:36:54,Delayed
3141,3141,24,20,24.0,2026-05-21 08:04:24,2026-05-21 08:28:24,Delivered
3142,3142,14,10,11.0,2026-06-05 23:34:06,2026-06-05 23:45:06,Delivered
3143,3143,61,20,18.0,2026-06-06 14:34:39,2026-06-06 14:52:39,Delivered
3144,3144,71,10,,2026-03-27 22:03:28,,Cancelled
3145,3145,30,10,20.0,2026-06-23 08:10:38,2026-06-23 08:30:38,Delayed
3146,3146,29,10,5.0,2026-03-10 08:03:26,2026-03-10 08:08:26,Delayed
3147,3147,53,15,19.0,2026-05-28 11:31:04,2026-05-28 11:50:04,Delivered
3148,3148,43,20,16.0,2026-04-29 07:27:52,2026-04-29 07:43:52,Delivered
3149,3149,53,10,4.0,2026-04-12 17:56:50,2026-04-12 18:00:50,Delivered
3150,3150,63,20,25.0,2026-03-06 20:54:01,2026-03-06 21:19:01,Delivered
3151,3151,4,15,18.0,2026-06-19 23:10:34,2026-06-19 23:28:34,Delivered
3152,3152,61,30,19.0,2026-06-24 15:10:19,2026-06-24 15:29:19,Delayed
3153,3153,81,15,4.0,2026-02-13 14:42:39,2026-02-13 14:46:39,Delivered
3154,3154,13,30,41.0,2026-05-26 12:45:15,2026-05-26 13:26:15,Delayed
3155,3155,3,20,,2026-08-03 20:37:54,,Cancelled
3157,3157,24,30,36.0,2026-05-01 12:47:47,2026-05-01 13:23:47,Delayed
3158,3158,36,15,11.0,2026-06-04 12:52:55,2026-06-04 13:03:55,Delivered
3160,3160,41,10,13.0,2026-03-14 16:02:20,2026-03-14 16:15:20,Delivered
3161,3161,62,30,35.0,2026-02-21 18:58:00,2026-02-21 19:33:00,Delivered
3162,3162,53,30,37.0,2026-06-02 09:44:26,2026-06-02 10:21:26,Delayed
3163,3163,80,10,17.0,2026-07-13 21:08:29,2026-07-13 21:25:29,Delayed
3165,3165,32,30,24.0,2026-03-08 10:32:10,2026-03-08 10:56:10,Delivered
3166,3166,22,10,4.0,2026-06-10 12:21:50,2026-06-10 12:25:50,Delivered
3167,3167,21,10,4.0,2026-07-10 19:39:06,2026-07-10 19:43:06,Delivered
3168,3168,48,10,12.0,2026-05-31 16:53:52,2026-05-31 17:05:52,Delivered
3169,3169,63,15,13.0,2026-03-31 14:30:41,2026-03-31 14:43:41,Delivered
3170,3170,81,10,9.0,2026-04-27 08:31:21,2026-04-27 08:40:21,Delivered
3171,3171,66,10,9.0,2026-02-17 22:49:02,2026-02-17 22:58:02,Delivered
3172,3172,79,20,22.0,2026-03-03 13:20:37,2026-03-03 13:42:37,Delivered
3173,3173,67,30,19.0,2026-05-18 20:58:29,2026-05-18 21:17:29,Delivered
3174,3174,26,15,15.0,2026-06-03 14:55:24,2026-06-03 15:10:24,Delivered
3175,3175,50,15,16.0,2026-03-28 15:59:58,2026-03-28 16:15:58,Delivered
3176,3176,8,10,7.0,2026-07-18 11:18:24,2026-07-18 11:25:24,Delivered
3177,3177,18,10,17.0,2026-04-18 14:28:26,2026-04-18 14:45:26,Delayed
3178,3178,14,15,,2026-06-24 09:01:31,,Cancelled
3179,3179,38,30,35.0,2026-04-24 13:39:46,2026-04-24 14:14:46,Delivered
3182,3182,16,10,,2026-06-14 10:36:14,,Cancelled
3183,3183,74,20,17.0,2026-02-17 12:39:00,2026-02-17 12:56:00,Delivered
3184,3184,5,20,12.0,2026-07-24 10:44:03,2026-07-24 10:56:03,Delivered
3186,3186,26,20,12.0,2026-03-29 17:51:40,2026-03-29 18:03:40,Delivered
3187,3187,10,20,28.0,2026-04-01 11:33:44,2026-04-01 12:01:44,Delayed
3188,3188,83,20,23.0,2026-07-03 12:02:45,2026-07-03 12:25:45,Delivered
3189,3189,20,20,13.0,2026-05-15 11:52:48,2026-05-15 12:05:48,Delivered
3190,3190,77,10,4.0,2026-04-10 12:38:21,2026-04-10 12:42:21,Delivered
3191,3191,82,15,,2026-06-09 17:43:57,,Cancelled
3192,3192,44,20,25.0,2026-06-13 11:50:12,2026-06-13 12:15:12,Delivered
3193,3193,14,20,6.0,2026-02-10 10:04:12,2026-02-10 10:10:12,Delivered
3195,3195,78,30,34.0,2026-04-23 13:50:56,2026-04-23 14:24:56,Delivered
3196,3196,70,10,10.0,2026-06-24 08:37:43,2026-06-24 08:47:43,Delayed
3197,3197,71,30,32.0,2026-06-19 08:33:52,2026-06-19 09:05:52,Delivered
3198,3198,46,10,,2026-05-02 07:13:15,,Cancelled
3199,3199,6,30,29.0,2026-03-16 13:22:34,2026-03-16 13:51:34,Delivered
3200,3200,68,10,16.0,2026-02-20 20:59:33,2026-02-20 21:15:33,Delayed
3201,3201,40,30,,2026-06-06 15:12:22,,Cancelled
3202,3202,13,15,18.0,2026-05-31 19:40:16,2026-05-31 19:58:16,Delivered
3203,3203,60,20,18.0,2026-03-15 22:51:15,2026-03-15 23:09:15,Delivered
3204,3204,30,15,8.0,2026-04-10 09:08:00,2026-04-10 09:16:00,Delivered
3205,3205,40,30,34.0,2026-07-26 23:16:26,2026-07-26 23:50:26,Delivered
3206,3206,58,10,7.0,2026-03-07 18:59:23,2026-03-07 19:06:23,Delivered
3207,3207,55,10,10.0,2026-04-27 19:26:11,2026-04-27 19:36:11,Delivered
3208,3208,82,30,26.0,2026-02-13 21:36:51,2026-02-13 22:02:51,Delivered
3209,3209,67,10,21.0,2026-04-07 09:50:28,2026-04-07 10:11:28,Delayed
3210,3210,31,15,4.0,2026-05-30 21:01:36,2026-05-30 21:05:36,Delivered
3211,3211,29,10,15.0,2026-07-05 14:57:05,2026-07-05 15:12:05,Delivered
3212,3212,28,15,11.0,2026-05-30 17:44:54,2026-05-30 17:55:54,Delayed
3213,3213,50,20,17.0,2026-04-17 18:43:25,2026-04-17 19:00:25,Delivered
3214,3214,20,15,30.0,2026-07-15 14:02:58,2026-07-15 14:32:58,Delayed
3215,3215,28,10,13.0,2026-03-25 20:37:17,2026-03-25 20:50:17,Delivered
3216,3216,16,20,21.0,2026-02-15 11:24:59,2026-02-15 11:45:59,Delivered
3217,3217,1,20,,2026-03-05 16:34:17,,Cancelled
3218,3218,27,20,29.0,2026-08-01 11:22:21,2026-08-01 11:51:21,Delayed
3219,3219,58,20,17.0,2026-03-19 12:07:26,2026-03-19 12:24:26,Delivered
3220,3220,74,20,,2026-07-04 10:01:37,,Cancelled
3221,3221,63,20,18.0,2026-02-25 15:10:49,2026-02-25 15:28:49,Delivered
3223,3223,61,10,11.0,2026-04-08 15:21:47,2026-04-08 15:32:47,Delivered
3224,3224,12,20,23.0,2026-07-27 08:50:55,2026-07-27 09:13:55,Delivered
3225,3225,32,10,15.0,2026-05-27 09:39:45,2026-05-27 09:54:45,Delivered
3226,3226,8,15,16.0,2026-03-21 18:45:21,2026-03-21 19:01:21,Delivered
3227,3227,34,10,18.0,2026-04-19 11:37:40,2026-04-19 11:55:40,Delayed
3228,3228,28,30,32.0,2026-05-14 07:57:44,2026-05-14 08:29:44,Delivered
3229,3229,51,15,,2026-07-22 12:43:34,,Cancelled
3230,3230,83,20,16.0,2026-04-29 21:44:50,2026-04-29 22:00:50,Delivered
3231,3231,67,20,28.0,2026-02-06 21:35:46,2026-02-06 22:03:46,Delayed
3232,3232,50,10,9.0,2026-06-08 22:53:47,2026-06-08 23:02:47,Delivered
3233,3233,12,20,31.0,2026-05-01 10:24:44,2026-05-01 10:55:44,Delayed
3235,3235,2,20,13.0,2026-05-31 22:00:29,2026-05-31 22:13:29,Delivered
3236,3236,58,20,24.0,2026-03-31 17:49:59,2026-03-31 18:13:59,Delivered
3237,3237,14,10,7.0,2026-04-28 21:02:08,2026-04-28 21:09:08,Delivered
3238,3238,53,15,11.0,2026-04-22 21:10:16,2026-04-22 21:21:16,Delivered
3239,3239,34,30,21.0,2026-05-07 14:36:39,2026-05-07 14:57:39,Delivered
3240,3240,83,10,4.0,2026-05-29 18:54:46,2026-05-29 18:58:46,Delayed
3241,3241,61,20,20.0,2026-06-16 22:48:34,2026-06-16 23:08:34,Delivered
3242,3242,28,30,40.0,2026-05-16 09:40:39,2026-05-16 10:20:39,Delayed
3243,3243,19,10,7.0,2026-06-01 22:46:26,2026-06-01 22:53:26,Delivered
3244,3244,30,15,15.0,2026-05-21 15:05:18,2026-05-21 15:20:18,Delivered
3245,3245,19,20,24.0,2026-05-22 14:03:48,2026-05-22 14:27:48,Delivered
3246,3246,6,10,18.0,2026-06-12 11:47:37,2026-06-12 12:05:37,Delayed
3247,3247,51,15,14.0,2026-03-30 15:40:38,2026-03-30 15:54:38,Delivered
3248,3248,15,15,4.0,2026-04-03 18:47:15,2026-04-03 18:51:15,Delivered
3249,3249,79,10,4.0,2026-05-11 08:21:10,2026-05-11 08:25:10,Delivered
3250,3250,12,30,34.0,2026-07-24 20:57:32,2026-07-24 21:31:32,Delivered
3251,3251,38,30,26.0,2026-05-22 13:14:53,2026-05-22 13:40:53,Delivered
3252,3252,49,30,,2026-03-06 08:44:01,,Cancelled
3253,3253,2,30,36.0,2026-08-02 13:38:40,2026-08-02 14:14:40,Delayed
3254,3254,82,10,4.0,2026-03-14 13:27:00,2026-03-14 13:31:00,Delivered
3255,3255,82,10,7.0,2026-06-06 23:28:52,2026-06-06 23:35:52,Delivered
3256,3256,4,10,12.0,2026-02-15 19:09:11,2026-02-15 19:21:11,Delivered
3257,3257,57,15,12.0,2026-04-03 17:27:31,2026-04-03 17:39:31,Delivered
3258,3258,31,10,13.0,2026-03-24 20:34:13,2026-03-24 20:47:13,Delivered
3259,3259,82,20,16.0,2026-04-29 23:19:20,2026-04-29 23:35:20,Delivered
3260,3260,64,20,20.0,2026-02-09 10:16:06,2026-02-09 10:36:06,Delivered
3261,3261,47,20,17.0,2026-03-27 21:22:29,2026-03-27 21:39:29,Delivered
3262,3262,27,20,17.0,2026-07-03 15:25:39,2026-07-03 15:42:39,Delivered
3263,3263,26,15,11.0,2026-07-06 10:45:28,2026-07-06 10:56:28,Delivered
3264,3264,66,15,13.0,2026-05-24 13:10:36,2026-05-24 13:23:36,Delivered
3265,3265,19,30,24.0,2026-04-21 12:55:46,2026-04-21 13:19:46,Delivered
3266,3266,5,30,40.0,2026-02-25 22:13:24,2026-02-25 22:53:24,Delayed
3267,3267,29,20,18.0,2026-05-28 08:34:35,2026-05-28 08:52:35,Delivered
3268,3268,68,30,31.0,2026-06-05 16:13:49,2026-06-05 16:44:49,Delivered
3269,3269,44,15,10.0,2026-02-11 19:53:41,2026-02-11 20:03:41,Delivered
3270,3270,81,20,15.0,2026-06-06 14:35:30,2026-06-06 14:50:30,Delivered
3271,3271,64,10,6.0,2026-06-10 13:02:31,2026-06-10 13:08:31,Delivered
3272,3272,73,30,30.0,2026-03-05 12:26:09,2026-03-05 12:56:09,Delivered
3273,3273,49,20,17.0,2026-07-26 12:54:57,2026-07-26 13:11:57,Delivered
3274,3274,75,10,7.0,2026-03-02 07:59:08,2026-03-02 08:06:08,Delivered
3275,3275,26,15,31.0,2026-06-25 23:11:32,2026-06-25 23:42:32,Delayed
3276,3276,20,30,20.0,2026-03-13 16:07:58,2026-03-13 16:27:58,Delivered
3277,3277,65,20,19.0,2026-05-14 13:26:24,2026-05-14 13:45:24,Delivered
3278,3278,17,15,21.0,2026-06-06 17:17:47,2026-06-06 17:38:47,Delayed
3279,3279,71,30,23.0,2026-05-27 14:09:44,2026-05-27 14:32:44,Delivered
3280,3280,15,15,22.0,2026-06-23 16:33:08,2026-06-23 16:55:08,Delayed
3281,3281,72,15,21.0,2026-06-20 22:21:51,2026-06-20 22:42:51,Delayed
3282,3282,79,20,24.0,2026-04-06 14:55:46,2026-04-06 15:19:46,Delivered
3283,3283,65,30,38.0,2026-04-26 23:40:28,2026-04-27 00:18:28,Delayed
3284,3284,35,30,31.0,2026-03-24 13:55:48,2026-03-24 14:26:48,Delivered
3285,3285,50,10,15.0,2026-04-26 16:47:31,2026-04-26 17:02:31,Delivered
3286,3286,50,10,10.0,2026-05-28 21:38:16,2026-05-28 21:48:16,Delivered
3287,3287,72,30,19.0,2026-07-28 15:50:12,2026-07-28 16:09:12,Delayed
3288,3288,36,30,27.0,2026-07-25 23:48:44,2026-07-26 00:15:44,Delivered
3289,3289,72,30,30.0,2026-06-08 19:42:46,2026-06-08 20:12:46,Delivered
3290,3290,43,10,21.0,2026-02-20 21:29:17,2026-02-20 21:50:17,Delayed
3291,3291,14,30,12.0,2026-07-23 22:45:41,2026-07-23 22:57:41,Delivered
3292,3292,4,20,13.0,2026-06-18 11:05:16,2026-06-18 11:18:16,Delivered
3293,3293,12,20,18.0,2026-03-21 19:58:41,2026-03-21 20:16:41,Delivered
3294,3294,25,20,19.0,2026-04-21 12:25:54,2026-04-21 12:44:54,Delivered
3295,3295,81,15,19.0,2026-02-10 14:52:10,2026-02-10 15:11:10,Delivered
3296,3296,60,20,21.0,2026-07-19 16:54:18,2026-07-19 17:15:18,Delivered
3297,3297,10,20,12.0,2026-02-08 09:39:46,2026-02-08 09:51:46,Delivered
3298,3298,15,30,35.0,2026-04-04 07:55:31,2026-04-04 08:30:31,Delivered
3299,3299,77,15,23.0,2026-02-27 08:46:44,2026-02-27 09:09:44,Delayed
3300,3300,4,20,18.0,2026-04-19 21:15:51,2026-04-19 21:33:51,Delivered
3301,3301,72,30,27.0,2026-06-24 11:33:05,2026-06-24 12:00:05,Delivered
3302,3302,1,15,,2026-04-21 20:29:09,,Cancelled
3303,3303,83,20,23.0,2026-06-15 08:54:08,2026-06-15 09:17:08,Delayed
3304,3304,63,10,13.0,2026-07-17 14:18:53,2026-07-17 14:31:53,Delivered
3305,3305,78,20,23.0,2026-02-16 15:12:57,2026-02-16 15:35:57,Delivered
3307,3307,19,10,7.0,2026-02-26 17:21:10,2026-02-26 17:28:10,Delivered
3308,3308,63,10,18.0,2026-06-09 19:44:58,2026-06-09 20:02:58,Delayed
3309,3309,43,30,,2026-04-21 12:29:51,,Cancelled
3310,3310,73,30,23.0,2026-04-23 20:52:08,2026-04-23 21:15:08,Delivered
3311,3311,17,20,15.0,2026-07-23 10:02:53,2026-07-23 10:17:53,Delivered
3312,3312,3,20,26.0,2026-07-02 07:14:55,2026-07-02 07:40:55,Delayed
3313,3313,62,20,23.0,2026-07-23 09:48:22,2026-07-23 10:11:22,Delivered
3314,3314,45,15,19.0,2026-08-03 12:40:11,2026-08-03 12:59:11,Delivered
3316,3316,71,10,4.0,2026-02-25 21:56:04,2026-02-25 22:00:04,Delivered
3317,3317,35,10,9.0,2026-05-09 10:52:19,2026-05-09 11:01:19,Delivered
3318,3318,63,10,4.0,2026-04-01 10:10:48,2026-04-01 10:14:48,Delivered
3319,3319,37,30,,2026-06-05 20:17:20,,Cancelled
3320,3320,2,30,27.0,2026-02-07 09:44:08,2026-02-07 10:11:08,Delivered
3321,3321,74,10,10.0,2026-04-19 10:35:39,2026-04-19 10:45:39,Delivered
3322,3322,59,15,4.0,2026-03-03 12:59:00,2026-03-03 13:03:00,Delivered
3323,3323,82,20,10.0,2026-05-24 16:50:08,2026-05-24 17:00:08,Delivered
3324,3324,7,10,5.0,2026-02-25 21:40:38,2026-02-25 21:45:38,Delivered
3325,3325,82,10,14.0,2026-06-16 11:22:12,2026-06-16 11:36:12,Delivered
3326,3326,76,30,24.0,2026-04-01 21:46:55,2026-04-01 22:10:55,Delivered
3327,3327,1,10,4.0,2026-06-13 07:31:21,2026-06-13 07:35:21,Delivered
3328,3328,18,10,13.0,2026-03-05 09:09:26,2026-03-05 09:22:26,Delivered
3329,3329,26,20,13.0,2026-05-25 08:36:27,2026-05-25 08:49:27,Delivered
3330,3330,21,20,13.0,2026-07-12 13:48:22,2026-07-12 14:01:22,Delivered
3331,3331,60,10,12.0,2026-03-06 19:13:11,2026-03-06 19:25:11,Delivered
3332,3332,83,10,13.0,2026-06-29 22:43:07,2026-06-29 22:56:07,Delivered
3333,3333,29,10,4.0,2026-07-16 19:19:31,2026-07-16 19:23:31,Delivered
3334,3334,59,20,,2026-03-11 19:47:55,,Cancelled
3335,3335,81,30,28.0,2026-04-22 17:28:05,2026-04-22 17:56:05,Delivered
3336,3336,25,20,20.0,2026-05-11 17:27:04,2026-05-11 17:47:04,Delivered
3337,3337,14,20,23.0,2026-07-16 17:56:04,2026-07-16 18:19:04,Delivered
3338,3338,23,10,,2026-03-15 07:13:31,,Cancelled
3339,3339,2,10,7.0,2026-07-30 15:45:41,2026-07-30 15:52:41,Delivered
3341,3341,9,10,8.0,2026-08-03 15:24:49,2026-08-03 15:32:49,Delivered
3342,3342,3,10,8.0,2026-03-11 22:30:08,2026-03-11 22:38:08,Delivered
3343,3343,77,30,30.0,2026-04-25 09:46:14,2026-04-25 10:16:14,Delivered
3344,3344,5,20,21.0,2026-06-23 18:45:17,2026-06-23 19:06:17,Delivered
3345,3345,62,15,22.0,2026-06-03 11:06:24,2026-06-03 11:28:24,Delayed
3346,3346,38,15,6.0,2026-03-15 13:51:52,2026-03-15 13:57:52,Delivered
3347,3347,20,30,,2026-04-28 12:13:53,,Cancelled
3348,3348,78,20,12.0,2026-04-14 09:54:31,2026-04-14 10:06:31,Delivered
3349,3349,26,20,16.0,2026-07-06 08:49:00,2026-07-06 09:05:00,Delivered
3350,3350,67,20,9.0,2026-04-18 16:13:07,2026-04-18 16:22:07,Delivered
3351,3351,83,15,18.0,2026-05-03 09:45:43,2026-05-03 10:03:43,Delivered
3352,3352,45,15,19.0,2026-07-22 09:41:59,2026-07-22 10:00:59,Delivered
3353,3353,40,15,9.0,2026-03-27 19:49:57,2026-03-27 19:58:57,Delivered
3354,3354,45,20,,2026-05-10 11:58:36,,Cancelled
3355,3355,33,20,20.0,2026-04-12 16:08:52,2026-04-12 16:28:52,Delayed
3356,3356,11,10,6.0,2026-03-15 22:58:58,2026-03-15 23:04:58,Delivered
3357,3357,69,20,31.0,2026-03-06 23:10:33,2026-03-06 23:41:33,Delayed
3358,3358,53,30,29.0,2026-06-26 08:16:11,2026-06-26 08:45:11,Delivered
3359,3359,61,30,22.0,2026-06-13 16:53:59,2026-06-13 17:15:59,Delivered
3360,3360,48,30,23.0,2026-03-12 12:55:18,2026-03-12 13:18:18,Delivered
3361,3361,50,30,33.0,2026-04-29 09:26:30,2026-04-29 09:59:30,Delivered
3362,3362,22,30,24.0,2026-07-07 14:45:13,2026-07-07 15:09:13,Delivered
3363,3363,58,30,19.0,2026-02-07 17:49:08,2026-02-07 18:08:08,Delivered
3364,3364,27,10,9.0,2026-08-04 14:40:52,2026-08-04 14:49:52,Delivered
3365,3365,19,30,39.0,2026-03-09 14:55:32,2026-03-09 15:34:32,Delayed
3366,3366,10,15,4.0,2026-04-27 16:42:52,2026-04-27 16:46:52,Delayed
3367,3367,64,20,7.0,2026-03-19 19:36:23,2026-03-19 19:43:23,Delivered
3368,3368,51,10,4.0,2026-06-12 20:08:51,2026-06-12 20:12:51,Delivered
3369,3369,68,30,30.0,2026-05-24 18:34:57,2026-05-24 19:04:57,Delivered
3370,3370,51,10,16.0,2026-03-07 20:38:26,2026-03-07 20:54:26,Delayed
3371,3371,23,20,15.0,2026-07-15 21:22:51,2026-07-15 21:37:51,Delayed
3372,3372,72,30,25.0,2026-05-03 08:55:29,2026-05-03 09:20:29,Delivered
3373,3373,51,15,18.0,2026-05-09 18:01:27,2026-05-09 18:19:27,Delivered
3374,3374,24,30,28.0,2026-03-05 22:14:46,2026-03-05 22:42:46,Delivered
3375,3375,14,10,10.0,2026-03-18 19:54:46,2026-03-18 20:04:46,Delivered
3376,3376,71,10,12.0,2026-07-17 19:25:15,2026-07-17 19:37:15,Delayed
3377,3377,66,15,,2026-02-19 15:52:01,,Cancelled
3378,3378,71,30,25.0,2026-03-09 09:45:13,2026-03-09 10:10:13,Delivered
3379,3379,82,20,13.0,2026-05-24 10:39:27,2026-05-24 10:52:27,Delivered
3380,3380,67,10,10.0,2026-06-07 19:59:09,2026-06-07 20:09:09,Delivered
3381,3381,27,10,14.0,2026-07-17 14:17:40,2026-07-17 14:31:40,Delayed
3382,3382,64,30,24.0,2026-06-14 14:37:16,2026-06-14 15:01:16,Delivered
3383,3383,57,30,,2026-06-06 00:03:56,,Cancelled
3384,3384,83,15,27.0,2026-03-01 23:28:26,2026-03-01 23:55:26,Delayed
3385,3385,69,30,45.0,2026-07-21 19:32:16,2026-07-21 20:17:16,Delayed
3386,3386,80,20,20.0,2026-02-21 21:26:01,2026-02-21 21:46:01,Delivered
3387,3387,6,30,23.0,2026-03-18 18:30:46,2026-03-18 18:53:46,Delivered
3388,3388,34,15,20.0,2026-03-11 13:18:51,2026-03-11 13:38:51,Delivered
3389,3389,63,15,4.0,2026-04-27 10:09:57,2026-04-27 10:13:57,Delivered
3390,3390,60,15,,2026-02-27 13:20:10,,Cancelled
3391,3391,62,15,19.0,2026-03-26 19:11:05,2026-03-26 19:30:05,Delivered
3392,3392,66,10,5.0,2026-07-02 10:34:59,2026-07-02 10:39:59,Delivered
3393,3393,7,30,29.0,2026-05-14 13:40:30,2026-05-14 14:09:30,Delivered
3394,3394,30,15,14.0,2026-03-06 14:04:36,2026-03-06 14:18:36,Delivered
3395,3395,21,30,41.0,2026-04-23 18:46:20,2026-04-23 19:27:20,Delayed
3396,3396,49,10,6.0,2026-07-31 08:36:59,2026-07-31 08:42:59,Delivered
3397,3397,11,15,22.0,2026-06-01 13:42:26,2026-06-01 14:04:26,Delayed
3398,3398,51,15,10.0,2026-05-30 19:04:49,2026-05-30 19:14:49,Delivered
3399,3399,39,20,26.0,2026-06-01 20:11:04,2026-06-01 20:37:04,Delayed
3400,3400,61,30,38.0,2026-04-13 14:16:15,2026-04-13 14:54:15,Delayed
3401,3401,54,10,,2026-03-26 13:31:40,,Cancelled
3402,3402,55,20,26.0,2026-05-27 18:00:58,2026-05-27 18:26:58,Delayed
3403,3403,4,20,19.0,2026-03-17 23:22:49,2026-03-17 23:41:49,Delivered
3404,3404,3,30,21.0,2026-06-23 07:53:38,2026-06-23 08:14:38,Delivered
3405,3405,26,15,12.0,2026-07-26 18:12:56,2026-07-26 18:24:56,Delivered
3406,3406,74,10,7.0,2026-05-28 18:57:35,2026-05-28 19:04:35,Delivered
3408,3408,22,30,12.0,2026-03-28 23:42:59,2026-03-28 23:54:59,Delivered
3409,3409,44,30,,2026-04-05 21:06:06,,Cancelled
3410,3410,5,10,8.0,2026-06-23 23:35:27,2026-06-23 23:43:27,Delivered
3411,3411,52,30,36.0,2026-06-27 07:33:26,2026-06-27 08:09:26,Delayed
3412,3412,27,30,26.0,2026-04-17 15:41:49,2026-04-17 16:07:49,Delivered
3413,3413,83,30,23.0,2026-02-05 18:04:39,2026-02-05 18:27:39,Delivered
3414,3414,39,10,,2026-03-28 20:03:39,,Cancelled
3415,3415,46,20,19.0,2026-03-02 16:45:24,2026-03-02 17:04:24,Delayed
3416,3416,10,20,24.0,2026-06-09 07:54:26,2026-06-09 08:18:26,Delivered
3417,3417,80,30,34.0,2026-07-10 11:46:45,2026-07-10 12:20:45,Delivered
3418,3418,76,10,19.0,2026-02-06 13:52:00,2026-02-06 14:11:00,Delayed
3419,3419,45,30,34.0,2026-05-15 15:22:09,2026-05-15 15:56:09,Delivered
3420,3420,51,20,30.0,2026-06-14 10:03:08,2026-06-14 10:33:08,Delayed
3421,3421,10,20,23.0,2026-05-07 23:22:35,2026-05-07 23:45:35,Delivered
3422,3422,80,15,22.0,2026-03-26 12:17:30,2026-03-26 12:39:30,Delayed
3423,3423,67,20,22.0,2026-06-12 15:30:36,2026-06-12 15:52:36,Delivered
3424,3424,2,10,14.0,2026-04-08 15:25:47,2026-04-08 15:39:47,Delivered
3425,3425,80,20,19.0,2026-02-18 09:30:25,2026-02-18 09:49:25,Delivered
3426,3426,63,10,7.0,2026-03-18 11:15:14,2026-03-18 11:22:14,Delivered
3427,3427,21,30,,2026-06-18 17:14:02,,Cancelled
3428,3428,75,20,,2026-03-31 19:04:02,,Cancelled
3429,3429,83,20,17.0,2026-03-20 15:50:48,2026-03-20 16:07:48,Delivered
3430,3430,66,15,14.0,2026-04-26 09:00:26,2026-04-26 09:14:26,Delivered
3431,3431,11,20,22.0,2026-03-14 14:15:13,2026-03-14 14:37:13,Delivered
3432,3432,50,30,36.0,2026-02-14 22:18:13,2026-02-14 22:54:13,Delayed
3433,3433,9,30,30.0,2026-03-22 20:12:35,2026-03-22 20:42:35,Delivered
3434,3434,19,20,11.0,2026-07-02 07:50:13,2026-07-02 08:01:13,Delivered
3435,3435,69,20,19.0,2026-04-25 22:38:16,2026-04-25 22:57:16,Delivered
3436,3436,29,15,14.0,2026-05-08 23:02:04,2026-05-08 23:16:04,Delivered
3437,3437,53,15,13.0,2026-04-06 09:07:10,2026-04-06 09:20:10,Delivered
3438,3438,79,10,,2026-05-28 16:41:54,,Cancelled
3439,3439,57,30,16.0,2026-07-30 21:53:55,2026-07-30 22:09:55,Delivered
3440,3440,48,15,16.0,2026-07-06 10:35:51,2026-07-06 10:51:51,Delivered
3441,3441,2,30,20.0,2026-04-12 16:00:10,2026-04-12 16:20:10,Delivered
3442,3442,70,20,,2026-04-22 20:11:46,,Cancelled
3443,3443,46,20,21.0,2026-04-25 16:14:34,2026-04-25 16:35:34,Delivered
3444,3444,69,20,13.0,2026-07-11 10:46:13,2026-07-11 10:59:13,Delivered
3445,3445,19,20,22.0,2026-02-08 08:51:50,2026-02-08 09:13:50,Delivered
3446,3446,2,10,4.0,2026-02-17 20:17:48,2026-02-17 20:21:48,Delivered
3447,3447,21,10,9.0,2026-05-28 20:46:24,2026-05-28 20:55:24,Delivered
3448,3448,17,20,,2026-03-24 15:56:36,,Cancelled
3449,3449,5,20,23.0,2026-03-22 21:51:07,2026-03-22 22:14:07,Delivered
3450,3450,77,15,17.0,2026-04-06 15:02:40,2026-04-06 15:19:40,Delivered
3451,3451,80,20,29.0,2026-04-16 13:32:01,2026-04-16 14:01:01,Delayed
3452,3452,16,20,,2026-07-31 12:27:11,,Cancelled
3453,3453,67,30,23.0,2026-07-21 21:48:35,2026-07-21 22:11:35,Delivered
3454,3454,62,15,,2026-05-21 19:54:08,,Cancelled
3455,3455,9,10,12.0,2026-02-26 18:10:12,2026-02-26 18:22:12,Delivered
3456,3456,82,10,11.0,2026-04-08 07:55:07,2026-04-08 08:06:07,Delivered
3457,3457,79,15,14.0,2026-06-28 22:33:16,2026-06-28 22:47:16,Delivered
3458,3458,38,10,18.0,2026-05-10 18:42:51,2026-05-10 19:00:51,Delayed
3460,3460,81,10,5.0,2026-06-18 15:48:17,2026-06-18 15:53:17,Delivered
3461,3461,15,15,16.0,2026-07-26 21:27:24,2026-07-26 21:43:24,Delivered
3462,3462,8,15,,2026-04-03 09:54:03,,Cancelled
3463,3463,61,30,33.0,2026-03-18 17:08:59,2026-03-18 17:41:59,Delivered
3464,3464,81,15,,2026-05-12 20:10:05,,Cancelled
3465,3465,57,15,7.0,2026-05-27 07:51:04,2026-05-27 07:58:04,Delivered
3466,3466,6,10,7.0,2026-04-09 21:15:51,2026-04-09 21:22:51,Delivered
3467,3467,18,30,40.0,2026-02-05 17:48:00,2026-02-05 18:28:00,Delayed
3468,3468,29,15,18.0,2026-07-12 17:18:05,2026-07-12 17:36:05,Delivered
3469,3469,19,20,27.0,2026-02-07 21:18:23,2026-02-07 21:45:23,Delayed
3470,3470,81,20,19.0,2026-06-28 23:37:38,2026-06-28 23:56:38,Delivered
3471,3471,9,20,22.0,2026-02-10 14:27:56,2026-02-10 14:49:56,Delivered
3472,3472,30,30,17.0,2026-03-10 22:49:58,2026-03-10 23:06:58,Delivered
3473,3473,83,20,27.0,2026-03-30 22:28:53,2026-03-30 22:55:53,Delayed
3474,3474,40,15,22.0,2026-05-05 16:14:16,2026-05-05 16:36:16,Delayed
3475,3475,80,20,,2026-02-09 12:07:21,,Cancelled
3476,3476,3,10,6.0,2026-06-13 13:35:26,2026-06-13 13:41:26,Delivered
3477,3477,6,30,28.0,2026-06-01 15:16:33,2026-06-01 15:44:33,Delivered
3478,3478,3,20,10.0,2026-05-25 19:10:58,2026-05-25 19:20:58,Delivered
3479,3479,49,20,19.0,2026-07-07 14:52:09,2026-07-07 15:11:09,Delayed
3480,3480,59,10,,2026-07-26 10:09:54,,Cancelled
3481,3481,83,10,21.0,2026-04-18 21:57:35,2026-04-18 22:18:35,Delayed
3482,3482,9,30,34.0,2026-03-31 19:51:55,2026-03-31 20:25:55,Delivered
3483,3483,80,30,30.0,2026-04-09 22:57:38,2026-04-09 23:27:38,Delivered
3484,3484,39,30,30.0,2026-03-04 18:54:54,2026-03-04 19:24:54,Delivered
3485,3485,80,15,21.0,2026-07-07 08:53:22,2026-07-07 09:14:22,Delayed
3486,3486,26,30,26.0,2026-03-02 18:27:40,2026-03-02 18:53:40,Delivered
3487,3487,42,15,13.0,2026-07-26 12:50:54,2026-07-26 13:03:54,Delivered
3488,3488,69,20,16.0,2026-06-29 17:02:52,2026-06-29 17:18:52,Delivered
3489,3489,67,30,31.0,2026-03-19 07:47:21,2026-03-19 08:18:21,Delivered
3490,3490,78,15,27.0,2026-06-22 21:46:07,2026-06-22 22:13:07,Delayed
3491,3491,71,30,28.0,2026-07-30 21:35:00,2026-07-30 22:03:00,Delivered
3492,3492,61,30,35.0,2026-05-08 18:33:12,2026-05-08 19:08:12,Delivered
3493,3493,72,10,4.0,2026-06-08 21:43:27,2026-06-08 21:47:27,Delivered
3494,3494,58,30,26.0,2026-04-27 08:15:44,2026-04-27 08:41:44,Delivered
3495,3495,77,30,29.0,2026-02-21 08:58:58,2026-02-21 09:27:58,Delivered
3496,3496,29,10,,2026-03-23 15:39:36,,Cancelled
3497,3497,29,15,4.0,2026-08-01 21:17:02,2026-08-01 21:21:02,Delivered
3498,3498,43,10,10.0,2026-05-25 23:48:18,2026-05-25 23:58:18,Delivered
3499,3499,72,10,4.0,2026-03-25 11:44:17,2026-03-25 11:48:17,Delivered
3500,3500,65,10,16.0,2026-05-19 12:47:12,2026-05-19 13:03:12,Delayed
3501,3501,82,30,41.0,2026-03-22 12:59:27,2026-03-22 13:40:27,Delayed
3502,3502,39,30,,2026-03-11 17:54:01,,Cancelled
3503,3503,37,10,10.0,2026-02-28 15:03:11,2026-02-28 15:13:11,Delivered
3504,3504,16,30,28.0,2026-05-01 17:58:29,2026-05-01 18:26:29,Delivered
3505,3505,8,15,16.0,2026-04-05 17:26:57,2026-04-05 17:42:57,Delivered
3506,3506,11,15,9.0,2026-02-21 13:41:08,2026-02-21 13:50:08,Delivered
3507,3507,4,15,13.0,2026-06-16 18:45:06,2026-06-16 18:58:06,Delivered
3508,3508,74,30,29.0,2026-05-31 13:45:40,2026-05-31 14:14:40,Delivered
3509,3509,58,15,23.0,2026-07-17 10:32:05,2026-07-17 10:55:05,Delayed
3510,3510,25,20,27.0,2026-06-15 13:33:57,2026-06-15 14:00:57,Delayed
3511,3511,35,10,16.0,2026-02-17 08:07:39,2026-02-17 08:23:39,Delayed
3512,3512,29,10,9.0,2026-04-17 08:17:10,2026-04-17 08:26:10,Delivered
3513,3513,7,10,,2026-03-22 18:42:33,,Cancelled
3514,3514,39,20,26.0,2026-04-25 21:07:38,2026-04-25 21:33:38,Delayed
3515,3515,1,10,6.0,2026-02-13 18:33:05,2026-02-13 18:39:05,Delivered
3516,3516,49,20,17.0,2026-07-10 14:50:42,2026-07-10 15:07:42,Delivered
3517,3517,4,10,9.0,2026-04-03 22:16:51,2026-04-03 22:25:51,Delivered
3518,3518,54,10,15.0,2026-05-21 08:08:01,2026-05-21 08:23:01,Delivered
3519,3519,25,10,9.0,2026-04-26 09:03:44,2026-04-26 09:12:44,Delivered
3520,3520,63,30,28.0,2026-02-05 09:01:43,2026-02-05 09:29:43,Delivered
3521,3521,53,20,12.0,2026-02-09 17:39:39,2026-02-09 17:51:39,Delivered
3522,3522,37,10,7.0,2026-03-16 10:04:04,2026-03-16 10:11:04,Delivered
3523,3523,13,15,17.0,2026-03-23 08:47:21,2026-03-23 09:04:21,Delivered
3524,3524,50,15,16.0,2026-05-07 08:20:41,2026-05-07 08:36:41,Delivered
3525,3525,51,10,,2026-06-20 22:41:21,,Cancelled
3526,3526,75,30,29.0,2026-04-20 19:29:30,2026-04-20 19:58:30,Delivered
3527,3527,14,10,4.0,2026-04-14 13:08:03,2026-04-14 13:12:03,Delivered
3528,3528,11,15,19.0,2026-08-03 20:05:08,2026-08-03 20:24:08,Delivered
3529,3529,7,15,9.0,2026-05-26 22:13:23,2026-05-26 22:22:23,Delivered
3530,3530,27,20,18.0,2026-07-31 14:22:48,2026-07-31 14:40:48,Delivered
3531,3531,10,10,10.0,2026-02-12 07:35:26,2026-02-12 07:45:26,Delivered
3532,3532,56,20,17.0,2026-05-24 16:27:55,2026-05-24 16:44:55,Delivered
3533,3533,13,10,4.0,2026-08-02 10:49:58,2026-08-02 10:53:58,Delivered
3534,3534,14,15,16.0,2026-04-03 08:00:34,2026-04-03 08:16:34,Delivered
3535,3535,43,10,,2026-03-16 19:37:56,,Cancelled
3536,3536,50,20,19.0,2026-02-17 16:20:32,2026-02-17 16:39:32,Delivered
3537,3537,59,30,25.0,2026-07-15 08:14:48,2026-07-15 08:39:48,Delivered
3538,3538,50,10,9.0,2026-06-16 22:46:55,2026-06-16 22:55:55,Delivered
3539,3539,53,15,19.0,2026-05-20 15:54:15,2026-05-20 16:13:15,Delivered
3540,3540,17,15,21.0,2026-06-06 13:02:23,2026-06-06 13:23:23,Delayed
3541,3541,33,15,,2026-03-10 11:52:19,,Cancelled
3542,3542,73,30,36.0,2026-05-09 10:22:58,2026-05-09 10:58:58,Delayed
3543,3543,53,30,30.0,2026-03-28 10:46:12,2026-03-28 11:16:12,Delivered
3544,3544,38,30,33.0,2026-03-31 21:13:17,2026-03-31 21:46:17,Delivered
3545,3545,58,10,10.0,2026-02-21 11:50:03,2026-02-21 12:00:03,Delivered
3546,3546,9,15,16.0,2026-02-16 10:05:57,2026-02-16 10:21:57,Delivered
3547,3547,14,20,31.0,2026-06-09 16:03:45,2026-06-09 16:34:45,Delayed
3548,3548,22,20,,2026-05-12 08:24:49,,Cancelled
3549,3549,46,10,11.0,2026-04-14 08:13:54,2026-04-14 08:24:54,Delivered
3550,3550,31,30,26.0,2026-07-27 19:23:47,2026-07-27 19:49:47,Delivered
3551,3551,30,20,21.0,2026-02-22 19:53:57,2026-02-22 20:14:57,Delivered
3552,3552,51,10,,2026-05-15 09:18:43,,Cancelled
3553,3553,73,20,6.0,2026-07-05 10:54:48,2026-07-05 11:00:48,Delivered
3554,3554,81,15,18.0,2026-02-05 08:58:59,2026-02-05 09:16:59,Delivered
3555,3555,12,30,36.0,2026-07-26 22:29:59,2026-07-26 23:05:59,Delayed
3556,3556,39,30,33.0,2026-07-13 18:24:43,2026-07-13 18:57:43,Delivered
3557,3557,80,20,23.0,2026-04-13 23:08:24,2026-04-13 23:31:24,Delivered
3558,3558,65,15,20.0,2026-07-17 14:02:01,2026-07-17 14:22:01,Delivered
3559,3559,6,15,22.0,2026-04-18 18:50:13,2026-04-18 19:12:13,Delayed
3560,3560,36,20,11.0,2026-06-26 18:30:52,2026-06-26 18:41:52,Delivered
3561,3561,35,20,11.0,2026-07-08 13:05:31,2026-07-08 13:16:31,Delivered
3562,3562,78,30,35.0,2026-02-20 10:39:16,2026-02-20 11:14:16,Delivered
3563,3563,34,20,20.0,2026-05-08 23:45:24,2026-05-09 00:05:24,Delivered
3564,3564,49,15,14.0,2026-05-21 22:46:30,2026-05-21 23:00:30,Delivered
3565,3565,77,20,18.0,2026-03-10 14:25:25,2026-03-10 14:43:25,Delivered
3566,3566,80,20,18.0,2026-05-19 21:56:00,2026-05-19 22:14:00,Delivered
3567,3567,64,10,14.0,2026-06-20 21:00:52,2026-06-20 21:14:52,Delivered
3568,3568,52,20,14.0,2026-03-13 15:02:02,2026-03-13 15:16:02,Delivered
3569,3569,10,15,17.0,2026-07-12 20:56:07,2026-07-12 21:13:07,Delivered
3570,3570,24,10,6.0,2026-02-06 08:24:33,2026-02-06 08:30:33,Delivered
3571,3571,80,10,6.0,2026-05-19 20:06:13,2026-05-19 20:12:13,Delivered
3572,3572,2,30,33.0,2026-02-17 10:33:17,2026-02-17 11:06:17,Delivered
3573,3573,53,30,28.0,2026-03-31 13:36:23,2026-03-31 14:04:23,Delivered
3574,3574,22,20,17.0,2026-04-12 07:19:31,2026-04-12 07:36:31,Delivered
3575,3575,3,20,24.0,2026-06-12 13:54:45,2026-06-12 14:18:45,Delivered
3576,3576,59,15,,2026-03-04 11:11:43,,Cancelled
3577,3577,11,20,15.0,2026-04-10 18:47:42,2026-04-10 19:02:42,Delivered
3578,3578,64,15,16.0,2026-05-05 15:33:43,2026-05-05 15:49:43,Delivered
3579,3579,11,15,19.0,2026-07-17 09:20:17,2026-07-17 09:39:17,Delivered
3580,3580,36,20,32.0,2026-03-02 11:31:42,2026-03-02 12:03:42,Delayed
3581,3581,1,10,9.0,2026-06-02 22:11:33,2026-06-02 22:20:33,Delivered
3582,3582,11,30,27.0,2026-05-04 08:50:09,2026-05-04 09:17:09,Delivered
3583,3583,61,30,26.0,2026-02-27 14:34:33,2026-02-27 15:00:33,Delivered
3584,3584,48,15,9.0,2026-06-07 19:33:45,2026-06-07 19:42:45,Delivered
3585,3585,25,15,8.0,2026-03-08 23:07:45,2026-03-08 23:15:45,Delivered
3586,3586,46,20,19.0,2026-02-07 11:21:08,2026-02-07 11:40:08,Delivered
3587,3587,20,30,28.0,2026-03-21 10:31:34,2026-03-21 10:59:34,Delivered
3588,3588,47,30,25.0,2026-05-16 13:55:26,2026-05-16 14:20:26,Delivered
3589,3589,50,15,4.0,2026-03-27 23:30:45,2026-03-27 23:34:45,Delayed
3590,3590,23,10,,2026-05-08 21:39:45,,Cancelled
3591,3591,22,30,29.0,2026-06-14 11:34:43,2026-06-14 12:03:43,Delivered
3592,3592,41,20,23.0,2026-03-13 18:20:12,2026-03-13 18:43:12,Delivered
3593,3593,75,30,,2026-02-05 07:16:41,,Cancelled
3594,3594,54,20,,2026-02-13 12:46:45,,Cancelled
3595,3595,49,15,14.0,2026-03-31 10:21:46,2026-03-31 10:35:46,Delivered
3596,3596,31,15,23.0,2026-06-21 12:56:17,2026-06-21 13:19:17,Delayed
3597,3597,65,20,17.0,2026-04-11 10:13:37,2026-04-11 10:30:37,Delivered
3598,3598,70,15,30.0,2026-04-05 07:24:07,2026-04-05 07:54:07,Delayed
3599,3599,2,20,21.0,2026-06-06 16:49:26,2026-06-06 17:10:26,Delivered
3600,3600,51,30,31.0,2026-02-23 20:12:50,2026-02-23 20:43:50,Delivered
3601,3601,39,10,4.0,2026-06-04 11:19:05,2026-06-04 11:23:05,Delivered
3602,3602,44,20,19.0,2026-04-08 22:29:00,2026-04-08 22:48:00,Delivered
3603,3603,51,20,16.0,2026-05-03 14:19:29,2026-05-03 14:35:29,Delivered
3604,3604,37,30,32.0,2026-07-22 22:51:13,2026-07-22 23:23:13,Delivered
3605,3605,33,20,16.0,2026-04-29 16:37:45,2026-04-29 16:53:45,Delivered
3606,3606,80,30,32.0,2026-03-08 17:16:32,2026-03-08 17:48:32,Delivered
3607,3607,29,30,33.0,2026-04-08 21:54:02,2026-04-08 22:27:02,Delivered
3608,3608,39,15,19.0,2026-03-08 14:12:06,2026-03-08 14:31:06,Delivered
3609,3609,44,20,29.0,2026-04-15 09:36:29,2026-04-15 10:05:29,Delayed
3610,3610,23,10,14.0,2026-05-28 23:11:46,2026-05-28 23:25:46,Delivered
3611,3611,43,10,9.0,2026-07-13 23:40:18,2026-07-13 23:49:18,Delivered
3613,3613,37,20,25.0,2026-02-24 20:22:06,2026-02-24 20:47:06,Delivered
3614,3614,44,10,11.0,2026-02-27 21:10:18,2026-02-27 21:21:18,Delivered
3615,3615,80,15,10.0,2026-04-03 10:03:16,2026-04-03 10:13:16,Delivered
3616,3616,5,15,13.0,2026-08-01 15:43:27,2026-08-01 15:56:27,Delivered
3618,3618,50,20,22.0,2026-05-08 07:13:16,2026-05-08 07:35:16,Delivered
3619,3619,7,30,27.0,2026-06-07 14:23:09,2026-06-07 14:50:09,Delivered
3620,3620,9,30,,2026-03-20 23:55:10,,Cancelled
3621,3621,56,30,,2026-03-15 21:17:19,,Cancelled
3622,3622,77,10,15.0,2026-07-14 18:57:14,2026-07-14 19:12:14,Delayed
3623,3623,48,30,20.0,2026-02-13 12:35:50,2026-02-13 12:55:50,Delivered
3624,3624,72,15,21.0,2026-06-05 16:12:47,2026-06-05 16:33:47,Delayed
3625,3625,56,20,27.0,2026-06-01 18:51:46,2026-06-01 19:18:46,Delayed
3626,3626,61,10,4.0,2026-06-14 21:25:42,2026-06-14 21:29:42,Delivered
3627,3627,47,20,25.0,2026-04-30 07:23:43,2026-04-30 07:48:43,Delivered
3628,3628,24,20,22.0,2026-06-22 08:26:06,2026-06-22 08:48:06,Delivered
3629,3629,82,20,27.0,2026-02-24 16:41:00,2026-02-24 17:08:00,Delayed
3630,3630,35,30,28.0,2026-07-14 07:35:47,2026-07-14 08:03:47,Delivered
3631,3631,38,20,18.0,2026-06-06 17:44:53,2026-06-06 18:02:53,Delivered
3632,3632,61,30,35.0,2026-03-07 11:46:17,2026-03-07 12:21:17,Delivered
3633,3633,19,20,22.0,2026-04-25 22:12:39,2026-04-25 22:34:39,Delivered
3634,3634,64,30,33.0,2026-02-23 18:38:02,2026-02-23 19:11:02,Delivered
3635,3635,55,15,22.0,2026-06-11 10:37:58,2026-06-11 10:59:58,Delayed
3636,3636,67,15,24.0,2026-07-20 15:52:17,2026-07-20 16:16:17,Delayed
3638,3638,27,30,27.0,2026-06-16 08:49:21,2026-06-16 09:16:21,Delivered
3639,3639,79,20,23.0,2026-07-30 19:13:23,2026-07-30 19:36:23,Delivered
3640,3640,56,30,29.0,2026-05-22 20:15:29,2026-05-22 20:44:29,Delivered
3641,3641,50,10,4.0,2026-05-20 20:23:04,2026-05-20 20:27:04,Delivered
3642,3642,22,10,5.0,2026-05-12 13:58:34,2026-05-12 14:03:34,Delivered
3643,3643,67,15,,2026-03-06 11:29:12,,Cancelled
3644,3644,51,15,,2026-03-25 14:21:32,,Cancelled
3645,3645,79,15,20.0,2026-03-28 13:27:30,2026-03-28 13:47:30,Delivered
3646,3646,60,20,29.0,2026-07-10 11:38:03,2026-07-10 12:07:03,Delayed
3647,3647,22,10,12.0,2026-05-05 20:41:50,2026-05-05 20:53:50,Delivered
3648,3648,77,30,27.0,2026-02-11 10:50:06,2026-02-11 11:17:06,Delivered
3649,3649,38,20,27.0,2026-03-29 12:27:47,2026-03-29 12:54:47,Delayed
3650,3650,57,20,17.0,2026-04-14 10:54:39,2026-04-14 11:11:39,Delivered
3651,3651,24,10,10.0,2026-03-23 23:40:00,2026-03-23 23:50:00,Delivered
3652,3652,65,10,13.0,2026-02-24 11:24:33,2026-02-24 11:37:33,Delivered
3653,3653,59,30,18.0,2026-04-20 14:03:03,2026-04-20 14:21:03,Delivered
3654,3654,66,15,11.0,2026-02-15 23:40:13,2026-02-15 23:51:13,Delivered
3655,3655,20,10,4.0,2026-03-05 21:22:45,2026-03-05 21:26:45,Delivered
3656,3656,25,10,16.0,2026-07-14 21:19:20,2026-07-14 21:35:20,Delayed
3657,3657,23,20,17.0,2026-07-23 20:38:52,2026-07-23 20:55:52,Delivered
3658,3658,16,20,20.0,2026-06-22 19:57:54,2026-06-22 20:17:54,Delivered
3659,3659,56,30,35.0,2026-04-06 20:19:09,2026-04-06 20:54:09,Delivered
3660,3660,18,20,15.0,2026-04-23 10:38:12,2026-04-23 10:53:12,Delivered
3661,3661,50,15,13.0,2026-04-17 17:07:11,2026-04-17 17:20:11,Delivered
3662,3662,2,20,22.0,2026-03-28 19:47:57,2026-03-28 20:09:57,Delivered
3663,3663,33,20,22.0,2026-06-11 23:48:05,2026-06-12 00:10:05,Delivered
3664,3664,38,10,6.0,2026-05-06 16:08:48,2026-05-06 16:14:48,Delivered
3665,3665,18,20,,2026-04-04 10:44:37,,Cancelled
3666,3666,59,15,4.0,2026-06-04 23:25:52,2026-06-04 23:29:52,Delivered
3667,3667,37,15,17.0,2026-03-14 10:35:09,2026-03-14 10:52:09,Delivered
3668,3668,26,10,11.0,2026-04-26 13:42:40,2026-04-26 13:53:40,Delivered
3669,3669,57,30,25.0,2026-05-18 10:55:25,2026-05-18 11:20:25,Delivered
3670,3670,34,15,21.0,2026-04-12 10:17:56,2026-04-12 10:38:56,Delayed
3671,3671,28,20,22.0,2026-03-06 22:45:57,2026-03-06 23:07:57,Delivered
3672,3672,64,20,,2026-06-09 10:34:05,,Cancelled
3673,3673,44,20,18.0,2026-02-08 09:35:55,2026-02-08 09:53:55,Delivered
3674,3674,55,15,17.0,2026-04-16 08:31:45,2026-04-16 08:48:45,Delivered
3675,3675,9,10,14.0,2026-02-08 20:55:27,2026-02-08 21:09:27,Delivered
3676,3676,49,30,29.0,2026-04-18 19:38:29,2026-04-18 20:07:29,Delivered
3677,3677,21,20,18.0,2026-05-15 10:35:17,2026-05-15 10:53:17,Delivered
3678,3678,69,10,4.0,2026-06-21 15:40:14,2026-06-21 15:44:14,Delivered
3679,3679,58,30,38.0,2026-03-23 08:58:04,2026-03-23 09:36:04,Delayed
3680,3680,47,20,,2026-05-25 16:54:53,,Cancelled
3681,3681,40,10,13.0,2026-02-13 09:27:04,2026-02-13 09:40:04,Delivered
3682,3682,59,15,16.0,2026-05-09 18:10:16,2026-05-09 18:26:16,Delivered
3683,3683,19,10,4.0,2026-02-15 17:12:25,2026-02-15 17:16:25,Delivered
3684,3684,2,20,12.0,2026-03-31 21:09:11,2026-03-31 21:21:11,Delivered
3685,3685,6,10,6.0,2026-06-09 09:41:43,2026-06-09 09:47:43,Delivered
3687,3687,57,10,8.0,2026-03-31 23:34:38,2026-03-31 23:42:38,Delivered
3688,3688,23,15,23.0,2026-04-18 09:51:43,2026-04-18 10:14:43,Delayed
3689,3689,11,15,11.0,2026-02-15 07:52:47,2026-02-15 08:03:47,Delivered
3690,3690,53,15,9.0,2026-08-01 14:50:42,2026-08-01 14:59:42,Delivered
3691,3691,73,20,24.0,2026-03-11 13:24:18,2026-03-11 13:48:18,Delivered
3692,3692,64,15,9.0,2026-03-20 15:38:48,2026-03-20 15:47:48,Delivered
3693,3693,65,10,10.0,2026-06-01 09:47:50,2026-06-01 09:57:50,Delivered
3694,3694,69,10,10.0,2026-02-15 20:05:44,2026-02-15 20:15:44,Delivered
3695,3695,18,30,,2026-07-21 23:14:58,,Cancelled
3696,3696,48,10,4.0,2026-05-28 20:19:25,2026-05-28 20:23:25,Delivered
3697,3697,1,15,,2026-04-02 14:14:49,,Cancelled
3698,3698,62,10,9.0,2026-05-17 08:11:04,2026-05-17 08:20:04,Delivered
3699,3699,41,15,19.0,2026-02-22 15:32:06,2026-02-22 15:51:06,Delivered
3700,3700,33,10,18.0,2026-04-24 09:28:15,2026-04-24 09:46:15,Delayed
3701,3701,21,20,21.0,2026-07-08 08:23:05,2026-07-08 08:44:05,Delivered
3702,3702,33,30,29.0,2026-02-05 17:17:42,2026-02-05 17:46:42,Delivered
3703,3703,11,15,25.0,2026-04-15 22:26:53,2026-04-15 22:51:53,Delayed
3704,3704,64,30,34.0,2026-05-15 17:09:10,2026-05-15 17:43:10,Delivered
3705,3705,62,20,35.0,2026-02-17 13:49:35,2026-02-17 14:24:35,Delayed
3706,3706,19,20,,2026-06-03 13:51:50,,Cancelled
3707,3707,13,30,26.0,2026-06-14 23:39:18,2026-06-15 00:05:18,Delivered
3708,3708,75,20,17.0,2026-06-20 23:41:37,2026-06-20 23:58:37,Delayed
3709,3709,61,15,13.0,2026-05-01 23:54:50,2026-05-02 00:07:50,Delivered
3710,3710,10,30,29.0,2026-06-22 18:10:46,2026-06-22 18:39:46,Delivered
3711,3711,45,30,25.0,2026-06-29 08:35:01,2026-06-29 09:00:01,Delivered
3712,3712,75,30,31.0,2026-04-28 09:31:51,2026-04-28 10:02:51,Delivered
3713,3713,10,15,27.0,2026-07-26 19:22:06,2026-07-26 19:49:06,Delayed
3714,3714,4,20,31.0,2026-06-08 14:54:23,2026-06-08 15:25:23,Delayed
3715,3715,66,10,20.0,2026-05-10 21:44:09,2026-05-10 22:04:09,Delayed
3716,3716,41,20,,2026-02-09 10:09:39,,Cancelled
3717,3717,34,15,17.0,2026-04-21 15:58:21,2026-04-21 16:15:21,Delivered
3718,3718,34,15,14.0,2026-03-31 11:55:31,2026-03-31 12:09:31,Delivered
3719,3719,56,30,25.0,2026-05-01 10:43:41,2026-05-01 11:08:41,Delivered
3720,3720,47,20,25.0,2026-03-22 18:57:57,2026-03-22 19:22:57,Delivered
3721,3721,6,10,9.0,2026-04-02 23:06:36,2026-04-02 23:15:36,Delivered
3722,3722,33,30,38.0,2026-05-28 13:12:16,2026-05-28 13:50:16,Delayed
3723,3723,48,30,38.0,2026-03-22 12:13:16,2026-03-22 12:51:16,Delayed
3724,3724,83,20,14.0,2026-05-16 21:42:13,2026-05-16 21:56:13,Delivered
3725,3725,49,10,17.0,2026-06-29 23:34:35,2026-06-29 23:51:35,Delayed
3726,3726,8,15,4.0,2026-03-14 08:25:27,2026-03-14 08:29:27,Delivered
3727,3727,45,15,,2026-05-08 20:07:54,,Cancelled
3728,3728,83,15,13.0,2026-03-07 09:58:30,2026-03-07 10:11:30,Delivered
3729,3729,6,20,18.0,2026-07-16 14:33:42,2026-07-16 14:51:42,Delivered
3730,3730,45,10,4.0,2026-07-17 21:25:40,2026-07-17 21:29:40,Delivered
3731,3731,19,30,19.0,2026-05-22 20:55:55,2026-05-22 21:14:55,Delayed
3732,3732,49,20,21.0,2026-06-06 13:13:51,2026-06-06 13:34:51,Delivered
3733,3733,30,20,19.0,2026-07-21 11:21:25,2026-07-21 11:40:25,Delivered
3734,3734,56,20,,2026-07-29 19:34:02,,Cancelled
3735,3735,7,15,22.0,2026-02-14 13:11:00,2026-02-14 13:33:00,Delayed
3736,3736,10,15,10.0,2026-05-10 22:47:25,2026-05-10 22:57:25,Delivered
3738,3738,14,20,25.0,2026-05-19 08:45:38,2026-05-19 09:10:38,Delivered
3739,3739,58,10,6.0,2026-05-10 09:22:53,2026-05-10 09:28:53,Delivered
3741,3741,78,20,21.0,2026-02-22 20:45:56,2026-02-22 21:06:56,Delivered
3742,3742,12,30,19.0,2026-08-04 08:37:00,2026-08-04 08:56:00,Delivered
3743,3743,63,15,8.0,2026-06-26 19:09:26,2026-06-26 19:17:26,Delivered
3744,3744,11,30,21.0,2026-07-30 07:59:24,2026-07-30 08:20:24,Delivered
3745,3745,51,30,32.0,2026-05-14 08:49:21,2026-05-14 09:21:21,Delivered
3746,3746,58,20,20.0,2026-04-04 20:59:35,2026-04-04 21:19:35,Delivered
3747,3747,70,30,26.0,2026-05-23 13:54:48,2026-05-23 14:20:48,Delivered
3748,3748,73,30,34.0,2026-06-25 20:40:08,2026-06-25 21:14:08,Delivered
3749,3749,23,30,24.0,2026-07-20 08:39:20,2026-07-20 09:03:20,Delivered
3750,3750,4,20,19.0,2026-06-14 09:55:45,2026-06-14 10:14:45,Delivered
3751,3751,44,20,20.0,2026-07-16 22:34:01,2026-07-16 22:54:01,Delivered
3752,3752,80,20,13.0,2026-06-14 09:37:53,2026-06-14 09:50:53,Delivered
3753,3753,53,30,35.0,2026-06-08 16:24:22,2026-06-08 16:59:22,Delivered
3754,3754,59,20,12.0,2026-02-26 11:10:46,2026-02-26 11:22:46,Delivered
3755,3755,8,30,32.0,2026-07-31 20:55:35,2026-07-31 21:27:35,Delivered
3756,3756,79,15,14.0,2026-06-09 16:17:59,2026-06-09 16:31:59,Delivered
3757,3757,34,10,6.0,2026-05-19 15:09:26,2026-05-19 15:15:26,Delivered
3758,3758,80,20,24.0,2026-06-19 21:31:12,2026-06-19 21:55:12,Delivered
3759,3759,42,15,16.0,2026-07-20 11:52:53,2026-07-20 12:08:53,Delivered
3760,3760,83,10,11.0,2026-06-09 16:49:16,2026-06-09 17:00:16,Delivered
3761,3761,11,15,16.0,2026-04-29 00:00:21,2026-04-29 00:16:21,Delivered
3762,3762,6,20,26.0,2026-02-25 21:56:14,2026-02-25 22:22:14,Delayed
3763,3763,66,15,27.0,2026-02-09 22:19:26,2026-02-09 22:46:26,Delayed
3764,3764,51,10,14.0,2026-04-21 10:13:33,2026-04-21 10:27:33,Delivered
3765,3765,25,30,,2026-02-11 11:57:47,,Cancelled
3766,3766,82,20,14.0,2026-02-26 19:00:33,2026-02-26 19:14:33,Delivered
3767,3767,25,30,,2026-06-17 11:18:14,,Cancelled
3768,3768,38,10,7.0,2026-03-18 11:55:15,2026-03-18 12:02:15,Delivered
3769,3769,13,10,,2026-04-27 18:39:15,,Cancelled
3770,3770,47,15,18.0,2026-06-07 16:15:30,2026-06-07 16:33:30,Delivered
3771,3771,12,20,,2026-03-24 12:59:29,,Cancelled
3772,3772,38,20,18.0,2026-04-23 09:22:33,2026-04-23 09:40:33,Delivered
3773,3773,16,20,28.0,2026-04-29 15:28:29,2026-04-29 15:56:29,Delayed
3774,3774,58,20,15.0,2026-05-30 17:42:10,2026-05-30 17:57:10,Delivered
3775,3775,77,20,20.0,2026-03-27 20:08:54,2026-03-27 20:28:54,Delivered
3776,3776,53,30,33.0,2026-07-22 22:43:48,2026-07-22 23:16:48,Delivered
3777,3777,22,20,24.0,2026-03-23 09:35:40,2026-03-23 09:59:40,Delivered
3778,3778,11,10,20.0,2026-04-26 17:47:00,2026-04-26 18:07:00,Delayed
3779,3779,32,20,,2026-05-04 16:20:57,,Cancelled
3780,3780,10,15,13.0,2026-02-10 19:13:22,2026-02-10 19:26:22,Delivered
3781,3781,57,15,31.0,2026-03-19 18:17:34,2026-03-19 18:48:34,Delayed
3782,3782,83,10,11.0,2026-06-01 19:42:18,2026-06-01 19:53:18,Delivered
3783,3783,3,30,23.0,2026-03-01 22:00:37,2026-03-01 22:23:37,Delivered
3784,3784,27,20,19.0,2026-06-07 07:42:54,2026-06-07 08:01:54,Delivered
3785,3785,38,20,12.0,2026-02-20 16:52:17,2026-02-20 17:04:17,Delivered
3786,3786,81,30,,2026-07-08 18:09:13,,Cancelled
3787,3787,21,10,16.0,2026-07-18 11:35:19,2026-07-18 11:51:19,Delayed
3788,3788,6,30,27.0,2026-07-01 18:27:11,2026-07-01 18:54:11,Delivered
3789,3789,55,15,17.0,2026-08-04 18:09:21,2026-08-04 18:26:21,Delayed
3790,3790,56,10,17.0,2026-03-07 19:46:17,2026-03-07 20:03:17,Delayed
3791,3791,81,10,8.0,2026-04-07 22:41:52,2026-04-07 22:49:52,Delivered
3792,3792,14,20,30.0,2026-03-30 15:41:19,2026-03-30 16:11:19,Delayed
3794,3794,42,20,21.0,2026-07-29 16:14:02,2026-07-29 16:35:02,Delivered
3795,3795,11,15,11.0,2026-07-09 15:24:06,2026-07-09 15:35:06,Delivered
3796,3796,10,15,15.0,2026-05-17 09:48:18,2026-05-17 10:03:18,Delivered
3797,3797,35,15,15.0,2026-07-14 14:52:00,2026-07-14 15:07:00,Delivered
3798,3798,1,15,23.0,2026-03-04 11:09:58,2026-03-04 11:32:58,Delayed
3799,3799,32,20,30.0,2026-02-25 15:11:01,2026-02-25 15:41:01,Delayed
3800,3800,18,10,4.0,2026-04-22 21:58:21,2026-04-22 22:02:21,Delivered
3801,3801,8,10,7.0,2026-07-08 21:54:06,2026-07-08 22:01:06,Delivered
3802,3802,7,30,14.0,2026-05-04 18:39:14,2026-05-04 18:53:14,Delivered
3803,3803,22,15,22.0,2026-04-22 09:59:19,2026-04-22 10:21:19,Delayed
3804,3804,66,10,16.0,2026-06-29 23:37:18,2026-06-29 23:53:18,Delayed
3805,3805,33,30,15.0,2026-05-28 10:37:18,2026-05-28 10:52:18,Delivered
3806,3806,72,10,12.0,2026-07-11 21:34:40,2026-07-11 21:46:40,Delayed
3807,3807,59,15,,2026-07-03 10:15:50,,Cancelled
3808,3808,78,15,18.0,2026-07-07 17:02:50,2026-07-07 17:20:50,Delivered
3809,3809,27,15,7.0,2026-05-23 21:09:04,2026-05-23 21:16:04,Delivered
3810,3810,36,30,,2026-05-18 09:34:20,,Cancelled
3811,3811,23,10,10.0,2026-05-30 22:37:35,2026-05-30 22:47:35,Delivered
3812,3812,1,10,,2026-07-09 18:39:49,,Cancelled
3813,3813,56,20,23.0,2026-05-08 19:16:37,2026-05-08 19:39:37,Delivered
3814,3814,40,30,28.0,2026-07-19 12:00:44,2026-07-19 12:28:44,Delivered
3815,3815,69,10,18.0,2026-07-22 20:10:55,2026-07-22 20:28:55,Delayed
3816,3816,45,15,17.0,2026-07-05 15:44:03,2026-07-05 16:01:03,Delivered
3817,3817,80,30,25.0,2026-06-16 15:29:08,2026-06-16 15:54:08,Delivered
3818,3818,6,10,11.0,2026-04-11 07:45:35,2026-04-11 07:56:35,Delivered
3819,3819,61,30,36.0,2026-06-02 13:49:41,2026-06-02 14:25:41,Delayed
3820,3820,82,30,37.0,2026-07-29 20:58:02,2026-07-29 21:35:02,Delayed
3821,3821,44,15,14.0,2026-02-05 09:47:01,2026-02-05 10:01:01,Delayed
3822,3822,80,10,4.0,2026-03-29 16:08:56,2026-03-29 16:12:56,Delivered
3823,3823,8,15,17.0,2026-07-09 20:19:51,2026-07-09 20:36:51,Delivered
3824,3824,20,20,,2026-06-16 11:16:19,,Cancelled
3825,3825,39,20,23.0,2026-06-17 19:23:33,2026-06-17 19:46:33,Delivered
3826,3826,44,10,14.0,2026-08-01 09:58:06,2026-08-01 10:12:06,Delivered
3827,3827,11,15,7.0,2026-07-23 07:02:30,2026-07-23 07:09:30,Delivered
3828,3828,43,15,11.0,2026-04-01 21:45:33,2026-04-01 21:56:33,Delivered
3829,3829,65,30,28.0,2026-05-30 11:49:25,2026-05-30 12:17:25,Delivered
3830,3830,68,30,27.0,2026-03-17 22:32:51,2026-03-17 22:59:51,Delivered
3831,3831,63,10,,2026-07-27 23:56:03,,Cancelled
3832,3832,46,20,23.0,2026-06-30 11:13:05,2026-06-30 11:36:05,Delivered
3833,3833,15,30,32.0,2026-03-04 18:42:43,2026-03-04 19:14:43,Delivered
3834,3834,38,10,6.0,2026-07-27 08:16:39,2026-07-27 08:22:39,Delivered
3835,3835,79,15,9.0,2026-05-31 08:04:13,2026-05-31 08:13:13,Delivered
3836,3836,15,20,,2026-03-17 20:33:05,,Cancelled
3837,3837,17,20,31.0,2026-02-23 12:26:59,2026-02-23 12:57:59,Delayed
3838,3838,79,30,35.0,2026-02-06 16:06:32,2026-02-06 16:41:32,Delivered
3839,3839,53,30,26.0,2026-05-18 17:01:14,2026-05-18 17:27:14,Delivered
3841,3841,9,10,8.0,2026-05-09 14:30:04,2026-05-09 14:38:04,Delivered
3842,3842,20,10,6.0,2026-07-04 23:44:13,2026-07-04 23:50:13,Delivered
3843,3843,58,20,31.0,2026-06-26 19:59:21,2026-06-26 20:30:21,Delayed
3844,3844,62,20,19.0,2026-03-25 11:22:52,2026-03-25 11:41:52,Delivered
3845,3845,43,10,,2026-07-29 19:02:45,,Cancelled
3846,3846,20,30,,2026-04-11 21:12:19,,Cancelled
3847,3847,20,20,21.0,2026-02-13 14:02:01,2026-02-13 14:23:01,Delivered
3849,3849,6,10,,2026-02-09 22:53:44,,Cancelled
3850,3850,27,10,5.0,2026-06-24 18:37:48,2026-06-24 18:42:48,Delivered
3851,3851,18,10,10.0,2026-02-09 15:10:27,2026-02-09 15:20:27,Delivered
3852,3852,32,20,18.0,2026-06-23 14:24:12,2026-06-23 14:42:12,Delivered
3853,3853,43,30,29.0,2026-04-12 13:21:29,2026-04-12 13:50:29,Delivered
3854,3854,7,10,4.0,2026-04-02 09:25:02,2026-04-02 09:29:02,Delivered
3855,3855,10,10,13.0,2026-05-16 10:11:19,2026-05-16 10:24:19,Delivered
3856,3856,79,30,24.0,2026-05-11 15:58:10,2026-05-11 16:22:10,Delivered
3857,3857,41,30,35.0,2026-04-03 19:14:58,2026-04-03 19:49:58,Delivered
3858,3858,59,15,9.0,2026-05-23 12:39:10,2026-05-23 12:48:10,Delivered
3859,3859,24,10,,2026-06-24 16:09:39,,Cancelled
3860,3860,2,10,,2026-07-15 20:07:41,,Cancelled
3861,3861,25,20,18.0,2026-02-18 17:22:00,2026-02-18 17:40:00,Delivered
3862,3862,78,15,9.0,2026-03-22 08:27:32,2026-03-22 08:36:32,Delivered
3863,3863,5,10,8.0,2026-02-17 07:46:55,2026-02-17 07:54:55,Delivered
3864,3864,71,20,7.0,2026-02-06 17:46:20,2026-02-06 17:53:20,Delivered
3865,3865,44,15,10.0,2026-03-31 07:17:17,2026-03-31 07:27:17,Delivered
3866,3866,54,15,22.0,2026-06-17 12:19:41,2026-06-17 12:41:41,Delayed
3867,3867,37,20,13.0,2026-05-07 11:16:21,2026-05-07 11:29:21,Delayed
3868,3868,12,10,19.0,2026-07-04 07:59:08,2026-07-04 08:18:08,Delayed
3869,3869,74,30,29.0,2026-03-25 17:17:14,2026-03-25 17:46:14,Delivered
3870,3870,33,30,41.0,2026-04-01 09:22:51,2026-04-01 10:03:51,Delayed
3871,3871,41,20,17.0,2026-05-21 11:47:54,2026-05-21 12:04:54,Delivered
3872,3872,16,10,,2026-06-30 16:26:04,,Cancelled
3873,3873,73,10,13.0,2026-03-06 13:35:28,2026-03-06 13:48:28,Delivered
3874,3874,56,15,17.0,2026-04-21 17:43:52,2026-04-21 18:00:52,Delivered
3875,3875,21,15,19.0,2026-02-09 21:37:21,2026-02-09 21:56:21,Delivered
3876,3876,32,15,21.0,2026-04-19 10:05:24,2026-04-19 10:26:24,Delayed
3878,3878,26,15,6.0,2026-02-09 15:23:41,2026-02-09 15:29:41,Delivered
3879,3879,27,10,8.0,2026-03-06 13:22:12,2026-03-06 13:30:12,Delivered
3880,3880,44,20,15.0,2026-06-10 14:44:20,2026-06-10 14:59:20,Delivered
3881,3881,26,15,,2026-02-26 12:41:26,,Cancelled
3882,3882,65,10,15.0,2026-07-31 08:33:38,2026-07-31 08:48:38,Delivered
3883,3883,67,30,37.0,2026-05-22 13:18:03,2026-05-22 13:55:03,Delayed
3884,3884,66,15,19.0,2026-07-06 09:00:42,2026-07-06 09:19:42,Delivered
3885,3885,37,15,4.0,2026-05-14 19:51:00,2026-05-14 19:55:00,Delayed
3886,3886,17,15,14.0,2026-07-08 12:34:59,2026-07-08 12:48:59,Delivered
3887,3887,69,15,4.0,2026-05-23 10:38:04,2026-05-23 10:42:04,Delivered
3888,3888,23,20,22.0,2026-02-24 23:32:04,2026-02-24 23:54:04,Delivered
3889,3889,15,20,20.0,2026-04-04 18:20:47,2026-04-04 18:40:47,Delivered
3890,3890,17,30,43.0,2026-05-25 21:58:23,2026-05-25 22:41:23,Delayed
3891,3891,53,30,28.0,2026-02-10 09:47:26,2026-02-10 10:15:26,Delivered
3892,3892,47,15,7.0,2026-07-01 18:46:50,2026-07-01 18:53:50,Delivered
3893,3893,52,10,4.0,2026-04-07 19:29:40,2026-04-07 19:33:40,Delivered
3894,3894,33,10,11.0,2026-03-28 13:07:32,2026-03-28 13:18:32,Delivered
3895,3895,46,30,,2026-05-13 14:31:09,,Cancelled
3896,3896,6,10,,2026-02-16 19:25:18,,Cancelled
3897,3897,29,30,,2026-05-18 12:02:57,,Cancelled
3898,3898,26,20,,2026-05-07 20:10:07,,Cancelled
3899,3899,75,10,9.0,2026-02-08 09:15:37,2026-02-08 09:24:37,Delivered
3900,3900,64,30,22.0,2026-06-14 09:11:51,2026-06-14 09:33:51,Delivered
3901,3901,28,15,11.0,2026-03-14 14:23:02,2026-03-14 14:34:02,Delivered
3902,3902,77,20,18.0,2026-03-16 13:54:37,2026-03-16 14:12:37,Delivered
3903,3903,47,20,16.0,2026-05-13 17:00:58,2026-05-13 17:16:58,Delivered
3904,3904,32,10,14.0,2026-02-22 12:38:29,2026-02-22 12:52:29,Delayed
3905,3905,68,30,28.0,2026-06-19 22:44:44,2026-06-19 23:12:44,Delivered
3906,3906,42,20,11.0,2026-06-02 12:25:22,2026-06-02 12:36:22,Delivered
3907,3907,30,20,26.0,2026-03-10 21:31:08,2026-03-10 21:57:08,Delayed
3908,3908,6,30,,2026-05-24 14:59:54,,Cancelled
3909,3909,34,15,14.0,2026-05-08 21:43:17,2026-05-08 21:57:17,Delivered
3910,3910,61,15,10.0,2026-03-15 19:02:07,2026-03-15 19:12:07,Delivered
3912,3912,22,10,9.0,2026-02-13 17:38:34,2026-02-13 17:47:34,Delivered
3913,3913,17,15,13.0,2026-06-26 14:48:35,2026-06-26 15:01:35,Delivered
3914,3914,77,30,31.0,2026-03-11 22:50:51,2026-03-11 23:21:51,Delivered
3916,3916,77,30,33.0,2026-05-11 18:32:21,2026-05-11 19:05:21,Delivered
3917,3917,31,10,4.0,2026-03-19 17:35:02,2026-03-19 17:39:02,Delivered
3918,3918,20,15,19.0,2026-07-27 21:46:31,2026-07-27 22:05:31,Delivered
3919,3919,25,15,,2026-04-18 15:53:10,,Cancelled
3920,3920,18,10,9.0,2026-04-15 10:31:56,2026-04-15 10:40:56,Delivered
3921,3921,28,10,11.0,2026-03-09 23:04:28,2026-03-09 23:15:28,Delivered
3922,3922,42,15,13.0,2026-04-09 07:12:10,2026-04-09 07:25:10,Delivered
3923,3923,62,10,5.0,2026-06-19 08:28:56,2026-06-19 08:33:56,Delayed
3924,3924,71,30,29.0,2026-05-28 22:30:34,2026-05-28 22:59:34,Delivered
3925,3925,83,20,26.0,2026-07-21 20:25:29,2026-07-21 20:51:29,Delayed
3926,3926,48,10,5.0,2026-02-12 17:46:13,2026-02-12 17:51:13,Delivered
3927,3927,29,20,21.0,2026-02-16 22:49:38,2026-02-16 23:10:38,Delivered
3928,3928,6,30,28.0,2026-06-19 11:14:44,2026-06-19 11:42:44,Delivered
3929,3929,12,20,22.0,2026-04-01 12:23:24,2026-04-01 12:45:24,Delivered
3930,3930,51,30,,2026-02-17 16:26:17,,Cancelled
3931,3931,52,10,,2026-03-28 14:36:11,,Cancelled
3932,3932,4,15,10.0,2026-02-24 21:08:35,2026-02-24 21:18:35,Delayed
3933,3933,54,15,13.0,2026-03-04 12:03:29,2026-03-04 12:16:29,Delivered
3934,3934,22,15,6.0,2026-07-03 23:06:57,2026-07-03 23:12:57,Delayed
3935,3935,37,10,4.0,2026-05-15 10:32:25,2026-05-15 10:36:25,Delivered
3936,3936,17,10,,2026-07-30 11:10:44,,Cancelled
3937,3937,82,20,4.0,2026-04-27 13:42:36,2026-04-27 13:46:36,Delivered
3938,3938,61,30,29.0,2026-05-15 16:22:15,2026-05-15 16:51:15,Delivered
3939,3939,32,20,11.0,2026-05-19 10:26:27,2026-05-19 10:37:27,Delivered
3940,3940,19,10,16.0,2026-06-03 07:15:58,2026-06-03 07:31:58,Delayed
3941,3941,67,10,5.0,2026-04-10 12:10:49,2026-04-10 12:15:49,Delivered
3942,3942,70,30,21.0,2026-07-16 08:04:47,2026-07-16 08:25:47,Delivered
3943,3943,6,10,,2026-06-12 11:36:00,,Cancelled
3944,3944,2,10,14.0,2026-04-04 19:24:18,2026-04-04 19:38:18,Delivered
3945,3945,5,15,9.0,2026-03-07 07:33:41,2026-03-07 07:42:41,Delivered
3946,3946,19,15,12.0,2026-04-03 14:17:32,2026-04-03 14:29:32,Delivered
3947,3947,66,30,27.0,2026-07-04 12:33:11,2026-07-04 13:00:11,Delivered
3948,3948,82,10,,2026-02-07 22:09:43,,Cancelled
3949,3949,8,15,12.0,2026-07-08 18:12:32,2026-07-08 18:24:32,Delivered
3950,3950,72,10,13.0,2026-07-08 16:32:31,2026-07-08 16:45:31,Delivered
3951,3951,56,10,7.0,2026-02-11 16:37:04,2026-02-11 16:44:04,Delivered
3952,3952,79,15,18.0,2026-05-02 15:09:24,2026-05-02 15:27:24,Delivered
3953,3953,26,30,30.0,2026-02-26 12:41:16,2026-02-26 13:11:16,Delivered
3954,3954,65,15,,2026-07-02 09:54:24,,Cancelled
3955,3955,73,15,13.0,2026-03-09 18:53:29,2026-03-09 19:06:29,Delivered
3956,3956,10,15,18.0,2026-06-25 18:40:44,2026-06-25 18:58:44,Delivered
3957,3957,76,30,36.0,2026-02-24 19:09:54,2026-02-24 19:45:54,Delayed
3958,3958,50,30,26.0,2026-03-27 12:03:03,2026-03-27 12:29:03,Delivered
3959,3959,83,10,6.0,2026-02-11 10:13:14,2026-02-11 10:19:14,Delivered
3960,3960,25,15,11.0,2026-05-15 20:39:14,2026-05-15 20:50:14,Delivered
3961,3961,80,30,,2026-04-09 10:41:13,,Cancelled
3962,3962,35,10,,2026-05-21 08:29:39,,Cancelled
3963,3963,55,15,15.0,2026-07-27 14:25:29,2026-07-27 14:40:29,Delivered
3964,3964,4,10,15.0,2026-04-08 09:38:06,2026-04-08 09:53:06,Delivered
3965,3965,28,10,19.0,2026-07-13 13:00:53,2026-07-13 13:19:53,Delayed
3966,3966,29,15,12.0,2026-02-21 13:27:15,2026-02-21 13:39:15,Delivered
3967,3967,37,30,19.0,2026-03-13 19:33:44,2026-03-13 19:52:44,Delivered
3968,3968,40,10,5.0,2026-07-10 12:25:37,2026-07-10 12:30:37,Delivered
3969,3969,11,30,24.0,2026-07-09 13:03:55,2026-07-09 13:27:55,Delivered
3970,3970,21,20,21.0,2026-06-16 19:09:28,2026-06-16 19:30:28,Delivered
3971,3971,83,10,5.0,2026-05-31 19:18:29,2026-05-31 19:23:29,Delivered
3972,3972,35,15,15.0,2026-02-11 18:30:37,2026-02-11 18:45:37,Delivered
3973,3973,7,15,13.0,2026-04-10 07:43:46,2026-04-10 07:56:46,Delivered
3974,3974,81,20,26.0,2026-05-02 11:58:01,2026-05-02 12:24:01,Delayed
3975,3975,50,20,20.0,2026-04-19 15:41:14,2026-04-19 16:01:14,Delivered
3976,3976,43,15,15.0,2026-05-18 21:26:45,2026-05-18 21:41:45,Delivered
3977,3977,42,10,11.0,2026-02-20 13:06:44,2026-02-20 13:17:44,Delivered
3978,3978,49,30,31.0,2026-05-14 16:14:05,2026-05-14 16:45:05,Delivered
3979,3979,33,10,10.0,2026-03-02 16:09:43,2026-03-02 16:19:43,Delivered
3980,3980,16,30,26.0,2026-06-18 19:13:04,2026-06-18 19:39:04,Delivered
3981,3981,53,20,23.0,2026-03-18 18:08:38,2026-03-18 18:31:38,Delivered
3982,3982,7,15,4.0,2026-06-19 09:16:33,2026-06-19 09:20:33,Delayed
3983,3983,2,20,16.0,2026-06-20 22:17:44,2026-06-20 22:33:44,Delivered
3984,3984,2,15,18.0,2026-06-17 21:46:41,2026-06-17 22:04:41,Delivered
3985,3985,37,20,17.0,2026-05-13 08:24:01,2026-05-13 08:41:01,Delivered
3986,3986,56,30,28.0,2026-07-26 13:12:45,2026-07-26 13:40:45,Delivered
3987,3987,34,30,39.0,2026-03-19 17:28:10,2026-03-19 18:07:10,Delayed
3988,3988,15,10,4.0,2026-07-20 14:55:05,2026-07-20 14:59:05,Delivered
3989,3989,38,15,4.0,2026-03-18 19:42:03,2026-03-18 19:46:03,Delivered
3990,3990,28,30,30.0,2026-04-22 20:14:45,2026-04-22 20:44:45,Delivered
3991,3991,24,30,,2026-04-14 14:58:24,,Cancelled
3992,3992,40,30,33.0,2026-05-05 18:07:34,2026-05-05 18:40:34,Delayed
3993,3993,60,10,16.0,2026-02-22 18:44:11,2026-02-22 19:00:11,Delayed
3994,3994,14,20,,2026-06-30 19:31:41,,Cancelled
3995,3995,12,20,26.0,2026-06-17 13:38:33,2026-06-17 14:04:33,Delayed
3996,3996,58,30,18.0,2026-04-28 11:20:41,2026-04-28 11:38:41,Delivered
3997,3997,9,10,4.0,2026-02-14 23:06:19,2026-02-14 23:10:19,Delivered
3998,3998,24,15,20.0,2026-06-08 09:58:00,2026-06-08 10:18:00,Delivered
3999,3999,33,30,28.0,2026-05-16 15:24:22,2026-05-16 15:52:22,Delivered
4000,4000,55,10,5.0,2026-02-07 07:24:34,2026-02-07 07:29:34,Delivered
4001,4001,55,30,23.0,2026-03-11 22:56:30,2026-03-11 23:19:30,Delivered
4002,4002,78,15,12.0,2026-02-08 23:55:30,2026-02-09 00:07:30,Delivered
4003,4003,73,30,21.0,2026-08-02 10:56:53,2026-08-02 11:17:53,Delivered
4004,4004,59,10,15.0,2026-04-24 13:13:51,2026-04-24 13:28:51,Delivered
4005,4005,5,20,13.0,2026-03-14 16:14:29,2026-03-14 16:27:29,Delivered
4006,4006,37,30,23.0,2026-04-07 12:59:39,2026-04-07 13:22:39,Delivered
4007,4007,19,15,11.0,2026-07-14 13:28:40,2026-07-14 13:39:40,Delivered
4008,4008,34,30,38.0,2026-07-21 08:04:07,2026-07-21 08:42:07,Delayed
4009,4009,80,15,15.0,2026-02-08 22:39:41,2026-02-08 22:54:41,Delivered
4010,4010,66,20,16.0,2026-03-13 22:30:49,2026-03-13 22:46:49,Delivered
4011,4011,76,15,10.0,2026-07-08 12:52:55,2026-07-08 13:02:55,Delivered
4012,4012,4,10,12.0,2026-03-07 22:40:40,2026-03-07 22:52:40,Delivered
4014,4014,76,30,33.0,2026-04-13 21:17:42,2026-04-13 21:50:42,Delivered
4015,4015,41,20,22.0,2026-04-12 09:52:08,2026-04-12 10:14:08,Delivered
4016,4016,40,30,25.0,2026-06-26 21:57:32,2026-06-26 22:22:32,Delivered
4017,4017,62,15,19.0,2026-06-16 08:18:56,2026-06-16 08:37:56,Delivered
4018,4018,22,10,4.0,2026-02-18 10:58:31,2026-02-18 11:02:31,Delayed
4019,4019,34,10,7.0,2026-05-22 21:07:59,2026-05-22 21:14:59,Delivered
4020,4020,4,20,19.0,2026-07-20 17:45:36,2026-07-20 18:04:36,Delivered
4021,4021,32,10,20.0,2026-06-24 18:49:59,2026-06-24 19:09:59,Delayed
4022,4022,54,20,25.0,2026-02-08 22:16:32,2026-02-08 22:41:32,Delivered
4023,4023,6,10,,2026-05-06 15:37:23,,Cancelled
4024,4024,77,10,10.0,2026-04-08 14:15:01,2026-04-08 14:25:01,Delivered
4025,4025,24,15,17.0,2026-02-24 10:56:31,2026-02-24 11:13:31,Delivered
4026,4026,78,30,23.0,2026-04-19 08:17:55,2026-04-19 08:40:55,Delivered
4027,4027,60,30,29.0,2026-07-17 14:52:16,2026-07-17 15:21:16,Delivered
4028,4028,61,10,4.0,2026-06-02 14:19:00,2026-06-02 14:23:00,Delivered
4029,4029,81,20,17.0,2026-05-30 11:13:37,2026-05-30 11:30:37,Delivered
4030,4030,60,15,14.0,2026-04-01 18:13:20,2026-04-01 18:27:20,Delivered
4031,4031,7,15,20.0,2026-02-19 15:02:52,2026-02-19 15:22:52,Delivered
4032,4032,64,15,20.0,2026-04-02 21:01:32,2026-04-02 21:21:32,Delivered
4033,4033,79,30,,2026-06-10 07:55:05,,Cancelled
4034,4034,83,30,,2026-03-12 18:43:40,,Cancelled
4035,4035,45,20,24.0,2026-05-14 22:45:15,2026-05-14 23:09:15,Delivered
4036,4036,30,20,26.0,2026-03-06 07:55:47,2026-03-06 08:21:47,Delayed
4037,4037,62,10,,2026-06-22 09:06:55,,Cancelled
4038,4038,28,20,23.0,2026-04-17 18:14:42,2026-04-17 18:37:42,Delivered
4039,4039,18,15,10.0,2026-06-02 08:34:50,2026-06-02 08:44:50,Delayed
4040,4040,22,20,10.0,2026-03-05 07:48:44,2026-03-05 07:58:44,Delivered
4041,4041,73,15,15.0,2026-04-23 21:45:59,2026-04-23 22:00:59,Delivered
4042,4042,22,20,,2026-04-25 10:12:48,,Cancelled
4043,4043,45,10,,2026-04-17 22:49:10,,Cancelled
4044,4044,9,15,11.0,2026-04-13 18:06:32,2026-04-13 18:17:32,Delivered
4045,4045,20,20,24.0,2026-07-02 14:14:27,2026-07-02 14:38:27,Delivered
4046,4046,64,15,15.0,2026-06-08 07:10:39,2026-06-08 07:25:39,Delivered
4047,4047,47,20,24.0,2026-04-23 10:25:13,2026-04-23 10:49:13,Delivered
4048,4048,67,30,35.0,2026-06-27 09:11:45,2026-06-27 09:46:45,Delivered
4049,4049,33,30,20.0,2026-06-04 13:24:21,2026-06-04 13:44:21,Delivered
4050,4050,26,10,13.0,2026-06-14 10:17:26,2026-06-14 10:30:26,Delivered
4051,4051,67,30,,2026-07-06 10:31:37,,Cancelled
4052,4052,37,20,11.0,2026-05-21 12:23:27,2026-05-21 12:34:27,Delivered
4053,4053,39,15,21.0,2026-06-11 23:35:20,2026-06-11 23:56:20,Delayed
4054,4054,57,15,17.0,2026-07-01 20:44:08,2026-07-01 21:01:08,Delivered
4055,4055,6,10,11.0,2026-05-19 22:47:00,2026-05-19 22:58:00,Delivered
4056,4056,76,10,12.0,2026-06-17 23:01:04,2026-06-17 23:13:04,Delivered
4057,4057,76,15,25.0,2026-04-21 10:47:46,2026-04-21 11:12:46,Delayed
4058,4058,18,20,21.0,2026-02-16 20:04:34,2026-02-16 20:25:34,Delivered
4059,4059,25,20,,2026-08-04 08:42:36,,Cancelled
4061,4061,30,20,,2026-05-16 19:14:52,,Cancelled
4062,4062,19,15,15.0,2026-06-29 08:16:17,2026-06-29 08:31:17,Delivered
4063,4063,20,20,24.0,2026-02-08 11:39:22,2026-02-08 12:03:22,Delivered
4064,4064,64,30,26.0,2026-05-18 12:35:06,2026-05-18 13:01:06,Delivered
4065,4065,47,15,24.0,2026-04-03 07:15:33,2026-04-03 07:39:33,Delayed
4066,4066,76,20,22.0,2026-05-29 16:36:07,2026-05-29 16:58:07,Delivered
4067,4067,13,20,22.0,2026-07-31 17:04:03,2026-07-31 17:26:03,Delivered
4068,4068,69,30,24.0,2026-06-28 14:46:25,2026-06-28 15:10:25,Delivered
4069,4069,53,30,,2026-02-07 23:03:11,,Cancelled
4070,4070,59,20,,2026-05-23 09:58:05,,Cancelled
4071,4071,32,10,10.0,2026-03-31 09:52:25,2026-03-31 10:02:25,Delivered
4072,4072,56,20,16.0,2026-05-31 13:59:32,2026-05-31 14:15:32,Delivered
4073,4073,3,20,21.0,2026-07-29 17:14:04,2026-07-29 17:35:04,Delivered
4074,4074,30,20,7.0,2026-07-31 18:49:59,2026-07-31 18:56:59,Delivered
4075,4075,34,20,35.0,2026-03-24 16:18:19,2026-03-24 16:53:19,Delayed
4076,4076,8,15,15.0,2026-07-10 20:49:21,2026-07-10 21:04:21,Delivered
4077,4077,24,15,12.0,2026-07-10 10:35:23,2026-07-10 10:47:23,Delivered
4078,4078,25,15,14.0,2026-02-18 15:43:54,2026-02-18 15:57:54,Delivered
4079,4079,64,30,30.0,2026-03-28 22:38:16,2026-03-28 23:08:16,Delivered
4080,4080,63,30,27.0,2026-07-15 11:15:29,2026-07-15 11:42:29,Delivered
4081,4081,28,10,19.0,2026-04-02 11:49:15,2026-04-02 12:08:15,Delayed
4082,4082,61,10,12.0,2026-03-07 11:16:44,2026-03-07 11:28:44,Delivered
4083,4083,47,15,13.0,2026-07-18 21:21:14,2026-07-18 21:34:14,Delivered
4084,4084,13,15,,2026-05-11 18:05:17,,Cancelled
4085,4085,81,20,25.0,2026-05-23 15:14:25,2026-05-23 15:39:25,Delivered
4086,4086,45,10,,2026-03-03 10:26:59,,Cancelled
4087,4087,43,15,14.0,2026-05-20 15:09:06,2026-05-20 15:23:06,Delivered
4088,4088,63,20,23.0,2026-03-19 20:59:01,2026-03-19 21:22:01,Delivered
4089,4089,22,10,7.0,2026-07-04 18:35:49,2026-07-04 18:42:49,Delivered
4090,4090,18,10,17.0,2026-02-12 14:02:53,2026-02-12 14:19:53,Delayed
4091,4091,75,15,4.0,2026-04-14 13:25:04,2026-04-14 13:29:04,Delayed
4092,4092,80,30,39.0,2026-05-03 20:43:01,2026-05-03 21:22:01,Delayed
4093,4093,14,15,13.0,2026-06-26 16:54:40,2026-06-26 17:07:40,Delivered
4095,4095,34,10,,2026-04-22 19:24:53,,Cancelled
4096,4096,6,30,29.0,2026-03-27 16:55:01,2026-03-27 17:24:01,Delivered
4097,4097,58,15,18.0,2026-03-22 18:28:02,2026-03-22 18:46:02,Delivered
4098,4098,56,15,18.0,2026-05-27 12:31:39,2026-05-27 12:49:39,Delivered
4099,4099,46,30,,2026-05-25 09:49:53,,Cancelled
4100,4100,6,10,4.0,2026-05-14 15:54:36,2026-05-14 15:58:36,Delivered
4101,4101,34,15,19.0,2026-05-31 21:34:31,2026-05-31 21:53:31,Delivered
4102,4102,55,20,15.0,2026-06-11 11:43:35,2026-06-11 11:58:35,Delivered
4103,4103,26,30,32.0,2026-05-21 19:28:28,2026-05-21 20:00:28,Delivered
4104,4104,26,15,23.0,2026-06-22 09:01:28,2026-06-22 09:24:28,Delayed
4105,4105,34,20,19.0,2026-07-03 18:39:47,2026-07-03 18:58:47,Delivered
4106,4106,20,10,11.0,2026-04-15 16:20:51,2026-04-15 16:31:51,Delivered
4107,4107,50,20,15.0,2026-06-01 09:26:42,2026-06-01 09:41:42,Delivered
4108,4108,80,15,24.0,2026-04-28 22:24:38,2026-04-28 22:48:38,Delayed
4109,4109,6,15,10.0,2026-03-12 21:44:59,2026-03-12 21:54:59,Delivered
4110,4110,47,30,26.0,2026-03-16 12:48:37,2026-03-16 13:14:37,Delivered
4111,4111,78,10,8.0,2026-04-18 10:00:03,2026-04-18 10:08:03,Delivered
4112,4112,11,30,24.0,2026-02-23 17:27:00,2026-02-23 17:51:00,Delivered
4113,4113,32,20,,2026-04-03 12:08:08,,Cancelled
4114,4114,66,20,4.0,2026-02-06 23:40:24,2026-02-06 23:44:24,Delayed
4115,4115,35,15,15.0,2026-03-26 15:45:17,2026-03-26 16:00:17,Delivered
4116,4116,62,10,6.0,2026-03-21 08:35:54,2026-03-21 08:41:54,Delivered
4117,4117,39,10,14.0,2026-08-01 13:29:40,2026-08-01 13:43:40,Delivered
4118,4118,14,20,20.0,2026-06-14 16:00:16,2026-06-14 16:20:16,Delivered
4119,4119,27,15,21.0,2026-02-21 18:16:31,2026-02-21 18:37:31,Delayed
4120,4120,12,15,16.0,2026-02-21 13:12:14,2026-02-21 13:28:14,Delivered
4121,4121,51,20,17.0,2026-03-04 16:36:16,2026-03-04 16:53:16,Delivered
4122,4122,51,15,13.0,2026-02-19 20:32:09,2026-02-19 20:45:09,Delivered
4123,4123,20,20,20.0,2026-05-28 22:43:47,2026-05-28 23:03:47,Delivered
4124,4124,47,20,,2026-02-09 22:08:39,,Cancelled
4125,4125,59,20,20.0,2026-06-11 08:27:21,2026-06-11 08:47:21,Delivered
4126,4126,50,30,,2026-03-03 09:57:04,,Cancelled
4127,4127,22,20,35.0,2026-06-26 16:12:36,2026-06-26 16:47:36,Delayed
4128,4128,40,15,17.0,2026-06-23 07:10:04,2026-06-23 07:27:04,Delayed
4129,4129,54,15,11.0,2026-06-02 11:36:45,2026-06-02 11:47:45,Delivered
4130,4130,54,20,15.0,2026-06-17 07:38:40,2026-06-17 07:53:40,Delivered
4131,4131,7,20,,2026-02-09 19:12:06,,Cancelled
4132,4132,53,20,18.0,2026-06-13 12:05:27,2026-06-13 12:23:27,Delivered
4133,4133,59,20,23.0,2026-05-10 20:42:44,2026-05-10 21:05:44,Delivered
4134,4134,12,15,15.0,2026-04-04 08:27:27,2026-04-04 08:42:27,Delivered
4135,4135,27,15,22.0,2026-06-07 17:53:57,2026-06-07 18:15:57,Delayed
4136,4136,64,10,,2026-02-12 20:26:58,,Cancelled
4137,4137,37,10,4.0,2026-07-28 07:01:22,2026-07-28 07:05:22,Delivered
4138,4138,11,30,32.0,2026-04-17 12:27:14,2026-04-17 12:59:14,Delivered
4139,4139,73,10,11.0,2026-02-16 22:44:55,2026-02-16 22:55:55,Delayed
4140,4140,17,15,11.0,2026-02-17 15:33:06,2026-02-17 15:44:06,Delivered
4141,4141,52,10,29.0,2026-07-30 23:39:55,2026-07-31 00:08:55,Delayed
4142,4142,30,30,19.0,2026-06-09 13:53:46,2026-06-09 14:12:46,Delivered
4143,4143,73,15,,2026-05-13 12:45:00,,Cancelled
4144,4144,40,20,,2026-06-05 17:01:12,,Cancelled
4145,4145,17,15,34.0,2026-07-11 20:20:49,2026-07-11 20:54:49,Delayed
4146,4146,59,15,,2026-03-01 10:04:49,,Cancelled
4147,4147,25,15,17.0,2026-02-10 11:25:36,2026-02-10 11:42:36,Delivered
4148,4148,63,15,15.0,2026-04-15 09:30:57,2026-04-15 09:45:57,Delivered
4149,4149,76,20,20.0,2026-02-23 12:59:48,2026-02-23 13:19:48,Delivered
4150,4150,12,15,11.0,2026-07-23 11:56:20,2026-07-23 12:07:20,Delivered
4151,4151,78,20,25.0,2026-07-26 22:33:52,2026-07-26 22:58:52,Delivered
4152,4152,72,10,11.0,2026-03-18 12:42:18,2026-03-18 12:53:18,Delivered
4153,4153,3,15,14.0,2026-06-25 07:14:47,2026-06-25 07:28:47,Delivered
4154,4154,13,30,25.0,2026-05-13 16:51:25,2026-05-13 17:16:25,Delivered
4155,4155,15,10,18.0,2026-02-12 22:13:14,2026-02-12 22:31:14,Delayed
4156,4156,7,10,17.0,2026-05-17 14:21:54,2026-05-17 14:38:54,Delayed
4157,4157,66,15,19.0,2026-04-23 19:23:46,2026-04-23 19:42:46,Delivered
4158,4158,24,20,14.0,2026-04-10 13:32:26,2026-04-10 13:46:26,Delivered
4159,4159,11,20,11.0,2026-05-22 15:40:27,2026-05-22 15:51:27,Delivered
4160,4160,75,15,17.0,2026-02-10 18:19:39,2026-02-10 18:36:39,Delivered
4161,4161,81,30,32.0,2026-04-18 07:40:59,2026-04-18 08:12:59,Delivered
4162,4162,43,10,18.0,2026-06-09 19:41:02,2026-06-09 19:59:02,Delayed
4163,4163,24,20,21.0,2026-07-04 23:40:12,2026-07-05 00:01:12,Delivered
4164,4164,81,30,22.0,2026-02-26 21:03:17,2026-02-26 21:25:17,Delivered
4165,4165,33,15,7.0,2026-05-06 15:23:34,2026-05-06 15:30:34,Delivered
4166,4166,11,15,21.0,2026-07-01 14:25:32,2026-07-01 14:46:32,Delayed
4167,4167,65,10,4.0,2026-07-06 19:47:41,2026-07-06 19:51:41,Delayed
4168,4168,22,20,17.0,2026-03-11 08:37:07,2026-03-11 08:54:07,Delivered
4169,4169,27,30,28.0,2026-03-06 11:35:48,2026-03-06 12:03:48,Delivered
4170,4170,58,20,11.0,2026-03-29 10:46:29,2026-03-29 10:57:29,Delivered
4171,4171,27,15,,2026-04-27 12:40:07,,Cancelled
4172,4172,70,10,13.0,2026-07-07 15:06:26,2026-07-07 15:19:26,Delivered
4173,4173,6,30,20.0,2026-04-27 09:01:41,2026-04-27 09:21:41,Delivered
4174,4174,81,30,28.0,2026-02-24 13:25:27,2026-02-24 13:53:27,Delivered
4175,4175,63,30,14.0,2026-06-05 09:48:22,2026-06-05 10:02:22,Delivered
4176,4176,12,10,9.0,2026-05-09 16:10:48,2026-05-09 16:19:48,Delivered
4177,4177,60,30,17.0,2026-03-12 20:42:19,2026-03-12 20:59:19,Delivered
4178,4178,21,15,8.0,2026-06-15 07:10:51,2026-06-15 07:18:51,Delivered
4179,4179,42,30,23.0,2026-05-28 15:55:40,2026-05-28 16:18:40,Delivered
4180,4180,26,30,25.0,2026-06-07 08:21:59,2026-06-07 08:46:59,Delivered
4181,4181,19,10,20.0,2026-05-10 17:14:54,2026-05-10 17:34:54,Delayed
4182,4182,33,15,12.0,2026-06-03 09:30:46,2026-06-03 09:42:46,Delivered
4183,4183,57,20,28.0,2026-02-18 23:31:13,2026-02-18 23:59:13,Delayed
4184,4184,60,15,19.0,2026-03-25 08:21:10,2026-03-25 08:40:10,Delivered
4185,4185,3,20,19.0,2026-03-11 18:07:33,2026-03-11 18:26:33,Delivered
4186,4186,19,20,22.0,2026-04-08 23:25:16,2026-04-08 23:47:16,Delivered
4187,4187,52,20,,2026-05-23 09:52:47,,Cancelled
4188,4188,81,10,9.0,2026-06-18 15:57:01,2026-06-18 16:06:01,Delivered
4189,4189,2,20,19.0,2026-06-05 21:16:51,2026-06-05 21:35:51,Delivered
4190,4190,60,30,39.0,2026-03-08 17:26:21,2026-03-08 18:05:21,Delayed
4191,4191,76,20,30.0,2026-07-10 08:36:14,2026-07-10 09:06:14,Delayed
4192,4192,71,15,24.0,2026-06-10 08:53:29,2026-06-10 09:17:29,Delayed
4193,4193,56,30,33.0,2026-04-26 12:08:41,2026-04-26 12:41:41,Delivered
4194,4194,83,15,26.0,2026-06-13 15:19:52,2026-06-13 15:45:52,Delayed
4196,4196,2,30,,2026-08-04 19:27:06,,Cancelled
4197,4197,29,10,19.0,2026-02-19 15:56:05,2026-02-19 16:15:05,Delayed
4198,4198,6,20,24.0,2026-06-02 17:21:12,2026-06-02 17:45:12,Delivered
4199,4199,39,15,11.0,2026-08-03 09:40:43,2026-08-03 09:51:43,Delivered
4200,4200,36,30,23.0,2026-05-14 23:27:13,2026-05-14 23:50:13,Delivered
4201,4201,64,20,18.0,2026-05-07 16:35:38,2026-05-07 16:53:38,Delivered
4202,4202,59,30,27.0,2026-07-24 21:51:42,2026-07-24 22:18:42,Delivered
4203,4203,70,30,27.0,2026-06-19 21:04:28,2026-06-19 21:31:28,Delivered
4204,4204,80,10,12.0,2026-02-26 13:48:44,2026-02-26 14:00:44,Delivered
4205,4205,43,30,29.0,2026-07-26 21:17:27,2026-07-26 21:46:27,Delivered
4206,4206,79,15,9.0,2026-02-24 20:07:53,2026-02-24 20:16:53,Delivered
4207,4207,34,20,17.0,2026-04-17 07:52:12,2026-04-17 08:09:12,Delivered
4208,4208,53,30,23.0,2026-07-08 12:33:12,2026-07-08 12:56:12,Delivered
4209,4209,81,30,23.0,2026-06-20 07:31:56,2026-06-20 07:54:56,Delivered
4210,4210,15,10,4.0,2026-05-25 08:39:36,2026-05-25 08:43:36,Delivered
4211,4211,27,30,27.0,2026-02-25 18:51:04,2026-02-25 19:18:04,Delivered
4212,4212,19,15,,2026-07-09 15:29:29,,Cancelled
4213,4213,36,15,10.0,2026-02-05 16:29:42,2026-02-05 16:39:42,Delivered
4214,4214,35,10,26.0,2026-03-14 15:57:48,2026-03-14 16:23:48,Delayed
4215,4215,54,15,5.0,2026-07-24 17:33:55,2026-07-24 17:38:55,Delivered
4216,4216,30,15,10.0,2026-03-18 16:46:47,2026-03-18 16:56:47,Delivered
4218,4218,34,10,9.0,2026-05-04 09:49:05,2026-05-04 09:58:05,Delivered
4219,4219,52,15,21.0,2026-05-14 19:01:10,2026-05-14 19:22:10,Delayed
4220,4220,56,30,25.0,2026-06-04 13:12:23,2026-06-04 13:37:23,Delivered
4221,4221,1,30,,2026-06-12 21:35:11,,Cancelled
4222,4222,71,10,4.0,2026-03-11 11:30:49,2026-03-11 11:34:49,Delivered
4223,4223,72,10,18.0,2026-05-22 13:04:09,2026-05-22 13:22:09,Delayed
4224,4224,27,15,11.0,2026-05-14 20:40:44,2026-05-14 20:51:44,Delivered
4225,4225,49,20,21.0,2026-05-13 16:03:45,2026-05-13 16:24:45,Delivered
4226,4226,64,20,14.0,2026-04-05 09:35:01,2026-04-05 09:49:01,Delivered
4227,4227,17,20,17.0,2026-02-17 19:09:35,2026-02-17 19:26:35,Delivered
4228,4228,80,30,29.0,2026-07-21 07:40:01,2026-07-21 08:09:01,Delivered
4229,4229,33,10,14.0,2026-02-25 20:14:14,2026-02-25 20:28:14,Delivered
4230,4230,16,10,4.0,2026-07-28 18:24:12,2026-07-28 18:28:12,Delivered
4231,4231,10,15,12.0,2026-07-29 16:59:28,2026-07-29 17:11:28,Delivered
4232,4232,33,30,28.0,2026-02-09 17:52:50,2026-02-09 18:20:50,Delivered
4233,4233,81,15,18.0,2026-03-16 19:22:26,2026-03-16 19:40:26,Delivered
4234,4234,63,15,12.0,2026-05-28 10:21:52,2026-05-28 10:33:52,Delivered
4235,4235,77,30,31.0,2026-07-29 22:25:21,2026-07-29 22:56:21,Delivered
4236,4236,43,10,4.0,2026-03-29 16:23:35,2026-03-29 16:27:35,Delivered
4237,4237,5,10,21.0,2026-04-27 08:41:43,2026-04-27 09:02:43,Delayed
4238,4238,79,20,17.0,2026-02-05 07:35:22,2026-02-05 07:52:22,Delivered
4239,4239,78,30,31.0,2026-03-01 11:57:47,2026-03-01 12:28:47,Delivered
4240,4240,8,10,12.0,2026-07-02 15:23:17,2026-07-02 15:35:17,Delivered
4241,4241,54,15,17.0,2026-07-30 11:08:09,2026-07-30 11:25:09,Delivered
4243,4243,72,30,36.0,2026-06-10 09:26:49,2026-06-10 10:02:49,Delayed
4244,4244,55,10,6.0,2026-04-26 12:29:12,2026-04-26 12:35:12,Delivered
4245,4245,8,15,17.0,2026-04-19 08:43:37,2026-04-19 09:00:37,Delivered
4246,4246,1,10,12.0,2026-06-26 12:42:53,2026-06-26 12:54:53,Delivered
4247,4247,18,20,4.0,2026-02-25 08:24:41,2026-02-25 08:28:41,Delivered
4248,4248,64,30,26.0,2026-03-20 17:34:08,2026-03-20 18:00:08,Delayed
4249,4249,4,15,19.0,2026-05-05 15:07:48,2026-05-05 15:26:48,Delivered
4250,4250,78,30,35.0,2026-05-05 20:05:52,2026-05-05 20:40:52,Delivered
4251,4251,56,15,20.0,2026-07-18 10:43:44,2026-07-18 11:03:44,Delivered
4252,4252,3,10,16.0,2026-05-02 14:25:09,2026-05-02 14:41:09,Delayed
4253,4253,23,30,26.0,2026-02-16 22:03:57,2026-02-16 22:29:57,Delivered
4254,4254,30,20,18.0,2026-05-27 07:45:53,2026-05-27 08:03:53,Delivered
4255,4255,38,10,22.0,2026-07-02 09:44:03,2026-07-02 10:06:03,Delayed
4256,4256,18,20,,2026-05-02 20:16:13,,Cancelled
4257,4257,22,30,38.0,2026-05-02 14:08:24,2026-05-02 14:46:24,Delayed
4258,4258,30,10,11.0,2026-04-24 14:52:05,2026-04-24 15:03:05,Delivered
4259,4259,6,30,22.0,2026-02-14 12:51:28,2026-02-14 13:13:28,Delivered
4260,4260,50,15,,2026-02-26 10:25:03,,Cancelled
4261,4261,24,20,18.0,2026-03-24 20:04:25,2026-03-24 20:22:25,Delayed
4262,4262,68,15,12.0,2026-03-12 23:12:54,2026-03-12 23:24:54,Delivered
4263,4263,49,20,28.0,2026-07-13 19:11:03,2026-07-13 19:39:03,Delayed
4264,4264,78,20,31.0,2026-05-15 22:07:58,2026-05-15 22:38:58,Delayed
4265,4265,67,15,25.0,2026-02-06 11:13:17,2026-02-06 11:38:17,Delayed
4266,4266,32,20,12.0,2026-06-22 14:07:02,2026-06-22 14:19:02,Delivered
4267,4267,46,30,26.0,2026-07-13 16:15:12,2026-07-13 16:41:12,Delivered
4268,4268,78,20,11.0,2026-06-18 15:56:37,2026-06-18 16:07:37,Delivered
4269,4269,55,15,20.0,2026-05-09 20:36:31,2026-05-09 20:56:31,Delivered
4270,4270,29,10,11.0,2026-07-04 15:30:49,2026-07-04 15:41:49,Delivered
4271,4271,81,30,29.0,2026-08-03 15:19:03,2026-08-03 15:48:03,Delivered
4272,4272,40,30,34.0,2026-06-18 15:03:01,2026-06-18 15:37:01,Delivered
4273,4273,37,15,22.0,2026-03-06 14:37:09,2026-03-06 14:59:09,Delayed
4274,4274,2,10,,2026-05-15 14:46:15,,Cancelled
4275,4275,64,20,,2026-02-05 10:40:13,,Cancelled
4276,4276,22,30,,2026-06-23 12:27:22,,Cancelled
4277,4277,17,30,31.0,2026-06-25 20:31:08,2026-06-25 21:02:08,Delivered
4278,4278,72,10,10.0,2026-07-29 20:33:55,2026-07-29 20:43:55,Delivered
4279,4279,42,15,17.0,2026-07-30 23:13:16,2026-07-30 23:30:16,Delivered
4280,4280,69,15,18.0,2026-08-04 19:40:46,2026-08-04 19:58:46,Delivered
4281,4281,53,15,15.0,2026-02-27 20:13:22,2026-02-27 20:28:22,Delivered
4282,4282,65,30,38.0,2026-03-08 13:22:38,2026-03-08 14:00:38,Delayed
4283,4283,71,15,13.0,2026-04-13 21:00:10,2026-04-13 21:13:10,Delivered
4284,4284,28,30,36.0,2026-07-07 11:34:43,2026-07-07 12:10:43,Delayed
4285,4285,61,15,12.0,2026-04-15 19:56:47,2026-04-15 20:08:47,Delivered
4286,4286,26,30,30.0,2026-03-26 15:48:40,2026-03-26 16:18:40,Delivered
4287,4287,48,30,23.0,2026-02-14 13:17:14,2026-02-14 13:40:14,Delivered
4288,4288,46,15,17.0,2026-07-16 18:36:22,2026-07-16 18:53:22,Delivered
4289,4289,40,30,36.0,2026-06-10 16:01:12,2026-06-10 16:37:12,Delayed
4290,4290,56,20,16.0,2026-08-01 15:03:35,2026-08-01 15:19:35,Delivered
4291,4291,67,15,12.0,2026-06-10 07:56:17,2026-06-10 08:08:17,Delivered
4292,4292,11,15,11.0,2026-06-08 11:52:32,2026-06-08 12:03:32,Delivered
4293,4293,27,10,8.0,2026-03-01 20:06:42,2026-03-01 20:14:42,Delivered
4294,4294,81,30,34.0,2026-07-01 23:27:33,2026-07-02 00:01:33,Delivered
4295,4295,53,10,9.0,2026-02-05 18:22:11,2026-02-05 18:31:11,Delivered
4296,4296,37,30,29.0,2026-03-27 12:29:29,2026-03-27 12:58:29,Delivered
4297,4297,77,10,,2026-07-11 19:55:44,,Cancelled
4298,4298,55,20,23.0,2026-02-11 16:47:37,2026-02-11 17:10:37,Delivered
4299,4299,33,10,4.0,2026-04-26 09:15:04,2026-04-26 09:19:04,Delivered
4300,4300,36,15,19.0,2026-07-12 21:11:35,2026-07-12 21:30:35,Delivered
4301,4301,52,20,5.0,2026-04-17 15:44:10,2026-04-17 15:49:10,Delivered
4302,4302,23,30,20.0,2026-02-19 22:39:10,2026-02-19 22:59:10,Delivered
4303,4303,81,30,28.0,2026-03-17 22:08:10,2026-03-17 22:36:10,Delivered
4304,4304,1,15,18.0,2026-06-10 07:07:18,2026-06-10 07:25:18,Delivered
4305,4305,30,30,23.0,2026-07-21 22:12:43,2026-07-21 22:35:43,Delivered
4306,4306,57,30,20.0,2026-06-30 07:59:05,2026-06-30 08:19:05,Delivered
4307,4307,21,10,10.0,2026-06-11 14:38:59,2026-06-11 14:48:59,Delivered
4308,4308,71,20,19.0,2026-04-01 21:42:41,2026-04-01 22:01:41,Delivered
4309,4309,74,30,31.0,2026-04-15 13:06:46,2026-04-15 13:37:46,Delivered
4310,4310,80,30,,2026-03-20 19:23:50,,Cancelled
4311,4311,58,15,17.0,2026-06-04 23:20:42,2026-06-04 23:37:42,Delivered
4312,4312,68,15,21.0,2026-05-21 07:19:34,2026-05-21 07:40:34,Delayed
4313,4313,81,20,31.0,2026-05-30 18:32:51,2026-05-30 19:03:51,Delayed
4314,4314,81,20,20.0,2026-05-31 12:11:15,2026-05-31 12:31:15,Delivered
4315,4315,62,15,17.0,2026-07-02 08:55:19,2026-07-02 09:12:19,Delayed
4316,4316,10,15,16.0,2026-05-12 13:32:56,2026-05-12 13:48:56,Delivered
4317,4317,1,20,20.0,2026-06-08 12:44:24,2026-06-08 13:04:24,Delivered
4318,4318,44,20,,2026-06-23 07:09:28,,Cancelled
4319,4319,18,10,10.0,2026-06-23 09:21:03,2026-06-23 09:31:03,Delivered
4320,4320,63,30,32.0,2026-07-06 15:46:03,2026-07-06 16:18:03,Delivered
4321,4321,14,10,10.0,2026-08-03 23:47:02,2026-08-03 23:57:02,Delivered
4322,4322,33,20,11.0,2026-02-16 14:04:11,2026-02-16 14:15:11,Delivered
4323,4323,40,20,22.0,2026-08-04 19:35:42,2026-08-04 19:57:42,Delivered
4324,4324,83,15,,2026-03-13 17:44:09,,Cancelled
4326,4326,56,30,39.0,2026-04-07 14:48:56,2026-04-07 15:27:56,Delayed
4327,4327,65,15,12.0,2026-03-12 13:57:24,2026-03-12 14:09:24,Delivered
4328,4328,10,30,27.0,2026-03-20 10:29:33,2026-03-20 10:56:33,Delivered
4329,4329,5,20,18.0,2026-07-13 22:31:34,2026-07-13 22:49:34,Delivered
4330,4330,80,10,12.0,2026-03-24 16:06:25,2026-03-24 16:18:25,Delayed
4331,4331,43,10,4.0,2026-06-15 13:15:23,2026-06-15 13:19:23,Delivered
4332,4332,42,30,42.0,2026-03-03 16:05:03,2026-03-03 16:47:03,Delayed
4333,4333,9,30,28.0,2026-07-02 12:38:52,2026-07-02 13:06:52,Delivered
4334,4334,59,15,,2026-03-24 08:47:31,,Cancelled
4335,4335,33,30,34.0,2026-06-21 12:33:36,2026-06-21 13:07:36,Delivered
4336,4336,83,15,12.0,2026-02-17 16:40:53,2026-02-17 16:52:53,Delivered
4337,4337,43,20,,2026-03-03 22:06:52,,Cancelled
4338,4338,38,20,22.0,2026-03-29 22:51:08,2026-03-29 23:13:08,Delivered
4339,4339,65,15,6.0,2026-04-23 11:06:45,2026-04-23 11:12:45,Delivered
4340,4340,62,20,24.0,2026-06-11 16:07:15,2026-06-11 16:31:15,Delivered
4341,4341,42,30,28.0,2026-06-17 07:21:35,2026-06-17 07:49:35,Delivered
4342,4342,63,15,21.0,2026-04-24 09:43:19,2026-04-24 10:04:19,Delayed
4343,4343,48,20,8.0,2026-04-11 23:01:48,2026-04-11 23:09:48,Delivered
4344,4344,54,10,10.0,2026-07-29 20:36:34,2026-07-29 20:46:34,Delivered
4345,4345,2,20,24.0,2026-06-17 12:52:00,2026-06-17 13:16:00,Delivered
4346,4346,55,20,11.0,2026-07-08 11:58:38,2026-07-08 12:09:38,Delivered
4347,4347,27,20,14.0,2026-05-03 12:04:16,2026-05-03 12:18:16,Delivered
4348,4348,61,10,8.0,2026-04-25 22:25:29,2026-04-25 22:33:29,Delivered
4349,4349,48,20,9.0,2026-04-12 12:48:26,2026-04-12 12:57:26,Delivered
4350,4350,2,20,9.0,2026-06-30 22:55:23,2026-06-30 23:04:23,Delayed
4351,4351,60,15,9.0,2026-04-27 08:49:57,2026-04-27 08:58:57,Delivered
4352,4352,11,15,10.0,2026-08-02 07:51:38,2026-08-02 08:01:38,Delivered
4353,4353,8,15,19.0,2026-06-15 18:56:22,2026-06-15 19:15:22,Delayed
4354,4354,37,15,20.0,2026-02-05 13:28:02,2026-02-05 13:48:02,Delivered
4355,4355,65,20,22.0,2026-03-10 10:55:15,2026-03-10 11:17:15,Delivered
4356,4356,75,15,16.0,2026-07-13 14:17:22,2026-07-13 14:33:22,Delivered
4357,4357,42,10,7.0,2026-05-14 21:25:16,2026-05-14 21:32:16,Delivered
4358,4358,5,15,5.0,2026-04-17 13:49:40,2026-04-17 13:54:40,Delivered
4359,4359,55,20,14.0,2026-06-15 22:00:19,2026-06-15 22:14:19,Delivered
4360,4360,6,15,10.0,2026-05-22 21:59:59,2026-05-22 22:09:59,Delivered
4361,4361,30,15,18.0,2026-06-15 13:14:26,2026-06-15 13:32:26,Delivered
4362,4362,82,15,,2026-06-06 23:28:36,,Cancelled
4363,4363,69,15,11.0,2026-02-08 15:18:38,2026-02-08 15:29:38,Delivered
4364,4364,23,10,4.0,2026-06-29 09:18:07,2026-06-29 09:22:07,Delivered
4365,4365,78,30,,2026-06-04 11:22:35,,Cancelled
4366,4366,63,20,14.0,2026-06-09 12:24:18,2026-06-09 12:38:18,Delivered
4367,4367,44,30,33.0,2026-07-29 20:40:00,2026-07-29 21:13:00,Delivered
4368,4368,16,30,30.0,2026-05-26 11:59:27,2026-05-26 12:29:27,Delivered
4369,4369,21,20,17.0,2026-04-19 07:12:38,2026-04-19 07:29:38,Delayed
4370,4370,81,15,27.0,2026-08-01 20:51:47,2026-08-01 21:18:47,Delayed
4371,4371,36,20,17.0,2026-07-11 15:26:24,2026-07-11 15:43:24,Delivered
4372,4372,35,30,37.0,2026-02-28 18:51:44,2026-02-28 19:28:44,Delayed
4373,4373,3,20,21.0,2026-05-18 20:54:16,2026-05-18 21:15:16,Delivered
4374,4374,23,15,15.0,2026-03-11 11:51:42,2026-03-11 12:06:42,Delivered
4375,4375,77,10,12.0,2026-04-01 10:37:24,2026-04-01 10:49:24,Delivered
4376,4376,52,15,,2026-05-30 18:59:06,,Cancelled
4377,4377,15,10,,2026-05-03 18:38:12,,Cancelled
4378,4378,42,30,33.0,2026-05-05 21:20:35,2026-05-05 21:53:35,Delivered
4379,4379,43,30,,2026-06-02 18:29:53,,Cancelled
4380,4380,79,15,24.0,2026-07-11 12:46:13,2026-07-11 13:10:13,Delayed
4381,4381,32,20,10.0,2026-06-13 11:00:33,2026-06-13 11:10:33,Delivered
4382,4382,40,10,20.0,2026-05-17 08:05:38,2026-05-17 08:25:38,Delayed
4383,4383,79,30,,2026-05-20 15:46:49,,Cancelled
4384,4384,22,30,29.0,2026-04-05 10:07:00,2026-04-05 10:36:00,Delivered
4385,4385,68,15,18.0,2026-06-09 21:04:35,2026-06-09 21:22:35,Delivered
4386,4386,71,10,12.0,2026-02-22 07:07:16,2026-02-22 07:19:16,Delivered
4388,4388,80,30,,2026-02-10 17:00:27,,Cancelled
4389,4389,56,10,20.0,2026-02-11 23:51:07,2026-02-12 00:11:07,Delayed
4390,4390,58,10,10.0,2026-03-23 22:39:27,2026-03-23 22:49:27,Delivered
4391,4391,6,10,6.0,2026-07-24 15:06:22,2026-07-24 15:12:22,Delivered
4392,4392,17,15,15.0,2026-02-25 17:18:33,2026-02-25 17:33:33,Delivered
4393,4393,53,30,38.0,2026-04-21 08:50:04,2026-04-21 09:28:04,Delayed
4394,4394,24,30,29.0,2026-05-05 22:46:01,2026-05-05 23:15:01,Delivered
4395,4395,48,10,8.0,2026-04-06 23:05:35,2026-04-06 23:13:35,Delivered
4396,4396,51,20,24.0,2026-05-07 22:27:00,2026-05-07 22:51:00,Delivered
4397,4397,20,10,17.0,2026-03-29 21:03:02,2026-03-29 21:20:02,Delayed
4398,4398,22,10,13.0,2026-02-14 16:33:33,2026-02-14 16:46:33,Delivered
4399,4399,45,10,5.0,2026-02-19 19:53:54,2026-02-19 19:58:54,Delivered
4400,4400,45,30,32.0,2026-07-31 08:13:56,2026-07-31 08:45:56,Delivered
4401,4401,51,10,5.0,2026-05-02 10:54:04,2026-05-02 10:59:04,Delivered
4402,4402,34,20,20.0,2026-04-08 19:54:45,2026-04-08 20:14:45,Delivered
4403,4403,71,15,16.0,2026-06-30 23:16:11,2026-06-30 23:32:11,Delayed
4404,4404,74,20,21.0,2026-07-24 12:44:54,2026-07-24 13:05:54,Delivered
4405,4405,51,20,26.0,2026-07-07 18:58:47,2026-07-07 19:24:47,Delayed
4406,4406,40,30,11.0,2026-04-03 13:00:18,2026-04-03 13:11:18,Delivered
4407,4407,6,30,28.0,2026-05-08 20:03:32,2026-05-08 20:31:32,Delivered
4409,4409,22,10,4.0,2026-06-10 19:17:17,2026-06-10 19:21:17,Delivered
4410,4410,83,30,28.0,2026-05-24 10:46:02,2026-05-24 11:14:02,Delivered
4411,4411,76,20,,2026-08-02 22:14:16,,Cancelled
4412,4412,47,15,20.0,2026-06-06 15:38:54,2026-06-06 15:58:54,Delayed
4413,4413,79,30,21.0,2026-04-19 14:02:30,2026-04-19 14:23:30,Delivered
4414,4414,33,15,11.0,2026-08-03 21:56:25,2026-08-03 22:07:25,Delivered
4415,4415,18,15,7.0,2026-03-25 13:53:14,2026-03-25 14:00:14,Delivered
4416,4416,76,30,25.0,2026-02-27 15:34:29,2026-02-27 15:59:29,Delivered
4417,4417,56,15,11.0,2026-02-07 23:56:45,2026-02-08 00:07:45,Delivered
4418,4418,2,30,32.0,2026-03-13 22:12:49,2026-03-13 22:44:49,Delivered
4419,4419,64,20,19.0,2026-05-14 10:57:26,2026-05-14 11:16:26,Delivered
4420,4420,22,20,24.0,2026-06-25 15:14:49,2026-06-25 15:38:49,Delivered
4421,4421,74,10,5.0,2026-07-13 09:30:19,2026-07-13 09:35:19,Delivered
4422,4422,56,20,12.0,2026-08-01 11:34:03,2026-08-01 11:46:03,Delivered
4423,4423,58,10,17.0,2026-04-09 16:25:29,2026-04-09 16:42:29,Delayed
4424,4424,69,20,19.0,2026-08-02 16:50:22,2026-08-02 17:09:22,Delivered
4425,4425,44,20,13.0,2026-07-02 21:52:50,2026-07-02 22:05:50,Delivered
4426,4426,45,10,10.0,2026-02-05 17:40:45,2026-02-05 17:50:45,Delivered
4427,4427,37,20,25.0,2026-06-20 19:45:41,2026-06-20 20:10:41,Delivered
4428,4428,64,30,23.0,2026-06-27 08:35:37,2026-06-27 08:58:37,Delivered
4429,4429,5,30,36.0,2026-05-08 19:55:03,2026-05-08 20:31:03,Delayed
4430,4430,54,20,22.0,2026-03-02 15:10:16,2026-03-02 15:32:16,Delivered
4431,4431,39,10,17.0,2026-07-12 09:42:15,2026-07-12 09:59:15,Delayed
4432,4432,57,30,13.0,2026-06-17 10:06:52,2026-06-17 10:19:52,Delivered
4433,4433,65,15,18.0,2026-03-18 07:28:16,2026-03-18 07:46:16,Delivered
4434,4434,17,30,25.0,2026-03-19 10:39:17,2026-03-19 11:04:17,Delivered
4435,4435,50,15,10.0,2026-02-27 16:01:55,2026-02-27 16:11:55,Delivered
4436,4436,18,10,,2026-08-04 07:19:39,,Cancelled
4437,4437,31,30,,2026-08-01 10:07:22,,Cancelled
4438,4438,6,15,14.0,2026-04-12 23:43:06,2026-04-12 23:57:06,Delivered
4439,4439,40,15,,2026-03-07 11:28:57,,Cancelled
4440,4440,71,20,11.0,2026-03-23 07:07:57,2026-03-23 07:18:57,Delivered
4441,4441,21,30,32.0,2026-06-15 16:41:28,2026-06-15 17:13:28,Delivered
4442,4442,69,20,18.0,2026-04-26 07:42:47,2026-04-26 08:00:47,Delivered
4443,4443,22,15,8.0,2026-03-12 08:04:25,2026-03-12 08:12:25,Delivered
4444,4444,77,20,17.0,2026-02-21 13:43:09,2026-02-21 14:00:09,Delivered
4445,4445,51,15,16.0,2026-05-11 19:56:28,2026-05-11 20:12:28,Delivered
4446,4446,11,30,29.0,2026-05-09 20:55:06,2026-05-09 21:24:06,Delivered
4447,4447,52,10,4.0,2026-05-26 12:16:33,2026-05-26 12:20:33,Delivered
4448,4448,33,20,13.0,2026-02-24 23:47:59,2026-02-25 00:00:59,Delivered
4450,4450,80,15,4.0,2026-07-15 12:03:55,2026-07-15 12:07:55,Delivered
4451,4451,26,10,8.0,2026-04-19 08:38:57,2026-04-19 08:46:57,Delayed
4452,4452,67,15,4.0,2026-05-06 19:26:29,2026-05-06 19:30:29,Delivered
4453,4453,62,20,15.0,2026-07-11 15:15:59,2026-07-11 15:30:59,Delivered
4454,4454,13,30,34.0,2026-06-05 18:12:54,2026-06-05 18:46:54,Delivered
4455,4455,15,20,18.0,2026-06-14 17:26:27,2026-06-14 17:44:27,Delivered
4456,4456,72,20,17.0,2026-02-23 21:07:13,2026-02-23 21:24:13,Delivered
4457,4457,69,20,21.0,2026-07-12 13:30:44,2026-07-12 13:51:44,Delivered
4458,4458,10,15,4.0,2026-02-20 09:17:11,2026-02-20 09:21:11,Delivered
4459,4459,60,10,10.0,2026-04-08 12:17:50,2026-04-08 12:27:50,Delivered
4460,4460,41,10,22.0,2026-05-26 15:04:06,2026-05-26 15:26:06,Delayed
4461,4461,79,10,14.0,2026-07-05 14:51:32,2026-07-05 15:05:32,Delivered
4462,4462,23,10,12.0,2026-02-08 16:29:50,2026-02-08 16:41:50,Delivered
4463,4463,55,15,17.0,2026-06-08 16:24:30,2026-06-08 16:41:30,Delivered
4464,4464,7,15,11.0,2026-07-21 15:18:23,2026-07-21 15:29:23,Delivered
4465,4465,22,10,17.0,2026-06-21 18:23:04,2026-06-21 18:40:04,Delayed
4466,4466,15,20,11.0,2026-04-04 22:21:48,2026-04-04 22:32:48,Delivered
4468,4468,9,20,22.0,2026-06-26 10:07:26,2026-06-26 10:29:26,Delivered
4469,4469,70,15,,2026-04-12 19:22:13,,Cancelled
4470,4470,26,20,32.0,2026-05-14 17:59:19,2026-05-14 18:31:19,Delayed
4471,4471,35,15,13.0,2026-03-23 10:22:55,2026-03-23 10:35:55,Delivered
4472,4472,32,20,22.0,2026-07-13 16:07:23,2026-07-13 16:29:23,Delivered
4473,4473,45,10,4.0,2026-05-07 09:02:41,2026-05-07 09:06:41,Delivered
4474,4474,74,15,18.0,2026-04-01 17:42:26,2026-04-01 18:00:26,Delivered
4475,4475,81,30,34.0,2026-06-03 12:23:18,2026-06-03 12:57:18,Delivered
4476,4476,80,20,12.0,2026-07-03 13:58:24,2026-07-03 14:10:24,Delivered
4477,4477,41,15,5.0,2026-04-23 13:17:48,2026-04-23 13:22:48,Delivered
4478,4478,37,20,17.0,2026-07-19 20:58:12,2026-07-19 21:15:12,Delivered
4479,4479,78,15,17.0,2026-07-21 13:20:51,2026-07-21 13:37:51,Delivered
4480,4480,36,20,25.0,2026-07-31 13:51:17,2026-07-31 14:16:17,Delivered
4481,4481,49,20,4.0,2026-07-09 12:30:47,2026-07-09 12:34:47,Delivered
4482,4482,37,30,34.0,2026-05-29 16:53:21,2026-05-29 17:27:21,Delivered
4483,4483,47,30,32.0,2026-06-28 15:35:49,2026-06-28 16:07:49,Delivered
4484,4484,63,10,9.0,2026-02-19 17:50:55,2026-02-19 17:59:55,Delivered
4485,4485,23,30,29.0,2026-03-11 20:10:22,2026-03-11 20:39:22,Delivered
4486,4486,72,10,17.0,2026-05-01 11:59:32,2026-05-01 12:16:32,Delayed
4487,4487,25,30,29.0,2026-05-08 16:14:57,2026-05-08 16:43:57,Delivered
4488,4488,11,20,20.0,2026-03-23 11:50:13,2026-03-23 12:10:13,Delivered
4489,4489,52,30,30.0,2026-02-08 14:31:34,2026-02-08 15:01:34,Delivered
4490,4490,52,30,27.0,2026-05-05 12:09:04,2026-05-05 12:36:04,Delivered
4491,4491,61,30,35.0,2026-07-20 11:34:18,2026-07-20 12:09:18,Delivered
4492,4492,38,20,23.0,2026-04-15 20:27:22,2026-04-15 20:50:22,Delivered
4493,4493,29,20,25.0,2026-06-22 11:17:07,2026-06-22 11:42:07,Delivered
4495,4495,71,30,28.0,2026-03-17 18:52:19,2026-03-17 19:20:19,Delivered
4496,4496,21,20,28.0,2026-03-01 12:14:05,2026-03-01 12:42:05,Delayed
4497,4497,14,30,28.0,2026-05-05 23:11:35,2026-05-05 23:39:35,Delivered
4498,4498,59,15,,2026-06-26 17:07:46,,Cancelled
4499,4499,26,30,31.0,2026-02-16 13:28:36,2026-02-16 13:59:36,Delivered
4500,4500,30,10,8.0,2026-03-07 19:21:19,2026-03-07 19:29:19,Delivered
4501,4501,14,15,4.0,2026-06-07 16:32:10,2026-06-07 16:36:10,Delivered
4502,4502,68,10,6.0,2026-07-06 08:20:07,2026-07-06 08:26:07,Delivered
4503,4503,24,15,18.0,2026-03-24 07:54:32,2026-03-24 08:12:32,Delivered
4504,4504,76,20,18.0,2026-03-16 16:07:41,2026-03-16 16:25:41,Delivered
4505,4505,74,15,23.0,2026-03-15 10:15:01,2026-03-15 10:38:01,Delayed
4506,4506,61,15,13.0,2026-07-28 14:55:37,2026-07-28 15:08:37,Delivered
4507,4507,67,20,22.0,2026-05-30 13:52:16,2026-05-30 14:14:16,Delivered
4508,4508,77,15,10.0,2026-03-22 20:26:53,2026-03-22 20:36:53,Delivered
4509,4509,66,10,7.0,2026-03-13 14:23:37,2026-03-13 14:30:37,Delivered
4510,4510,6,20,,2026-07-02 13:05:57,,Cancelled
4511,4511,30,10,4.0,2026-06-16 21:37:39,2026-06-16 21:41:39,Delivered
4512,4512,18,30,21.0,2026-05-19 19:25:14,2026-05-19 19:46:14,Delivered
4513,4513,13,15,17.0,2026-03-18 18:12:13,2026-03-18 18:29:13,Delayed
4514,4514,19,10,23.0,2026-05-01 08:58:03,2026-05-01 09:21:03,Delayed
4515,4515,47,10,13.0,2026-07-22 07:23:42,2026-07-22 07:36:42,Delivered
4516,4516,74,10,,2026-04-19 17:45:00,,Cancelled
4517,4517,18,20,21.0,2026-05-22 12:40:38,2026-05-22 13:01:38,Delivered
4518,4518,45,15,21.0,2026-07-11 16:47:32,2026-07-11 17:08:32,Delayed
4519,4519,45,30,38.0,2026-05-11 17:02:12,2026-05-11 17:40:12,Delayed
4520,4520,22,30,27.0,2026-02-08 11:35:53,2026-02-08 12:02:53,Delivered
4521,4521,32,15,11.0,2026-07-07 18:56:11,2026-07-07 19:07:11,Delivered
4522,4522,51,20,24.0,2026-03-30 13:18:53,2026-03-30 13:42:53,Delivered
4523,4523,58,10,20.0,2026-06-11 17:24:29,2026-06-11 17:44:29,Delayed
4524,4524,11,10,10.0,2026-03-16 19:10:57,2026-03-16 19:20:57,Delivered
4525,4525,7,15,20.0,2026-06-17 08:47:20,2026-06-17 09:07:20,Delivered
4526,4526,36,15,18.0,2026-04-02 08:05:45,2026-04-02 08:23:45,Delivered
4527,4527,36,15,13.0,2026-04-26 12:38:27,2026-04-26 12:51:27,Delivered
4528,4528,44,15,13.0,2026-04-27 14:09:24,2026-04-27 14:22:24,Delivered
4529,4529,45,15,8.0,2026-07-09 07:52:31,2026-07-09 08:00:31,Delivered
4530,4530,16,10,4.0,2026-02-16 15:04:23,2026-02-16 15:08:23,Delivered
4531,4531,22,20,23.0,2026-04-26 18:51:29,2026-04-26 19:14:29,Delayed
4532,4532,11,30,26.0,2026-06-10 15:38:41,2026-06-10 16:04:41,Delivered
4533,4533,20,30,26.0,2026-04-05 23:20:22,2026-04-05 23:46:22,Delivered
4534,4534,65,10,5.0,2026-07-06 10:05:14,2026-07-06 10:10:14,Delivered
4535,4535,38,20,22.0,2026-05-07 12:01:44,2026-05-07 12:23:44,Delivered
4536,4536,30,15,13.0,2026-04-13 22:24:13,2026-04-13 22:37:13,Delivered
4537,4537,64,15,,2026-07-20 12:59:09,,Cancelled
4538,4538,81,30,34.0,2026-06-09 07:53:06,2026-06-09 08:27:06,Delivered
4539,4539,56,10,17.0,2026-03-14 22:47:12,2026-03-14 23:04:12,Delayed
4540,4540,62,30,16.0,2026-04-08 07:45:34,2026-04-08 08:01:34,Delivered
4541,4541,35,30,37.0,2026-06-08 13:58:12,2026-06-08 14:35:12,Delayed
4542,4542,82,10,7.0,2026-06-16 08:20:45,2026-06-16 08:27:45,Delivered
4543,4543,57,20,21.0,2026-07-19 10:45:58,2026-07-19 11:06:58,Delivered
4544,4544,42,30,29.0,2026-06-22 11:39:41,2026-06-22 12:08:41,Delivered
4545,4545,26,15,18.0,2026-06-01 08:56:51,2026-06-01 09:14:51,Delivered
4546,4546,41,15,10.0,2026-06-01 07:10:25,2026-06-01 07:20:25,Delivered
4547,4547,67,15,6.0,2026-05-07 14:22:39,2026-05-07 14:28:39,Delivered
4548,4548,77,20,12.0,2026-03-09 12:48:25,2026-03-09 13:00:25,Delivered
4549,4549,82,30,17.0,2026-06-25 12:11:49,2026-06-25 12:28:49,Delivered
4551,4551,36,15,11.0,2026-02-20 10:33:59,2026-02-20 10:44:59,Delivered
4552,4552,54,20,20.0,2026-04-30 13:28:57,2026-04-30 13:48:57,Delivered
4554,4554,79,20,27.0,2026-05-02 22:55:15,2026-05-02 23:22:15,Delayed
4555,4555,2,20,16.0,2026-04-04 13:57:34,2026-04-04 14:13:34,Delivered
4556,4556,75,15,,2026-07-21 10:52:47,,Cancelled
4557,4557,62,20,22.0,2026-05-08 10:28:26,2026-05-08 10:50:26,Delivered
4558,4558,70,10,8.0,2026-07-05 07:16:31,2026-07-05 07:24:31,Delivered
4559,4559,2,10,4.0,2026-07-15 08:15:35,2026-07-15 08:19:35,Delivered
4560,4560,82,15,15.0,2026-05-09 21:39:13,2026-05-09 21:54:13,Delivered
4561,4561,39,30,,2026-06-10 23:41:40,,Cancelled
4562,4562,56,15,16.0,2026-03-27 09:03:41,2026-03-27 09:19:41,Delivered
4563,4563,17,10,10.0,2026-03-23 14:10:28,2026-03-23 14:20:28,Delivered
4564,4564,45,10,8.0,2026-04-08 14:19:57,2026-04-08 14:27:57,Delivered
4565,4565,12,30,36.0,2026-04-15 17:36:32,2026-04-15 18:12:32,Delayed
4566,4566,32,30,35.0,2026-02-25 12:03:37,2026-02-25 12:38:37,Delivered
4567,4567,32,30,35.0,2026-03-24 11:47:53,2026-03-24 12:22:53,Delivered
4568,4568,52,20,22.0,2026-05-09 12:20:43,2026-05-09 12:42:43,Delivered
4569,4569,16,20,27.0,2026-07-28 15:26:45,2026-07-28 15:53:45,Delayed
4570,4570,47,20,16.0,2026-04-24 09:23:29,2026-04-24 09:39:29,Delivered
4571,4571,56,20,17.0,2026-03-17 11:38:14,2026-03-17 11:55:14,Delivered
4572,4572,71,10,,2026-02-16 16:05:06,,Cancelled
4573,4573,62,30,24.0,2026-06-02 20:11:07,2026-06-02 20:35:07,Delivered
4574,4574,19,15,31.0,2026-06-04 10:06:03,2026-06-04 10:37:03,Delayed
4575,4575,35,30,36.0,2026-03-07 16:14:52,2026-03-07 16:50:52,Delayed
4576,4576,6,10,15.0,2026-05-07 23:44:56,2026-05-07 23:59:56,Delivered
4577,4577,60,20,26.0,2026-04-20 11:21:08,2026-04-20 11:47:08,Delayed
4578,4578,56,15,17.0,2026-06-17 15:26:30,2026-06-17 15:43:30,Delivered
4579,4579,38,15,26.0,2026-06-05 11:43:09,2026-06-05 12:09:09,Delayed
4581,4581,62,15,10.0,2026-04-16 17:44:55,2026-04-16 17:54:55,Delivered
4582,4582,57,20,23.0,2026-04-18 09:19:37,2026-04-18 09:42:37,Delivered
4583,4583,60,10,4.0,2026-07-27 08:27:28,2026-07-27 08:31:28,Delayed
4584,4584,76,30,29.0,2026-07-28 22:40:44,2026-07-28 23:09:44,Delivered
4585,4585,82,20,12.0,2026-07-09 10:49:37,2026-07-09 11:01:37,Delayed
4586,4586,82,15,14.0,2026-05-05 15:56:25,2026-05-05 16:10:25,Delivered
4587,4587,75,15,13.0,2026-07-05 23:32:34,2026-07-05 23:45:34,Delivered
4588,4588,11,20,18.0,2026-03-26 12:23:46,2026-03-26 12:41:46,Delivered
4589,4589,39,15,13.0,2026-06-03 11:16:36,2026-06-03 11:29:36,Delivered
4590,4590,3,20,14.0,2026-03-19 15:49:44,2026-03-19 16:03:44,Delivered
4592,4592,60,30,30.0,2026-06-12 15:56:45,2026-06-12 16:26:45,Delivered
4593,4593,62,20,30.0,2026-03-02 07:13:56,2026-03-02 07:43:56,Delayed
4594,4594,35,30,35.0,2026-06-28 11:10:47,2026-06-28 11:45:47,Delivered
4595,4595,72,20,16.0,2026-07-27 12:11:30,2026-07-27 12:27:30,Delivered
4596,4596,14,10,,2026-05-18 15:53:46,,Cancelled
4597,4597,75,10,13.0,2026-03-03 15:43:16,2026-03-03 15:56:16,Delivered
4598,4598,25,10,27.0,2026-03-06 15:46:17,2026-03-06 16:13:17,Delayed
4599,4599,11,10,,2026-05-03 14:29:17,,Cancelled
4600,4600,15,15,,2026-02-17 16:53:35,,Cancelled
4601,4601,7,15,15.0,2026-06-29 13:09:12,2026-06-29 13:24:12,Delivered
4602,4602,11,15,4.0,2026-07-20 12:44:07,2026-07-20 12:48:07,Delivered
4603,4603,66,20,13.0,2026-04-27 20:11:52,2026-04-27 20:24:52,Delivered
4604,4604,17,15,14.0,2026-04-07 19:42:22,2026-04-07 19:56:22,Delivered
4606,4606,62,15,13.0,2026-05-31 19:18:23,2026-05-31 19:31:23,Delivered
4607,4607,52,10,4.0,2026-05-20 11:43:01,2026-05-20 11:47:01,Delivered
4609,4609,63,15,4.0,2026-02-11 10:27:00,2026-02-11 10:31:00,Delivered
4610,4610,71,10,9.0,2026-04-19 16:41:44,2026-04-19 16:50:44,Delivered
4611,4611,73,30,24.0,2026-04-08 13:03:45,2026-04-08 13:27:45,Delivered
4612,4612,11,30,27.0,2026-07-11 20:22:31,2026-07-11 20:49:31,Delivered
4613,4613,2,10,7.0,2026-02-06 23:44:52,2026-02-06 23:51:52,Delivered
4614,4614,21,20,19.0,2026-04-07 18:48:06,2026-04-07 19:07:06,Delivered
4615,4615,35,30,33.0,2026-04-20 12:29:05,2026-04-20 13:02:05,Delivered
4616,4616,9,20,30.0,2026-03-12 19:49:24,2026-03-12 20:19:24,Delayed
4617,4617,83,10,6.0,2026-03-11 07:22:17,2026-03-11 07:28:17,Delivered
4618,4618,27,30,36.0,2026-08-03 20:56:06,2026-08-03 21:32:06,Delayed
4619,4619,26,20,27.0,2026-08-03 23:39:51,2026-08-04 00:06:51,Delayed
4620,4620,12,10,4.0,2026-08-04 20:39:48,2026-08-04 20:43:48,Delivered
4621,4621,48,20,16.0,2026-05-01 22:58:24,2026-05-01 23:14:24,Delivered
4622,4622,58,30,31.0,2026-06-07 10:49:37,2026-06-07 11:20:37,Delivered
4623,4623,77,20,22.0,2026-07-23 10:03:33,2026-07-23 10:25:33,Delivered
4625,4625,1,20,7.0,2026-04-26 23:40:53,2026-04-26 23:47:53,Delivered
4626,4626,13,30,32.0,2026-02-14 09:33:01,2026-02-14 10:05:01,Delivered
4627,4627,6,30,23.0,2026-02-09 22:23:34,2026-02-09 22:46:34,Delivered
4628,4628,24,20,25.0,2026-02-26 08:22:02,2026-02-26 08:47:02,Delivered
4629,4629,68,10,17.0,2026-07-03 22:07:15,2026-07-03 22:24:15,Delayed
4630,4630,24,10,13.0,2026-05-20 22:02:53,2026-05-20 22:15:53,Delivered
4631,4631,41,15,14.0,2026-02-11 13:26:35,2026-02-11 13:40:35,Delivered
4632,4632,35,15,16.0,2026-05-15 17:37:32,2026-05-15 17:53:32,Delivered
4633,4633,2,10,7.0,2026-06-19 14:35:34,2026-06-19 14:42:34,Delivered
4634,4634,51,15,14.0,2026-03-22 10:09:46,2026-03-22 10:23:46,Delivered
4635,4635,34,30,20.0,2026-03-29 22:18:15,2026-03-29 22:38:15,Delivered
4636,4636,40,30,30.0,2026-06-03 10:41:50,2026-06-03 11:11:50,Delivered
4637,4637,52,30,32.0,2026-06-15 23:50:56,2026-06-16 00:22:56,Delivered
4638,4638,41,20,,2026-04-20 17:13:47,,Cancelled
4639,4639,82,30,28.0,2026-07-10 12:45:57,2026-07-10 13:13:57,Delivered
4640,4640,12,10,17.0,2026-03-28 17:34:24,2026-03-28 17:51:24,Delayed
4641,4641,78,20,17.0,2026-06-06 11:48:53,2026-06-06 12:05:53,Delivered
4642,4642,23,30,38.0,2026-04-08 21:56:20,2026-04-08 22:34:20,Delayed
4643,4643,81,30,33.0,2026-02-11 17:36:42,2026-02-11 18:09:42,Delivered
4644,4644,5,30,22.0,2026-07-15 08:31:36,2026-07-15 08:53:36,Delivered
4645,4645,9,10,,2026-07-13 08:17:03,,Cancelled
4646,4646,30,20,18.0,2026-04-11 14:28:06,2026-04-11 14:46:06,Delivered
4647,4647,8,10,5.0,2026-07-18 23:43:51,2026-07-18 23:48:51,Delivered
4648,4648,45,15,10.0,2026-04-25 18:33:45,2026-04-25 18:43:45,Delivered
4649,4649,44,30,23.0,2026-03-05 08:45:37,2026-03-05 09:08:37,Delivered
4650,4650,65,15,23.0,2026-06-04 16:51:20,2026-06-04 17:14:20,Delayed
4651,4651,18,20,22.0,2026-02-22 13:04:50,2026-02-22 13:26:50,Delivered
4652,4652,19,15,13.0,2026-02-17 22:50:41,2026-02-17 23:03:41,Delivered
4653,4653,12,10,19.0,2026-02-06 19:57:06,2026-02-06 20:16:06,Delayed
4654,4654,33,15,18.0,2026-04-18 22:54:17,2026-04-18 23:12:17,Delivered
4655,4655,45,10,,2026-06-12 19:50:44,,Cancelled
4656,4656,59,10,11.0,2026-07-13 16:35:33,2026-07-13 16:46:33,Delivered
4657,4657,20,30,34.0,2026-07-08 07:46:50,2026-07-08 08:20:50,Delivered
4658,4658,48,10,,2026-06-09 11:15:03,,Cancelled
4659,4659,3,30,38.0,2026-05-04 08:03:47,2026-05-04 08:41:47,Delayed
4660,4660,24,10,22.0,2026-05-26 09:37:40,2026-05-26 09:59:40,Delayed
4661,4661,68,10,12.0,2026-07-13 20:52:41,2026-07-13 21:04:41,Delivered
4662,4662,8,20,12.0,2026-07-09 08:33:55,2026-07-09 08:45:55,Delayed
4663,4663,74,20,15.0,2026-07-16 15:33:22,2026-07-16 15:48:22,Delivered
4664,4664,60,30,32.0,2026-07-22 16:24:50,2026-07-22 16:56:50,Delivered
4665,4665,5,20,20.0,2026-03-30 12:37:43,2026-03-30 12:57:43,Delivered
4666,4666,5,15,30.0,2026-03-15 12:37:23,2026-03-15 13:07:23,Delayed
4668,4668,18,20,13.0,2026-06-18 10:43:48,2026-06-18 10:56:48,Delayed
4670,4670,31,20,28.0,2026-03-07 09:27:25,2026-03-07 09:55:25,Delayed
4671,4671,14,10,11.0,2026-05-08 13:34:12,2026-05-08 13:45:12,Delivered
4673,4673,42,30,32.0,2026-06-15 13:58:26,2026-06-15 14:30:26,Delivered
4674,4674,34,30,23.0,2026-05-31 18:37:27,2026-05-31 19:00:27,Delivered
4675,4675,47,10,13.0,2026-03-13 12:32:09,2026-03-13 12:45:09,Delivered
4676,4676,59,30,38.0,2026-07-03 15:35:15,2026-07-03 16:13:15,Delayed
4677,4677,64,20,30.0,2026-06-29 08:14:15,2026-06-29 08:44:15,Delayed
4678,4678,8,10,6.0,2026-06-28 08:18:42,2026-06-28 08:24:42,Delivered
4679,4679,37,20,16.0,2026-03-03 09:39:36,2026-03-03 09:55:36,Delivered
4680,4680,16,30,28.0,2026-02-28 07:31:08,2026-02-28 07:59:08,Delayed
4681,4681,41,20,24.0,2026-05-29 22:37:50,2026-05-29 23:01:50,Delivered
4682,4682,50,20,,2026-06-01 18:28:34,,Cancelled
4683,4683,76,15,7.0,2026-06-04 23:25:58,2026-06-04 23:32:58,Delivered
4684,4684,4,15,,2026-04-19 08:48:10,,Cancelled
4685,4685,7,20,30.0,2026-05-22 17:11:51,2026-05-22 17:41:51,Delayed
4686,4686,14,10,9.0,2026-06-06 11:00:05,2026-06-06 11:09:05,Delivered
4687,4687,79,20,21.0,2026-05-16 11:47:41,2026-05-16 12:08:41,Delivered
4688,4688,14,30,27.0,2026-07-24 20:49:17,2026-07-24 21:16:17,Delivered
4689,4689,83,20,24.0,2026-07-18 18:11:24,2026-07-18 18:35:24,Delivered
4690,4690,11,20,22.0,2026-07-06 20:30:18,2026-07-06 20:52:18,Delivered
4691,4691,44,10,9.0,2026-06-05 19:54:06,2026-06-05 20:03:06,Delivered
4692,4692,14,10,11.0,2026-04-07 10:57:26,2026-04-07 11:08:26,Delivered
4693,4693,82,20,27.0,2026-07-03 17:49:52,2026-07-03 18:16:52,Delayed
4694,4694,80,15,10.0,2026-02-22 11:55:23,2026-02-22 12:05:23,Delivered
4695,4695,2,20,8.0,2026-07-03 07:40:58,2026-07-03 07:48:58,Delivered
4696,4696,64,15,4.0,2026-02-08 07:17:55,2026-02-08 07:21:55,Delivered
4698,4698,82,15,25.0,2026-06-22 10:04:55,2026-06-22 10:29:55,Delayed
4699,4699,39,30,32.0,2026-08-02 20:25:59,2026-08-02 20:57:59,Delivered
4700,4700,17,30,26.0,2026-07-01 16:04:08,2026-07-01 16:30:08,Delivered
4701,4701,82,15,10.0,2026-03-08 16:48:29,2026-03-08 16:58:29,Delivered
4702,4702,75,30,39.0,2026-08-02 09:48:58,2026-08-02 10:27:58,Delayed
4703,4703,35,15,9.0,2026-03-01 13:52:19,2026-03-01 14:01:19,Delivered
4704,4704,15,15,,2026-05-28 16:42:47,,Cancelled
4705,4705,18,10,,2026-07-04 17:08:23,,Cancelled
4706,4706,30,10,14.0,2026-03-19 18:31:13,2026-03-19 18:45:13,Delivered
4707,4707,6,15,7.0,2026-03-26 11:03:10,2026-03-26 11:10:10,Delivered
4708,4708,37,15,8.0,2026-02-28 18:15:00,2026-02-28 18:23:00,Delivered
4709,4709,83,15,18.0,2026-03-14 07:20:42,2026-03-14 07:38:42,Delivered
4710,4710,52,10,8.0,2026-06-16 10:40:16,2026-06-16 10:48:16,Delivered
4711,4711,71,30,27.0,2026-03-02 22:18:22,2026-03-02 22:45:22,Delivered
4712,4712,38,10,9.0,2026-03-09 12:17:03,2026-03-09 12:26:03,Delivered
4713,4713,83,15,12.0,2026-02-20 11:21:32,2026-02-20 11:33:32,Delivered
4714,4714,43,15,20.0,2026-02-16 16:16:47,2026-02-16 16:36:47,Delivered
4715,4715,33,10,12.0,2026-02-06 18:11:45,2026-02-06 18:23:45,Delivered
4716,4716,13,20,29.0,2026-07-13 22:09:55,2026-07-13 22:38:55,Delayed
4717,4717,82,10,5.0,2026-02-19 21:22:57,2026-02-19 21:27:57,Delayed
4718,4718,12,20,25.0,2026-05-29 17:53:53,2026-05-29 18:18:53,Delivered
4719,4719,47,30,34.0,2026-06-10 23:52:00,2026-06-11 00:26:00,Delivered
4720,4720,58,10,9.0,2026-08-01 21:53:58,2026-08-01 22:02:58,Delivered
4721,4721,39,20,23.0,2026-04-17 22:48:14,2026-04-17 23:11:14,Delivered
4722,4722,63,10,24.0,2026-03-11 19:35:20,2026-03-11 19:59:20,Delayed
4723,4723,2,20,17.0,2026-04-07 21:16:10,2026-04-07 21:33:10,Delivered
4724,4724,35,10,10.0,2026-06-21 07:34:43,2026-06-21 07:44:43,Delivered
4725,4725,12,10,23.0,2026-07-17 15:08:04,2026-07-17 15:31:04,Delayed
4726,4726,45,30,23.0,2026-07-27 23:16:37,2026-07-27 23:39:37,Delivered
4727,4727,9,15,16.0,2026-07-19 18:06:19,2026-07-19 18:22:19,Delivered
4728,4728,81,10,4.0,2026-03-02 09:53:29,2026-03-02 09:57:29,Delivered
4729,4729,6,20,25.0,2026-05-22 20:05:26,2026-05-22 20:30:26,Delivered
4730,4730,82,10,7.0,2026-03-02 07:17:00,2026-03-02 07:24:00,Delivered
4731,4731,78,15,15.0,2026-06-01 11:04:20,2026-06-01 11:19:20,Delivered
4732,4732,40,20,22.0,2026-04-04 11:51:52,2026-04-04 12:13:52,Delivered
4733,4733,29,20,24.0,2026-06-27 11:48:57,2026-06-27 12:12:57,Delayed
4734,4734,47,20,8.0,2026-07-27 08:14:47,2026-07-27 08:22:47,Delivered
4735,4735,6,10,12.0,2026-04-22 17:16:35,2026-04-22 17:28:35,Delivered
4736,4736,57,20,25.0,2026-07-30 20:09:50,2026-07-30 20:34:50,Delivered
4737,4737,39,30,,2026-07-30 20:49:57,,Cancelled
4738,4738,65,20,12.0,2026-05-06 21:41:46,2026-05-06 21:53:46,Delayed
4739,4739,63,30,21.0,2026-06-07 12:10:49,2026-06-07 12:31:49,Delivered
4740,4740,29,15,,2026-06-24 12:44:15,,Cancelled
4741,4741,57,20,24.0,2026-02-26 14:40:43,2026-02-26 15:04:43,Delivered
4742,4742,1,20,19.0,2026-03-15 15:56:25,2026-03-15 16:15:25,Delivered
4743,4743,53,20,,2026-02-19 20:47:53,,Cancelled
4744,4744,63,10,,2026-03-03 07:12:23,,Cancelled
4745,4745,64,30,28.0,2026-04-16 23:36:16,2026-04-17 00:04:16,Delivered
4746,4746,5,20,11.0,2026-07-10 18:32:05,2026-07-10 18:43:05,Delivered
4747,4747,65,30,25.0,2026-06-21 13:40:13,2026-06-21 14:05:13,Delivered
4748,4748,51,20,13.0,2026-07-19 23:03:20,2026-07-19 23:16:20,Delivered
4749,4749,61,20,23.0,2026-03-11 10:00:49,2026-03-11 10:23:49,Delivered
4750,4750,76,30,25.0,2026-06-22 20:06:25,2026-06-22 20:31:25,Delivered
4751,4751,83,10,4.0,2026-07-05 21:49:21,2026-07-05 21:53:21,Delivered
4752,4752,34,30,26.0,2026-05-10 17:16:29,2026-05-10 17:42:29,Delivered
4753,4753,30,10,12.0,2026-05-24 16:25:51,2026-05-24 16:37:51,Delivered
4754,4754,7,15,24.0,2026-02-15 11:51:13,2026-02-15 12:15:13,Delayed
4755,4755,61,20,26.0,2026-03-26 08:43:05,2026-03-26 09:09:05,Delayed
4756,4756,35,20,22.0,2026-06-15 13:02:25,2026-06-15 13:24:25,Delivered
4757,4757,60,30,28.0,2026-06-11 21:09:54,2026-06-11 21:37:54,Delivered
4758,4758,78,10,16.0,2026-07-30 13:25:43,2026-07-30 13:41:43,Delayed
4759,4759,17,20,25.0,2026-07-22 22:50:51,2026-07-22 23:15:51,Delivered
4760,4760,60,30,,2026-03-28 16:02:00,,Cancelled
4761,4761,73,15,11.0,2026-06-18 12:41:24,2026-06-18 12:52:24,Delivered
4762,4762,26,10,9.0,2026-06-02 20:55:14,2026-06-02 21:04:14,Delivered
4763,4763,61,15,8.0,2026-05-02 19:09:46,2026-05-02 19:17:46,Delivered
4764,4764,30,10,19.0,2026-03-08 23:43:37,2026-03-09 00:02:37,Delayed
4765,4765,51,20,17.0,2026-07-15 12:02:03,2026-07-15 12:19:03,Delivered
4766,4766,11,15,12.0,2026-03-15 18:29:35,2026-03-15 18:41:35,Delivered
4767,4767,18,15,27.0,2026-03-10 15:49:24,2026-03-10 16:16:24,Delayed
4768,4768,26,20,21.0,2026-03-13 18:33:08,2026-03-13 18:54:08,Delivered
4769,4769,73,30,34.0,2026-06-16 09:31:33,2026-06-16 10:05:33,Delivered
4770,4770,53,30,28.0,2026-07-13 15:31:29,2026-07-13 15:59:29,Delivered
4771,4771,30,10,4.0,2026-03-22 23:17:01,2026-03-22 23:21:01,Delivered
4772,4772,14,10,13.0,2026-06-21 17:44:44,2026-06-21 17:57:44,Delivered
4773,4773,62,15,19.0,2026-03-13 15:27:57,2026-03-13 15:46:57,Delivered
4774,4774,62,30,,2026-07-11 15:44:09,,Cancelled
4775,4775,61,15,15.0,2026-05-20 12:38:06,2026-05-20 12:53:06,Delivered
4776,4776,27,15,10.0,2026-04-04 10:12:31,2026-04-04 10:22:31,Delivered
4777,4777,40,10,9.0,2026-02-25 23:55:21,2026-02-26 00:04:21,Delivered
4778,4778,80,15,15.0,2026-02-13 19:44:23,2026-02-13 19:59:23,Delivered
4779,4779,65,20,19.0,2026-08-03 13:24:12,2026-08-03 13:43:12,Delivered
4780,4780,14,10,14.0,2026-07-17 11:37:39,2026-07-17 11:51:39,Delivered
4781,4781,54,10,18.0,2026-06-16 17:41:57,2026-06-16 17:59:57,Delayed
4782,4782,17,20,,2026-06-02 19:48:28,,Cancelled
4783,4783,4,15,11.0,2026-06-04 19:49:27,2026-06-04 20:00:27,Delivered
4784,4784,75,20,18.0,2026-05-10 07:01:42,2026-05-10 07:19:42,Delivered
4785,4785,36,30,31.0,2026-04-29 19:21:32,2026-04-29 19:52:32,Delivered
4786,4786,16,10,11.0,2026-06-06 14:35:24,2026-06-06 14:46:24,Delivered
4787,4787,63,30,31.0,2026-07-08 17:39:08,2026-07-08 18:10:08,Delivered
4788,4788,7,20,,2026-03-17 16:02:53,,Cancelled
4789,4789,9,10,,2026-04-08 12:24:45,,Cancelled
4790,4790,57,20,27.0,2026-02-18 15:01:30,2026-02-18 15:28:30,Delayed
4791,4791,73,20,20.0,2026-05-04 22:42:47,2026-05-04 23:02:47,Delivered
4792,4792,79,15,,2026-02-28 12:31:56,,Cancelled
4793,4793,47,10,29.0,2026-05-18 10:56:04,2026-05-18 11:25:04,Delayed
4794,4794,11,30,,2026-06-14 23:27:36,,Cancelled
4795,4795,34,10,10.0,2026-04-03 13:50:54,2026-04-03 14:00:54,Delivered
4796,4796,39,30,31.0,2026-02-25 13:23:12,2026-02-25 13:54:12,Delivered
4797,4797,47,10,10.0,2026-03-29 07:32:40,2026-03-29 07:42:40,Delivered
4798,4798,22,15,,2026-05-05 11:25:52,,Cancelled
4799,4799,76,10,14.0,2026-08-04 23:07:54,2026-08-04 23:21:54,Delivered
4800,4800,55,15,13.0,2026-02-28 19:53:09,2026-02-28 20:06:09,Delivered
4801,4801,61,30,,2026-05-07 16:59:59,,Cancelled
4802,4802,42,30,36.0,2026-04-21 16:50:44,2026-04-21 17:26:44,Delayed
4803,4803,2,30,20.0,2026-05-15 21:25:59,2026-05-15 21:45:59,Delivered
4804,4804,31,30,39.0,2026-06-05 15:11:46,2026-06-05 15:50:46,Delayed
4805,4805,18,15,22.0,2026-03-21 15:32:54,2026-03-21 15:54:54,Delayed
4806,4806,48,20,26.0,2026-04-18 16:52:56,2026-04-18 17:18:56,Delayed
4807,4807,2,20,,2026-04-27 14:58:49,,Cancelled
4808,4808,34,30,35.0,2026-07-30 17:48:58,2026-07-30 18:23:58,Delivered
4809,4809,54,15,16.0,2026-02-10 07:33:08,2026-02-10 07:49:08,Delivered
4810,4810,7,30,44.0,2026-04-18 12:24:34,2026-04-18 13:08:34,Delayed
4811,4811,66,15,13.0,2026-07-24 17:18:48,2026-07-24 17:31:48,Delivered
4812,4812,21,20,14.0,2026-03-28 17:03:23,2026-03-28 17:17:23,Delivered
4813,4813,49,20,28.0,2026-04-18 18:05:32,2026-04-18 18:33:32,Delayed
4814,4814,28,30,28.0,2026-04-25 07:20:24,2026-04-25 07:48:24,Delivered
4815,4815,64,10,9.0,2026-03-22 00:01:04,2026-03-22 00:10:04,Delivered
4816,4816,18,10,8.0,2026-02-21 23:33:10,2026-02-21 23:41:10,Delivered
4817,4817,16,10,4.0,2026-08-01 12:40:52,2026-08-01 12:44:52,Delayed
4818,4818,79,30,30.0,2026-06-24 22:02:07,2026-06-24 22:32:07,Delivered
4819,4819,45,10,8.0,2026-02-24 13:10:59,2026-02-24 13:18:59,Delivered
4820,4820,43,10,,2026-07-30 21:57:56,,Cancelled
4821,4821,1,30,27.0,2026-05-29 08:14:51,2026-05-29 08:41:51,Delivered
4822,4822,52,20,18.0,2026-04-01 19:08:58,2026-04-01 19:26:58,Delivered
4823,4823,45,20,30.0,2026-05-27 07:04:40,2026-05-27 07:34:40,Delayed
4824,4824,63,15,15.0,2026-03-15 20:52:14,2026-03-15 21:07:14,Delivered
4825,4825,8,10,8.0,2026-05-07 08:59:39,2026-05-07 09:07:39,Delivered
4826,4826,76,15,22.0,2026-05-18 10:42:51,2026-05-18 11:04:51,Delayed
4827,4827,9,10,14.0,2026-07-02 13:14:35,2026-07-02 13:28:35,Delivered
4828,4828,6,30,25.0,2026-04-01 07:53:21,2026-04-01 08:18:21,Delivered
4829,4829,83,10,4.0,2026-02-21 11:41:19,2026-02-21 11:45:19,Delivered
4830,4830,2,15,28.0,2026-02-25 11:04:21,2026-02-25 11:32:21,Delayed
4831,4831,40,20,33.0,2026-05-08 10:24:33,2026-05-08 10:57:33,Delayed
4832,4832,62,15,14.0,2026-03-05 19:49:25,2026-03-05 20:03:25,Delivered
4833,4833,16,20,15.0,2026-02-28 12:03:12,2026-02-28 12:18:12,Delivered
4834,4834,61,20,25.0,2026-07-06 20:55:46,2026-07-06 21:20:46,Delivered
4835,4835,8,20,21.0,2026-07-20 23:51:00,2026-07-21 00:12:00,Delivered
4836,4836,1,20,14.0,2026-06-20 20:38:02,2026-06-20 20:52:02,Delivered
4837,4837,70,10,15.0,2026-07-27 21:17:51,2026-07-27 21:32:51,Delivered
4838,4838,82,15,15.0,2026-05-11 19:52:15,2026-05-11 20:07:15,Delivered
4839,4839,26,30,29.0,2026-03-23 18:50:04,2026-03-23 19:19:04,Delivered
4840,4840,69,20,33.0,2026-03-01 08:01:53,2026-03-01 08:34:53,Delayed
4841,4841,54,30,19.0,2026-03-15 15:57:56,2026-03-15 16:16:56,Delayed
4842,4842,71,30,34.0,2026-03-02 22:28:39,2026-03-02 23:02:39,Delivered
4843,4843,4,15,22.0,2026-07-28 21:57:52,2026-07-28 22:19:52,Delayed
4844,4844,11,20,11.0,2026-05-29 22:37:44,2026-05-29 22:48:44,Delivered
4845,4845,47,20,11.0,2026-06-01 13:47:09,2026-06-01 13:58:09,Delivered
4846,4846,46,10,16.0,2026-06-02 19:16:40,2026-06-02 19:32:40,Delayed
4847,4847,49,10,13.0,2026-03-29 15:17:37,2026-03-29 15:30:37,Delivered
4848,4848,70,20,28.0,2026-04-03 15:39:22,2026-04-03 16:07:22,Delayed
4849,4849,2,20,27.0,2026-02-11 08:45:15,2026-02-11 09:12:15,Delayed
4850,4850,75,20,8.0,2026-02-09 16:48:48,2026-02-09 16:56:48,Delivered
4851,4851,23,30,24.0,2026-02-20 17:41:56,2026-02-20 18:05:56,Delivered
4852,4852,56,30,21.0,2026-02-13 11:49:20,2026-02-13 12:10:20,Delivered
4853,4853,75,20,24.0,2026-06-01 18:39:04,2026-06-01 19:03:04,Delivered
4854,4854,24,15,5.0,2026-05-05 18:32:03,2026-05-05 18:37:03,Delivered
4855,4855,75,10,14.0,2026-04-07 23:13:03,2026-04-07 23:27:03,Delivered
4856,4856,56,20,24.0,2026-03-10 15:05:13,2026-03-10 15:29:13,Delivered
4857,4857,63,10,17.0,2026-08-03 14:47:08,2026-08-03 15:04:08,Delayed
4858,4858,66,15,17.0,2026-07-08 12:21:37,2026-07-08 12:38:37,Delivered
4859,4859,49,10,,2026-05-17 22:04:00,,Cancelled
4860,4860,62,10,19.0,2026-02-23 15:13:15,2026-02-23 15:32:15,Delayed
4861,4861,65,30,20.0,2026-06-10 15:10:59,2026-06-10 15:30:59,Delivered
4862,4862,1,10,15.0,2026-07-15 16:30:20,2026-07-15 16:45:20,Delivered
4863,4863,82,10,,2026-03-30 16:11:36,,Cancelled
4864,4864,82,30,36.0,2026-06-14 08:28:42,2026-06-14 09:04:42,Delayed
4865,4865,6,20,23.0,2026-05-09 10:56:58,2026-05-09 11:19:58,Delivered
4866,4866,8,10,6.0,2026-06-19 18:49:14,2026-06-19 18:55:14,Delivered
4867,4867,15,20,19.0,2026-03-12 08:06:32,2026-03-12 08:25:32,Delivered
4868,4868,31,30,28.0,2026-06-05 19:37:29,2026-06-05 20:05:29,Delivered
4869,4869,59,20,23.0,2026-05-01 17:33:18,2026-05-01 17:56:18,Delivered
4870,4870,52,15,15.0,2026-03-07 22:13:21,2026-03-07 22:28:21,Delivered
4871,4871,5,10,4.0,2026-03-19 19:19:34,2026-03-19 19:23:34,Delivered
4872,4872,19,10,15.0,2026-02-19 23:54:36,2026-02-20 00:09:36,Delivered
4873,4873,8,10,4.0,2026-07-25 08:26:14,2026-07-25 08:30:14,Delivered
4874,4874,16,20,,2026-07-01 19:23:53,,Cancelled
4875,4875,39,15,22.0,2026-04-08 12:34:50,2026-04-08 12:56:50,Delayed
4876,4876,25,30,32.0,2026-03-31 18:24:02,2026-03-31 18:56:02,Delivered
4877,4877,27,30,36.0,2026-07-10 10:15:40,2026-07-10 10:51:40,Delayed
4878,4878,43,20,25.0,2026-02-12 10:03:33,2026-02-12 10:28:33,Delayed
4880,4880,2,10,7.0,2026-07-23 13:49:42,2026-07-23 13:56:42,Delivered
4881,4881,77,15,14.0,2026-05-02 18:50:04,2026-05-02 19:04:04,Delivered
4882,4882,40,20,19.0,2026-04-25 19:25:39,2026-04-25 19:44:39,Delivered
4883,4883,80,20,10.0,2026-04-25 18:25:27,2026-04-25 18:35:27,Delivered
4884,4884,33,30,31.0,2026-04-10 11:35:48,2026-04-10 12:06:48,Delivered
4885,4885,28,10,17.0,2026-05-04 08:18:56,2026-05-04 08:35:56,Delayed
4886,4886,8,20,30.0,2026-07-29 18:19:56,2026-07-29 18:49:56,Delayed
4887,4887,41,30,,2026-03-13 12:55:29,,Cancelled
4888,4888,44,15,4.0,2026-06-04 14:53:18,2026-06-04 14:57:18,Delivered
4889,4889,10,30,44.0,2026-05-28 22:50:11,2026-05-28 23:34:11,Delayed
4890,4890,59,15,20.0,2026-04-28 21:12:41,2026-04-28 21:32:41,Delivered
4891,4891,10,15,17.0,2026-03-18 14:44:31,2026-03-18 15:01:31,Delivered
4892,4892,16,10,12.0,2026-06-09 11:00:42,2026-06-09 11:12:42,Delivered
4893,4893,71,15,5.0,2026-03-17 12:30:19,2026-03-17 12:35:19,Delivered
4894,4894,74,15,10.0,2026-04-15 22:50:10,2026-04-15 23:00:10,Delivered
4895,4895,67,15,14.0,2026-03-12 20:29:08,2026-03-12 20:43:08,Delivered
4896,4896,76,15,10.0,2026-03-30 18:09:06,2026-03-30 18:19:06,Delivered
4897,4897,12,15,12.0,2026-05-05 21:48:21,2026-05-05 22:00:21,Delivered
4898,4898,20,30,31.0,2026-04-17 07:59:43,2026-04-17 08:30:43,Delivered
4899,4899,76,30,31.0,2026-06-20 14:51:52,2026-06-20 15:22:52,Delivered
4900,4900,83,15,13.0,2026-02-23 10:59:43,2026-02-23 11:12:43,Delivered
4901,4901,68,20,23.0,2026-02-21 21:19:41,2026-02-21 21:42:41,Delivered
4902,4902,64,20,11.0,2026-06-27 16:09:10,2026-06-27 16:20:10,Delivered
4903,4903,31,30,31.0,2026-05-22 11:03:24,2026-05-22 11:34:24,Delivered
4904,4904,27,20,17.0,2026-04-05 17:46:09,2026-04-05 18:03:09,Delivered
4905,4905,27,15,4.0,2026-07-11 18:54:16,2026-07-11 18:58:16,Delayed
4906,4906,56,15,10.0,2026-03-15 22:26:57,2026-03-15 22:36:57,Delivered
4907,4907,63,20,29.0,2026-04-05 07:06:29,2026-04-05 07:35:29,Delayed
4908,4908,58,30,24.0,2026-07-28 21:12:12,2026-07-28 21:36:12,Delivered
4909,4909,50,15,24.0,2026-03-10 20:19:52,2026-03-10 20:43:52,Delayed
4910,4910,70,30,40.0,2026-07-15 15:02:27,2026-07-15 15:42:27,Delayed
4911,4911,2,10,9.0,2026-06-11 14:23:09,2026-06-11 14:32:09,Delivered
4912,4912,73,20,10.0,2026-05-23 16:51:17,2026-05-23 17:01:17,Delivered
4913,4913,65,20,20.0,2026-04-27 08:51:10,2026-04-27 09:11:10,Delivered
4915,4915,16,15,5.0,2026-07-16 13:03:45,2026-07-16 13:08:45,Delivered
4916,4916,52,30,24.0,2026-07-03 19:39:37,2026-07-03 20:03:37,Delivered
4918,4918,39,30,21.0,2026-04-29 13:14:07,2026-04-29 13:35:07,Delivered
4919,4919,57,10,4.0,2026-03-13 20:09:28,2026-03-13 20:13:28,Delivered
4920,4920,47,20,5.0,2026-03-18 11:43:06,2026-03-18 11:48:06,Delivered
4921,4921,11,30,30.0,2026-06-19 17:53:40,2026-06-19 18:23:40,Delivered
4922,4922,39,10,4.0,2026-06-16 12:48:07,2026-06-16 12:52:07,Delivered
4923,4923,65,30,32.0,2026-03-30 23:44:34,2026-03-31 00:16:34,Delivered
4924,4924,23,30,29.0,2026-03-14 13:15:03,2026-03-14 13:44:03,Delivered
4925,4925,78,10,15.0,2026-04-21 15:31:32,2026-04-21 15:46:32,Delivered
4926,4926,79,10,20.0,2026-04-13 21:34:30,2026-04-13 21:54:30,Delayed
4927,4927,64,15,15.0,2026-03-22 18:56:43,2026-03-22 19:11:43,Delivered
4928,4928,53,20,30.0,2026-06-06 23:11:00,2026-06-06 23:41:00,Delayed
4929,4929,19,10,10.0,2026-03-01 22:10:10,2026-03-01 22:20:10,Delayed
4930,4930,79,15,7.0,2026-07-22 10:21:51,2026-07-22 10:28:51,Delivered
4931,4931,1,20,17.0,2026-07-01 13:22:30,2026-07-01 13:39:30,Delivered
4932,4932,83,20,5.0,2026-03-21 19:54:29,2026-03-21 19:59:29,Delivered
4933,4933,64,30,40.0,2026-07-22 14:04:17,2026-07-22 14:44:17,Delayed
4934,4934,4,15,10.0,2026-05-26 17:23:34,2026-05-26 17:33:34,Delivered
4935,4935,76,10,9.0,2026-04-03 18:58:34,2026-04-03 19:07:34,Delivered
4936,4936,4,15,,2026-06-07 21:00:08,,Cancelled
4937,4937,6,30,27.0,2026-04-13 23:10:27,2026-04-13 23:37:27,Delivered
4938,4938,36,30,31.0,2026-07-18 15:42:38,2026-07-18 16:13:38,Delivered
4939,4939,14,20,,2026-02-25 20:15:02,,Cancelled
4940,4940,26,15,8.0,2026-07-28 21:49:43,2026-07-28 21:57:43,Delivered
4941,4941,45,10,6.0,2026-03-30 16:48:54,2026-03-30 16:54:54,Delivered
4942,4942,83,15,7.0,2026-06-16 10:29:19,2026-06-16 10:36:19,Delivered
4943,4943,21,30,,2026-06-19 21:26:25,,Cancelled
4944,4944,80,15,7.0,2026-07-09 08:14:56,2026-07-09 08:21:56,Delivered
4945,4945,21,30,24.0,2026-02-05 20:10:58,2026-02-05 20:34:58,Delivered
4946,4946,21,30,,2026-07-18 20:43:29,,Cancelled
4947,4947,61,20,11.0,2026-02-06 11:02:56,2026-02-06 11:13:56,Delivered
4948,4948,62,15,13.0,2026-05-09 18:19:19,2026-05-09 18:32:19,Delivered
4949,4949,29,20,18.0,2026-06-13 11:45:23,2026-06-13 12:03:23,Delivered
4950,4950,82,10,15.0,2026-03-24 13:11:02,2026-03-24 13:26:02,Delivered
4951,4951,78,30,,2026-04-23 19:09:50,,Cancelled
4952,4952,31,20,25.0,2026-03-16 19:08:14,2026-03-16 19:33:14,Delivered
4953,4953,59,10,19.0,2026-02-08 17:19:59,2026-02-08 17:38:59,Delayed
4954,4954,66,20,20.0,2026-07-07 14:36:43,2026-07-07 14:56:43,Delivered
4955,4955,10,10,4.0,2026-03-24 11:53:56,2026-03-24 11:57:56,Delivered
4956,4956,30,15,9.0,2026-03-23 16:33:57,2026-03-23 16:42:57,Delivered
4957,4957,62,15,12.0,2026-06-22 08:04:32,2026-06-22 08:16:32,Delivered
4958,4958,45,10,17.0,2026-05-09 16:49:31,2026-05-09 17:06:31,Delayed
4959,4959,77,20,24.0,2026-04-17 19:11:28,2026-04-17 19:35:28,Delivered
4960,4960,56,20,17.0,2026-02-25 16:57:24,2026-02-25 17:14:24,Delivered
4961,4961,5,10,4.0,2026-05-17 19:54:46,2026-05-17 19:58:46,Delivered
4962,4962,76,30,32.0,2026-03-15 09:22:36,2026-03-15 09:54:36,Delivered
4963,4963,31,10,8.0,2026-06-28 16:24:03,2026-06-28 16:32:03,Delivered
4964,4964,73,30,36.0,2026-07-24 19:29:22,2026-07-24 20:05:22,Delayed
4965,4965,64,20,11.0,2026-06-27 17:31:48,2026-06-27 17:42:48,Delivered
4966,4966,13,15,4.0,2026-04-14 14:38:12,2026-04-14 14:42:12,Delivered
4967,4967,27,20,18.0,2026-05-31 17:10:40,2026-05-31 17:28:40,Delivered
4968,4968,55,20,21.0,2026-02-16 07:25:10,2026-02-16 07:46:10,Delivered
4969,4969,79,30,,2026-02-08 08:41:10,,Cancelled
4970,4970,60,30,30.0,2026-05-04 17:20:20,2026-05-04 17:50:20,Delivered
4971,4971,21,15,,2026-06-08 20:56:38,,Cancelled
4972,4972,37,10,6.0,2026-02-12 09:22:54,2026-02-12 09:28:54,Delivered
4973,4973,20,20,19.0,2026-08-04 17:12:45,2026-08-04 17:31:45,Delivered
4974,4974,57,10,19.0,2026-07-13 18:54:07,2026-07-13 19:13:07,Delayed
4975,4975,35,30,33.0,2026-07-23 21:05:53,2026-07-23 21:38:53,Delivered
4976,4976,24,20,20.0,2026-03-21 23:42:57,2026-03-22 00:02:57,Delivered
4977,4977,11,20,21.0,2026-07-22 11:14:18,2026-07-22 11:35:18,Delivered
4978,4978,65,15,16.0,2026-06-26 15:17:53,2026-06-26 15:33:53,Delivered
4979,4979,76,20,22.0,2026-06-24 09:48:11,2026-06-24 10:10:11,Delivered
4980,4980,1,30,33.0,2026-05-26 21:44:30,2026-05-26 22:17:30,Delivered
4981,4981,58,30,23.0,2026-04-25 19:25:42,2026-04-25 19:48:42,Delivered
4982,4982,19,10,4.0,2026-02-19 23:29:06,2026-02-19 23:33:06,Delivered
4983,4983,82,20,24.0,2026-03-20 08:01:26,2026-03-20 08:25:26,Delivered
4984,4984,76,20,17.0,2026-03-14 13:25:26,2026-03-14 13:42:26,Delivered
4985,4985,60,15,11.0,2026-03-03 17:55:08,2026-03-03 18:06:08,Delivered
4986,4986,78,30,35.0,2026-03-27 10:47:59,2026-03-27 11:22:59,Delivered
4987,4987,14,30,38.0,2026-06-28 10:46:55,2026-06-28 11:24:55,Delayed
4988,4988,12,15,18.0,2026-02-25 10:52:57,2026-02-25 11:10:57,Delivered
4989,4989,2,20,11.0,2026-05-13 16:37:59,2026-05-13 16:48:59,Delivered
4990,4990,4,10,4.0,2026-07-06 11:56:42,2026-07-06 12:00:42,Delivered
4991,4991,16,20,28.0,2026-04-05 23:43:49,2026-04-06 00:11:49,Delayed
4992,4992,16,20,21.0,2026-05-26 15:06:31,2026-05-26 15:27:31,Delivered
4993,4993,8,30,23.0,2026-03-07 21:24:16,2026-03-07 21:47:16,Delivered
4994,4994,66,20,4.0,2026-03-11 18:08:20,2026-03-11 18:12:20,Delivered
4995,4995,76,20,20.0,2026-04-01 17:38:34,2026-04-01 17:58:34,Delivered
4996,4996,31,20,19.0,2026-06-15 23:10:51,2026-06-15 23:29:51,Delivered
4997,4997,15,30,,2026-04-25 14:09:13,,Cancelled
4998,4998,37,20,11.0,2026-06-13 16:58:41,2026-06-13 17:09:41,Delivered
4999,4999,57,10,7.0,2026-04-13 16:51:58,2026-04-13 16:58:58,Delivered
5000,5000,83,20,20.0,2026-03-18 08:34:22,2026-03-18 08:54:22,Delivered
5001,5001,83,15,20.0,2026-04-05 16:02:21,2026-04-05 16:22:21,Delivered
5002,5002,1,10,17.0,2026-05-22 13:36:42,2026-05-22 13:53:42,Delayed
5003,5003,32,20,15.0,2026-06-13 07:20:27,2026-06-13 07:35:27,Delivered
5004,5004,20,30,30.0,2026-02-20 14:46:26,2026-02-20 15:16:26,Delivered
5005,5005,60,10,13.0,2026-07-27 07:09:44,2026-07-27 07:22:44,Delivered
5006,5006,47,10,17.0,2026-07-19 20:04:10,2026-07-19 20:21:10,Delayed
5007,5007,34,20,22.0,2026-05-23 08:40:48,2026-05-23 09:02:48,Delivered
5008,5008,77,20,20.0,2026-02-28 19:14:02,2026-02-28 19:34:02,Delayed
5009,5009,4,20,23.0,2026-02-12 21:11:34,2026-02-12 21:34:34,Delivered
5010,5010,32,10,14.0,2026-02-26 21:15:46,2026-02-26 21:29:46,Delivered
5011,5011,1,20,23.0,2026-07-25 09:04:15,2026-07-25 09:27:15,Delivered
5012,5012,72,10,6.0,2026-03-23 21:04:47,2026-03-23 21:10:47,Delivered
5013,5013,16,30,24.0,2026-04-18 22:32:17,2026-04-18 22:56:17,Delivered
5014,5014,53,15,24.0,2026-04-20 09:08:14,2026-04-20 09:32:14,Delayed
5015,5015,14,15,18.0,2026-05-20 07:06:55,2026-05-20 07:24:55,Delivered
5016,5016,69,10,,2026-04-19 11:22:44,,Cancelled
5017,5017,37,10,10.0,2026-02-18 17:40:36,2026-02-18 17:50:36,Delivered
5018,5018,61,10,5.0,2026-06-15 15:58:43,2026-06-15 16:03:43,Delivered
5019,5019,35,30,30.0,2026-07-30 08:25:42,2026-07-30 08:55:42,Delivered
5020,5020,82,20,23.0,2026-03-11 17:57:12,2026-03-11 18:20:12,Delivered
5021,5021,44,15,19.0,2026-05-18 07:52:37,2026-05-18 08:11:37,Delivered
5022,5022,82,15,12.0,2026-03-28 17:44:09,2026-03-28 17:56:09,Delivered
5023,5023,3,10,4.0,2026-06-26 21:51:38,2026-06-26 21:55:38,Delivered
5024,5024,6,15,,2026-03-10 10:28:15,,Cancelled
5025,5025,18,30,24.0,2026-05-22 12:58:37,2026-05-22 13:22:37,Delivered
5026,5026,6,20,19.0,2026-03-15 22:31:29,2026-03-15 22:50:29,Delivered
5027,5027,25,10,4.0,2026-07-15 12:36:53,2026-07-15 12:40:53,Delivered
5028,5028,5,15,14.0,2026-05-21 14:19:01,2026-05-21 14:33:01,Delivered
5029,5029,57,20,18.0,2026-05-30 17:07:28,2026-05-30 17:25:28,Delivered
5030,5030,38,20,21.0,2026-05-09 21:13:57,2026-05-09 21:34:57,Delivered
5031,5031,17,30,32.0,2026-04-30 14:24:06,2026-04-30 14:56:06,Delivered
5032,5032,10,10,13.0,2026-06-04 20:14:00,2026-06-04 20:27:00,Delivered
5034,5034,82,30,16.0,2026-04-04 11:57:53,2026-04-04 12:13:53,Delayed
5035,5035,55,10,4.0,2026-05-04 17:47:56,2026-05-04 17:51:56,Delivered
5036,5036,63,20,19.0,2026-06-03 17:51:31,2026-06-03 18:10:31,Delivered
5037,5037,38,30,25.0,2026-08-03 21:02:33,2026-08-03 21:27:33,Delivered
5038,5038,62,15,15.0,2026-07-11 19:27:24,2026-07-11 19:42:24,Delivered
5039,5039,64,15,13.0,2026-05-22 11:13:13,2026-05-22 11:26:13,Delivered
5040,5040,81,10,10.0,2026-02-05 17:29:12,2026-02-05 17:39:12,Delivered
5041,5041,30,10,,2026-05-08 22:49:26,,Cancelled
5042,5042,36,20,24.0,2026-06-14 12:14:06,2026-06-14 12:38:06,Delivered
5043,5043,64,15,,2026-03-24 10:23:40,,Cancelled
5044,5044,46,10,4.0,2026-05-20 07:07:03,2026-05-20 07:11:03,Delivered
5045,5045,4,20,14.0,2026-05-26 11:47:00,2026-05-26 12:01:00,Delivered
5046,5046,66,15,,2026-03-16 23:50:16,,Cancelled
5047,5047,15,10,4.0,2026-05-11 15:55:15,2026-05-11 15:59:15,Delivered
5048,5048,82,10,15.0,2026-04-02 14:10:35,2026-04-02 14:25:35,Delivered
5049,5049,77,30,27.0,2026-07-09 08:47:45,2026-07-09 09:14:45,Delivered
5050,5050,79,20,19.0,2026-04-04 21:14:14,2026-04-04 21:33:14,Delivered
5051,5051,6,30,37.0,2026-03-15 23:02:53,2026-03-15 23:39:53,Delayed
5052,5052,53,20,14.0,2026-06-22 08:33:45,2026-06-22 08:47:45,Delivered
5053,5053,60,30,17.0,2026-05-12 10:51:12,2026-05-12 11:08:12,Delivered
5054,5054,4,10,4.0,2026-03-07 22:13:35,2026-03-07 22:17:35,Delivered
5055,5055,30,20,16.0,2026-08-02 12:41:38,2026-08-02 12:57:38,Delivered
5056,5056,38,30,22.0,2026-03-15 16:32:10,2026-03-15 16:54:10,Delivered
5057,5057,79,10,18.0,2026-07-28 17:01:48,2026-07-28 17:19:48,Delayed
5058,5058,69,15,18.0,2026-04-08 15:59:50,2026-04-08 16:17:50,Delivered
5059,5059,9,15,21.0,2026-03-06 11:08:15,2026-03-06 11:29:15,Delayed
5060,5060,27,30,25.0,2026-03-08 09:30:12,2026-03-08 09:55:12,Delivered
5061,5061,80,30,30.0,2026-03-02 19:18:31,2026-03-02 19:48:31,Delayed
5062,5062,8,10,,2026-06-05 15:38:34,,Cancelled
5063,5063,41,10,15.0,2026-06-22 11:56:56,2026-06-22 12:11:56,Delivered
5064,5064,26,20,25.0,2026-06-20 20:31:27,2026-06-20 20:56:27,Delivered
5065,5065,8,20,17.0,2026-04-12 22:25:58,2026-04-12 22:42:58,Delivered
5066,5066,51,30,29.0,2026-03-08 08:11:53,2026-03-08 08:40:53,Delivered
5067,5067,51,15,6.0,2026-04-14 14:42:46,2026-04-14 14:48:46,Delivered
5068,5068,20,20,20.0,2026-05-20 18:51:50,2026-05-20 19:11:50,Delivered
5069,5069,16,20,,2026-06-19 15:24:31,,Cancelled
5070,5070,74,20,28.0,2026-03-23 19:21:02,2026-03-23 19:49:02,Delayed
5071,5071,31,30,26.0,2026-08-03 12:26:06,2026-08-03 12:52:06,Delivered
5072,5072,72,20,25.0,2026-04-09 22:15:28,2026-04-09 22:40:28,Delivered
5073,5073,5,20,32.0,2026-04-22 10:14:15,2026-04-22 10:46:15,Delayed
5074,5074,44,15,,2026-04-14 12:51:44,,Cancelled
5075,5075,47,30,,2026-03-12 22:53:48,,Cancelled
5076,5076,82,20,15.0,2026-06-03 17:55:53,2026-06-03 18:10:53,Delivered
5077,5077,66,15,22.0,2026-04-04 19:16:25,2026-04-04 19:38:25,Delayed
5078,5078,47,10,14.0,2026-03-03 19:03:24,2026-03-03 19:17:24,Delayed
5079,5079,66,10,12.0,2026-05-02 09:17:52,2026-05-02 09:29:52,Delivered
5080,5080,28,30,19.0,2026-07-04 12:57:32,2026-07-04 13:16:32,Delivered
5081,5081,46,20,17.0,2026-07-12 16:35:19,2026-07-12 16:52:19,Delivered
5082,5082,69,15,14.0,2026-04-26 18:56:48,2026-04-26 19:10:48,Delivered
5083,5083,70,20,,2026-07-14 14:09:33,,Cancelled
5084,5084,64,10,4.0,2026-07-10 13:20:49,2026-07-10 13:24:49,Delivered
5085,5085,5,20,,2026-03-02 10:00:06,,Cancelled
5086,5086,53,30,,2026-07-31 12:38:59,,Cancelled
5087,5087,25,30,25.0,2026-07-30 16:43:13,2026-07-30 17:08:13,Delivered
5088,5088,16,20,25.0,2026-07-07 17:25:04,2026-07-07 17:50:04,Delivered
5089,5089,37,10,4.0,2026-02-09 10:35:56,2026-02-09 10:39:56,Delivered
5090,5090,79,30,48.0,2026-03-28 12:09:01,2026-03-28 12:57:01,Delayed
5091,5091,26,10,9.0,2026-03-16 22:52:56,2026-03-16 23:01:56,Delivered
5092,5092,51,10,9.0,2026-07-12 11:44:15,2026-07-12 11:53:15,Delivered
5093,5093,66,20,13.0,2026-04-23 16:56:25,2026-04-23 17:09:25,Delivered
5094,5094,75,20,17.0,2026-04-04 11:40:13,2026-04-04 11:57:13,Delivered
5095,5095,79,30,38.0,2026-04-02 21:36:03,2026-04-02 22:14:03,Delayed
5096,5096,40,15,11.0,2026-06-17 23:40:35,2026-06-17 23:51:35,Delivered
5097,5097,32,10,8.0,2026-06-17 09:41:10,2026-06-17 09:49:10,Delivered
5098,5098,12,15,18.0,2026-07-05 07:46:41,2026-07-05 08:04:41,Delayed
5099,5099,8,20,21.0,2026-05-17 23:39:14,2026-05-18 00:00:14,Delivered
5100,5100,17,10,16.0,2026-06-24 14:17:24,2026-06-24 14:33:24,Delayed
5101,5101,31,20,22.0,2026-06-01 21:51:26,2026-06-01 22:13:26,Delivered
5102,5102,34,10,10.0,2026-03-07 09:41:48,2026-03-07 09:51:48,Delivered
5103,5103,82,10,4.0,2026-02-23 15:35:52,2026-02-23 15:39:52,Delivered
5104,5104,79,10,7.0,2026-04-03 11:12:58,2026-04-03 11:19:58,Delivered
5105,5105,82,20,25.0,2026-04-15 15:32:11,2026-04-15 15:57:11,Delivered
5106,5106,33,30,37.0,2026-06-25 10:43:31,2026-06-25 11:20:31,Delayed
5107,5107,43,10,16.0,2026-04-15 12:47:57,2026-04-15 13:03:57,Delayed
5108,5108,58,20,20.0,2026-06-05 15:03:03,2026-06-05 15:23:03,Delivered
5109,5109,11,30,31.0,2026-08-02 08:24:32,2026-08-02 08:55:32,Delivered
5110,5110,18,30,20.0,2026-07-20 18:13:11,2026-07-20 18:33:11,Delayed
5111,5111,30,15,16.0,2026-02-26 16:21:01,2026-02-26 16:37:01,Delivered
5112,5112,7,30,26.0,2026-03-25 12:32:49,2026-03-25 12:58:49,Delivered
5114,5114,63,15,24.0,2026-07-16 22:03:00,2026-07-16 22:27:00,Delayed
5115,5115,25,30,,2026-05-08 18:27:45,,Cancelled
5116,5116,4,10,15.0,2026-05-24 23:20:02,2026-05-24 23:35:02,Delivered
5117,5117,30,10,13.0,2026-07-29 12:32:50,2026-07-29 12:45:50,Delivered
5118,5118,36,15,,2026-03-29 07:09:28,,Cancelled
5119,5119,43,20,26.0,2026-03-31 12:03:43,2026-03-31 12:29:43,Delayed
5120,5120,78,30,40.0,2026-07-12 23:11:08,2026-07-12 23:51:08,Delayed
5121,5121,78,15,7.0,2026-03-08 20:45:27,2026-03-08 20:52:27,Delivered
5122,5122,79,30,29.0,2026-05-22 22:43:37,2026-05-22 23:12:37,Delivered
5123,5123,27,20,22.0,2026-06-29 13:33:20,2026-06-29 13:55:20,Delivered
5124,5124,24,20,33.0,2026-06-06 16:46:46,2026-06-06 17:19:46,Delayed
5125,5125,66,20,22.0,2026-06-01 20:04:30,2026-06-01 20:26:30,Delivered
5126,5126,60,15,18.0,2026-05-28 19:32:50,2026-05-28 19:50:50,Delivered
5127,5127,41,15,19.0,2026-06-29 21:27:48,2026-06-29 21:46:48,Delivered
5128,5128,60,20,14.0,2026-04-22 18:57:16,2026-04-22 19:11:16,Delivered
5129,5129,21,15,6.0,2026-04-03 16:11:24,2026-04-03 16:17:24,Delivered
5130,5130,2,20,29.0,2026-06-24 12:43:59,2026-06-24 13:12:59,Delayed
5131,5131,68,15,21.0,2026-07-31 17:19:00,2026-07-31 17:40:00,Delayed
5132,5132,35,10,8.0,2026-07-07 13:56:18,2026-07-07 14:04:18,Delivered
5133,5133,52,30,33.0,2026-07-28 18:54:27,2026-07-28 19:27:27,Delivered
5134,5134,71,20,8.0,2026-04-14 14:27:53,2026-04-14 14:35:53,Delivered
5135,5135,28,20,10.0,2026-05-22 15:48:11,2026-05-22 15:58:11,Delivered
5136,5136,20,15,11.0,2026-06-30 11:38:23,2026-06-30 11:49:23,Delayed
5137,5137,42,30,36.0,2026-02-09 13:00:18,2026-02-09 13:36:18,Delayed
5138,5138,71,20,24.0,2026-06-25 11:23:19,2026-06-25 11:47:19,Delivered
5139,5139,5,15,,2026-03-10 12:22:54,,Cancelled
5140,5140,29,30,37.0,2026-06-08 13:05:43,2026-06-08 13:42:43,Delayed
5141,5141,27,15,19.0,2026-06-13 16:07:14,2026-06-13 16:26:14,Delivered
5142,5142,75,30,28.0,2026-03-02 18:28:56,2026-03-02 18:56:56,Delivered
5143,5143,23,15,10.0,2026-06-07 19:49:38,2026-06-07 19:59:38,Delivered
5144,5144,48,20,15.0,2026-02-11 12:51:29,2026-02-11 13:06:29,Delivered
5145,5145,6,15,20.0,2026-02-15 10:54:17,2026-02-15 11:14:17,Delivered
5146,5146,59,20,27.0,2026-06-20 13:42:44,2026-06-20 14:09:44,Delayed
5147,5147,27,30,42.0,2026-02-10 12:35:48,2026-02-10 13:17:48,Delayed
5148,5148,33,20,18.0,2026-06-07 15:03:20,2026-06-07 15:21:20,Delivered
5149,5149,27,20,25.0,2026-02-22 18:08:32,2026-02-22 18:33:32,Delivered
5150,5150,76,10,14.0,2026-06-13 20:26:30,2026-06-13 20:40:30,Delivered
5151,5151,38,30,28.0,2026-05-26 11:26:25,2026-05-26 11:54:25,Delivered
5152,5152,75,10,10.0,2026-07-27 19:52:49,2026-07-27 20:02:49,Delivered
5153,5153,80,30,35.0,2026-03-30 08:49:13,2026-03-30 09:24:13,Delivered
5154,5154,54,15,17.0,2026-04-16 17:30:46,2026-04-16 17:47:46,Delivered
5155,5155,81,30,38.0,2026-03-13 16:27:31,2026-03-13 17:05:31,Delayed
5156,5156,37,30,43.0,2026-06-20 08:49:34,2026-06-20 09:32:34,Delayed
5157,5157,21,15,,2026-07-20 18:27:15,,Cancelled
5158,5158,31,30,24.0,2026-04-09 20:06:46,2026-04-09 20:30:46,Delivered
5159,5159,62,30,26.0,2026-07-12 10:12:37,2026-07-12 10:38:37,Delivered
5160,5160,13,15,16.0,2026-02-25 19:25:18,2026-02-25 19:41:18,Delivered
5161,5161,51,10,10.0,2026-02-05 13:30:10,2026-02-05 13:40:10,Delivered
5162,5162,50,15,15.0,2026-02-26 14:08:42,2026-02-26 14:23:42,Delivered
5163,5163,79,20,15.0,2026-05-04 18:08:38,2026-05-04 18:23:38,Delivered
5164,5164,71,15,12.0,2026-03-10 07:33:25,2026-03-10 07:45:25,Delivered
5165,5165,25,15,13.0,2026-06-05 18:55:55,2026-06-05 19:08:55,Delivered
5166,5166,65,15,13.0,2026-03-12 16:48:09,2026-03-12 17:01:09,Delivered
5167,5167,16,15,16.0,2026-08-03 14:05:19,2026-08-03 14:21:19,Delivered
5168,5168,17,10,11.0,2026-04-08 23:15:46,2026-04-08 23:26:46,Delivered
5169,5169,61,15,13.0,2026-05-03 11:45:41,2026-05-03 11:58:41,Delivered
5170,5170,28,20,27.0,2026-03-18 10:50:36,2026-03-18 11:17:36,Delayed
5171,5171,24,20,25.0,2026-07-14 10:34:17,2026-07-14 10:59:17,Delivered
5172,5172,58,15,13.0,2026-05-03 22:19:20,2026-05-03 22:32:20,Delivered
5173,5173,44,15,23.0,2026-05-20 23:34:49,2026-05-20 23:57:49,Delayed
5174,5174,54,30,33.0,2026-06-12 19:38:12,2026-06-12 20:11:12,Delivered
5175,5175,35,20,29.0,2026-03-30 17:03:39,2026-03-30 17:32:39,Delayed
5176,5176,33,10,16.0,2026-05-17 17:16:34,2026-05-17 17:32:34,Delayed
5177,5177,28,10,12.0,2026-06-25 07:44:42,2026-06-25 07:56:42,Delivered
5178,5178,13,20,23.0,2026-03-20 11:33:21,2026-03-20 11:56:21,Delivered
5179,5179,35,10,15.0,2026-08-02 23:53:43,2026-08-03 00:08:43,Delivered
5180,5180,14,20,20.0,2026-07-03 18:57:43,2026-07-03 19:17:43,Delivered
5181,5181,34,15,11.0,2026-05-18 16:36:31,2026-05-18 16:47:31,Delivered
5182,5182,66,15,18.0,2026-04-02 21:22:47,2026-04-02 21:40:47,Delivered
5183,5183,54,20,22.0,2026-07-06 11:14:38,2026-07-06 11:36:38,Delivered
5184,5184,56,10,18.0,2026-05-25 15:06:25,2026-05-25 15:24:25,Delayed
5185,5185,23,15,,2026-04-14 09:09:37,,Cancelled
5186,5186,26,15,15.0,2026-02-24 07:38:41,2026-02-24 07:53:41,Delivered
5187,5187,53,15,12.0,2026-06-27 08:52:21,2026-06-27 09:04:21,Delivered
5188,5188,57,15,20.0,2026-04-29 18:59:21,2026-04-29 19:19:21,Delivered
5189,5189,49,30,49.0,2026-04-07 11:59:42,2026-04-07 12:48:42,Delayed
5190,5190,79,30,30.0,2026-02-05 23:03:40,2026-02-05 23:33:40,Delivered
5191,5191,8,30,43.0,2026-02-14 07:25:45,2026-02-14 08:08:45,Delayed
5192,5192,41,30,23.0,2026-06-07 22:21:08,2026-06-07 22:44:08,Delivered
5193,5193,44,10,6.0,2026-05-24 08:35:16,2026-05-24 08:41:16,Delivered
5194,5194,19,20,15.0,2026-07-28 09:35:55,2026-07-28 09:50:55,Delivered
5195,5195,47,30,28.0,2026-04-16 20:58:16,2026-04-16 21:26:16,Delivered
5196,5196,73,20,22.0,2026-03-02 17:22:52,2026-03-02 17:44:52,Delivered
5197,5197,53,15,4.0,2026-03-29 12:36:49,2026-03-29 12:40:49,Delivered
5198,5198,36,20,25.0,2026-03-04 10:26:32,2026-03-04 10:51:32,Delivered
5199,5199,31,20,24.0,2026-04-02 13:16:08,2026-04-02 13:40:08,Delivered
5200,5200,54,20,22.0,2026-08-02 13:11:51,2026-08-02 13:33:51,Delivered
5201,5201,30,30,28.0,2026-02-10 07:04:45,2026-02-10 07:32:45,Delivered
5202,5202,38,30,28.0,2026-06-18 08:16:07,2026-06-18 08:44:07,Delivered
5203,5203,3,10,11.0,2026-06-16 20:32:40,2026-06-16 20:43:40,Delivered
5204,5204,62,20,19.0,2026-05-17 15:50:39,2026-05-17 16:09:39,Delivered
5205,5205,34,30,29.0,2026-06-26 19:22:20,2026-06-26 19:51:20,Delivered
5206,5206,33,20,20.0,2026-02-23 13:56:32,2026-02-23 14:16:32,Delivered
5207,5207,67,15,13.0,2026-04-21 11:55:01,2026-04-21 12:08:01,Delivered
5208,5208,57,10,11.0,2026-03-01 20:51:39,2026-03-01 21:02:39,Delivered
5209,5209,45,30,29.0,2026-06-29 17:24:19,2026-06-29 17:53:19,Delivered
5210,5210,59,15,,2026-04-17 23:02:24,,Cancelled
5211,5211,73,30,37.0,2026-05-15 09:46:39,2026-05-15 10:23:39,Delayed
5212,5212,82,20,16.0,2026-07-08 18:52:56,2026-07-08 19:08:56,Delivered
5213,5213,49,15,9.0,2026-03-03 22:53:44,2026-03-03 23:02:44,Delivered
5214,5214,41,30,33.0,2026-03-07 10:25:37,2026-03-07 10:58:37,Delivered
5215,5215,4,10,4.0,2026-06-27 09:28:38,2026-06-27 09:32:38,Delivered
5216,5216,15,15,11.0,2026-03-02 09:15:07,2026-03-02 09:26:07,Delivered
5218,5218,78,20,22.0,2026-03-10 17:27:10,2026-03-10 17:49:10,Delivered
5219,5219,20,10,4.0,2026-04-06 14:08:11,2026-04-06 14:12:11,Delivered
5220,5220,45,10,,2026-06-16 10:07:11,,Cancelled
5221,5221,30,20,24.0,2026-03-31 10:41:59,2026-03-31 11:05:59,Delivered
5222,5222,21,15,26.0,2026-03-09 08:20:18,2026-03-09 08:46:18,Delayed
5223,5223,11,10,9.0,2026-05-01 10:34:57,2026-05-01 10:43:57,Delivered
5224,5224,71,30,37.0,2026-06-07 18:58:42,2026-06-07 19:35:42,Delayed
5225,5225,38,30,30.0,2026-04-16 19:13:46,2026-04-16 19:43:46,Delivered
5226,5226,52,30,14.0,2026-06-12 16:49:41,2026-06-12 17:03:41,Delivered
5227,5227,81,10,14.0,2026-07-07 23:47:15,2026-07-08 00:01:15,Delivered
5228,5228,34,30,37.0,2026-07-11 20:44:22,2026-07-11 21:21:22,Delayed
5229,5229,54,15,13.0,2026-08-03 23:47:25,2026-08-04 00:00:25,Delayed
5230,5230,61,30,35.0,2026-05-23 18:47:02,2026-05-23 19:22:02,Delivered
5231,5231,66,20,19.0,2026-05-15 16:30:42,2026-05-15 16:49:42,Delivered
5232,5232,46,10,4.0,2026-04-28 08:28:04,2026-04-28 08:32:04,Delivered
5233,5233,13,10,8.0,2026-04-20 23:49:19,2026-04-20 23:57:19,Delivered
5234,5234,51,15,6.0,2026-03-23 07:42:14,2026-03-23 07:48:14,Delayed
5235,5235,11,10,4.0,2026-06-14 11:50:46,2026-06-14 11:54:46,Delivered
5236,5236,33,15,22.0,2026-07-09 18:05:29,2026-07-09 18:27:29,Delayed
5237,5237,5,20,26.0,2026-03-18 15:52:18,2026-03-18 16:18:18,Delayed
5238,5238,44,15,13.0,2026-02-15 12:54:01,2026-02-15 13:07:01,Delivered
5239,5239,14,15,4.0,2026-06-13 23:15:11,2026-06-13 23:19:11,Delivered
5240,5240,66,15,13.0,2026-02-21 14:21:36,2026-02-21 14:34:36,Delivered
5241,5241,83,15,23.0,2026-04-03 22:54:55,2026-04-03 23:17:55,Delayed
5243,5243,62,15,16.0,2026-05-22 15:59:35,2026-05-22 16:15:35,Delivered
5244,5244,69,15,20.0,2026-02-14 08:18:52,2026-02-14 08:38:52,Delayed
5245,5245,55,30,29.0,2026-04-19 23:53:01,2026-04-20 00:22:01,Delivered
5246,5246,68,30,31.0,2026-02-13 15:44:26,2026-02-13 16:15:26,Delivered
5247,5247,3,20,24.0,2026-03-22 07:17:34,2026-03-22 07:41:34,Delivered
5248,5248,34,20,26.0,2026-05-14 09:27:53,2026-05-14 09:53:53,Delayed
5249,5249,14,30,18.0,2026-07-14 21:19:23,2026-07-14 21:37:23,Delayed
5250,5250,72,20,,2026-05-13 14:21:49,,Cancelled
5251,5251,68,10,5.0,2026-05-03 17:12:03,2026-05-03 17:17:03,Delivered
5252,5252,40,30,26.0,2026-02-13 18:40:32,2026-02-13 19:06:32,Delayed
5253,5253,26,20,18.0,2026-03-29 20:38:54,2026-03-29 20:56:54,Delivered
5254,5254,59,30,24.0,2026-03-13 07:16:25,2026-03-13 07:40:25,Delivered
5255,5255,49,30,27.0,2026-04-22 15:31:51,2026-04-22 15:58:51,Delivered
5256,5256,80,15,7.0,2026-07-23 18:46:04,2026-07-23 18:53:04,Delivered
5258,5258,27,30,,2026-04-12 07:46:07,,Cancelled
5259,5259,63,30,16.0,2026-04-17 17:25:07,2026-04-17 17:41:07,Delivered
5260,5260,10,10,10.0,2026-05-10 07:18:33,2026-05-10 07:28:33,Delivered
5261,5261,49,30,17.0,2026-07-21 09:21:51,2026-07-21 09:38:51,Delivered
5262,5262,16,20,26.0,2026-07-02 17:41:41,2026-07-02 18:07:41,Delayed
5263,5263,35,10,4.0,2026-03-21 11:11:38,2026-03-21 11:15:38,Delivered
5264,5264,79,15,18.0,2026-05-13 07:35:53,2026-05-13 07:53:53,Delivered
5265,5265,5,30,37.0,2026-02-27 19:34:31,2026-02-27 20:11:31,Delayed
5266,5266,68,10,,2026-05-27 20:17:00,,Cancelled
5267,5267,81,20,20.0,2026-06-26 22:15:11,2026-06-26 22:35:11,Delivered
5268,5268,60,30,35.0,2026-02-09 16:06:21,2026-02-09 16:41:21,Delivered
5269,5269,39,10,7.0,2026-05-04 09:45:41,2026-05-04 09:52:41,Delivered
5270,5270,83,10,4.0,2026-05-27 19:38:56,2026-05-27 19:42:56,Delivered
5271,5271,53,30,,2026-04-02 10:35:55,,Cancelled
5272,5272,22,15,16.0,2026-04-22 21:56:40,2026-04-22 22:12:40,Delivered
5273,5273,42,20,19.0,2026-02-20 21:08:40,2026-02-20 21:27:40,Delivered
5274,5274,20,30,28.0,2026-07-09 13:57:21,2026-07-09 14:25:21,Delivered
5275,5275,78,15,5.0,2026-06-09 11:27:06,2026-06-09 11:32:06,Delayed
5276,5276,41,30,25.0,2026-07-12 10:31:57,2026-07-12 10:56:57,Delivered
5277,5277,36,30,29.0,2026-06-24 23:36:38,2026-06-25 00:05:38,Delivered
5278,5278,41,15,5.0,2026-04-09 15:02:25,2026-04-09 15:07:25,Delivered
5279,5279,68,10,,2026-03-04 18:02:36,,Cancelled
5280,5280,68,20,19.0,2026-04-21 18:17:12,2026-04-21 18:36:12,Delivered
5281,5281,54,15,,2026-02-19 20:22:49,,Cancelled
5282,5282,82,10,19.0,2026-04-15 10:17:39,2026-04-15 10:36:39,Delayed
5283,5283,34,15,21.0,2026-04-16 12:21:33,2026-04-16 12:42:33,Delayed
5284,5284,71,10,22.0,2026-02-20 09:57:38,2026-02-20 10:19:38,Delayed
5285,5285,18,20,17.0,2026-07-21 09:46:11,2026-07-21 10:03:11,Delivered
5286,5286,17,10,15.0,2026-07-13 13:44:54,2026-07-13 13:59:54,Delayed
5287,5287,18,10,12.0,2026-04-08 22:14:50,2026-04-08 22:26:50,Delivered
5288,5288,64,20,16.0,2026-05-29 19:45:03,2026-05-29 20:01:03,Delivered
5289,5289,27,15,20.0,2026-03-17 12:45:04,2026-03-17 13:05:04,Delayed
5290,5290,41,10,6.0,2026-03-14 20:12:44,2026-03-14 20:18:44,Delivered
5291,5291,12,15,9.0,2026-03-19 21:42:18,2026-03-19 21:51:18,Delivered
5292,5292,29,15,10.0,2026-05-18 16:12:06,2026-05-18 16:22:06,Delivered
5293,5293,14,20,22.0,2026-03-09 14:28:42,2026-03-09 14:50:42,Delivered
5294,5294,23,30,25.0,2026-05-25 09:51:05,2026-05-25 10:16:05,Delivered
5295,5295,45,15,,2026-06-27 10:53:19,,Cancelled
5296,5296,25,10,12.0,2026-06-28 19:09:07,2026-06-28 19:21:07,Delayed
5297,5297,43,10,14.0,2026-03-11 10:41:31,2026-03-11 10:55:31,Delivered
5298,5298,57,30,30.0,2026-04-02 14:41:26,2026-04-02 15:11:26,Delivered
5299,5299,76,15,20.0,2026-07-22 16:50:18,2026-07-22 17:10:18,Delivered
5300,5300,23,10,4.0,2026-07-24 13:32:54,2026-07-24 13:36:54,Delivered
5301,5301,21,20,22.0,2026-06-17 14:52:02,2026-06-17 15:14:02,Delivered
5302,5302,63,15,,2026-06-02 10:59:10,,Cancelled
5303,5303,78,20,19.0,2026-02-22 14:57:47,2026-02-22 15:16:47,Delivered
5304,5304,55,10,13.0,2026-02-18 12:59:48,2026-02-18 13:12:48,Delivered
5305,5305,68,20,14.0,2026-03-02 09:02:59,2026-03-02 09:16:59,Delivered
5306,5306,30,30,37.0,2026-03-11 23:06:48,2026-03-11 23:43:48,Delayed
5307,5307,42,15,18.0,2026-03-17 19:16:00,2026-03-17 19:34:00,Delivered
5308,5308,81,10,,2026-05-18 13:09:55,,Cancelled
5309,5309,16,15,11.0,2026-05-13 09:29:39,2026-05-13 09:40:39,Delivered
5310,5310,65,10,13.0,2026-03-20 18:12:45,2026-03-20 18:25:45,Delivered
5311,5311,25,15,20.0,2026-05-02 13:51:54,2026-05-02 14:11:54,Delivered
5312,5312,13,20,19.0,2026-03-10 14:44:47,2026-03-10 15:03:47,Delivered
5313,5313,30,20,21.0,2026-04-25 18:12:10,2026-04-25 18:33:10,Delivered
5314,5314,68,30,32.0,2026-04-12 07:07:52,2026-04-12 07:39:52,Delivered
5315,5315,9,20,22.0,2026-02-26 18:00:16,2026-02-26 18:22:16,Delivered
5316,5316,59,20,33.0,2026-03-06 21:15:07,2026-03-06 21:48:07,Delayed
5317,5317,1,15,10.0,2026-07-09 22:23:27,2026-07-09 22:33:27,Delivered
5318,5318,46,20,18.0,2026-05-31 23:45:02,2026-06-01 00:03:02,Delivered
5320,5320,55,10,4.0,2026-04-16 19:09:53,2026-04-16 19:13:53,Delivered
5321,5321,11,15,17.0,2026-03-01 15:08:32,2026-03-01 15:25:32,Delivered
5322,5322,27,20,22.0,2026-02-23 07:57:05,2026-02-23 08:19:05,Delivered
5323,5323,36,20,17.0,2026-04-29 21:35:01,2026-04-29 21:52:01,Delivered
5324,5324,4,10,23.0,2026-02-25 11:55:24,2026-02-25 12:18:24,Delayed
5325,5325,26,20,19.0,2026-03-28 23:03:01,2026-03-28 23:22:01,Delivered
5326,5326,40,20,17.0,2026-02-17 13:46:24,2026-02-17 14:03:24,Delivered
5327,5327,52,20,22.0,2026-04-09 15:12:48,2026-04-09 15:34:48,Delivered
5328,5328,46,30,32.0,2026-04-29 23:50:53,2026-04-30 00:22:53,Delivered
5329,5329,29,15,17.0,2026-04-26 22:19:04,2026-04-26 22:36:04,Delivered
5330,5330,60,20,,2026-05-04 22:09:52,,Cancelled
5331,5331,29,20,24.0,2026-06-14 10:25:39,2026-06-14 10:49:39,Delivered
5332,5332,20,30,35.0,2026-05-01 10:16:14,2026-05-01 10:51:14,Delivered
5333,5333,12,15,5.0,2026-05-18 20:07:13,2026-05-18 20:12:13,Delayed
5334,5334,10,30,40.0,2026-05-21 11:14:59,2026-05-21 11:54:59,Delayed
5335,5335,32,10,10.0,2026-06-01 18:19:50,2026-06-01 18:29:50,Delivered
5336,5336,42,15,,2026-05-02 08:13:48,,Cancelled
5337,5337,68,15,,2026-05-28 17:57:28,,Cancelled
5338,5338,47,10,9.0,2026-07-15 14:58:32,2026-07-15 15:07:32,Delivered
5339,5339,40,10,4.0,2026-04-08 13:43:40,2026-04-08 13:47:40,Delivered
5340,5340,36,10,8.0,2026-04-23 19:17:09,2026-04-23 19:25:09,Delivered
5341,5341,22,15,9.0,2026-03-24 10:31:50,2026-03-24 10:40:50,Delivered
5342,5342,2,20,33.0,2026-04-06 13:19:17,2026-04-06 13:52:17,Delayed
5343,5343,11,20,11.0,2026-05-29 09:02:54,2026-05-29 09:13:54,Delivered
5344,5344,61,10,4.0,2026-05-27 12:54:36,2026-05-27 12:58:36,Delivered
5345,5345,81,30,25.0,2026-07-24 20:50:08,2026-07-24 21:15:08,Delivered
5346,5346,8,20,22.0,2026-03-04 09:14:26,2026-03-04 09:36:26,Delivered
5347,5347,9,15,26.0,2026-02-18 23:59:10,2026-02-19 00:25:10,Delayed
5348,5348,50,10,4.0,2026-04-14 14:44:35,2026-04-14 14:48:35,Delivered
5349,5349,63,10,4.0,2026-04-23 08:59:04,2026-04-23 09:03:04,Delivered
5350,5350,50,10,15.0,2026-07-21 08:19:14,2026-07-21 08:34:14,Delivered
5351,5351,6,20,19.0,2026-05-08 11:57:58,2026-05-08 12:16:58,Delivered
5352,5352,21,20,,2026-03-04 15:47:02,,Cancelled
5353,5353,71,15,,2026-05-15 16:05:12,,Cancelled
5354,5354,47,15,12.0,2026-07-18 12:25:53,2026-07-18 12:37:53,Delivered
5355,5355,4,20,22.0,2026-02-26 23:54:20,2026-02-27 00:16:20,Delivered
5356,5356,48,30,32.0,2026-07-11 07:05:27,2026-07-11 07:37:27,Delayed
5357,5357,28,20,,2026-03-04 22:28:57,,Cancelled
5358,5358,55,30,32.0,2026-06-13 16:58:56,2026-06-13 17:30:56,Delivered
5359,5359,74,10,4.0,2026-02-25 07:53:11,2026-02-25 07:57:11,Delivered
5360,5360,77,30,21.0,2026-05-18 07:39:57,2026-05-18 08:00:57,Delivered
5361,5361,78,10,,2026-06-06 09:30:43,,Cancelled
5362,5362,5,30,25.0,2026-03-25 23:09:26,2026-03-25 23:34:26,Delivered
5363,5363,76,20,,2026-05-01 19:50:39,,Cancelled
5364,5364,13,30,,2026-06-02 19:15:23,,Cancelled
5365,5365,66,30,32.0,2026-06-15 22:48:40,2026-06-15 23:20:40,Delayed
5366,5366,19,10,4.0,2026-05-17 23:47:08,2026-05-17 23:51:08,Delivered
5367,5367,58,15,13.0,2026-07-08 19:33:03,2026-07-08 19:46:03,Delivered
5368,5368,66,30,29.0,2026-03-08 10:48:30,2026-03-08 11:17:30,Delivered
5369,5369,1,15,26.0,2026-07-23 21:31:55,2026-07-23 21:57:55,Delayed
5370,5370,28,30,,2026-03-10 11:43:41,,Cancelled
5371,5371,6,10,4.0,2026-05-10 14:38:28,2026-05-10 14:42:28,Delayed
5372,5372,42,20,28.0,2026-03-10 09:53:17,2026-03-10 10:21:17,Delayed
5373,5373,48,30,36.0,2026-07-17 15:39:13,2026-07-17 16:15:13,Delayed
5374,5374,11,20,4.0,2026-07-01 09:53:25,2026-07-01 09:57:25,Delivered
5375,5375,14,20,22.0,2026-05-06 23:03:05,2026-05-06 23:25:05,Delivered
5376,5376,39,10,4.0,2026-03-12 18:10:31,2026-03-12 18:14:31,Delivered
5377,5377,65,15,18.0,2026-07-18 09:30:18,2026-07-18 09:48:18,Delivered
5378,5378,74,20,22.0,2026-03-15 10:30:18,2026-03-15 10:52:18,Delivered
5379,5379,1,20,30.0,2026-06-18 07:56:28,2026-06-18 08:26:28,Delayed
5380,5380,25,15,14.0,2026-04-10 15:36:02,2026-04-10 15:50:02,Delivered
5381,5381,47,15,11.0,2026-06-12 07:47:26,2026-06-12 07:58:26,Delivered
5382,5382,41,30,36.0,2026-06-24 15:22:16,2026-06-24 15:58:16,Delayed
5383,5383,2,20,,2026-06-08 22:04:04,,Cancelled
5384,5384,50,15,19.0,2026-06-10 12:08:15,2026-06-10 12:27:15,Delivered
5385,5385,44,15,13.0,2026-05-14 22:06:39,2026-05-14 22:19:39,Delivered
5386,5386,39,10,4.0,2026-05-09 21:32:28,2026-05-09 21:36:28,Delivered
5387,5387,81,30,23.0,2026-02-10 09:11:24,2026-02-10 09:34:24,Delivered
5388,5388,52,10,,2026-03-20 11:25:02,,Cancelled
5389,5389,27,20,29.0,2026-06-18 23:02:44,2026-06-18 23:31:44,Delayed
5390,5390,78,20,13.0,2026-04-12 09:04:28,2026-04-12 09:17:28,Delivered
5391,5391,63,30,,2026-05-23 18:26:12,,Cancelled
5392,5392,4,10,9.0,2026-07-30 20:44:39,2026-07-30 20:53:39,Delivered
5393,5393,65,20,18.0,2026-04-24 12:10:52,2026-04-24 12:28:52,Delayed
5394,5394,81,20,16.0,2026-06-25 13:54:56,2026-06-25 14:10:56,Delayed
5395,5395,59,10,4.0,2026-05-10 14:28:53,2026-05-10 14:32:53,Delivered
5397,5397,3,10,8.0,2026-06-20 21:51:37,2026-06-20 21:59:37,Delayed
5398,5398,32,20,30.0,2026-05-17 20:48:29,2026-05-17 21:18:29,Delayed
5399,5399,51,20,21.0,2026-04-25 19:30:32,2026-04-25 19:51:32,Delivered
5400,5400,43,10,12.0,2026-04-21 16:31:22,2026-04-21 16:43:22,Delivered
5401,5401,31,10,,2026-03-01 23:29:41,,Cancelled
5402,5402,40,10,4.0,2026-06-18 11:33:53,2026-06-18 11:37:53,Delivered
5403,5403,66,30,15.0,2026-05-28 15:25:30,2026-05-28 15:40:30,Delivered
5404,5404,78,10,4.0,2026-06-03 18:40:32,2026-06-03 18:44:32,Delivered
5405,5405,32,10,,2026-05-03 17:51:42,,Cancelled
5406,5406,2,20,24.0,2026-03-12 20:13:08,2026-03-12 20:37:08,Delivered
5407,5407,42,15,11.0,2026-07-12 23:05:05,2026-07-12 23:16:05,Delivered
5408,5408,63,10,4.0,2026-02-07 08:23:55,2026-02-07 08:27:55,Delivered
5409,5409,21,20,29.0,2026-03-13 12:52:32,2026-03-13 13:21:32,Delayed
5410,5410,57,10,11.0,2026-04-07 09:48:54,2026-04-07 09:59:54,Delivered
5411,5411,72,10,7.0,2026-05-21 16:01:40,2026-05-21 16:08:40,Delivered
5412,5412,76,10,6.0,2026-07-07 23:06:09,2026-07-07 23:12:09,Delivered
5414,5414,34,20,32.0,2026-07-11 21:31:13,2026-07-11 22:03:13,Delayed
5415,5415,22,15,11.0,2026-07-15 17:53:16,2026-07-15 18:04:16,Delivered
5416,5416,48,15,18.0,2026-05-24 14:52:03,2026-05-24 15:10:03,Delivered
5417,5417,71,30,35.0,2026-05-01 14:01:30,2026-05-01 14:36:30,Delivered
5418,5418,3,30,38.0,2026-03-25 13:51:57,2026-03-25 14:29:57,Delayed
5419,5419,83,15,23.0,2026-02-25 21:56:09,2026-02-25 22:19:09,Delayed
5420,5420,41,20,15.0,2026-06-21 13:15:03,2026-06-21 13:30:03,Delivered
5421,5421,60,10,8.0,2026-04-13 17:29:59,2026-04-13 17:37:59,Delivered
5422,5422,4,30,32.0,2026-05-10 12:04:55,2026-05-10 12:36:55,Delivered
5423,5423,41,30,28.0,2026-04-30 16:36:10,2026-04-30 17:04:10,Delivered
5424,5424,31,15,,2026-02-23 15:35:07,,Cancelled
5425,5425,74,20,25.0,2026-03-04 23:25:38,2026-03-04 23:50:38,Delivered
5426,5426,70,20,13.0,2026-04-01 20:41:31,2026-04-01 20:54:31,Delivered
5427,5427,78,30,24.0,2026-07-30 09:39:51,2026-07-30 10:03:51,Delivered
5428,5428,46,30,26.0,2026-05-22 09:41:09,2026-05-22 10:07:09,Delivered
5429,5429,57,15,9.0,2026-04-01 08:01:10,2026-04-01 08:10:10,Delivered
5430,5430,83,20,,2026-06-18 21:34:59,,Cancelled
5431,5431,1,10,4.0,2026-03-12 11:30:33,2026-03-12 11:34:33,Delivered
5432,5432,12,20,30.0,2026-06-25 08:59:39,2026-06-25 09:29:39,Delayed
5433,5433,37,10,16.0,2026-07-31 11:11:52,2026-07-31 11:27:52,Delayed
5434,5434,13,30,32.0,2026-07-15 17:39:25,2026-07-15 18:11:25,Delivered
5435,5435,41,20,25.0,2026-08-03 18:30:42,2026-08-03 18:55:42,Delivered
5436,5436,39,15,4.0,2026-06-21 23:05:06,2026-06-21 23:09:06,Delivered
5437,5437,43,15,19.0,2026-07-17 10:10:59,2026-07-17 10:29:59,Delayed
5438,5438,21,30,29.0,2026-02-14 18:01:09,2026-02-14 18:30:09,Delivered
5440,5440,19,15,13.0,2026-06-08 13:34:28,2026-06-08 13:47:28,Delivered
5441,5441,1,20,33.0,2026-04-30 13:41:56,2026-04-30 14:14:56,Delayed
5442,5442,10,10,18.0,2026-03-29 20:27:39,2026-03-29 20:45:39,Delayed
5443,5443,53,30,29.0,2026-04-26 08:30:44,2026-04-26 08:59:44,Delivered
5444,5444,69,10,7.0,2026-03-27 19:09:36,2026-03-27 19:16:36,Delivered
5446,5446,66,10,20.0,2026-07-11 08:59:06,2026-07-11 09:19:06,Delayed
5447,5447,7,20,25.0,2026-04-22 14:44:14,2026-04-22 15:09:14,Delivered
5448,5448,62,15,17.0,2026-03-03 11:27:42,2026-03-03 11:44:42,Delivered
5449,5449,47,30,35.0,2026-07-30 12:17:16,2026-07-30 12:52:16,Delivered
5450,5450,58,20,25.0,2026-03-19 14:04:33,2026-03-19 14:29:33,Delivered
5451,5451,27,15,9.0,2026-05-29 11:07:30,2026-05-29 11:16:30,Delivered
5452,5452,31,20,12.0,2026-06-29 08:34:55,2026-06-29 08:46:55,Delivered
5453,5453,13,10,12.0,2026-06-01 19:23:36,2026-06-01 19:35:36,Delivered
5454,5454,72,10,20.0,2026-03-02 13:47:41,2026-03-02 14:07:41,Delayed
5455,5455,70,30,34.0,2026-04-05 09:06:06,2026-04-05 09:40:06,Delivered
5456,5456,48,30,,2026-05-18 22:03:07,,Cancelled
5457,5457,20,15,24.0,2026-05-04 16:54:15,2026-05-04 17:18:15,Delayed
5458,5458,28,20,19.0,2026-02-14 22:47:42,2026-02-14 23:06:42,Delivered
5459,5459,73,20,20.0,2026-04-11 17:20:22,2026-04-11 17:40:22,Delivered
5460,5460,12,20,21.0,2026-02-15 12:08:37,2026-02-15 12:29:37,Delivered
5461,5461,44,20,19.0,2026-03-24 13:02:48,2026-03-24 13:21:48,Delivered
5463,5463,32,15,18.0,2026-04-15 23:11:16,2026-04-15 23:29:16,Delivered
5464,5464,14,30,31.0,2026-04-26 11:51:56,2026-04-26 12:22:56,Delivered
5465,5465,10,15,23.0,2026-06-20 14:52:22,2026-06-20 15:15:22,Delayed
5466,5466,32,10,13.0,2026-05-12 13:26:57,2026-05-12 13:39:57,Delivered
5467,5467,72,20,4.0,2026-03-26 15:24:51,2026-03-26 15:28:51,Delayed
5468,5468,39,30,26.0,2026-02-08 21:17:40,2026-02-08 21:43:40,Delivered
5469,5469,56,30,25.0,2026-05-09 23:40:34,2026-05-10 00:05:34,Delivered
5470,5470,22,10,16.0,2026-03-03 14:08:34,2026-03-03 14:24:34,Delayed
5471,5471,71,30,25.0,2026-06-18 14:13:55,2026-06-18 14:38:55,Delivered
5472,5472,80,15,,2026-07-28 20:45:15,,Cancelled
5473,5473,6,30,27.0,2026-03-06 16:25:39,2026-03-06 16:52:39,Delivered
5474,5474,15,20,10.0,2026-06-17 09:25:22,2026-06-17 09:35:22,Delayed
5475,5475,73,30,34.0,2026-05-17 16:20:18,2026-05-17 16:54:18,Delivered
5477,5477,11,10,7.0,2026-04-07 08:35:27,2026-04-07 08:42:27,Delivered
5478,5478,63,10,14.0,2026-05-28 10:40:08,2026-05-28 10:54:08,Delivered
5479,5479,66,30,,2026-04-27 21:53:03,,Cancelled
5480,5480,26,20,20.0,2026-04-21 18:28:58,2026-04-21 18:48:58,Delivered
5481,5481,9,30,,2026-07-31 14:17:34,,Cancelled
5482,5482,69,15,15.0,2026-03-07 20:03:57,2026-03-07 20:18:57,Delivered
5483,5483,40,10,4.0,2026-04-20 18:13:58,2026-04-20 18:17:58,Delivered
5484,5484,43,30,33.0,2026-07-28 09:25:02,2026-07-28 09:58:02,Delivered
5485,5485,65,30,28.0,2026-06-01 11:33:02,2026-06-01 12:01:02,Delivered
5486,5486,82,20,25.0,2026-07-15 14:58:22,2026-07-15 15:23:22,Delivered
5487,5487,48,30,23.0,2026-02-16 16:10:35,2026-02-16 16:33:35,Delivered
5488,5488,50,10,18.0,2026-05-31 13:47:44,2026-05-31 14:05:44,Delayed
5489,5489,21,10,11.0,2026-02-28 18:09:47,2026-02-28 18:20:47,Delivered
5490,5490,71,10,6.0,2026-03-27 11:07:26,2026-03-27 11:13:26,Delivered
5491,5491,83,30,33.0,2026-06-28 20:06:06,2026-06-28 20:39:06,Delivered
5492,5492,41,20,24.0,2026-07-02 23:13:16,2026-07-02 23:37:16,Delivered
5493,5493,56,30,26.0,2026-07-17 11:12:47,2026-07-17 11:38:47,Delivered
5494,5494,80,20,8.0,2026-07-15 13:48:15,2026-07-15 13:56:15,Delivered
5495,5495,30,15,8.0,2026-07-28 11:28:44,2026-07-28 11:36:44,Delivered
5496,5496,9,15,12.0,2026-08-02 12:18:26,2026-08-02 12:30:26,Delivered
5497,5497,58,15,,2026-06-26 22:24:32,,Cancelled
5498,5498,10,20,14.0,2026-02-27 13:16:01,2026-02-27 13:30:01,Delivered
5499,5499,61,20,21.0,2026-05-31 08:58:25,2026-05-31 09:19:25,Delivered
5500,5500,25,20,17.0,2026-04-13 16:46:48,2026-04-13 17:03:48,Delivered
5501,5501,68,15,,2026-04-03 22:15:43,,Cancelled
5502,5502,2,10,,2026-03-12 23:25:33,,Cancelled
5503,5503,7,30,33.0,2026-03-28 15:52:16,2026-03-28 16:25:16,Delivered
5505,5505,61,30,27.0,2026-06-29 21:38:38,2026-06-29 22:05:38,Delivered
5506,5506,66,30,20.0,2026-07-01 11:43:10,2026-07-01 12:03:10,Delivered
5507,5507,68,10,,2026-02-23 12:16:11,,Cancelled
5508,5508,65,30,31.0,2026-02-09 13:46:28,2026-02-09 14:17:28,Delivered
5509,5509,33,30,28.0,2026-05-15 12:28:18,2026-05-15 12:56:18,Delivered
5510,5510,77,20,10.0,2026-04-06 13:33:33,2026-04-06 13:43:33,Delivered
5511,5511,80,10,16.0,2026-06-24 19:13:41,2026-06-24 19:29:41,Delayed
5512,5512,50,20,19.0,2026-06-27 23:31:53,2026-06-27 23:50:53,Delivered
5513,5513,45,10,,2026-04-22 15:11:59,,Cancelled
5514,5514,54,20,26.0,2026-04-28 23:29:44,2026-04-28 23:55:44,Delayed
5515,5515,64,20,16.0,2026-07-16 19:18:31,2026-07-16 19:34:31,Delivered
5516,5516,66,10,9.0,2026-07-13 19:46:32,2026-07-13 19:55:32,Delivered
5517,5517,58,10,11.0,2026-03-02 19:37:41,2026-03-02 19:48:41,Delivered
5518,5518,43,10,4.0,2026-03-17 15:01:39,2026-03-17 15:05:39,Delivered
5519,5519,55,10,4.0,2026-03-05 18:06:20,2026-03-05 18:10:20,Delivered
5520,5520,44,30,22.0,2026-06-14 09:05:59,2026-06-14 09:27:59,Delivered
5521,5521,32,20,19.0,2026-05-19 13:38:37,2026-05-19 13:57:37,Delivered
5522,5522,47,30,30.0,2026-06-03 23:13:29,2026-06-03 23:43:29,Delivered
5523,5523,73,20,14.0,2026-06-20 10:38:00,2026-06-20 10:52:00,Delivered
5524,5524,48,10,8.0,2026-05-05 22:00:40,2026-05-05 22:08:40,Delivered
5525,5525,18,15,14.0,2026-07-04 20:14:48,2026-07-04 20:28:48,Delivered
5526,5526,7,10,8.0,2026-03-23 08:02:27,2026-03-23 08:10:27,Delivered
5527,5527,31,15,13.0,2026-06-27 10:58:09,2026-06-27 11:11:09,Delivered
5528,5528,42,10,12.0,2026-05-27 14:42:27,2026-05-27 14:54:27,Delivered
5529,5529,56,30,34.0,2026-05-02 18:18:17,2026-05-02 18:52:17,Delivered
5530,5530,13,15,20.0,2026-04-25 12:45:26,2026-04-25 13:05:26,Delivered
5531,5531,11,10,12.0,2026-05-03 12:14:09,2026-05-03 12:26:09,Delivered
5532,5532,71,10,5.0,2026-02-21 20:51:59,2026-02-21 20:56:59,Delivered
5533,5533,35,15,14.0,2026-05-18 23:31:14,2026-05-18 23:45:14,Delivered
5534,5534,16,15,22.0,2026-06-16 09:42:20,2026-06-16 10:04:20,Delayed
5535,5535,43,20,4.0,2026-05-27 14:33:11,2026-05-27 14:37:11,Delivered
5536,5536,55,20,,2026-05-04 09:14:13,,Cancelled
5537,5537,67,15,16.0,2026-02-12 19:52:08,2026-02-12 20:08:08,Delivered
5538,5538,11,10,4.0,2026-02-25 13:39:12,2026-02-25 13:43:12,Delivered
5539,5539,76,15,,2026-06-13 13:07:05,,Cancelled
5540,5540,50,10,6.0,2026-02-10 22:20:20,2026-02-10 22:26:20,Delivered
5541,5541,33,20,25.0,2026-06-10 15:26:13,2026-06-10 15:51:13,Delivered
5542,5542,15,20,28.0,2026-04-17 20:29:18,2026-04-17 20:57:18,Delayed
5543,5543,37,10,13.0,2026-06-26 13:31:55,2026-06-26 13:44:55,Delivered
5544,5544,78,30,25.0,2026-06-24 14:11:30,2026-06-24 14:36:30,Delivered
5545,5545,36,15,,2026-07-02 22:24:05,,Cancelled
5547,5547,20,10,11.0,2026-03-04 10:13:28,2026-03-04 10:24:28,Delivered
5548,5548,20,20,15.0,2026-05-07 22:53:38,2026-05-07 23:08:38,Delivered
5549,5549,65,20,22.0,2026-06-17 15:11:13,2026-06-17 15:33:13,Delivered
5550,5550,66,10,18.0,2026-05-06 16:28:03,2026-05-06 16:46:03,Delayed
5551,5551,55,30,34.0,2026-03-17 18:25:57,2026-03-17 18:59:57,Delivered
5552,5552,82,10,20.0,2026-05-29 23:00:23,2026-05-29 23:20:23,Delayed
5553,5553,69,10,6.0,2026-06-07 08:27:53,2026-06-07 08:33:53,Delivered
5554,5554,79,30,37.0,2026-02-23 16:45:54,2026-02-23 17:22:54,Delayed
5555,5555,73,30,25.0,2026-07-21 22:08:12,2026-07-21 22:33:12,Delivered
5556,5556,60,15,13.0,2026-06-18 08:21:56,2026-06-18 08:34:56,Delivered
5557,5557,58,20,22.0,2026-06-01 22:09:40,2026-06-01 22:31:40,Delivered
5558,5558,4,15,18.0,2026-07-23 22:00:10,2026-07-23 22:18:10,Delivered
5559,5559,72,15,9.0,2026-08-01 10:25:56,2026-08-01 10:34:56,Delivered
5560,5560,43,30,,2026-04-04 17:11:22,,Cancelled
5561,5561,17,10,13.0,2026-03-16 19:24:42,2026-03-16 19:37:42,Delivered
5562,5562,80,10,19.0,2026-05-04 00:01:46,2026-05-04 00:20:46,Delayed
5563,5563,39,10,5.0,2026-06-09 21:36:31,2026-06-09 21:41:31,Delivered
5564,5564,18,30,18.0,2026-02-23 13:27:07,2026-02-23 13:45:07,Delivered
5565,5565,52,20,19.0,2026-02-19 17:17:46,2026-02-19 17:36:46,Delivered
5566,5566,79,30,27.0,2026-03-26 11:17:59,2026-03-26 11:44:59,Delivered
5567,5567,28,15,7.0,2026-04-04 11:47:38,2026-04-04 11:54:38,Delivered
5569,5569,27,20,19.0,2026-05-03 09:24:33,2026-05-03 09:43:33,Delivered
5570,5570,58,15,15.0,2026-06-07 14:58:46,2026-06-07 15:13:46,Delivered
5571,5571,69,10,7.0,2026-04-29 11:44:40,2026-04-29 11:51:40,Delivered
5572,5572,82,20,33.0,2026-02-10 16:19:37,2026-02-10 16:52:37,Delayed
5573,5573,46,20,13.0,2026-07-12 23:04:54,2026-07-12 23:17:54,Delivered
5574,5574,25,20,24.0,2026-03-27 13:56:51,2026-03-27 14:20:51,Delivered
5575,5575,61,15,24.0,2026-07-29 18:19:42,2026-07-29 18:43:42,Delayed
5576,5576,11,20,25.0,2026-02-09 12:47:17,2026-02-09 13:12:17,Delivered
5577,5577,4,30,41.0,2026-05-07 16:15:10,2026-05-07 16:56:10,Delayed
5578,5578,50,30,32.0,2026-04-23 18:48:04,2026-04-23 19:20:04,Delivered
5579,5579,57,10,17.0,2026-02-10 20:40:44,2026-02-10 20:57:44,Delayed
5580,5580,51,15,8.0,2026-02-13 15:01:57,2026-02-13 15:09:57,Delivered
5581,5581,80,20,26.0,2026-07-08 09:25:34,2026-07-08 09:51:34,Delayed
5582,5582,60,20,30.0,2026-02-17 11:20:42,2026-02-17 11:50:42,Delayed
5583,5583,20,30,16.0,2026-07-11 10:17:15,2026-07-11 10:33:15,Delayed
5584,5584,15,10,18.0,2026-07-13 20:30:37,2026-07-13 20:48:37,Delayed
5585,5585,14,20,14.0,2026-06-08 18:31:11,2026-06-08 18:45:11,Delivered
5586,5586,23,20,,2026-07-24 12:34:43,,Cancelled
5587,5587,33,20,20.0,2026-06-12 20:22:33,2026-06-12 20:42:33,Delivered
5588,5588,45,30,26.0,2026-07-11 15:07:16,2026-07-11 15:33:16,Delivered
5589,5589,28,20,27.0,2026-05-26 18:06:43,2026-05-26 18:33:43,Delayed
5590,5590,3,15,16.0,2026-07-31 14:49:48,2026-07-31 15:05:48,Delivered
5591,5591,52,20,,2026-05-05 13:58:34,,Cancelled
5592,5592,9,15,19.0,2026-08-02 15:07:34,2026-08-02 15:26:34,Delivered
5593,5593,32,30,35.0,2026-07-17 23:56:53,2026-07-18 00:31:53,Delivered
5594,5594,3,10,19.0,2026-05-06 20:34:14,2026-05-06 20:53:14,Delayed
5595,5595,16,10,4.0,2026-05-05 16:39:54,2026-05-05 16:43:54,Delivered
5596,5596,39,10,7.0,2026-05-31 12:49:22,2026-05-31 12:56:22,Delivered
5597,5597,82,10,4.0,2026-04-18 10:34:36,2026-04-18 10:38:36,Delivered
5598,5598,71,10,9.0,2026-07-20 22:25:44,2026-07-20 22:34:44,Delivered
5599,5599,38,10,12.0,2026-03-03 15:51:57,2026-03-03 16:03:57,Delivered
5600,5600,23,30,25.0,2026-03-01 22:10:00,2026-03-01 22:35:00,Delivered
5601,5601,67,15,15.0,2026-06-22 20:54:37,2026-06-22 21:09:37,Delivered
5602,5602,52,10,9.0,2026-03-11 07:23:31,2026-03-11 07:32:31,Delivered
5603,5603,42,10,13.0,2026-03-24 20:15:49,2026-03-24 20:28:49,Delivered
5604,5604,2,15,18.0,2026-07-24 19:57:43,2026-07-24 20:15:43,Delivered
5605,5605,83,10,17.0,2026-03-25 11:10:16,2026-03-25 11:27:16,Delayed
5606,5606,71,10,15.0,2026-02-27 07:56:05,2026-02-27 08:11:05,Delivered
5607,5607,27,15,12.0,2026-05-07 09:11:53,2026-05-07 09:23:53,Delivered
5608,5608,74,10,4.0,2026-05-15 13:27:06,2026-05-15 13:31:06,Delivered
5609,5609,40,10,8.0,2026-06-25 20:30:59,2026-06-25 20:38:59,Delivered
5610,5610,54,20,17.0,2026-06-22 22:24:32,2026-06-22 22:41:32,Delivered
5611,5611,31,10,8.0,2026-05-31 16:59:39,2026-05-31 17:07:39,Delayed
5612,5612,80,10,18.0,2026-04-27 21:50:42,2026-04-27 22:08:42,Delayed
5613,5613,4,10,,2026-04-21 19:59:39,,Cancelled
5614,5614,34,10,7.0,2026-07-10 09:06:21,2026-07-10 09:13:21,Delivered
5615,5615,77,20,18.0,2026-02-14 07:54:45,2026-02-14 08:12:45,Delivered
5616,5616,69,10,6.0,2026-05-13 23:36:26,2026-05-13 23:42:26,Delivered
5617,5617,59,10,17.0,2026-05-14 09:39:11,2026-05-14 09:56:11,Delayed
5618,5618,25,20,,2026-03-14 11:49:00,,Cancelled
5619,5619,68,15,21.0,2026-03-02 13:11:13,2026-03-02 13:32:13,Delayed
5620,5620,59,30,28.0,2026-05-09 14:23:24,2026-05-09 14:51:24,Delivered
5621,5621,14,20,19.0,2026-02-20 18:38:01,2026-02-20 18:57:01,Delivered
5622,5622,20,10,,2026-07-15 09:09:47,,Cancelled
5623,5623,52,10,7.0,2026-06-07 07:59:01,2026-06-07 08:06:01,Delivered
5624,5624,10,15,14.0,2026-03-05 14:16:43,2026-03-05 14:30:43,Delivered
5625,5625,79,10,11.0,2026-06-05 17:18:44,2026-06-05 17:29:44,Delayed
5626,5626,6,15,15.0,2026-05-07 21:50:39,2026-05-07 22:05:39,Delivered
5627,5627,63,10,7.0,2026-04-22 10:55:54,2026-04-22 11:02:54,Delivered
5628,5628,22,20,19.0,2026-06-02 11:18:21,2026-06-02 11:37:21,Delivered
5629,5629,15,20,16.0,2026-05-28 23:55:40,2026-05-29 00:11:40,Delivered
5630,5630,63,10,4.0,2026-04-01 18:05:09,2026-04-01 18:09:09,Delivered
5631,5631,22,15,4.0,2026-02-21 15:47:23,2026-02-21 15:51:23,Delivered
5632,5632,81,20,23.0,2026-03-05 16:57:23,2026-03-05 17:20:23,Delivered
5633,5633,34,10,,2026-02-23 16:09:55,,Cancelled
5634,5634,23,15,,2026-07-03 23:41:12,,Cancelled
5635,5635,54,15,15.0,2026-02-21 15:31:21,2026-02-21 15:46:21,Delivered
5636,5636,67,15,32.0,2026-07-29 12:52:31,2026-07-29 13:24:31,Delayed
5637,5637,21,20,22.0,2026-06-28 16:01:47,2026-06-28 16:23:47,Delivered
5638,5638,45,20,,2026-05-28 20:38:38,,Cancelled
5639,5639,23,15,10.0,2026-04-27 14:32:54,2026-04-27 14:42:54,Delivered
5640,5640,19,30,24.0,2026-05-08 08:17:46,2026-05-08 08:41:46,Delivered
5641,5641,74,20,8.0,2026-06-03 08:43:40,2026-06-03 08:51:40,Delivered
5642,5642,14,20,25.0,2026-05-14 16:02:37,2026-05-14 16:27:37,Delivered
5643,5643,40,20,27.0,2026-08-04 14:07:39,2026-08-04 14:34:39,Delayed
5644,5644,65,10,19.0,2026-03-23 15:59:53,2026-03-23 16:18:53,Delayed
5645,5645,33,20,23.0,2026-02-13 14:10:47,2026-02-13 14:33:47,Delivered
5646,5646,28,15,7.0,2026-06-01 19:43:45,2026-06-01 19:50:45,Delivered
5647,5647,44,10,14.0,2026-04-20 11:41:09,2026-04-20 11:55:09,Delivered
5648,5648,23,20,,2026-05-07 21:37:57,,Cancelled
5649,5649,39,10,22.0,2026-05-11 15:37:00,2026-05-11 15:59:00,Delayed
5650,5650,32,10,17.0,2026-03-15 21:10:28,2026-03-15 21:27:28,Delayed
5651,5651,42,30,41.0,2026-03-14 20:03:13,2026-03-14 20:44:13,Delayed
5652,5652,64,10,8.0,2026-07-09 20:13:09,2026-07-09 20:21:09,Delivered
5653,5653,39,10,10.0,2026-05-14 15:12:23,2026-05-14 15:22:23,Delivered
5654,5654,65,15,,2026-05-04 19:54:46,,Cancelled
5655,5655,64,15,21.0,2026-02-19 13:08:55,2026-02-19 13:29:55,Delayed
5656,5656,29,30,30.0,2026-06-19 09:23:00,2026-06-19 09:53:00,Delivered
5657,5657,24,30,29.0,2026-04-29 16:51:26,2026-04-29 17:20:26,Delivered
5658,5658,81,10,10.0,2026-07-27 20:49:34,2026-07-27 20:59:34,Delivered
5659,5659,17,30,,2026-06-15 23:26:50,,Cancelled
5660,5660,52,20,21.0,2026-06-10 19:56:58,2026-06-10 20:17:58,Delivered
5661,5661,41,30,34.0,2026-02-09 16:45:06,2026-02-09 17:19:06,Delivered
5662,5662,64,30,25.0,2026-05-20 15:48:23,2026-05-20 16:13:23,Delivered
5663,5663,81,20,15.0,2026-04-21 08:11:27,2026-04-21 08:26:27,Delivered
5664,5664,23,10,12.0,2026-04-08 10:12:11,2026-04-08 10:24:11,Delivered
5665,5665,43,10,23.0,2026-05-01 16:37:44,2026-05-01 17:00:44,Delayed
5666,5666,52,10,4.0,2026-05-06 10:00:29,2026-05-06 10:04:29,Delivered
5667,5667,81,10,19.0,2026-07-13 10:48:51,2026-07-13 11:07:51,Delayed
5668,5668,7,20,22.0,2026-02-19 07:25:30,2026-02-19 07:47:30,Delivered
5669,5669,9,10,9.0,2026-03-29 20:29:02,2026-03-29 20:38:02,Delivered
5670,5670,82,30,28.0,2026-02-14 10:42:17,2026-02-14 11:10:17,Delivered
5671,5671,66,20,15.0,2026-04-03 07:19:54,2026-04-03 07:34:54,Delivered
5673,5673,77,15,18.0,2026-06-23 16:42:05,2026-06-23 17:00:05,Delivered
5675,5675,55,30,21.0,2026-04-21 18:04:52,2026-04-21 18:25:52,Delivered
5676,5676,53,30,42.0,2026-05-27 23:51:57,2026-05-28 00:33:57,Delayed
5677,5677,68,10,11.0,2026-03-16 15:00:08,2026-03-16 15:11:08,Delivered
5678,5678,26,10,4.0,2026-06-08 19:00:07,2026-06-08 19:04:07,Delivered
5679,5679,11,30,23.0,2026-04-25 09:29:51,2026-04-25 09:52:51,Delivered
5680,5680,63,15,4.0,2026-06-05 14:30:45,2026-06-05 14:34:45,Delivered
5681,5681,34,15,15.0,2026-03-20 21:41:14,2026-03-20 21:56:14,Delivered
5682,5682,64,30,26.0,2026-03-09 08:03:44,2026-03-09 08:29:44,Delivered
5683,5683,65,30,33.0,2026-07-02 17:19:46,2026-07-02 17:52:46,Delivered
5684,5684,21,15,10.0,2026-04-02 23:13:09,2026-04-02 23:23:09,Delivered
5685,5685,10,20,16.0,2026-07-20 09:43:47,2026-07-20 09:59:47,Delivered
5686,5686,82,20,10.0,2026-03-16 20:32:23,2026-03-16 20:42:23,Delivered
5687,5687,82,15,11.0,2026-04-16 19:08:06,2026-04-16 19:19:06,Delivered
5688,5688,14,15,5.0,2026-03-18 09:28:27,2026-03-18 09:33:27,Delivered
5689,5689,30,20,18.0,2026-04-25 19:57:48,2026-04-25 20:15:48,Delivered
5690,5690,15,10,4.0,2026-07-22 11:41:21,2026-07-22 11:45:21,Delivered
5691,5691,43,20,12.0,2026-03-29 17:41:08,2026-03-29 17:53:08,Delivered
5692,5692,23,10,4.0,2026-05-20 07:08:46,2026-05-20 07:12:46,Delivered
5693,5693,5,20,17.0,2026-04-26 17:46:23,2026-04-26 18:03:23,Delivered
5694,5694,68,30,36.0,2026-05-05 13:06:20,2026-05-05 13:42:20,Delayed
5695,5695,71,10,4.0,2026-04-27 21:38:44,2026-04-27 21:42:44,Delayed
5696,5696,29,10,12.0,2026-05-25 16:45:59,2026-05-25 16:57:59,Delivered
5697,5697,68,30,34.0,2026-08-01 22:52:19,2026-08-01 23:26:19,Delivered
5698,5698,67,15,20.0,2026-04-27 11:07:57,2026-04-27 11:27:57,Delivered
5699,5699,53,15,4.0,2026-06-25 13:05:31,2026-06-25 13:09:31,Delivered
5700,5700,71,10,12.0,2026-07-08 12:43:14,2026-07-08 12:55:14,Delivered
5701,5701,62,10,8.0,2026-03-26 11:50:52,2026-03-26 11:58:52,Delivered
5702,5702,64,15,,2026-05-28 19:37:48,,Cancelled
5703,5703,74,10,12.0,2026-03-09 22:00:14,2026-03-09 22:12:14,Delivered
5704,5704,15,10,5.0,2026-03-15 21:16:54,2026-03-15 21:21:54,Delivered
5705,5705,59,20,10.0,2026-06-19 11:48:24,2026-06-19 11:58:24,Delivered
5706,5706,5,20,,2026-03-22 15:38:13,,Cancelled
5707,5707,40,20,25.0,2026-05-15 20:25:54,2026-05-15 20:50:54,Delivered
5708,5708,20,20,22.0,2026-04-30 12:45:35,2026-04-30 13:07:35,Delivered
5709,5709,36,15,15.0,2026-02-21 11:56:14,2026-02-21 12:11:14,Delivered
5710,5710,10,15,12.0,2026-03-10 09:16:31,2026-03-10 09:28:31,Delivered
5711,5711,55,30,,2026-04-10 20:05:25,,Cancelled
5712,5712,24,30,31.0,2026-03-04 17:43:22,2026-03-04 18:14:22,Delayed
5713,5713,30,20,15.0,2026-02-12 10:05:32,2026-02-12 10:20:32,Delivered
5714,5714,60,10,11.0,2026-04-18 08:19:48,2026-04-18 08:30:48,Delivered
5715,5715,26,15,,2026-03-14 15:53:44,,Cancelled
5716,5716,60,30,32.0,2026-05-28 17:54:36,2026-05-28 18:26:36,Delivered
5718,5718,33,10,19.0,2026-04-04 10:05:31,2026-04-04 10:24:31,Delayed
5719,5719,31,30,33.0,2026-04-15 17:05:52,2026-04-15 17:38:52,Delivered
5720,5720,35,15,22.0,2026-04-03 10:54:53,2026-04-03 11:16:53,Delayed
5721,5721,19,30,26.0,2026-05-25 19:42:01,2026-05-25 20:08:01,Delivered
5722,5722,42,15,10.0,2026-03-18 16:12:30,2026-03-18 16:22:30,Delivered
5723,5723,78,15,29.0,2026-02-26 11:16:31,2026-02-26 11:45:31,Delayed
5724,5724,54,15,9.0,2026-07-10 18:12:31,2026-07-10 18:21:31,Delivered
5725,5725,75,30,27.0,2026-07-26 18:17:29,2026-07-26 18:44:29,Delivered
5726,5726,81,30,26.0,2026-06-04 15:06:02,2026-06-04 15:32:02,Delivered
5727,5727,14,20,15.0,2026-03-13 13:03:00,2026-03-13 13:18:00,Delivered
5728,5728,19,10,10.0,2026-07-29 21:43:44,2026-07-29 21:53:44,Delivered
5730,5730,16,30,39.0,2026-06-29 18:56:13,2026-06-29 19:35:13,Delayed
5731,5731,28,15,,2026-08-04 11:29:10,,Cancelled
5732,5732,11,10,18.0,2026-07-20 15:39:39,2026-07-20 15:57:39,Delayed
5733,5733,79,15,6.0,2026-03-11 17:42:55,2026-03-11 17:48:55,Delivered
5734,5734,30,10,11.0,2026-02-09 16:22:59,2026-02-09 16:33:59,Delayed
5735,5735,12,15,6.0,2026-07-27 07:10:42,2026-07-27 07:16:42,Delivered
5736,5736,12,20,25.0,2026-04-30 12:56:32,2026-04-30 13:21:32,Delivered
5737,5737,82,30,26.0,2026-07-20 13:44:29,2026-07-20 14:10:29,Delivered
5739,5739,53,10,10.0,2026-05-31 11:51:50,2026-05-31 12:01:50,Delivered
5740,5740,80,10,4.0,2026-03-06 17:13:55,2026-03-06 17:17:55,Delayed
5741,5741,55,15,16.0,2026-04-06 09:33:02,2026-04-06 09:49:02,Delivered
5742,5742,66,15,12.0,2026-04-08 23:44:04,2026-04-08 23:56:04,Delivered
5743,5743,55,20,,2026-02-14 15:55:40,,Cancelled
5744,5744,19,30,24.0,2026-05-27 23:16:24,2026-05-27 23:40:24,Delivered
5745,5745,55,10,7.0,2026-03-08 21:27:00,2026-03-08 21:34:00,Delivered
5746,5746,12,15,17.0,2026-02-08 12:49:10,2026-02-08 13:06:10,Delivered
5747,5747,79,20,21.0,2026-03-05 11:09:11,2026-03-05 11:30:11,Delivered
5748,5748,38,10,,2026-04-08 12:22:28,,Cancelled
5749,5749,49,30,25.0,2026-03-14 20:32:57,2026-03-14 20:57:57,Delivered
5750,5750,73,15,20.0,2026-06-28 18:12:02,2026-06-28 18:32:02,Delivered
5751,5751,31,20,15.0,2026-07-23 12:06:44,2026-07-23 12:21:44,Delivered
5752,5752,42,20,24.0,2026-07-23 21:28:33,2026-07-23 21:52:33,Delivered
5753,5753,71,20,25.0,2026-06-27 08:16:44,2026-06-27 08:41:44,Delivered
5754,5754,73,10,4.0,2026-07-09 11:42:08,2026-07-09 11:46:08,Delivered
5755,5755,79,10,4.0,2026-03-06 12:17:11,2026-03-06 12:21:11,Delivered
5756,5756,80,15,18.0,2026-05-06 17:43:03,2026-05-06 18:01:03,Delivered
5757,5757,55,10,20.0,2026-07-06 14:24:11,2026-07-06 14:44:11,Delayed
5758,5758,78,15,20.0,2026-06-24 11:04:48,2026-06-24 11:24:48,Delivered
5759,5759,53,20,17.0,2026-05-06 09:55:50,2026-05-06 10:12:50,Delivered
5760,5760,19,10,,2026-06-29 08:56:46,,Cancelled
5761,5761,64,10,16.0,2026-03-16 12:49:07,2026-03-16 13:05:07,Delayed
5762,5762,79,20,26.0,2026-03-31 09:28:46,2026-03-31 09:54:46,Delayed
5763,5763,41,15,31.0,2026-02-22 18:18:05,2026-02-22 18:49:05,Delayed
5764,5764,11,20,25.0,2026-03-08 20:22:15,2026-03-08 20:47:15,Delivered
5765,5765,41,20,15.0,2026-06-04 16:41:59,2026-06-04 16:56:59,Delivered
5766,5766,18,20,24.0,2026-06-18 23:46:02,2026-06-19 00:10:02,Delivered
5767,5767,35,30,28.0,2026-06-13 19:26:46,2026-06-13 19:54:46,Delivered
5768,5768,82,20,14.0,2026-07-18 20:08:40,2026-07-18 20:22:40,Delivered
5769,5769,25,30,38.0,2026-02-19 08:14:15,2026-02-19 08:52:15,Delayed
5770,5770,18,30,12.0,2026-06-08 11:30:15,2026-06-08 11:42:15,Delivered
5771,5771,65,15,15.0,2026-03-22 19:53:19,2026-03-22 20:08:19,Delivered
5772,5772,67,10,4.0,2026-07-06 22:59:28,2026-07-06 23:03:28,Delivered
5773,5773,69,30,25.0,2026-05-29 15:50:50,2026-05-29 16:15:50,Delivered
5774,5774,9,20,13.0,2026-05-28 09:46:45,2026-05-28 09:59:45,Delivered
5775,5775,12,15,10.0,2026-06-02 12:40:49,2026-06-02 12:50:49,Delivered
5776,5776,57,20,16.0,2026-07-31 15:07:01,2026-07-31 15:23:01,Delivered
5777,5777,11,20,24.0,2026-06-15 11:29:42,2026-06-15 11:53:42,Delivered
5778,5778,63,15,,2026-05-09 07:02:11,,Cancelled
5779,5779,34,10,12.0,2026-05-29 15:20:55,2026-05-29 15:32:55,Delivered
5780,5780,74,15,5.0,2026-06-30 17:11:06,2026-06-30 17:16:06,Delivered
5781,5781,21,10,7.0,2026-02-06 07:43:42,2026-02-06 07:50:42,Delivered
5782,5782,31,10,4.0,2026-07-22 07:06:52,2026-07-22 07:10:52,Delivered
5783,5783,3,15,22.0,2026-03-16 23:48:26,2026-03-17 00:10:26,Delayed
5784,5784,48,30,25.0,2026-07-20 12:09:11,2026-07-20 12:34:11,Delivered
5785,5785,65,20,20.0,2026-03-31 22:02:06,2026-03-31 22:22:06,Delivered
5786,5786,62,30,31.0,2026-08-04 22:19:23,2026-08-04 22:50:23,Delivered
5787,5787,74,15,13.0,2026-06-17 12:49:05,2026-06-17 13:02:05,Delivered
5788,5788,40,10,4.0,2026-04-02 09:33:03,2026-04-02 09:37:03,Delivered
5789,5789,11,30,39.0,2026-03-01 07:29:50,2026-03-01 08:08:50,Delayed
5790,5790,46,15,18.0,2026-07-03 10:42:16,2026-07-03 11:00:16,Delivered
5791,5791,62,15,22.0,2026-04-17 11:00:23,2026-04-17 11:22:23,Delayed
5792,5792,74,15,16.0,2026-02-07 07:53:08,2026-02-07 08:09:08,Delivered
5793,5793,79,10,13.0,2026-07-10 20:08:43,2026-07-10 20:21:43,Delivered
5794,5794,24,15,8.0,2026-03-04 10:26:18,2026-03-04 10:34:18,Delivered
5795,5795,2,15,30.0,2026-06-05 17:23:47,2026-06-05 17:53:47,Delayed
5796,5796,64,15,19.0,2026-03-02 15:24:43,2026-03-02 15:43:43,Delivered
5797,5797,34,20,21.0,2026-04-25 21:37:31,2026-04-25 21:58:31,Delivered
5798,5798,15,10,20.0,2026-06-19 10:32:58,2026-06-19 10:52:58,Delayed
5799,5799,22,10,4.0,2026-07-13 09:54:35,2026-07-13 09:58:35,Delivered
5800,5800,77,15,12.0,2026-05-11 08:09:08,2026-05-11 08:21:08,Delivered
5801,5801,34,20,7.0,2026-03-07 10:23:10,2026-03-07 10:30:10,Delivered
5802,5802,51,15,8.0,2026-03-27 08:02:48,2026-03-27 08:10:48,Delivered
5803,5803,29,30,32.0,2026-05-05 08:04:34,2026-05-05 08:36:34,Delivered
5804,5804,76,20,19.0,2026-05-06 08:12:56,2026-05-06 08:31:56,Delivered
5805,5805,2,30,,2026-05-15 21:07:12,,Cancelled
5806,5806,4,30,29.0,2026-05-25 20:11:34,2026-05-25 20:40:34,Delivered
5807,5807,11,15,9.0,2026-05-07 13:16:15,2026-05-07 13:25:15,Delivered
5808,5808,13,15,,2026-02-26 23:21:24,,Cancelled
5809,5809,8,10,14.0,2026-06-25 15:54:37,2026-06-25 16:08:37,Delivered
5810,5810,71,15,16.0,2026-04-30 09:55:42,2026-04-30 10:11:42,Delivered
5811,5811,25,30,30.0,2026-02-09 21:11:25,2026-02-09 21:41:25,Delivered
5812,5812,30,15,4.0,2026-07-15 12:45:18,2026-07-15 12:49:18,Delivered
5813,5813,69,20,20.0,2026-07-23 16:03:47,2026-07-23 16:23:47,Delivered
5814,5814,18,15,7.0,2026-03-18 18:43:24,2026-03-18 18:50:24,Delivered
5815,5815,20,15,12.0,2026-02-15 19:58:49,2026-02-15 20:10:49,Delivered
5816,5816,53,10,4.0,2026-02-27 09:48:38,2026-02-27 09:52:38,Delivered
5817,5817,59,10,4.0,2026-04-30 07:01:37,2026-04-30 07:05:37,Delivered
5818,5818,68,30,35.0,2026-02-14 12:25:55,2026-02-14 13:00:55,Delivered
5819,5819,48,15,9.0,2026-06-02 23:34:06,2026-06-02 23:43:06,Delivered
5820,5820,53,30,29.0,2026-02-21 22:07:18,2026-02-21 22:36:18,Delivered
5821,5821,1,20,,2026-02-12 20:19:02,,Cancelled
5822,5822,82,10,6.0,2026-04-28 17:30:53,2026-04-28 17:36:53,Delivered
5823,5823,5,15,11.0,2026-07-29 23:20:42,2026-07-29 23:31:42,Delivered
5824,5824,45,15,13.0,2026-06-21 16:58:06,2026-06-21 17:11:06,Delivered
5825,5825,19,15,10.0,2026-06-18 14:11:38,2026-06-18 14:21:38,Delivered
5826,5826,5,30,28.0,2026-03-02 09:18:30,2026-03-02 09:46:30,Delivered
5827,5827,25,10,,2026-04-16 18:45:00,,Cancelled
5828,5828,60,30,32.0,2026-07-01 17:32:27,2026-07-01 18:04:27,Delivered
5829,5829,70,10,8.0,2026-03-13 19:49:44,2026-03-13 19:57:44,Delivered
5830,5830,45,15,13.0,2026-06-22 14:35:22,2026-06-22 14:48:22,Delivered
5831,5831,39,15,16.0,2026-07-05 15:45:58,2026-07-05 16:01:58,Delivered
5832,5832,39,20,20.0,2026-02-28 20:34:50,2026-02-28 20:54:50,Delivered
5833,5833,73,20,23.0,2026-04-10 22:21:40,2026-04-10 22:44:40,Delivered
5834,5834,9,10,14.0,2026-07-14 19:47:56,2026-07-14 20:01:56,Delivered
5835,5835,78,10,17.0,2026-06-23 23:21:00,2026-06-23 23:38:00,Delayed
5836,5836,29,10,8.0,2026-03-08 18:54:53,2026-03-08 19:02:53,Delivered
5837,5837,8,15,21.0,2026-05-17 11:12:37,2026-05-17 11:33:37,Delayed
5838,5838,26,10,10.0,2026-02-16 22:46:52,2026-02-16 22:56:52,Delivered
5839,5839,55,15,17.0,2026-06-17 10:13:47,2026-06-17 10:30:47,Delivered
5840,5840,1,20,16.0,2026-06-20 13:16:01,2026-06-20 13:32:01,Delayed
5841,5841,79,20,20.0,2026-03-17 08:05:29,2026-03-17 08:25:29,Delivered
5842,5842,64,30,,2026-05-23 20:45:09,,Cancelled
5843,5843,28,15,28.0,2026-04-22 10:02:18,2026-04-22 10:30:18,Delayed
5844,5844,11,20,19.0,2026-04-03 22:00:29,2026-04-03 22:19:29,Delivered
5845,5845,39,10,6.0,2026-02-09 20:50:17,2026-02-09 20:56:17,Delivered
5846,5846,49,10,14.0,2026-05-28 12:35:29,2026-05-28 12:49:29,Delivered
5847,5847,1,20,25.0,2026-05-26 14:30:26,2026-05-26 14:55:26,Delivered
5848,5848,75,30,,2026-03-21 07:09:02,,Cancelled
5849,5849,6,10,12.0,2026-05-15 20:52:18,2026-05-15 21:04:18,Delivered
5850,5850,61,20,10.0,2026-05-26 17:01:50,2026-05-26 17:11:50,Delivered
5851,5851,30,20,17.0,2026-05-17 14:06:37,2026-05-17 14:23:37,Delayed
5852,5852,10,15,15.0,2026-07-08 15:11:45,2026-07-08 15:26:45,Delivered
5853,5853,48,10,12.0,2026-03-31 15:59:01,2026-03-31 16:11:01,Delivered
5854,5854,34,30,30.0,2026-05-16 23:35:30,2026-05-17 00:05:30,Delivered
5855,5855,14,15,5.0,2026-03-17 14:12:03,2026-03-17 14:17:03,Delivered
5856,5856,7,10,7.0,2026-02-15 21:10:40,2026-02-15 21:17:40,Delivered
5857,5857,51,20,25.0,2026-03-21 18:07:19,2026-03-21 18:32:19,Delivered
5858,5858,24,20,27.0,2026-07-17 07:12:45,2026-07-17 07:39:45,Delayed
5859,5859,82,15,14.0,2026-02-26 21:42:37,2026-02-26 21:56:37,Delivered
5860,5860,7,30,38.0,2026-03-27 19:43:29,2026-03-27 20:21:29,Delayed
5861,5861,20,30,41.0,2026-07-26 22:43:48,2026-07-26 23:24:48,Delayed
5862,5862,63,15,4.0,2026-05-31 09:56:28,2026-05-31 10:00:28,Delayed
5863,5863,23,20,24.0,2026-05-16 14:21:57,2026-05-16 14:45:57,Delivered
5864,5864,12,20,30.0,2026-04-18 18:40:36,2026-04-18 19:10:36,Delayed
5865,5865,52,20,20.0,2026-05-09 13:02:55,2026-05-09 13:22:55,Delivered
5866,5866,2,10,,2026-05-13 21:11:04,,Cancelled
5867,5867,30,15,12.0,2026-07-27 21:25:08,2026-07-27 21:37:08,Delivered
5868,5868,17,20,13.0,2026-06-03 07:43:13,2026-06-03 07:56:13,Delivered
5869,5869,5,30,,2026-06-05 15:25:10,,Cancelled
5870,5870,33,15,16.0,2026-06-14 07:29:08,2026-06-14 07:45:08,Delivered
5871,5871,42,10,13.0,2026-04-15 11:36:00,2026-04-15 11:49:00,Delivered
5872,5872,57,15,5.0,2026-03-25 20:21:04,2026-03-25 20:26:04,Delivered
5873,5873,51,30,29.0,2026-06-03 18:07:35,2026-06-03 18:36:35,Delivered
5874,5874,39,15,20.0,2026-06-29 19:38:23,2026-06-29 19:58:23,Delivered
5875,5875,10,30,20.0,2026-08-04 12:06:58,2026-08-04 12:26:58,Delivered
5876,5876,68,30,,2026-02-21 08:28:08,,Cancelled
5877,5877,7,30,29.0,2026-07-04 14:39:14,2026-07-04 15:08:14,Delivered
5878,5878,31,10,4.0,2026-05-26 21:40:12,2026-05-26 21:44:12,Delivered
5879,5879,10,30,23.0,2026-06-04 18:30:50,2026-06-04 18:53:50,Delivered
5880,5880,11,10,7.0,2026-04-09 15:00:44,2026-04-09 15:07:44,Delivered
5881,5881,78,15,10.0,2026-03-23 11:33:50,2026-03-23 11:43:50,Delivered
5882,5882,72,10,12.0,2026-06-25 11:15:40,2026-06-25 11:27:40,Delivered
5883,5883,78,30,24.0,2026-03-17 16:55:29,2026-03-17 17:19:29,Delivered
5884,5884,81,30,31.0,2026-02-15 07:30:42,2026-02-15 08:01:42,Delivered
5885,5885,20,10,9.0,2026-02-14 12:55:46,2026-02-14 13:04:46,Delivered
5886,5886,72,15,14.0,2026-06-27 20:30:56,2026-06-27 20:44:56,Delivered
5887,5887,62,30,27.0,2026-04-09 10:07:12,2026-04-09 10:34:12,Delivered
5888,5888,80,30,33.0,2026-06-05 17:02:15,2026-06-05 17:35:15,Delivered
5889,5889,46,15,4.0,2026-06-17 18:54:07,2026-06-17 18:58:07,Delayed
5890,5890,22,10,10.0,2026-04-03 08:04:05,2026-04-03 08:14:05,Delivered
5891,5891,28,10,10.0,2026-07-04 21:56:58,2026-07-04 22:06:58,Delivered
5892,5892,44,15,19.0,2026-05-25 09:32:45,2026-05-25 09:51:45,Delivered
5893,5893,9,20,10.0,2026-07-27 12:32:25,2026-07-27 12:42:25,Delivered
5895,5895,79,10,15.0,2026-07-03 08:57:33,2026-07-03 09:12:33,Delivered
5896,5896,30,30,36.0,2026-03-28 14:03:59,2026-03-28 14:39:59,Delayed
5897,5897,15,20,6.0,2026-03-23 18:26:35,2026-03-23 18:32:35,Delivered
5898,5898,41,30,,2026-02-08 10:27:30,,Cancelled
5899,5899,16,10,11.0,2026-03-14 14:52:44,2026-03-14 15:03:44,Delivered
5900,5900,44,10,8.0,2026-02-08 19:36:53,2026-02-08 19:44:53,Delivered
5901,5901,8,20,19.0,2026-03-29 21:59:54,2026-03-29 22:18:54,Delivered
5902,5902,41,15,8.0,2026-03-04 07:41:58,2026-03-04 07:49:58,Delivered
5903,5903,45,30,18.0,2026-03-21 19:46:28,2026-03-21 20:04:28,Delivered
5904,5904,74,20,17.0,2026-05-07 19:12:52,2026-05-07 19:29:52,Delivered
5905,5905,77,10,15.0,2026-04-26 21:28:55,2026-04-26 21:43:55,Delivered
5906,5906,67,20,15.0,2026-06-29 13:34:59,2026-06-29 13:49:59,Delivered
5907,5907,41,10,9.0,2026-05-28 22:23:32,2026-05-28 22:32:32,Delivered
5908,5908,14,30,33.0,2026-06-25 15:16:06,2026-06-25 15:49:06,Delivered
5909,5909,35,30,22.0,2026-02-24 08:39:10,2026-02-24 09:01:10,Delivered
5910,5910,24,15,8.0,2026-04-04 21:45:35,2026-04-04 21:53:35,Delivered
5911,5911,63,10,,2026-06-28 14:08:22,,Cancelled
5912,5912,66,30,36.0,2026-05-29 11:03:15,2026-05-29 11:39:15,Delayed
5913,5913,16,15,21.0,2026-04-30 19:34:29,2026-04-30 19:55:29,Delayed
5914,5914,13,30,,2026-02-07 23:29:12,,Cancelled
5915,5915,55,10,17.0,2026-06-10 12:54:30,2026-06-10 13:11:30,Delayed
5916,5916,33,30,33.0,2026-07-29 21:50:39,2026-07-29 22:23:39,Delivered
5917,5917,81,15,,2026-03-07 14:28:12,,Cancelled
5918,5918,81,30,26.0,2026-07-29 10:19:02,2026-07-29 10:45:02,Delivered
5919,5919,44,20,23.0,2026-03-20 09:11:21,2026-03-20 09:34:21,Delivered
5920,5920,72,20,22.0,2026-06-07 09:09:19,2026-06-07 09:31:19,Delivered
5921,5921,54,15,20.0,2026-04-16 22:41:49,2026-04-16 23:01:49,Delivered
5922,5922,63,10,,2026-03-07 15:11:25,,Cancelled
5923,5923,48,20,,2026-07-15 12:03:07,,Cancelled
5924,5924,43,15,19.0,2026-02-18 20:15:03,2026-02-18 20:34:03,Delivered
5925,5925,63,30,27.0,2026-02-22 10:21:22,2026-02-22 10:48:22,Delayed
5926,5926,46,30,34.0,2026-07-01 23:47:17,2026-07-02 00:21:17,Delivered
5927,5927,27,20,16.0,2026-02-11 22:15:28,2026-02-11 22:31:28,Delivered
5928,5928,17,10,16.0,2026-04-18 12:45:34,2026-04-18 13:01:34,Delayed
5929,5929,57,30,27.0,2026-03-04 13:21:44,2026-03-04 13:48:44,Delivered
5930,5930,67,10,,2026-07-12 18:09:41,,Cancelled
5931,5931,82,15,,2026-07-11 11:39:40,,Cancelled
5932,5932,15,15,14.0,2026-03-22 15:38:55,2026-03-22 15:52:55,Delivered
5933,5933,35,10,14.0,2026-05-31 11:41:35,2026-05-31 11:55:35,Delivered
5934,5934,73,20,,2026-06-17 21:12:38,,Cancelled
5935,5935,8,30,35.0,2026-02-21 08:10:05,2026-02-21 08:45:05,Delivered
5936,5936,72,15,4.0,2026-03-08 09:48:23,2026-03-08 09:52:23,Delivered
5937,5937,22,30,34.0,2026-05-19 17:54:18,2026-05-19 18:28:18,Delivered
5938,5938,74,10,9.0,2026-04-13 15:29:01,2026-04-13 15:38:01,Delivered
5940,5940,35,15,,2026-05-10 10:23:57,,Cancelled
5941,5941,27,15,17.0,2026-03-26 10:29:30,2026-03-26 10:46:30,Delivered
5942,5942,25,30,17.0,2026-07-11 17:46:38,2026-07-11 18:03:38,Delivered
5943,5943,74,20,19.0,2026-04-24 23:27:23,2026-04-24 23:46:23,Delivered
5944,5944,27,20,14.0,2026-07-27 19:51:17,2026-07-27 20:05:17,Delivered
5945,5945,81,15,9.0,2026-03-25 11:54:24,2026-03-25 12:03:24,Delivered
5946,5946,12,15,16.0,2026-06-03 22:05:55,2026-06-03 22:21:55,Delivered
5947,5947,62,20,,2026-02-26 21:05:53,,Cancelled
5948,5948,37,30,31.0,2026-04-17 22:52:54,2026-04-17 23:23:54,Delivered
5949,5949,2,10,4.0,2026-07-06 20:40:44,2026-07-06 20:44:44,Delivered
5950,5950,63,10,9.0,2026-05-29 18:32:41,2026-05-29 18:41:41,Delivered
5951,5951,19,30,9.0,2026-04-02 17:42:08,2026-04-02 17:51:08,Delivered
5952,5952,29,10,5.0,2026-04-26 15:34:23,2026-04-26 15:39:23,Delivered
5953,5953,27,15,13.0,2026-07-27 17:01:28,2026-07-27 17:14:28,Delivered
5954,5954,36,15,23.0,2026-06-26 19:20:58,2026-06-26 19:43:58,Delayed
5955,5955,15,30,14.0,2026-07-29 20:59:58,2026-07-29 21:13:58,Delivered
5956,5956,6,15,14.0,2026-05-29 18:42:19,2026-05-29 18:56:19,Delivered
5957,5957,43,15,10.0,2026-06-07 17:44:35,2026-06-07 17:54:35,Delivered
5958,5958,82,30,35.0,2026-06-08 15:41:51,2026-06-08 16:16:51,Delivered
5959,5959,23,20,,2026-03-11 14:07:38,,Cancelled
5960,5960,65,30,29.0,2026-07-28 08:11:39,2026-07-28 08:40:39,Delivered
5961,5961,38,30,,2026-07-21 07:35:41,,Cancelled
5962,5962,40,10,12.0,2026-04-03 14:20:59,2026-04-03 14:32:59,Delivered
5963,5963,83,20,5.0,2026-04-06 13:53:39,2026-04-06 13:58:39,Delivered
5964,5964,72,15,10.0,2026-04-12 22:15:51,2026-04-12 22:25:51,Delayed
5965,5965,48,20,13.0,2026-02-24 16:05:55,2026-02-24 16:18:55,Delivered
5966,5966,63,15,16.0,2026-02-16 11:31:42,2026-02-16 11:47:42,Delivered
5967,5967,15,10,,2026-05-11 20:30:19,,Cancelled
5968,5968,66,10,10.0,2026-06-24 21:11:42,2026-06-24 21:21:42,Delivered
5969,5969,80,30,28.0,2026-05-18 21:23:24,2026-05-18 21:51:24,Delivered
5970,5970,83,30,32.0,2026-05-29 12:39:03,2026-05-29 13:11:03,Delivered
5971,5971,73,30,18.0,2026-05-24 17:11:43,2026-05-24 17:29:43,Delivered
5972,5972,81,20,18.0,2026-06-06 14:36:33,2026-06-06 14:54:33,Delivered
5973,5973,1,30,42.0,2026-05-02 12:56:35,2026-05-02 13:38:35,Delayed
5974,5974,40,10,10.0,2026-02-18 10:44:15,2026-02-18 10:54:15,Delivered
5975,5975,39,10,16.0,2026-02-21 14:47:08,2026-02-21 15:03:08,Delayed
5976,5976,39,30,29.0,2026-06-12 21:18:39,2026-06-12 21:47:39,Delivered
5977,5977,71,10,7.0,2026-07-03 20:21:43,2026-07-03 20:28:43,Delivered
5978,5978,4,20,19.0,2026-04-15 18:27:53,2026-04-15 18:46:53,Delivered
5979,5979,74,15,7.0,2026-03-31 15:43:56,2026-03-31 15:50:56,Delivered
5980,5980,8,10,,2026-02-21 20:23:06,,Cancelled
5981,5981,32,10,,2026-02-24 16:40:00,,Cancelled
5982,5982,2,30,27.0,2026-07-27 17:48:36,2026-07-27 18:15:36,Delivered
5983,5983,67,15,16.0,2026-03-16 23:48:39,2026-03-17 00:04:39,Delivered
5984,5984,19,20,,2026-06-21 08:14:06,,Cancelled
5985,5985,20,10,14.0,2026-06-20 15:20:19,2026-06-20 15:34:19,Delivered
5986,5986,57,20,19.0,2026-05-19 17:50:44,2026-05-19 18:09:44,Delivered
5987,5987,22,30,28.0,2026-02-05 23:40:24,2026-02-06 00:08:24,Delivered
5988,5988,24,30,34.0,2026-03-31 23:44:14,2026-04-01 00:18:14,Delivered
5989,5989,72,20,22.0,2026-07-07 19:40:44,2026-07-07 20:02:44,Delivered
5990,5990,47,20,19.0,2026-05-20 11:30:13,2026-05-20 11:49:13,Delivered
5991,5991,22,15,16.0,2026-05-01 18:32:26,2026-05-01 18:48:26,Delivered
5992,5992,38,10,4.0,2026-04-22 23:41:16,2026-04-22 23:45:16,Delivered
5993,5993,38,10,9.0,2026-07-03 12:26:31,2026-07-03 12:35:31,Delivered
5994,5994,47,15,14.0,2026-02-23 22:15:30,2026-02-23 22:29:30,Delivered
5995,5995,23,15,6.0,2026-05-11 09:16:07,2026-05-11 09:22:07,Delivered
5996,5996,76,15,24.0,2026-06-25 17:14:50,2026-06-25 17:38:50,Delayed
5997,5997,67,15,17.0,2026-06-25 09:28:20,2026-06-25 09:45:20,Delivered
5998,5998,17,10,7.0,2026-04-25 18:29:06,2026-04-25 18:36:06,Delivered
5999,5999,17,10,7.0,2026-06-23 11:48:19,2026-06-23 11:55:19,Delivered
6000,6000,6,15,,2026-02-18 23:32:20,,Cancelled

