order_item_id,order_id,product_id,quantity,unit_price,line_total
1,1,147,3,50.11,150.33
2,1,86,1,431.1,431.1
3,2,201,4,496.81,1987.24
4,2,194,3,521.07,1563.21
5,3,244,2,423.65,847.3
6,3,7,4,53.23,212.92
7,3,73,4,200.84,803.36
8,3,162,3,386.04,1158.12
9,3,115,3,235.12,705.36
10,4,98,1,209.33,209.33
11,4,71,1,594.55,594.55
12,4,18,3,55.2,165.6
13,4,130,3,60.89,182.67
14,4,155,3,219.1,657.3
15,5,9,3,553.14,1659.42
16,6,145,1,362.85,362.85
17,6,240,2,253.55,507.1
18,6,152,1,580.76,580.76
19,6,39,2,116.92,233.84
20,6,132,1,330.55,330.55
21,7,27,4,238.78,955.12
22,7,160,3,275.73,827.19
23,8,75,1,256.79,256.79
24,8,179,2,200.78,401.56
25,9,81,3,51.32,153.96
26,10,162,4,386.04,1544.16
27,10,73,2,200.84,401.68
28,10,238,1,262.67,262.67
29,10,45,2,118.21,236.42
30,10,13,4,249.16,996.64
31,11,152,4,580.76,2323.04
32,11,171,4,242.88,971.52
33,12,60,3,556.59,1669.77
34,12,246,3,307.14,921.42
35,12,218,4,126.69,506.76
36,12,90,4,138.74,554.96
37,12,209,1,101.66,101.66
38,12,61,2,374.3,748.6
39,13,233,2,275.42,550.84
40,13,88,1,347.53,347.53
41,13,127,2,240.8,481.6
42,13,170,1,287.23,287.23
43,13,47,1,595.74,595.74
44,13,172,2,244.65,489.3
45,14,175,2,93.86,187.72
46,14,210,1,141.37,141.37
47,14,7,4,53.23,212.92
48,15,69,4,297.02,1188.08
49,15,241,4,205.2,820.8
50,15,221,3,627.82,1883.46
51,15,154,1,342.09,342.09
52,16,177,2,245.43,490.86
53,16,9,1,553.14,553.14
54,16,198,3,351.95,1055.85
55,16,225,4,242.67,970.68
56,17,119,4,142.86,571.44
57,17,85,4,164.19,656.76
58,17,69,1,297.02,297.02
59,18,25,3,277.57,832.71
60,18,104,1,287.63,287.63
61,18,157,4,28.92,115.68
62,18,145,1,362.85,362.85
63,19,23,3,276.19,828.57
64,19,139,1,250.55,250.55
65,19,227,2,454.43,908.86
66,20,68,3,188.28,564.84
67,20,229,3,165.02,495.06
68,20,139,2,250.55,501.1
69,20,115,1,235.12,235.12
70,20,44,1,19.48,19.48
71,21,83,1,550.53,550.53
72,21,30,4,247.82,991.28
73,21,209,4,101.66,406.64
74,21,18,2,55.2,110.4
75,21,173,4,303.56,1214.24
76,21,148,4,497.64,1990.56
77,22,52,1,135.78,135.78
78,22,42,3,132.01,396.03
79,23,150,4,377.06,1508.24
80,23,128,2,197.5,395.0
81,23,136,2,299.97,599.94
82,23,235,2,172.77,345.54
83,23,49,3,529.8,1589.4
84,24,225,4,242.67,970.68
85,24,234,3,244.66,733.98
86,25,67,1,136.1,136.1
87,25,43,1,349.47,349.47
88,25,13,1,249.16,249.16
89,25,182,1,214.08,214.08
90,25,66,3,87.24,261.72
91,25,90,4,138.74,554.96
92,26,117,3,300.72,902.16
93,27,122,1,313.49,313.49
94,27,52,4,135.78,543.12
95,28,22,4,125.76,503.04
96,28,197,2,297.44,594.88
97,28,79,4,440.1,1760.4
98,28,183,3,147.46,442.38
99,28,85,2,164.19,328.38
100,29,235,2,172.77,345.54
101,29,38,3,511.93,1535.79
102,29,178,4,505.3,2021.2
103,29,245,1,170.03,170.03
104,30,206,3,225.13,675.39
105,30,58,2,307.4,614.8
106,31,153,1,415.24,415.24
107,31,217,2,369.23,738.46
108,31,16,3,70.43,211.29
109,31,5,3,148.93,446.79
110,32,201,4,496.81,1987.24
111,32,107,4,233.92,935.68
112,32,6,1,478.9,478.9
113,33,227,1,454.43,454.43
114,33,139,4,250.55,1002.2
115,33,245,4,170.03,680.12
116,33,240,4,253.55,1014.2
117,33,146,4,118.88,475.52
118,34,112,1,186.06,186.06
119,34,237,4,52.77,211.08
120,34,21,2,574.25,1148.5
121,35,155,2,219.1,438.2
122,35,186,4,232.01,928.04
123,35,107,4,233.92,935.68
124,35,61,1,374.3,374.3
125,35,150,3,377.06,1131.18
126,35,34,3,43.41,130.23
127,36,139,4,250.55,1002.2
128,36,229,3,165.02,495.06
129,36,123,3,235.89,707.67
130,37,228,3,380.46,1141.38
131,37,227,2,454.43,908.86
132,37,204,2,207.96,415.92
133,37,16,1,70.43,70.43
134,37,178,4,505.3,2021.2
135,38,74,2,355.67,711.34
136,38,181,2,314.93,629.86
137,38,201,1,496.81,496.81
138,38,135,2,298.38,596.76
139,38,147,3,50.11,150.33
140,39,6,4,478.9,1915.6
141,40,107,3,233.92,701.76
142,40,26,4,478.23,1912.92
143,40,216,4,101.25,405.0
144,40,208,4,350.34,1401.36
145,40,89,1,152.92,152.92
146,41,170,3,287.23,861.69
147,41,24,3,28.9,86.7
148,41,152,4,580.76,2323.04
149,41,49,2,529.8,1059.6
150,42,168,2,316.03,632.06
151,43,96,2,541.36,1082.72
152,43,52,2,135.78,271.56
153,43,44,2,19.48,38.96
154,43,54,4,60.89,243.56
155,43,31,4,499.38,1997.52
156,43,160,4,275.73,1102.92
157,44,64,1,110.72,110.72
158,44,15,3,578.04,1734.12
159,44,123,4,235.89,943.56
160,44,130,3,60.89,182.67
161,44,158,3,479.14,1437.42
162,44,222,4,81.41,325.64
163,45,192,4,183.66,734.64
164,46,214,3,288.6,865.8
165,46,70,4,473.53,1894.12
166,47,27,4,238.78,955.12
167,47,108,3,378.79,1136.37
168,47,154,4,342.09,1368.36
169,47,29,1,218.87,218.87
170,47,208,1,350.34,350.34
171,47,116,3,108.97,326.91
172,48,66,2,87.24,174.48
173,49,204,4,207.96,831.84
174,49,179,3,200.78,602.34
175,49,54,3,60.89,182.67
176,50,52,4,135.78,543.12
177,50,212,3,454.26,1362.78
178,51,155,1,219.1,219.1
179,51,241,4,205.2,820.8
180,51,225,1,242.67,242.67
181,51,45,2,118.21,236.42
182,51,210,4,141.37,565.48
183,51,173,4,303.56,1214.24
184,52,227,4,454.43,1817.72
185,52,146,1,118.88,118.88
186,52,97,2,316.97,633.94
187,52,137,4,205.25,821.0
188,52,8,1,427.33,427.33
189,52,64,1,110.72,110.72
190,53,237,2,52.77,105.54
191,53,5,4,148.93,595.72
192,54,185,1,339.64,339.64
193,54,77,4,377.42,1509.68
194,55,3,1,142.45,142.45
195,55,36,3,90.32,270.96
196,55,132,3,330.55,991.65
197,55,67,2,136.1,272.2
198,56,136,3,299.97,899.91
199,56,185,4,339.64,1358.56
200,56,20,4,605.41,2421.64
201,56,119,2,142.86,285.72
202,56,134,3,224.13,672.39
203,57,174,3,460.49,1381.47
204,58,58,4,307.4,1229.6
205,58,198,1,351.95,351.95
206,58,225,2,242.67,485.34
207,58,226,3,137.54,412.62
208,58,52,3,135.78,407.34
209,59,147,4,50.11,200.44
210,59,162,1,386.04,386.04
211,59,174,4,460.49,1841.96
212,59,105,2,58.11,116.22
213,59,55,4,215.38,861.52
214,60,179,2,200.78,401.56
215,60,235,4,172.77,691.08
216,60,18,3,55.2,165.6
217,60,43,3,349.47,1048.41
218,60,225,4,242.67,970.68
219,61,9,1,553.14,553.14
220,61,173,4,303.56,1214.24
221,62,13,2,249.16,498.32
222,62,21,4,574.25,2297.0
223,62,12,1,589.84,589.84
224,62,30,3,247.82,743.46
225,63,178,1,505.3,505.3
226,63,141,4,133.58,534.32
227,64,179,3,200.78,602.34
228,64,92,4,411.95,1647.8
229,65,80,2,24.61,49.22
230,65,181,4,314.93,1259.72
231,65,209,3,101.66,304.98
232,65,113,4,411.77,1647.08
233,65,28,3,434.23,1302.69
234,66,220,3,168.03,504.09
235,66,223,2,449.24,898.48
236,66,72,4,91.12,364.48
237,67,124,1,388.77,388.77
238,67,71,2,594.55,1189.1
239,67,182,1,214.08,214.08
240,67,183,3,147.46,442.38
241,67,130,3,60.89,182.67
242,67,96,4,541.36,2165.44
243,68,28,2,434.23,868.46
244,68,101,3,57.39,172.17
245,68,99,1,205.29,205.29
246,69,31,3,499.38,1498.14
247,69,142,3,45.22,135.66
248,69,192,3,183.66,550.98
249,70,194,4,521.07,2084.28
250,70,3,3,142.45,427.35
251,70,116,3,108.97,326.91
252,70,138,4,371.13,1484.52
253,71,197,2,297.44,594.88
254,71,164,3,320.2,960.6
255,71,21,2,574.25,1148.5
256,71,114,4,270.25,1081.0
257,71,158,2,479.14,958.28
258,72,40,3,450.37,1351.11
259,72,167,3,74.71,224.13
260,72,47,4,595.74,2382.96
261,72,43,3,349.47,1048.41
262,72,58,4,307.4,1229.6
263,73,224,4,79.62,318.48
264,73,14,1,301.65,301.65
265,73,106,3,162.6,487.8
266,73,30,4,247.82,991.28
267,74,130,3,60.89,182.67
268,74,95,1,320.04,320.04
269,74,70,1,473.53,473.53
270,75,22,2,125.76,251.52
271,75,133,1,310.77,310.77
272,76,184,1,201.3,201.3
273,76,66,4,87.24,348.96
274,77,82,4,212.44,849.76
275,77,49,1,529.8,529.8
276,77,242,2,131.89,263.78
277,77,238,4,262.67,1050.68
278,78,125,2,211.24,422.48
279,79,233,3,275.42,826.26
280,79,106,1,162.6,162.6
281,79,124,2,388.77,777.54
282,80,33,2,102.45,204.9
283,80,170,4,287.23,1148.92
284,80,88,2,347.53,695.06
285,80,98,1,209.33,209.33
286,81,91,1,187.63,187.63
287,82,210,1,141.37,141.37
288,82,109,4,383.43,1533.72
289,82,50,3,120.19,360.57
290,82,204,2,207.96,415.92
291,83,170,3,287.23,861.69
292,83,188,1,503.7,503.7
293,83,219,3,383.42,1150.26
294,83,78,3,302.79,908.37
295,84,77,3,377.42,1132.26
296,84,22,4,125.76,503.04
297,84,83,3,550.53,1651.59
298,84,27,2,238.78,477.56
299,84,9,2,553.14,1106.28
300,85,106,3,162.6,487.8
301,85,6,4,478.9,1915.6
302,85,245,4,170.03,680.12
303,85,203,2,362.8,725.6
304,85,188,4,503.7,2014.8
305,85,69,3,297.02,891.06
306,86,62,2,185.84,371.68
307,86,120,4,32.48,129.92
308,87,9,4,553.14,2212.56
309,87,77,2,377.42,754.84
310,87,72,4,91.12,364.48
311,87,113,3,411.77,1235.31
312,88,179,4,200.78,803.12
313,88,9,4,553.14,2212.56
314,88,80,1,24.61,24.61
315,88,22,1,125.76,125.76
316,89,110,2,524.57,1049.14
317,89,51,3,555.78,1667.34
318,89,111,2,123.73,247.46
319,89,219,2,383.42,766.84
320,89,11,1,312.03,312.03
321,90,137,2,205.25,410.5
322,91,55,4,215.38,861.52
323,91,109,2,383.43,766.86
324,91,205,1,383.07,383.07
325,92,244,1,423.65,423.65
326,92,136,3,299.97,899.91
327,92,133,4,310.77,1243.08
328,92,195,3,117.88,353.64
329,92,157,4,28.92,115.68
330,92,99,1,205.29,205.29
331,93,35,1,404.22,404.22
332,93,208,1,350.34,350.34
333,93,236,3,58.2,174.6
334,93,188,3,503.7,1511.1
335,94,32,2,610.06,1220.12
336,94,159,4,223.33,893.32
337,94,195,1,117.88,117.88
338,94,152,4,580.76,2323.04
339,94,208,3,350.34,1051.02
340,95,149,3,212.48,637.44
341,95,46,4,188.18,752.72
342,96,232,2,494.33,988.66
343,96,116,2,108.97,217.94
344,96,157,2,28.92,57.84
345,96,175,1,93.86,93.86
346,96,3,4,142.45,569.8
347,97,152,3,580.76,1742.28
348,97,144,1,47.39,47.39
349,97,12,3,589.84,1769.52
350,97,206,3,225.13,675.39
351,97,109,3,383.43,1150.29
352,98,118,3,175.82,527.46
353,98,1,3,541.39,1624.17
354,98,36,2,90.32,180.64
355,98,144,4,47.39,189.56
356,98,145,3,362.85,1088.55
357,98,76,2,450.31,900.62
358,99,224,4,79.62,318.48
359,100,1,2,541.39,1082.78
360,101,76,3,450.31,1350.93
361,101,237,2,52.77,105.54
362,101,122,2,313.49,626.98
363,102,78,1,302.79,302.79
364,102,158,2,479.14,958.28
365,102,152,4,580.76,2323.04
366,102,166,3,82.07,246.21
367,103,184,4,201.3,805.2
368,103,103,2,234.96,469.92
369,104,40,2,450.37,900.74
370,104,131,4,21.58,86.32
371,104,151,4,72.21,288.84
372,104,37,4,43.6,174.4
373,105,212,2,454.26,908.52
374,105,170,3,287.23,861.69
375,105,172,2,244.65,489.3
376,105,12,2,589.84,1179.68
377,106,4,4,352.75,1411.0
378,107,129,2,293.5,587.0
379,107,200,3,558.08,1674.24
380,107,46,1,188.18,188.18
381,108,96,4,541.36,2165.44
382,108,78,2,302.79,605.58
383,108,8,2,427.33,854.66
384,109,35,1,404.22,404.22
385,109,36,1,90.32,90.32
386,109,110,4,524.57,2098.28
387,110,7,1,53.23,53.23
388,110,200,2,558.08,1116.16
389,110,18,3,55.2,165.6
390,111,126,2,291.18,582.36
391,111,39,4,116.92,467.68
392,111,112,4,186.06,744.24
393,111,1,2,541.39,1082.78
394,112,82,1,212.44,212.44
395,112,201,2,496.81,993.62
396,113,95,3,320.04,960.12
397,113,148,2,497.64,995.28
398,114,60,1,556.59,556.59
399,114,171,4,242.88,971.52
400,114,185,1,339.64,339.64
401,115,219,2,383.42,766.84
402,115,207,4,490.29,1961.16
403,115,44,1,19.48,19.48
404,115,117,4,300.72,1202.88
405,116,54,2,60.89,121.78
406,116,3,2,142.45,284.9
407,116,21,1,574.25,574.25
408,116,131,4,21.58,86.32
409,117,247,3,32.63,97.89
410,117,88,3,347.53,1042.59
411,117,110,4,524.57,2098.28
412,117,198,1,351.95,351.95
413,118,101,2,57.39,114.78
414,118,58,2,307.4,614.8
415,119,250,4,34.9,139.6
416,120,242,2,131.89,263.78
417,120,91,1,187.63,187.63
418,120,106,4,162.6,650.4
419,120,7,3,53.23,159.69
420,120,96,2,541.36,1082.72
421,120,99,2,205.29,410.58
422,121,101,1,57.39,57.39
423,122,169,3,382.14,1146.42
424,122,129,1,293.5,293.5
425,122,64,4,110.72,442.88
426,122,131,2,21.58,43.16
427,122,162,3,386.04,1158.12
428,123,227,1,454.43,454.43
429,124,33,4,102.45,409.8
430,124,111,1,123.73,123.73
431,124,4,3,352.75,1058.25
432,124,238,3,262.67,788.01
433,125,225,3,242.67,728.01
434,125,131,4,21.58,86.32
435,125,166,1,82.07,82.07
436,125,31,4,499.38,1997.52
437,126,112,4,186.06,744.24
438,127,40,1,450.37,450.37
439,127,58,4,307.4,1229.6
440,127,247,3,32.63,97.89
441,127,242,3,131.89,395.67
442,127,120,3,32.48,97.44
443,128,43,2,349.47,698.94
444,128,135,2,298.38,596.76
445,128,14,2,301.65,603.3
446,129,183,1,147.46,147.46
447,129,19,1,464.34,464.34
448,129,1,3,541.39,1624.17
449,130,241,2,205.2,410.4
450,130,152,1,580.76,580.76
451,130,135,3,298.38,895.14
452,130,248,3,188.2,564.6
453,130,78,1,302.79,302.79
454,131,231,3,265.93,797.79
455,131,24,3,28.9,86.7
456,131,134,3,224.13,672.39
457,131,71,3,594.55,1783.65
458,131,141,2,133.58,267.16
459,131,28,3,434.23,1302.69
460,132,57,3,128.38,385.14
461,132,141,2,133.58,267.16
462,132,138,1,371.13,371.13
463,132,68,4,188.28,753.12
464,132,217,3,369.23,1107.69
465,133,44,2,19.48,38.96
466,133,154,4,342.09,1368.36
467,133,233,2,275.42,550.84
468,133,107,4,233.92,935.68
469,133,176,3,405.74,1217.22
470,133,113,4,411.77,1647.08
471,134,47,4,595.74,2382.96
472,134,69,3,297.02,891.06
473,134,25,2,277.57,555.14
474,134,184,2,201.3,402.6
475,134,4,1,352.75,352.75
476,134,205,4,383.07,1532.28
477,135,107,1,233.92,233.92
478,135,199,3,94.94,284.82
479,135,141,3,133.58,400.74
480,135,239,2,38.46,76.92
481,135,58,2,307.4,614.8
482,136,140,4,359.22,1436.88
483,136,249,2,375.32,750.64
484,136,148,3,497.64,1492.92
485,136,218,4,126.69,506.76
486,137,202,4,467.78,1871.12
487,137,85,2,164.19,328.38
488,137,70,3,473.53,1420.59
489,137,223,3,449.24,1347.72
490,137,2,1,363.88,363.88
491,137,17,2,555.46,1110.92
492,138,233,2,275.42,550.84
493,138,112,1,186.06,186.06
494,139,52,3,135.78,407.34
495,140,66,1,87.24,87.24
496,140,113,1,411.77,411.77
497,140,62,3,185.84,557.52
498,140,210,3,141.37,424.11
499,140,209,3,101.66,304.98
500,141,178,1,505.3,505.3
501,142,19,1,464.34,464.34
502,142,213,3,266.98,800.94
503,142,197,4,297.44,1189.76
504,143,15,4,578.04,2312.16
505,143,192,2,183.66,367.32
506,143,34,4,43.41,173.64
507,143,66,4,87.24,348.96
508,144,195,4,117.88,471.52
509,144,12,1,589.84,589.84
510,145,10,1,330.8,330.8
511,146,64,1,110.72,110.72
512,146,62,1,185.84,185.84
513,146,212,1,454.26,454.26
514,146,141,1,133.58,133.58
515,146,213,4,266.98,1067.92
516,146,114,2,270.25,540.5
517,147,120,1,32.48,32.48
518,147,129,3,293.5,880.5
519,148,109,4,383.43,1533.72
520,149,157,1,28.92,28.92
521,149,235,3,172.77,518.31
522,149,148,1,497.64,497.64
523,150,93,4,296.33,1185.32
524,150,118,2,175.82,351.64
525,151,122,1,313.49,313.49
526,151,2,3,363.88,1091.64
527,151,49,1,529.8,529.8
528,152,144,4,47.39,189.56
529,152,130,2,60.89,121.78
530,152,184,1,201.3,201.3
531,152,228,1,380.46,380.46
532,152,196,2,450.47,900.94
533,153,45,2,118.21,236.42
534,153,185,1,339.64,339.64
535,153,64,3,110.72,332.16
536,153,115,4,235.12,940.48
537,154,224,2,79.62,159.24
538,154,21,1,574.25,574.25
539,154,162,4,386.04,1544.16
540,155,71,2,594.55,1189.1
541,155,179,4,200.78,803.12
542,156,185,4,339.64,1358.56
543,156,128,3,197.5,592.5
544,156,244,4,423.65,1694.6
545,157,188,4,503.7,2014.8
546,157,153,4,415.24,1660.96
547,157,19,1,464.34,464.34
548,157,166,1,82.07,82.07
549,157,93,1,296.33,296.33
550,158,25,1,277.57,277.57
551,158,96,1,541.36,541.36
552,158,37,2,43.6,87.2
553,158,52,1,135.78,135.78
554,158,135,1,298.38,298.38
555,159,229,2,165.02,330.04
556,159,110,1,524.57,524.57
557,160,181,4,314.93,1259.72
558,160,81,4,51.32,205.28
559,161,232,2,494.33,988.66
560,161,226,2,137.54,275.08
561,162,147,4,50.11,200.44
562,162,112,4,186.06,744.24
563,163,13,3,249.16,747.48
564,164,123,3,235.89,707.67
565,164,230,1,350.4,350.4
566,164,169,1,382.14,382.14
567,164,167,1,74.71,74.71
568,164,31,4,499.38,1997.52
569,165,14,2,301.65,603.3
570,165,23,3,276.19,828.57
571,165,37,2,43.6,87.2
572,165,110,3,524.57,1573.71
573,165,51,1,555.78,555.78
574,165,54,3,60.89,182.67
575,166,65,3,346.0,1038.0
576,166,224,2,79.62,159.24
577,166,123,4,235.89,943.56
578,166,64,1,110.72,110.72
579,167,220,2,168.03,336.06
580,167,169,2,382.14,764.28
581,167,52,1,135.78,135.78
582,167,242,1,131.89,131.89
583,167,32,1,610.06,610.06
584,168,90,4,138.74,554.96
585,168,221,2,627.82,1255.64
586,168,192,4,183.66,734.64
587,168,28,2,434.23,868.46
588,169,227,4,454.43,1817.72
589,169,217,3,369.23,1107.69
590,169,129,4,293.5,1174.0
591,169,31,3,499.38,1498.14
592,169,188,1,503.7,503.7
593,169,193,3,164.42,493.26
594,170,181,4,314.93,1259.72
595,171,209,1,101.66,101.66
596,171,114,1,270.25,270.25
597,172,18,3,55.2,165.6
598,172,234,1,244.66,244.66
599,172,215,1,238.44,238.44
600,172,96,2,541.36,1082.72
601,172,16,3,70.43,211.29
602,173,91,3,187.63,562.89
603,173,99,1,205.29,205.29
604,173,106,3,162.6,487.8
605,173,74,3,355.67,1067.01
606,173,56,3,238.95,716.85
607,173,196,4,450.47,1801.88
608,174,242,1,131.89,131.89
609,174,155,1,219.1,219.1
610,174,131,4,21.58,86.32
611,174,199,3,94.94,284.82
612,174,21,2,574.25,1148.5
613,174,170,3,287.23,861.69
614,175,249,4,375.32,1501.28
615,176,211,1,556.48,556.48
616,176,111,3,123.73,371.19
617,176,62,1,185.84,185.84
618,176,115,2,235.12,470.24
619,176,242,1,131.89,131.89
620,176,162,3,386.04,1158.12
621,177,168,1,316.03,316.03
622,177,22,2,125.76,251.52
623,177,238,2,262.67,525.34
624,177,2,2,363.88,727.76
625,177,32,4,610.06,2440.24
626,177,146,1,118.88,118.88
627,178,14,1,301.65,301.65
628,178,74,2,355.67,711.34
629,178,247,1,32.63,32.63
630,178,42,3,132.01,396.03
631,178,108,2,378.79,757.58
632,179,216,1,101.25,101.25
633,180,100,2,340.15,680.3
634,180,19,1,464.34,464.34
635,180,208,4,350.34,1401.36
636,180,149,1,212.48,212.48
637,180,91,3,187.63,562.89
638,181,100,3,340.15,1020.45
639,181,127,2,240.8,481.6
640,181,17,4,555.46,2221.84
641,181,87,1,509.91,509.91
642,181,162,4,386.04,1544.16
643,182,159,3,223.33,669.99
644,183,176,2,405.74,811.48
645,183,96,1,541.36,541.36
646,183,64,1,110.72,110.72
647,183,202,2,467.78,935.56
648,183,35,2,404.22,808.44
649,183,84,4,124.27,497.08
650,184,35,3,404.22,1212.66
651,184,69,4,297.02,1188.08
652,184,180,4,394.23,1576.92
653,184,176,2,405.74,811.48
654,184,211,2,556.48,1112.96
655,185,33,3,102.45,307.35
656,185,196,1,450.47,450.47
657,186,70,4,473.53,1894.12
658,186,164,4,320.2,1280.8
659,186,226,2,137.54,275.08
660,186,244,2,423.65,847.3
661,186,114,1,270.25,270.25
662,187,183,2,147.46,294.92
663,187,33,4,102.45,409.8
664,187,24,1,28.9,28.9
665,187,6,2,478.9,957.8
666,187,194,3,521.07,1563.21
667,187,56,2,238.95,477.9
668,188,119,1,142.86,142.86
669,188,104,2,287.63,575.26
670,188,74,3,355.67,1067.01
671,189,172,1,244.65,244.65
672,189,200,2,558.08,1116.16
673,189,139,4,250.55,1002.2
674,190,238,1,262.67,262.67
675,190,80,1,24.61,24.61
676,190,52,1,135.78,135.78
677,191,12,2,589.84,1179.68
678,191,73,2,200.84,401.68
679,191,223,4,449.24,1796.96
680,191,153,2,415.24,830.48
681,191,209,1,101.66,101.66
682,191,218,1,126.69,126.69
683,192,248,4,188.2,752.8
684,192,130,4,60.89,243.56
685,193,50,1,120.19,120.19
686,193,70,4,473.53,1894.12
687,193,46,2,188.18,376.36
688,193,123,4,235.89,943.56
689,193,215,3,238.44,715.32
690,193,141,2,133.58,267.16
691,194,24,2,28.9,57.8
692,194,109,2,383.43,766.86
693,194,203,4,362.8,1451.2
694,194,77,4,377.42,1509.68
695,194,186,1,232.01,232.01
696,195,85,4,164.19,656.76
697,195,193,4,164.42,657.68
698,196,189,1,603.72,603.72
699,196,241,4,205.2,820.8
700,197,68,2,188.28,376.56
701,197,85,1,164.19,164.19
702,197,79,2,440.1,880.2
703,197,242,3,131.89,395.67
704,197,183,2,147.46,294.92
705,198,120,2,32.48,64.96
706,198,168,4,316.03,1264.12
707,199,158,3,479.14,1437.42
708,199,236,1,58.2,58.2
709,199,61,1,374.3,374.3
710,199,88,3,347.53,1042.59
711,200,194,4,521.07,2084.28
712,200,58,3,307.4,922.2
713,200,109,2,383.43,766.86
714,201,23,2,276.19,552.38
715,201,40,1,450.37,450.37
716,201,188,1,503.7,503.7
717,201,74,1,355.67,355.67
718,201,66,4,87.24,348.96
719,202,133,1,310.77,310.77
720,202,74,2,355.67,711.34
721,202,88,2,347.53,695.06
722,202,41,4,245.1,980.4
723,203,1,4,541.39,2165.56
724,204,154,2,342.09,684.18
725,205,93,2,296.33,592.66
726,205,57,1,128.38,128.38
727,205,182,2,214.08,428.16
728,205,66,1,87.24,87.24
729,205,92,3,411.95,1235.85
730,206,34,4,43.41,173.64
731,206,4,3,352.75,1058.25
732,206,37,4,43.6,174.4
733,207,129,1,293.5,293.5
734,208,184,2,201.3,402.6
735,208,26,1,478.23,478.23
736,208,216,1,101.25,101.25
737,209,3,1,142.45,142.45
738,209,120,1,32.48,32.48
739,209,95,2,320.04,640.08
740,209,163,4,268.64,1074.56
741,209,12,2,589.84,1179.68
742,209,250,4,34.9,139.6
743,210,34,1,43.41,43.41
744,211,188,2,503.7,1007.4
745,211,167,3,74.71,224.13
746,212,25,3,277.57,832.71
747,212,209,2,101.66,203.32
748,212,42,1,132.01,132.01
749,212,143,3,155.0,465.0
750,212,142,3,45.22,135.66
751,213,129,3,293.5,880.5
752,213,154,1,342.09,342.09
753,213,86,1,431.1,431.1
754,213,176,4,405.74,1622.96
755,213,239,3,38.46,115.38
756,214,11,1,312.03,312.03
757,214,189,3,603.72,1811.16
758,214,3,4,142.45,569.8
759,214,232,3,494.33,1482.99
760,214,163,1,268.64,268.64
761,214,17,2,555.46,1110.92
762,215,52,3,135.78,407.34
763,215,175,1,93.86,93.86
764,215,156,4,234.14,936.56
765,215,176,1,405.74,405.74
766,215,132,4,330.55,1322.2
767,215,8,1,427.33,427.33
768,216,77,4,377.42,1509.68
769,216,74,3,355.67,1067.01
770,216,104,3,287.63,862.89
771,216,58,3,307.4,922.2
772,216,135,4,298.38,1193.52
773,217,144,4,47.39,189.56
774,218,109,1,383.43,383.43
775,218,2,1,363.88,363.88
776,218,68,2,188.28,376.56
777,219,55,3,215.38,646.14
778,219,12,4,589.84,2359.36
779,219,194,1,521.07,521.07
780,219,42,3,132.01,396.03
781,220,50,2,120.19,240.38
782,220,81,2,51.32,102.64
783,220,112,4,186.06,744.24
784,220,146,3,118.88,356.64
785,220,175,1,93.86,93.86
786,220,52,3,135.78,407.34
787,221,13,1,249.16,249.16
788,221,68,4,188.28,753.12
789,221,36,1,90.32,90.32
790,222,171,3,242.88,728.64
791,222,177,3,245.43,736.29
792,222,102,4,196.56,786.24
793,222,185,3,339.64,1018.92
794,223,197,1,297.44,297.44
795,223,222,3,81.41,244.23
796,223,230,1,350.4,350.4
797,223,136,1,299.97,299.97
798,224,37,3,43.6,130.8
799,224,145,3,362.85,1088.55
800,224,202,2,467.78,935.56
801,224,236,2,58.2,116.4
802,225,112,2,186.06,372.12
803,226,194,4,521.07,2084.28
804,226,64,3,110.72,332.16
805,226,12,3,589.84,1769.52
806,227,230,4,350.4,1401.6
807,227,42,3,132.01,396.03
808,228,102,4,196.56,786.24
809,229,24,3,28.9,86.7
810,230,81,1,51.32,51.32
811,230,33,4,102.45,409.8
812,231,19,3,464.34,1393.02
813,231,31,4,499.38,1997.52
814,232,120,4,32.48,129.92
815,232,131,4,21.58,86.32
816,233,43,1,349.47,349.47
817,233,142,4,45.22,180.88
818,233,213,4,266.98,1067.92
819,233,135,4,298.38,1193.52
820,233,124,2,388.77,777.54
821,234,87,3,509.91,1529.73
822,234,45,3,118.21,354.63
823,234,36,3,90.32,270.96
824,234,223,2,449.24,898.48
825,235,170,2,287.23,574.46
826,235,21,4,574.25,2297.0
827,235,186,3,232.01,696.03
828,235,185,3,339.64,1018.92
829,235,7,1,53.23,53.23
830,236,233,2,275.42,550.84
831,237,55,1,215.38,215.38
832,237,31,2,499.38,998.76
833,237,152,1,580.76,580.76
834,237,67,2,136.1,272.2
835,237,196,4,450.47,1801.88
836,237,26,1,478.23,478.23
837,238,57,1,128.38,128.38
838,238,124,3,388.77,1166.31
839,238,28,3,434.23,1302.69
840,238,92,4,411.95,1647.8
841,238,164,4,320.2,1280.8
842,238,146,1,118.88,118.88
843,239,13,4,249.16,996.64
844,239,76,2,450.31,900.62
845,239,211,1,556.48,556.48
846,239,129,2,293.5,587.0
847,239,201,1,496.81,496.81
848,240,66,3,87.24,261.72
849,241,6,1,478.9,478.9
850,241,22,3,125.76,377.28
851,241,145,1,362.85,362.85
852,241,130,3,60.89,182.67
853,242,127,4,240.8,963.2
854,242,116,2,108.97,217.94
855,242,237,2,52.77,105.54
856,242,199,3,94.94,284.82
857,242,13,3,249.16,747.48
858,242,214,3,288.6,865.8
859,243,95,1,320.04,320.04
860,243,140,4,359.22,1436.88
861,243,57,2,128.38,256.76
862,243,181,4,314.93,1259.72
863,243,74,3,355.67,1067.01
864,243,67,3,136.1,408.3
865,244,156,4,234.14,936.56
866,244,19,4,464.34,1857.36
867,245,184,1,201.3,201.3
868,245,18,3,55.2,165.6
869,245,202,1,467.78,467.78
870,246,99,2,205.29,410.58
871,246,42,3,132.01,396.03
872,246,115,4,235.12,940.48
873,246,57,2,128.38,256.76
874,246,51,1,555.78,555.78
875,247,46,3,188.18,564.54
876,247,117,4,300.72,1202.88
877,247,18,2,55.2,110.4
878,248,149,3,212.48,637.44
879,248,122,4,313.49,1253.96
880,249,168,1,316.03,316.03
881,249,57,2,128.38,256.76
882,249,52,1,135.78,135.78
883,250,135,3,298.38,895.14
884,251,9,4,553.14,2212.56
885,252,74,4,355.67,1422.68
886,252,210,4,141.37,565.48
887,252,27,3,238.78,716.34
888,252,141,3,133.58,400.74
889,252,19,4,464.34,1857.36
890,252,124,2,388.77,777.54
891,253,13,4,249.16,996.64
892,254,87,4,509.91,2039.64
893,255,189,4,603.72,2414.88
894,256,224,4,79.62,318.48
895,256,199,4,94.94,379.76
896,256,177,4,245.43,981.72
897,256,246,2,307.14,614.28
898,257,80,2,24.61,49.22
899,257,236,3,58.2,174.6
900,257,213,1,266.98,266.98
901,258,202,3,467.78,1403.34
902,259,232,2,494.33,988.66
903,259,61,4,374.3,1497.2
904,259,55,2,215.38,430.76
905,259,142,2,45.22,90.44
906,259,56,2,238.95,477.9
907,259,240,3,253.55,760.65
908,260,249,4,375.32,1501.28
909,260,169,1,382.14,382.14
910,260,40,4,450.37,1801.48
911,260,167,1,74.71,74.71
912,261,104,1,287.63,287.63
913,261,168,3,316.03,948.09
914,261,14,2,301.65,603.3
915,262,156,4,234.14,936.56
916,262,249,4,375.32,1501.28
917,262,24,3,28.9,86.7
918,262,203,4,362.8,1451.2
919,263,148,1,497.64,497.64
920,264,181,3,314.93,944.79
921,264,198,1,351.95,351.95
922,264,236,3,58.2,174.6
923,265,170,1,287.23,287.23
924,265,201,3,496.81,1490.43
925,265,211,3,556.48,1669.44
926,265,45,3,118.21,354.63
927,265,129,4,293.5,1174.0
928,266,234,2,244.66,489.32
929,266,67,2,136.1,272.2
930,266,218,3,126.69,380.07
931,266,179,3,200.78,602.34
932,266,45,2,118.21,236.42
933,266,32,1,610.06,610.06
934,267,100,3,340.15,1020.45
935,267,7,2,53.23,106.46
936,267,31,4,499.38,1997.52
937,268,124,2,388.77,777.54
938,269,202,1,467.78,467.78
939,270,177,1,245.43,245.43
940,270,213,1,266.98,266.98
941,270,91,1,187.63,187.63
942,271,235,2,172.77,345.54
943,271,90,3,138.74,416.22
944,271,134,2,224.13,448.26
945,271,64,3,110.72,332.16
946,272,172,3,244.65,733.95
947,272,49,2,529.8,1059.6
948,273,193,3,164.42,493.26
949,274,175,2,93.86,187.72
950,274,46,3,188.18,564.54
951,274,101,4,57.39,229.56
952,274,229,1,165.02,165.02
953,274,183,2,147.46,294.92
954,275,168,1,316.03,316.03
955,275,55,4,215.38,861.52
956,275,166,2,82.07,164.14
957,275,104,1,287.63,287.63
958,276,31,3,499.38,1498.14
959,276,202,3,467.78,1403.34
960,276,20,2,605.41,1210.82
961,276,136,3,299.97,899.91
962,276,101,4,57.39,229.56
963,276,77,2,377.42,754.84
964,277,155,1,219.1,219.1
965,277,7,4,53.23,212.92
966,277,110,1,524.57,524.57
967,277,227,3,454.43,1363.29
968,277,193,1,164.42,164.42
969,277,184,4,201.3,805.2
970,278,91,4,187.63,750.52
971,278,171,2,242.88,485.76
972,279,6,4,478.9,1915.6
973,279,144,1,47.39,47.39
974,279,226,3,137.54,412.62
975,280,30,4,247.82,991.28
976,280,48,4,355.11,1420.44
977,281,39,4,116.92,467.68
978,281,49,2,529.8,1059.6
979,281,224,3,79.62,238.86
980,282,154,3,342.09,1026.27
981,282,196,1,450.47,450.47
982,283,28,2,434.23,868.46
983,284,205,2,383.07,766.14
984,284,193,2,164.42,328.84
985,284,130,1,60.89,60.89
986,284,78,4,302.79,1211.16
987,284,97,4,316.97,1267.88
988,284,72,4,91.12,364.48
989,285,247,3,32.63,97.89
990,285,51,1,555.78,555.78
991,285,29,1,218.87,218.87
992,285,135,4,298.38,1193.52
993,285,179,2,200.78,401.56
994,285,40,1,450.37,450.37
995,286,141,3,133.58,400.74
996,286,49,1,529.8,529.8
997,286,208,1,350.34,350.34
998,286,152,1,580.76,580.76
999,286,105,1,58.11,58.11
1000,286,172,2,244.65,489.3
1001,287,22,1,125.76,125.76
1002,287,115,1,235.12,235.12
1003,287,154,2,342.09,684.18
1004,287,77,2,377.42,754.84
1005,287,46,3,188.18,564.54
1006,288,149,1,212.48,212.48
1007,288,32,2,610.06,1220.12
1008,288,16,1,70.43,70.43
1009,288,40,3,450.37,1351.11
1010,288,162,1,386.04,386.04
1011,288,180,2,394.23,788.46
1012,289,8,1,427.33,427.33
1013,289,103,3,234.96,704.88
1014,289,124,1,388.77,388.77
1015,289,29,1,218.87,218.87
1016,289,81,4,51.32,205.28
1017,289,76,4,450.31,1801.24
1018,290,14,4,301.65,1206.6
1019,290,185,2,339.64,679.28
1020,291,66,1,87.24,87.24
1021,291,149,3,212.48,637.44
1022,291,60,2,556.59,1113.18
1023,291,177,3,245.43,736.29
1024,291,74,4,355.67,1422.68
1025,292,165,3,235.2,705.6
1026,292,90,4,138.74,554.96
1027,292,10,3,330.8,992.4
1028,292,48,4,355.11,1420.44
1029,293,107,1,233.92,233.92
1030,293,31,3,499.38,1498.14
1031,293,153,4,415.24,1660.96
1032,293,95,1,320.04,320.04
1033,294,52,3,135.78,407.34
1034,294,116,2,108.97,217.94
1035,294,210,2,141.37,282.74
1036,294,190,1,378.5,378.5
1037,295,105,2,58.11,116.22
1038,295,229,1,165.02,165.02
1039,295,218,2,126.69,253.38
1040,295,23,3,276.19,828.57
1041,296,160,3,275.73,827.19
1042,296,4,2,352.75,705.5
1043,296,103,1,234.96,234.96
1044,296,218,2,126.69,253.38
1045,296,61,1,374.3,374.3
1046,296,152,3,580.76,1742.28
1047,297,77,3,377.42,1132.26
1048,297,74,1,355.67,355.67
1049,297,72,2,91.12,182.24
1050,297,204,4,207.96,831.84
1051,298,42,3,132.01,396.03
1052,299,64,4,110.72,442.88
1053,299,210,1,141.37,141.37
1054,299,4,2,352.75,705.5
1055,300,35,3,404.22,1212.66
1056,301,208,3,350.34,1051.02
1057,301,115,3,235.12,705.36
1058,301,183,2,147.46,294.92
1059,301,61,4,374.3,1497.2
1060,301,143,1,155.0,155.0
1061,301,182,4,214.08,856.32
1062,302,101,3,57.39,172.17
1063,302,179,4,200.78,803.12
1064,302,79,3,440.1,1320.3
1065,302,123,4,235.89,943.56
1066,302,5,3,148.93,446.79
1067,303,133,4,310.77,1243.08
1068,303,34,3,43.41,130.23
1069,303,246,1,307.14,307.14
1070,303,56,1,238.95,238.95
1071,303,21,1,574.25,574.25
1072,304,41,3,245.1,735.3
1073,304,250,2,34.9,69.8
1074,304,145,4,362.85,1451.4
1075,304,84,1,124.27,124.27
1076,304,58,2,307.4,614.8
1077,305,196,3,450.47,1351.41
1078,305,174,2,460.49,920.98
1079,305,107,3,233.92,701.76
1080,306,237,4,52.77,211.08
1081,306,143,1,155.0,155.0
1082,306,188,4,503.7,2014.8
1083,306,76,3,450.31,1350.93
1084,307,57,2,128.38,256.76
1085,307,147,3,50.11,150.33
1086,307,248,2,188.2,376.4
1087,307,200,3,558.08,1674.24
1088,308,169,1,382.14,382.14
1089,309,181,2,314.93,629.86
1090,309,48,3,355.11,1065.33
1091,309,222,1,81.41,81.41
1092,310,169,1,382.14,382.14
1093,310,223,2,449.24,898.48
1094,310,171,3,242.88,728.64
1095,310,205,2,383.07,766.14
1096,310,85,4,164.19,656.76
1097,310,128,2,197.5,395.0
1098,311,197,2,297.44,594.88
1099,311,111,1,123.73,123.73
1100,311,174,4,460.49,1841.96
1101,311,205,1,383.07,383.07
1102,311,143,2,155.0,310.0
1103,312,14,3,301.65,904.95
1104,312,72,2,91.12,182.24
1105,312,98,3,209.33,627.99
1106,313,135,3,298.38,895.14
1107,313,40,3,450.37,1351.11
1108,314,71,1,594.55,594.55
1109,314,204,1,207.96,207.96
1110,314,7,2,53.23,106.46
1111,314,181,2,314.93,629.86
1112,314,140,3,359.22,1077.66
1113,315,207,1,490.29,490.29
1114,315,201,1,496.81,496.81
1115,315,35,1,404.22,404.22
1116,315,28,4,434.23,1736.92
1117,315,26,2,478.23,956.46
1118,315,57,1,128.38,128.38
1119,316,148,3,497.64,1492.92
1120,316,13,3,249.16,747.48
1121,316,120,2,32.48,64.96
1122,316,23,1,276.19,276.19
1123,317,71,3,594.55,1783.65
1124,317,92,4,411.95,1647.8
1125,317,185,4,339.64,1358.56
1126,317,60,4,556.59,2226.36
1127,317,147,1,50.11,50.11
1128,318,8,4,427.33,1709.32
1129,318,204,3,207.96,623.88
1130,318,226,2,137.54,275.08
1131,318,216,4,101.25,405.0
1132,318,182,3,214.08,642.24
1133,318,185,3,339.64,1018.92
1134,319,112,1,186.06,186.06
1135,319,26,2,478.23,956.46
1136,319,157,3,28.92,86.76
1137,319,189,4,603.72,2414.88
1138,320,193,3,164.42,493.26
1139,320,132,2,330.55,661.1
1140,321,211,2,556.48,1112.96
1141,322,109,3,383.43,1150.29
1142,322,245,4,170.03,680.12
1143,322,165,2,235.2,470.4
1144,322,217,2,369.23,738.46
1145,322,114,2,270.25,540.5
1146,323,31,4,499.38,1997.52
1147,323,5,3,148.93,446.79
1148,323,37,1,43.6,43.6
1149,323,184,4,201.3,805.2
1150,324,150,1,377.06,377.06
1151,324,198,4,351.95,1407.8
1152,324,95,1,320.04,320.04
1153,324,249,3,375.32,1125.96
1154,324,216,3,101.25,303.75
1155,325,55,1,215.38,215.38
1156,325,203,3,362.8,1088.4
1157,325,230,3,350.4,1051.2
1158,326,199,1,94.94,94.94
1159,326,173,1,303.56,303.56
1160,326,206,2,225.13,450.26
1161,327,20,1,605.41,605.41
1162,327,240,1,253.55,253.55
1163,327,220,4,168.03,672.12
1164,327,62,4,185.84,743.36
1165,327,201,4,496.81,1987.24
1166,328,78,1,302.79,302.79
1167,328,240,1,253.55,253.55
1168,328,185,1,339.64,339.64
1169,329,244,2,423.65,847.3
1170,329,38,3,511.93,1535.79
1171,329,186,2,232.01,464.02
1172,330,118,1,175.82,175.82
1173,331,97,2,316.97,633.94
1174,331,19,2,464.34,928.68
1175,331,228,1,380.46,380.46
1176,331,166,2,82.07,164.14
1177,332,150,3,377.06,1131.18
1178,332,166,4,82.07,328.28
1179,332,88,1,347.53,347.53
1180,332,69,1,297.02,297.02
1181,332,137,3,205.25,615.75
1182,333,249,3,375.32,1125.96
1183,333,100,2,340.15,680.3
1184,333,246,4,307.14,1228.56
1185,333,163,1,268.64,268.64
1186,334,52,3,135.78,407.34
1187,335,95,3,320.04,960.12
1188,335,131,4,21.58,86.32
1189,336,209,1,101.66,101.66
1190,336,238,3,262.67,788.01
1191,336,73,3,200.84,602.52
1192,337,247,1,32.63,32.63
1193,337,234,3,244.66,733.98
1194,337,242,4,131.89,527.56
1195,338,205,1,383.07,383.07
1196,338,111,1,123.73,123.73
1197,338,185,1,339.64,339.64
1198,338,31,4,499.38,1997.52
1199,339,29,2,218.87,437.74
1200,340,171,1,242.88,242.88
1201,340,198,4,351.95,1407.8
1202,340,61,4,374.3,1497.2
1203,340,121,4,418.51,1674.04
1204,340,125,4,211.24,844.96
1205,340,104,4,287.63,1150.52
1206,341,26,1,478.23,478.23
1207,342,201,2,496.81,993.62
1208,342,221,3,627.82,1883.46
1209,342,62,2,185.84,371.68
1210,343,194,1,521.07,521.07
1211,343,215,4,238.44,953.76
1212,343,113,1,411.77,411.77
1213,343,165,1,235.2,235.2
1214,344,33,2,102.45,204.9
1215,344,201,2,496.81,993.62
1216,344,61,1,374.3,374.3
1217,344,121,2,418.51,837.02
1218,344,87,2,509.91,1019.82
1219,344,84,2,124.27,248.54
1220,345,41,4,245.1,980.4
1221,345,4,4,352.75,1411.0
1222,345,16,2,70.43,140.86
1223,345,139,3,250.55,751.65
1224,345,193,4,164.42,657.68
1225,345,33,4,102.45,409.8
1226,346,26,2,478.23,956.46
1227,347,48,4,355.11,1420.44
1228,347,218,4,126.69,506.76
1229,347,87,1,509.91,509.91
1230,348,196,2,450.47,900.94
1231,348,170,2,287.23,574.46
1232,348,65,2,346.0,692.0
1233,348,104,1,287.63,287.63
1234,348,204,2,207.96,415.92
1235,348,118,1,175.82,175.82
1236,349,186,1,232.01,232.01
1237,349,9,1,553.14,553.14
1238,349,19,2,464.34,928.68
1239,349,111,3,123.73,371.19
1240,349,181,2,314.93,629.86
1241,349,177,1,245.43,245.43
1242,350,196,3,450.47,1351.41
1243,350,60,4,556.59,2226.36
1244,350,91,4,187.63,750.52
1245,350,195,2,117.88,235.76
1246,350,240,2,253.55,507.1
1247,350,49,3,529.8,1589.4
1248,351,2,4,363.88,1455.52
1249,351,94,1,512.7,512.7
1250,352,241,1,205.2,205.2
1251,353,64,2,110.72,221.44
1252,353,169,1,382.14,382.14
1253,354,182,3,214.08,642.24
1254,354,94,3,512.7,1538.1
1255,354,38,2,511.93,1023.86
1256,355,178,4,505.3,2021.2
1257,356,33,4,102.45,409.8
1258,356,164,1,320.2,320.2
1259,356,88,2,347.53,695.06
1260,356,242,3,131.89,395.67
1261,356,113,3,411.77,1235.31
1262,356,133,2,310.77,621.54
1263,357,76,2,450.31,900.62
1264,357,123,4,235.89,943.56
1265,357,135,4,298.38,1193.52
1266,357,46,4,188.18,752.72
1267,358,96,4,541.36,2165.44
1268,358,242,3,131.89,395.67
1269,358,203,4,362.8,1451.2
1270,358,30,1,247.82,247.82
1271,358,29,4,218.87,875.48
1272,359,162,1,386.04,386.04
1273,359,108,4,378.79,1515.16
1274,360,96,1,541.36,541.36
1275,360,9,2,553.14,1106.28
1276,360,123,3,235.89,707.67
1277,360,108,4,378.79,1515.16
1278,360,19,2,464.34,928.68
1279,361,202,4,467.78,1871.12
1280,361,30,3,247.82,743.46
1281,361,148,2,497.64,995.28
1282,362,50,3,120.19,360.57
1283,362,131,4,21.58,86.32
1284,362,68,1,188.28,188.28
1285,362,32,3,610.06,1830.18
1286,362,171,3,242.88,728.64
1287,363,85,1,164.19,164.19
1288,363,241,1,205.2,205.2
1289,363,84,3,124.27,372.81
1290,363,114,2,270.25,540.5
1291,363,214,4,288.6,1154.4
1292,364,9,1,553.14,553.14
1293,364,214,4,288.6,1154.4
1294,364,41,1,245.1,245.1
1295,364,39,1,116.92,116.92
1296,364,153,4,415.24,1660.96
1297,364,244,1,423.65,423.65
1298,365,76,1,450.31,450.31
1299,365,47,4,595.74,2382.96
1300,366,68,4,188.28,753.12
1301,367,246,1,307.14,307.14
1302,367,102,2,196.56,393.12
1303,367,15,3,578.04,1734.12
1304,367,91,2,187.63,375.26
1305,367,221,1,627.82,627.82
1306,367,168,1,316.03,316.03
1307,368,248,1,188.2,188.2
1308,368,177,1,245.43,245.43
1309,368,203,3,362.8,1088.4
1310,368,68,3,188.28,564.84
1311,368,195,2,117.88,235.76
1312,368,205,4,383.07,1532.28
1313,369,198,2,351.95,703.9
1314,370,204,2,207.96,415.92
1315,370,233,4,275.42,1101.68
1316,370,52,2,135.78,271.56
1317,370,217,1,369.23,369.23
1318,370,10,4,330.8,1323.2
1319,370,55,3,215.38,646.14
1320,371,236,2,58.2,116.4
1321,371,153,4,415.24,1660.96
1322,371,92,2,411.95,823.9
1323,371,52,3,135.78,407.34
1324,372,34,3,43.41,130.23
1325,372,209,2,101.66,203.32
1326,372,48,2,355.11,710.22
1327,372,31,3,499.38,1498.14
1328,372,214,3,288.6,865.8
1329,372,149,2,212.48,424.96
1330,373,192,4,183.66,734.64
1331,373,117,4,300.72,1202.88
1332,373,56,3,238.95,716.85
1333,373,59,1,395.91,395.91
1334,374,159,3,223.33,669.99
1335,375,243,2,358.78,717.56
1336,375,49,1,529.8,529.8
1337,376,235,3,172.77,518.31
1338,376,29,1,218.87,218.87
1339,376,108,4,378.79,1515.16
1340,376,17,2,555.46,1110.92
1341,377,214,4,288.6,1154.4
1342,378,55,3,215.38,646.14
1343,378,6,3,478.9,1436.7
1344,378,145,3,362.85,1088.55
1345,378,151,2,72.21,144.42
1346,379,96,3,541.36,1624.08
1347,379,160,1,275.73,275.73
1348,379,60,3,556.59,1669.77
1349,379,33,2,102.45,204.9
1350,379,111,4,123.73,494.92
1351,380,15,4,578.04,2312.16
1352,380,70,2,473.53,947.06
1353,381,166,2,82.07,164.14
1354,381,244,4,423.65,1694.6
1355,382,112,1,186.06,186.06
1356,382,208,1,350.34,350.34
1357,382,70,4,473.53,1894.12
1358,383,9,4,553.14,2212.56
1359,383,7,3,53.23,159.69
1360,383,240,4,253.55,1014.2
1361,383,108,4,378.79,1515.16
1362,384,202,1,467.78,467.78
1363,384,162,4,386.04,1544.16
1364,384,68,1,188.28,188.28
1365,384,122,3,313.49,940.47
1366,385,111,2,123.73,247.46
1367,385,57,1,128.38,128.38
1368,386,137,2,205.25,410.5
1369,386,136,4,299.97,1199.88
1370,386,243,3,358.78,1076.34
1371,386,6,3,478.9,1436.7
1372,387,164,1,320.2,320.2
1373,388,20,2,605.41,1210.82
1374,388,39,2,116.92,233.84
1375,388,78,1,302.79,302.79
1376,388,162,3,386.04,1158.12
1377,388,16,1,70.43,70.43
1378,388,42,1,132.01,132.01
1379,389,26,2,478.23,956.46
1380,390,155,4,219.1,876.4
1381,390,40,2,450.37,900.74
1382,390,28,1,434.23,434.23
1383,390,181,2,314.93,629.86
1384,390,178,3,505.3,1515.9
1385,390,185,2,339.64,679.28
1386,391,32,1,610.06,610.06
1387,391,81,3,51.32,153.96
1388,392,203,3,362.8,1088.4
1389,392,133,3,310.77,932.31
1390,392,112,1,186.06,186.06
1391,392,11,4,312.03,1248.12
1392,393,114,4,270.25,1081.0
1393,393,10,4,330.8,1323.2
1394,393,31,1,499.38,499.38
1395,393,110,3,524.57,1573.71
1396,394,58,3,307.4,922.2
1397,394,145,4,362.85,1451.4
1398,394,86,3,431.1,1293.3
1399,394,10,3,330.8,992.4
1400,394,120,3,32.48,97.44
1401,395,136,4,299.97,1199.88
1402,395,110,1,524.57,524.57
1403,395,88,1,347.53,347.53
1404,396,223,4,449.24,1796.96
1405,397,7,4,53.23,212.92
1406,397,150,1,377.06,377.06
1407,397,242,1,131.89,131.89
1408,397,234,1,244.66,244.66
1409,398,139,2,250.55,501.1
1410,398,234,1,244.66,244.66
1411,398,236,1,58.2,58.2
1412,399,25,1,277.57,277.57
1413,399,166,4,82.07,328.28
1414,399,89,4,152.92,611.68
1415,399,186,4,232.01,928.04
1416,399,233,3,275.42,826.26
1417,400,130,1,60.89,60.89
1418,400,2,2,363.88,727.76
1419,400,167,4,74.71,298.84
1420,401,11,2,312.03,624.06
1421,401,202,4,467.78,1871.12
1422,401,128,2,197.5,395.0
1423,402,147,2,50.11,100.22
1424,402,225,4,242.67,970.68
1425,402,130,4,60.89,243.56
1426,402,248,4,188.2,752.8
1427,403,68,4,188.28,753.12
1428,403,93,2,296.33,592.66
1429,403,52,4,135.78,543.12
1430,403,203,1,362.8,362.8
1431,404,40,3,450.37,1351.11
1432,404,162,1,386.04,386.04
1433,404,149,4,212.48,849.92
1434,404,193,4,164.42,657.68
1435,405,20,3,605.41,1816.23
1436,406,172,4,244.65,978.6
1437,406,180,3,394.23,1182.69
1438,406,211,3,556.48,1669.44
1439,406,80,4,24.61,98.44
1440,406,28,1,434.23,434.23
1441,406,103,1,234.96,234.96
1442,407,180,4,394.23,1576.92
1443,407,8,4,427.33,1709.32
1444,408,222,4,81.41,325.64
1445,408,51,4,555.78,2223.12
1446,408,125,3,211.24,633.72
1447,408,10,3,330.8,992.4
1448,408,185,4,339.64,1358.56
1449,409,76,1,450.31,450.31
1450,410,94,2,512.7,1025.4
1451,410,38,2,511.93,1023.86
1452,411,241,3,205.2,615.6
1453,412,56,2,238.95,477.9
1454,412,77,2,377.42,754.84
1455,412,241,3,205.2,615.6
1456,413,65,4,346.0,1384.0
1457,413,67,4,136.1,544.4
1458,413,104,4,287.63,1150.52
1459,413,165,4,235.2,940.8
1460,413,150,3,377.06,1131.18
1461,413,26,3,478.23,1434.69
1462,414,62,3,185.84,557.52
1463,414,88,1,347.53,347.53
1464,414,42,3,132.01,396.03
1465,414,228,2,380.46,760.92
1466,415,124,1,388.77,388.77
1467,415,116,3,108.97,326.91
1468,415,159,1,223.33,223.33
1469,415,154,2,342.09,684.18
1470,415,77,2,377.42,754.84
1471,416,117,3,300.72,902.16
1472,416,18,2,55.2,110.4
1473,416,246,3,307.14,921.42
1474,416,152,4,580.76,2323.04
1475,416,49,3,529.8,1589.4
1476,416,30,4,247.82,991.28
1477,417,196,2,450.47,900.94
1478,417,139,2,250.55,501.1
1479,417,147,2,50.11,100.22
1480,418,13,1,249.16,249.16
1481,418,62,3,185.84,557.52
1482,418,172,1,244.65,244.65
1483,418,5,3,148.93,446.79
1484,419,14,1,301.65,301.65
1485,419,49,1,529.8,529.8
1486,419,151,1,72.21,72.21
1487,420,210,1,141.37,141.37
1488,420,135,4,298.38,1193.52
1489,420,83,1,550.53,550.53
1490,420,174,1,460.49,460.49
1491,421,102,4,196.56,786.24
1492,421,66,2,87.24,174.48
1493,421,151,2,72.21,144.42
1494,421,43,1,349.47,349.47
1495,421,241,2,205.2,410.4
1496,421,206,4,225.13,900.52
1497,422,150,2,377.06,754.12
1498,422,42,2,132.01,264.02
1499,422,180,2,394.23,788.46
1500,422,115,2,235.12,470.24
1501,423,213,1,266.98,266.98
1502,424,8,1,427.33,427.33
1503,424,85,3,164.19,492.57
1504,424,141,3,133.58,400.74
1505,424,177,3,245.43,736.29
1506,424,75,4,256.79,1027.16
1507,424,182,3,214.08,642.24
1508,425,18,4,55.2,220.8
1509,425,28,1,434.23,434.23
1510,426,7,1,53.23,53.23
1511,426,170,2,287.23,574.46
1512,426,221,2,627.82,1255.64
1513,426,122,4,313.49,1253.96
1514,427,95,1,320.04,320.04
1515,427,167,4,74.71,298.84
1516,427,203,2,362.8,725.6
1517,427,200,3,558.08,1674.24
1518,428,71,1,594.55,594.55
1519,428,3,2,142.45,284.9
1520,428,200,4,558.08,2232.32
1521,428,171,4,242.88,971.52
1522,428,122,1,313.49,313.49
1523,429,150,3,377.06,1131.18
1524,429,10,1,330.8,330.8
1525,430,206,1,225.13,225.13
1526,431,41,3,245.1,735.3
1527,432,4,2,352.75,705.5
1528,432,134,3,224.13,672.39
1529,433,31,2,499.38,998.76
1530,433,116,2,108.97,217.94
1531,434,77,3,377.42,1132.26
1532,434,22,4,125.76,503.04
1533,434,49,3,529.8,1589.4
1534,434,18,2,55.2,110.4
1535,434,54,1,60.89,60.89
1536,435,155,4,219.1,876.4
1537,435,2,3,363.88,1091.64
1538,435,176,2,405.74,811.48
1539,435,114,3,270.25,810.75
1540,436,3,4,142.45,569.8
1541,436,202,4,467.78,1871.12
1542,436,18,1,55.2,55.2
1543,436,249,3,375.32,1125.96
1544,436,168,1,316.03,316.03
1545,437,248,3,188.2,564.6
1546,437,152,1,580.76,580.76
1547,437,122,4,313.49,1253.96
1548,437,3,4,142.45,569.8
1549,438,4,1,352.75,352.75
1550,439,22,2,125.76,251.52
1551,439,40,2,450.37,900.74
1552,439,168,4,316.03,1264.12
1553,440,171,1,242.88,242.88
1554,440,88,1,347.53,347.53
1555,441,12,1,589.84,589.84
1556,441,9,1,553.14,553.14
1557,441,146,4,118.88,475.52
1558,442,119,3,142.86,428.58
1559,442,96,2,541.36,1082.72
1560,442,183,3,147.46,442.38
1561,442,45,3,118.21,354.63
1562,442,157,2,28.92,57.84
1563,442,60,2,556.59,1113.18
1564,443,197,4,297.44,1189.76
1565,443,104,3,287.63,862.89
1566,443,110,2,524.57,1049.14
1567,443,141,2,133.58,267.16
1568,444,227,2,454.43,908.86
1569,444,236,1,58.2,58.2
1570,444,218,1,126.69,126.69
1571,444,194,3,521.07,1563.21
1572,444,80,4,24.61,98.44
1573,445,43,3,349.47,1048.41
1574,445,162,1,386.04,386.04
1575,445,214,4,288.6,1154.4
1576,445,66,4,87.24,348.96
1577,446,99,2,205.29,410.58
1578,446,162,4,386.04,1544.16
1579,447,157,1,28.92,28.92
1580,447,61,4,374.3,1497.2
1581,447,142,4,45.22,180.88
1582,447,34,1,43.41,43.41
1583,447,126,4,291.18,1164.72
1584,448,13,3,249.16,747.48
1585,448,2,4,363.88,1455.52
1586,448,170,4,287.23,1148.92
1587,448,138,4,371.13,1484.52
1588,448,216,2,101.25,202.5
1589,449,151,2,72.21,144.42
1590,449,219,2,383.42,766.84
1591,449,164,2,320.2,640.4
1592,450,116,3,108.97,326.91
1593,451,35,2,404.22,808.44
1594,451,14,1,301.65,301.65
1595,451,26,2,478.23,956.46
1596,451,140,4,359.22,1436.88
1597,451,68,3,188.28,564.84
1598,451,211,3,556.48,1669.44
1599,452,69,2,297.02,594.04
1600,452,144,4,47.39,189.56
1601,452,209,4,101.66,406.64
1602,452,229,1,165.02,165.02
1603,453,34,4,43.41,173.64
1604,453,1,3,541.39,1624.17
1605,453,51,3,555.78,1667.34
1606,454,225,1,242.67,242.67
1607,454,54,3,60.89,182.67
1608,455,208,2,350.34,700.68
1609,455,103,1,234.96,234.96
1610,455,20,3,605.41,1816.23
1611,456,115,2,235.12,470.24
1612,456,168,3,316.03,948.09
1613,456,104,4,287.63,1150.52
1614,456,157,4,28.92,115.68
1615,457,138,2,371.13,742.26
1616,457,103,3,234.96,704.88
1617,457,38,1,511.93,511.93
1618,457,130,3,60.89,182.67
1619,457,148,3,497.64,1492.92
1620,457,173,1,303.56,303.56
1621,458,147,4,50.11,200.44
1622,458,73,1,200.84,200.84
1623,458,137,1,205.25,205.25
1624,458,206,2,225.13,450.26
1625,458,158,4,479.14,1916.56
1626,459,24,3,28.9,86.7
1627,459,151,1,72.21,72.21
1628,459,122,3,313.49,940.47
1629,459,78,3,302.79,908.37
1630,459,174,4,460.49,1841.96
1631,460,106,4,162.6,650.4
1632,460,56,4,238.95,955.8
1633,460,85,1,164.19,164.19
1634,461,228,3,380.46,1141.38
1635,461,4,3,352.75,1058.25
1636,461,75,3,256.79,770.37
1637,461,19,3,464.34,1393.02
1638,462,70,3,473.53,1420.59
1639,462,96,2,541.36,1082.72
1640,463,45,4,118.21,472.84
1641,463,91,3,187.63,562.89
1642,464,41,4,245.1,980.4
1643,464,182,4,214.08,856.32
1644,464,178,2,505.3,1010.6
1645,465,160,3,275.73,827.19
1646,466,118,3,175.82,527.46
1647,466,2,1,363.88,363.88
1648,466,227,4,454.43,1817.72
1649,466,101,3,57.39,172.17
1650,466,105,3,58.11,174.33
1651,467,36,1,90.32,90.32
1652,467,59,1,395.91,395.91
1653,467,22,2,125.76,251.52
1654,467,84,4,124.27,497.08
1655,468,70,4,473.53,1894.12
1656,468,228,3,380.46,1141.38
1657,468,180,3,394.23,1182.69
1658,468,214,2,288.6,577.2
1659,468,102,4,196.56,786.24
1660,468,42,3,132.01,396.03
1661,469,227,4,454.43,1817.72
1662,469,216,4,101.25,405.0
1663,470,222,2,81.41,162.82
1664,470,150,3,377.06,1131.18
1665,470,115,1,235.12,235.12
1666,470,248,4,188.2,752.8
1667,470,125,1,211.24,211.24
1668,470,123,1,235.89,235.89
1669,471,195,3,117.88,353.64
1670,471,126,4,291.18,1164.72
1671,472,149,3,212.48,637.44
1672,473,5,4,148.93,595.72
1673,473,125,2,211.24,422.48
1674,474,198,1,351.95,351.95
1675,474,127,1,240.8,240.8
1676,474,99,4,205.29,821.16
1677,474,77,4,377.42,1509.68
1678,474,139,3,250.55,751.65
1679,474,165,1,235.2,235.2
1680,475,74,2,355.67,711.34
1681,475,179,1,200.78,200.78
1682,475,227,3,454.43,1363.29
1683,475,124,4,388.77,1555.08
1684,475,238,1,262.67,262.67
1685,475,219,2,383.42,766.84
1686,476,128,3,197.5,592.5
1687,476,85,2,164.19,328.38
1688,477,207,3,490.29,1470.87
1689,477,200,2,558.08,1116.16
1690,477,3,1,142.45,142.45
1691,478,209,4,101.66,406.64
1692,478,162,4,386.04,1544.16
1693,478,124,3,388.77,1166.31
1694,479,147,2,50.11,100.22
1695,479,107,4,233.92,935.68
1696,479,99,1,205.29,205.29
1697,480,103,2,234.96,469.92
1698,480,181,4,314.93,1259.72
1699,480,12,4,589.84,2359.36
1700,480,45,4,118.21,472.84
1701,480,219,4,383.42,1533.68
1702,481,139,3,250.55,751.65
1703,481,140,3,359.22,1077.66
1704,481,106,3,162.6,487.8
1705,482,230,2,350.4,700.8
1706,482,139,3,250.55,751.65
1707,482,182,1,214.08,214.08
1708,483,247,4,32.63,130.52
1709,483,140,2,359.22,718.44
1710,483,21,4,574.25,2297.0
1711,483,250,3,34.9,104.7
1712,484,48,1,355.11,355.11
1713,484,74,3,355.67,1067.01
1714,484,216,3,101.25,303.75
1715,484,146,3,118.88,356.64
1716,484,119,1,142.86,142.86
1717,484,15,3,578.04,1734.12
1718,485,138,3,371.13,1113.39
1719,486,221,2,627.82,1255.64
1720,486,59,2,395.91,791.82
1721,486,165,2,235.2,470.4
1722,486,150,4,377.06,1508.24
1723,486,171,4,242.88,971.52
1724,487,238,2,262.67,525.34
1725,488,3,1,142.45,142.45
1726,488,43,1,349.47,349.47
1727,489,95,4,320.04,1280.16
1728,489,108,2,378.79,757.58
1729,490,199,4,94.94,379.76
1730,490,68,1,188.28,188.28
1731,490,58,3,307.4,922.2
1732,490,246,3,307.14,921.42
1733,491,75,3,256.79,770.37
1734,491,203,1,362.8,362.8
1735,491,85,4,164.19,656.76
1736,491,2,4,363.88,1455.52
1737,492,110,1,524.57,524.57
1738,492,129,1,293.5,293.5
1739,492,182,4,214.08,856.32
1740,492,221,1,627.82,627.82
1741,492,173,4,303.56,1214.24
1742,492,7,4,53.23,212.92
1743,493,129,4,293.5,1174.0
1744,493,32,4,610.06,2440.24
1745,493,218,3,126.69,380.07
1746,493,177,4,245.43,981.72
1747,493,66,2,87.24,174.48
1748,493,18,4,55.2,220.8
1749,494,85,3,164.19,492.57
1750,495,120,3,32.48,97.44
1751,495,15,3,578.04,1734.12
1752,495,183,4,147.46,589.84
1753,496,68,2,188.28,376.56
1754,496,148,1,497.64,497.64
1755,496,51,3,555.78,1667.34
1756,496,238,2,262.67,525.34
1757,496,46,3,188.18,564.54
1758,497,107,4,233.92,935.68
1759,497,150,2,377.06,754.12
1760,498,160,2,275.73,551.46
1761,498,179,1,200.78,200.78
1762,498,208,2,350.34,700.68
1763,498,60,2,556.59,1113.18
1764,499,227,4,454.43,1817.72
1765,500,140,3,359.22,1077.66
1766,500,212,1,454.26,454.26
1767,501,81,4,51.32,205.28
1768,502,220,4,168.03,672.12
1769,502,39,3,116.92,350.76
1770,502,222,3,81.41,244.23
1771,502,181,2,314.93,629.86
1772,502,158,2,479.14,958.28
1773,503,242,2,131.89,263.78
1774,503,190,3,378.5,1135.5
1775,504,147,1,50.11,50.11
1776,504,163,2,268.64,537.28
1777,504,247,3,32.63,97.89
1778,505,39,4,116.92,467.68
1779,505,217,1,369.23,369.23
1780,505,28,4,434.23,1736.92
1781,505,211,3,556.48,1669.44
1782,505,55,3,215.38,646.14
1783,505,120,4,32.48,129.92
1784,506,171,3,242.88,728.64
1785,506,127,2,240.8,481.6
1786,506,54,3,60.89,182.67
1787,506,18,3,55.2,165.6
1788,506,41,3,245.1,735.3
1789,507,90,3,138.74,416.22
1790,507,118,3,175.82,527.46
1791,507,82,3,212.44,637.32
1792,507,151,1,72.21,72.21
1793,507,89,2,152.92,305.84
1794,508,236,1,58.2,58.2
1795,508,131,1,21.58,21.58
1796,508,93,4,296.33,1185.32
1797,508,124,1,388.77,388.77
1798,508,98,2,209.33,418.66
1799,509,14,2,301.65,603.3
1800,510,111,2,123.73,247.46
1801,511,31,2,499.38,998.76
1802,512,40,2,450.37,900.74
1803,512,219,3,383.42,1150.26
1804,512,103,2,234.96,469.92
1805,512,222,1,81.41,81.41
1806,512,54,4,60.89,243.56
1807,512,2,3,363.88,1091.64
1808,513,128,4,197.5,790.0
1809,513,29,1,218.87,218.87
1810,513,159,1,223.33,223.33
1811,514,166,4,82.07,328.28
1812,514,130,1,60.89,60.89
1813,515,5,1,148.93,148.93
1814,515,29,4,218.87,875.48
1815,515,2,2,363.88,727.76
1816,515,81,4,51.32,205.28
1817,515,116,4,108.97,435.88
1818,516,206,3,225.13,675.39
1819,516,114,4,270.25,1081.0
1820,516,54,3,60.89,182.67
1821,517,164,3,320.2,960.6
1822,517,107,4,233.92,935.68
1823,517,90,2,138.74,277.48
1824,517,98,2,209.33,418.66
1825,518,14,1,301.65,301.65
1826,518,155,1,219.1,219.1
1827,519,186,1,232.01,232.01
1828,519,147,4,50.11,200.44
1829,519,171,3,242.88,728.64
1830,519,13,1,249.16,249.16
1831,519,214,2,288.6,577.2
1832,519,39,1,116.92,116.92
1833,520,242,1,131.89,131.89
1834,520,111,3,123.73,371.19
1835,520,193,1,164.42,164.42
1836,520,33,2,102.45,204.9
1837,520,117,3,300.72,902.16
1838,520,90,1,138.74,138.74
1839,521,27,4,238.78,955.12
1840,521,208,4,350.34,1401.36
1841,522,250,1,34.9,34.9
1842,522,219,3,383.42,1150.26
1843,522,133,4,310.77,1243.08
1844,523,32,2,610.06,1220.12
1845,523,248,4,188.2,752.8
1846,523,223,3,449.24,1347.72
1847,523,88,3,347.53,1042.59
1848,523,152,4,580.76,2323.04
1849,524,1,1,541.39,541.39
1850,525,168,2,316.03,632.06
1851,525,199,1,94.94,94.94
1852,525,11,2,312.03,624.06
1853,525,193,1,164.42,164.42
1854,526,151,2,72.21,144.42
1855,526,51,1,555.78,555.78
1856,526,156,1,234.14,234.14
1857,526,10,2,330.8,661.6
1858,526,121,4,418.51,1674.04
1859,526,182,4,214.08,856.32
1860,527,130,1,60.89,60.89
1861,527,226,4,137.54,550.16
1862,527,180,2,394.23,788.46
1863,527,79,4,440.1,1760.4
1864,527,59,1,395.91,395.91
1865,528,225,4,242.67,970.68
1866,528,205,2,383.07,766.14
1867,528,118,2,175.82,351.64
1868,528,218,2,126.69,253.38
1869,529,61,1,374.3,374.3
1870,529,103,4,234.96,939.84
1871,529,231,2,265.93,531.86
1872,529,119,1,142.86,142.86
1873,530,241,3,205.2,615.6
1874,530,180,1,394.23,394.23
1875,530,65,1,346.0,346.0
1876,530,36,3,90.32,270.96
1877,530,140,2,359.22,718.44
1878,530,5,4,148.93,595.72
1879,531,232,4,494.33,1977.32
1880,531,39,3,116.92,350.76
1881,531,183,2,147.46,294.92
1882,531,57,3,128.38,385.14
1883,531,152,3,580.76,1742.28
1884,532,231,4,265.93,1063.72
1885,532,214,4,288.6,1154.4
1886,532,121,2,418.51,837.02
1887,532,135,3,298.38,895.14
1888,532,232,3,494.33,1482.99
1889,532,77,4,377.42,1509.68
1890,533,86,3,431.1,1293.3
1891,533,247,1,32.63,32.63
1892,534,127,1,240.8,240.8
1893,534,37,1,43.6,43.6
1894,534,74,4,355.67,1422.68
1895,534,57,3,128.38,385.14
1896,534,224,4,79.62,318.48
1897,534,166,1,82.07,82.07
1898,535,108,3,378.79,1136.37
1899,535,240,4,253.55,1014.2
1900,535,72,2,91.12,182.24
1901,535,62,2,185.84,371.68
1902,536,242,3,131.89,395.67
1903,536,225,4,242.67,970.68
1904,536,238,1,262.67,262.67
1905,537,92,4,411.95,1647.8
1906,537,180,2,394.23,788.46
1907,538,202,3,467.78,1403.34
1908,538,191,2,410.67,821.34
1909,538,80,2,24.61,49.22
1910,539,124,4,388.77,1555.08
1911,539,14,3,301.65,904.95
1912,539,31,2,499.38,998.76
1913,540,22,4,125.76,503.04
1914,540,132,3,330.55,991.65
1915,541,216,2,101.25,202.5
1916,541,162,4,386.04,1544.16
1917,541,96,4,541.36,2165.44
1918,541,74,4,355.67,1422.68
1919,541,100,4,340.15,1360.6
1920,542,64,4,110.72,442.88
1921,543,29,2,218.87,437.74
1922,543,217,1,369.23,369.23
1923,543,222,3,81.41,244.23
1924,544,2,1,363.88,363.88
1925,544,173,2,303.56,607.12
1926,545,3,4,142.45,569.8
1927,545,61,2,374.3,748.6
1928,545,220,2,168.03,336.06
1929,545,104,2,287.63,575.26
1930,546,248,4,188.2,752.8
1931,546,34,2,43.41,86.82
1932,546,156,4,234.14,936.56
1933,547,3,3,142.45,427.35
1934,547,188,3,503.7,1511.1
1935,547,129,1,293.5,293.5
1936,547,83,1,550.53,550.53
1937,547,9,4,553.14,2212.56
1938,548,11,4,312.03,1248.12
1939,548,131,1,21.58,21.58
1940,548,160,2,275.73,551.46
1941,548,157,1,28.92,28.92
1942,548,231,2,265.93,531.86
1943,549,151,4,72.21,288.84
1944,549,27,3,238.78,716.34
1945,549,250,2,34.9,69.8
1946,550,57,4,128.38,513.52
1947,550,89,3,152.92,458.76
1948,550,7,1,53.23,53.23
1949,550,15,4,578.04,2312.16
1950,550,173,4,303.56,1214.24
1951,551,198,1,351.95,351.95
1952,551,235,2,172.77,345.54
1953,551,36,2,90.32,180.64
1954,551,23,2,276.19,552.38
1955,552,89,1,152.92,152.92
1956,553,140,2,359.22,718.44
1957,553,54,1,60.89,60.89
1958,553,175,1,93.86,93.86
1959,553,217,4,369.23,1476.92
1960,553,118,3,175.82,527.46
1961,553,181,3,314.93,944.79
1962,554,220,2,168.03,336.06
1963,554,84,1,124.27,124.27
1964,554,121,2,418.51,837.02
1965,554,80,3,24.61,73.83
1966,554,110,1,524.57,524.57
1967,554,228,1,380.46,380.46
1968,555,201,3,496.81,1490.43
1969,555,56,1,238.95,238.95
1970,555,125,2,211.24,422.48
1971,555,58,4,307.4,1229.6
1972,556,207,4,490.29,1961.16
1973,556,220,4,168.03,672.12
1974,556,196,3,450.47,1351.41
1975,556,108,1,378.79,378.79
1976,556,27,1,238.78,238.78
1977,557,235,3,172.77,518.31
1978,557,64,2,110.72,221.44
1979,558,54,1,60.89,60.89
1980,558,172,2,244.65,489.3
1981,558,103,3,234.96,704.88
1982,558,47,2,595.74,1191.48
1983,559,151,4,72.21,288.84
1984,559,105,1,58.11,58.11
1985,559,144,2,47.39,94.78
1986,559,170,3,287.23,861.69
1987,559,185,2,339.64,679.28
1988,560,250,3,34.9,104.7
1989,560,2,4,363.88,1455.52
1990,560,56,2,238.95,477.9
1991,560,75,4,256.79,1027.16
1992,560,109,2,383.43,766.86
1993,561,197,3,297.44,892.32
1994,562,218,3,126.69,380.07
1995,562,197,4,297.44,1189.76
1996,562,7,3,53.23,159.69
1997,563,93,4,296.33,1185.32
1998,563,84,1,124.27,124.27
1999,564,28,4,434.23,1736.92
2000,564,80,3,24.61,73.83
2001,565,82,1,212.44,212.44
2002,565,21,1,574.25,574.25
2003,565,126,3,291.18,873.54
2004,565,106,3,162.6,487.8
2005,566,86,2,431.1,862.2
2006,566,192,3,183.66,550.98
2007,567,245,1,170.03,170.03
2008,567,56,4,238.95,955.8
2009,567,225,4,242.67,970.68
2010,567,11,3,312.03,936.09
2011,567,227,3,454.43,1363.29
2012,567,75,4,256.79,1027.16
2013,568,167,2,74.71,149.42
2014,568,181,3,314.93,944.79
2015,568,245,4,170.03,680.12
2016,568,214,4,288.6,1154.4
2017,569,52,2,135.78,271.56
2018,569,132,3,330.55,991.65
2019,569,47,2,595.74,1191.48
2020,569,105,1,58.11,58.11
2021,569,168,3,316.03,948.09
2022,569,245,2,170.03,340.06
2023,570,123,1,235.89,235.89
2024,570,124,2,388.77,777.54
2025,570,44,2,19.48,38.96
2026,570,22,1,125.76,125.76
2027,571,100,4,340.15,1360.6
2028,571,186,1,232.01,232.01
2029,572,180,1,394.23,394.23
2030,572,56,4,238.95,955.8
2031,572,19,1,464.34,464.34
2032,573,244,1,423.65,423.65
2033,573,83,3,550.53,1651.59
2034,573,30,2,247.82,495.64
2035,574,159,3,223.33,669.99
2036,574,128,2,197.5,395.0
2037,574,217,3,369.23,1107.69
2038,574,112,1,186.06,186.06
2039,574,179,1,200.78,200.78
2040,574,56,2,238.95,477.9
2041,575,192,1,183.66,183.66
2042,575,228,4,380.46,1521.84
2043,576,154,4,342.09,1368.36
2044,577,159,2,223.33,446.66
2045,577,85,4,164.19,656.76
2046,578,116,2,108.97,217.94
2047,578,31,4,499.38,1997.52
2048,578,200,1,558.08,558.08
2049,578,171,4,242.88,971.52
2050,579,9,3,553.14,1659.42
2051,579,10,2,330.8,661.6
2052,579,129,1,293.5,293.5
2053,579,140,2,359.22,718.44
2054,579,130,4,60.89,243.56
2055,580,143,1,155.0,155.0
2056,580,183,3,147.46,442.38
2057,580,61,2,374.3,748.6
2058,580,160,1,275.73,275.73
2059,581,66,2,87.24,174.48
2060,581,130,1,60.89,60.89
2061,581,171,2,242.88,485.76
2062,581,193,4,164.42,657.68
2063,581,176,4,405.74,1622.96
2064,581,11,2,312.03,624.06
2065,582,146,1,118.88,118.88
2066,582,95,3,320.04,960.12
2067,582,137,4,205.25,821.0
2068,582,40,1,450.37,450.37
2069,583,33,4,102.45,409.8
2070,583,112,4,186.06,744.24
2071,584,245,3,170.03,510.09
2072,584,192,1,183.66,183.66
2073,584,182,3,214.08,642.24
2074,584,2,1,363.88,363.88
2075,584,59,3,395.91,1187.73
2076,584,232,2,494.33,988.66
2077,585,124,1,388.77,388.77
2078,585,206,1,225.13,225.13
2079,585,130,2,60.89,121.78
2080,585,54,2,60.89,121.78
2081,585,248,3,188.2,564.6
2082,585,211,1,556.48,556.48
2083,586,74,4,355.67,1422.68
2084,587,66,4,87.24,348.96
2085,587,90,3,138.74,416.22
2086,587,223,4,449.24,1796.96
2087,588,224,1,79.62,79.62
2088,588,46,1,188.18,188.18
2089,589,229,3,165.02,495.06
2090,589,144,4,47.39,189.56
2091,589,31,4,499.38,1997.52
2092,589,6,3,478.9,1436.7
2093,590,203,3,362.8,1088.4
2094,590,65,3,346.0,1038.0
2095,590,138,3,371.13,1113.39
2096,590,57,1,128.38,128.38
2097,590,162,4,386.04,1544.16
2098,591,87,1,509.91,509.91
2099,591,247,1,32.63,32.63
2100,592,130,1,60.89,60.89
2101,592,109,1,383.43,383.43
2102,592,195,2,117.88,235.76
2103,593,179,2,200.78,401.56
2104,593,89,4,152.92,611.68
2105,594,193,1,164.42,164.42
2106,594,129,3,293.5,880.5
2107,594,140,2,359.22,718.44
2108,594,156,3,234.14,702.42
2109,594,72,4,91.12,364.48
2110,594,83,3,550.53,1651.59
2111,595,49,1,529.8,529.8
2112,596,181,2,314.93,629.86
2113,596,75,3,256.79,770.37
2114,596,153,2,415.24,830.48
2115,596,238,1,262.67,262.67
2116,596,201,4,496.81,1987.24
2117,596,9,1,553.14,553.14
2118,597,91,3,187.63,562.89
2119,597,41,2,245.1,490.2
2120,597,28,4,434.23,1736.92
2121,598,41,4,245.1,980.4
2122,598,84,4,124.27,497.08
2123,598,133,4,310.77,1243.08
2124,598,215,4,238.44,953.76
2125,599,68,1,188.28,188.28
2126,599,119,4,142.86,571.44
2127,599,197,2,297.44,594.88
2128,599,163,1,268.64,268.64
2129,599,242,1,131.89,131.89
2130,599,203,2,362.8,725.6
2131,600,8,1,427.33,427.33
2132,600,114,3,270.25,810.75
2133,600,67,2,136.1,272.2
2134,600,147,4,50.11,200.44
2135,600,121,2,418.51,837.02
2136,600,208,2,350.34,700.68
2137,601,120,1,32.48,32.48
2138,601,167,2,74.71,149.42
2139,601,148,1,497.64,497.64
2140,602,17,4,555.46,2221.84
2141,603,43,3,349.47,1048.41
2142,603,177,3,245.43,736.29
2143,603,124,3,388.77,1166.31
2144,603,141,1,133.58,133.58
2145,603,116,4,108.97,435.88
2146,604,156,3,234.14,702.42
2147,604,133,1,310.77,310.77
2148,605,247,4,32.63,130.52
2149,605,9,1,553.14,553.14
2150,605,188,4,503.7,2014.8
2151,605,29,4,218.87,875.48
2152,605,105,3,58.11,174.33
2153,606,59,3,395.91,1187.73
2154,607,190,2,378.5,757.0
2155,607,120,2,32.48,64.96
2156,607,215,3,238.44,715.32
2157,607,102,4,196.56,786.24
2158,607,224,4,79.62,318.48
2159,607,166,4,82.07,328.28
2160,608,176,3,405.74,1217.22
2161,608,122,3,313.49,940.47
2162,608,14,1,301.65,301.65
2163,608,158,4,479.14,1916.56
2164,609,29,2,218.87,437.74
2165,609,250,1,34.9,34.9
2166,609,5,3,148.93,446.79
2167,609,172,3,244.65,733.95
2168,609,2,4,363.88,1455.52
2169,610,164,1,320.2,320.2
2170,610,91,2,187.63,375.26
2171,610,80,4,24.61,98.44
2172,611,61,4,374.3,1497.2
2173,611,228,1,380.46,380.46
2174,612,22,4,125.76,503.04
2175,613,57,4,128.38,513.52
2176,614,122,3,313.49,940.47
2177,614,73,4,200.84,803.36
2178,614,19,3,464.34,1393.02
2179,614,86,4,431.1,1724.4
2180,615,154,2,342.09,684.18
2181,615,111,3,123.73,371.19
2182,615,54,2,60.89,121.78
2183,615,145,1,362.85,362.85
2184,615,82,3,212.44,637.32
2185,616,65,2,346.0,692.0
2186,616,120,4,32.48,129.92
2187,616,243,3,358.78,1076.34
2188,616,158,3,479.14,1437.42
2189,616,179,2,200.78,401.56
2190,616,91,2,187.63,375.26
2191,617,35,1,404.22,404.22
2192,617,239,2,38.46,76.92
2193,617,117,1,300.72,300.72
2194,617,166,3,82.07,246.21
2195,617,75,2,256.79,513.58
2196,618,168,2,316.03,632.06
2197,618,91,2,187.63,375.26
2198,619,207,2,490.29,980.58
2199,620,117,1,300.72,300.72
2200,620,41,3,245.1,735.3
2201,620,98,1,209.33,209.33
2202,620,236,4,58.2,232.8
2203,620,54,4,60.89,243.56
2204,620,38,1,511.93,511.93
2205,621,42,2,132.01,264.02
2206,621,240,2,253.55,507.1
2207,621,64,4,110.72,442.88
2208,621,235,1,172.77,172.77
2209,621,7,4,53.23,212.92
2210,622,208,1,350.34,350.34
2211,622,40,2,450.37,900.74
2212,623,69,1,297.02,297.02
2213,623,130,1,60.89,60.89
2214,623,37,1,43.6,43.6
2215,623,175,4,93.86,375.44
2216,623,156,3,234.14,702.42
2217,623,211,4,556.48,2225.92
2218,624,61,2,374.3,748.6
2219,624,229,4,165.02,660.08
2220,624,22,1,125.76,125.76
2221,625,157,3,28.92,86.76
2222,625,64,4,110.72,442.88
2223,626,100,3,340.15,1020.45
2224,627,28,3,434.23,1302.69
2225,627,54,2,60.89,121.78
2226,627,14,2,301.65,603.3
2227,628,55,2,215.38,430.76
2228,629,238,2,262.67,525.34
2229,629,116,1,108.97,108.97
2230,629,136,4,299.97,1199.88
2231,629,26,3,478.23,1434.69
2232,629,101,2,57.39,114.78
2233,629,185,1,339.64,339.64
2234,630,110,2,524.57,1049.14
2235,630,164,1,320.2,320.2
2236,630,76,3,450.31,1350.93
2237,631,188,3,503.7,1511.1
2238,631,213,2,266.98,533.96
2239,631,15,4,578.04,2312.16
2240,631,243,2,358.78,717.56
2241,631,104,2,287.63,575.26
2242,631,90,2,138.74,277.48
2243,632,42,2,132.01,264.02
2244,632,152,1,580.76,580.76
2245,632,103,4,234.96,939.84
2246,633,205,1,383.07,383.07
2247,633,229,2,165.02,330.04
2248,633,132,2,330.55,661.1
2249,634,233,3,275.42,826.26
2250,635,46,2,188.18,376.36
2251,635,42,2,132.01,264.02
2252,635,222,4,81.41,325.64
2253,635,199,2,94.94,189.88
2254,635,226,1,137.54,137.54
2255,636,215,2,238.44,476.88
2256,636,64,1,110.72,110.72
2257,636,75,3,256.79,770.37
2258,636,70,1,473.53,473.53
2259,636,38,1,511.93,511.93
2260,636,60,2,556.59,1113.18
2261,637,14,2,301.65,603.3
2262,637,194,2,521.07,1042.14
2263,637,211,2,556.48,1112.96
2264,637,157,2,28.92,57.84
2265,637,25,1,277.57,277.57
2266,638,180,4,394.23,1576.92
2267,639,81,1,51.32,51.32
2268,639,87,4,509.91,2039.64
2269,639,197,2,297.44,594.88
2270,640,92,1,411.95,411.95
2271,641,158,3,479.14,1437.42
2272,641,230,3,350.4,1051.2
2273,641,239,1,38.46,38.46
2274,642,34,1,43.41,43.41
2275,643,32,2,610.06,1220.12
2276,643,108,1,378.79,378.79
2277,643,41,1,245.1,245.1
2278,643,162,4,386.04,1544.16
2279,643,131,1,21.58,21.58
2280,644,120,4,32.48,129.92
2281,644,115,2,235.12,470.24
2282,644,62,3,185.84,557.52
2283,645,91,1,187.63,187.63
2284,645,163,2,268.64,537.28
2285,645,119,1,142.86,142.86
2286,645,150,4,377.06,1508.24
2287,645,148,3,497.64,1492.92
2288,645,38,4,511.93,2047.72
2289,646,100,3,340.15,1020.45
2290,646,56,4,238.95,955.8
2291,646,238,4,262.67,1050.68
2292,647,131,4,21.58,86.32
2293,647,247,2,32.63,65.26
2294,648,6,1,478.9,478.9
2295,648,232,1,494.33,494.33
2296,648,1,3,541.39,1624.17
2297,649,171,1,242.88,242.88
2298,649,143,1,155.0,155.0
2299,650,239,1,38.46,38.46
2300,650,52,2,135.78,271.56
2301,651,96,1,541.36,541.36
2302,651,72,3,91.12,273.36
2303,651,120,3,32.48,97.44
2304,652,120,4,32.48,129.92
2305,652,138,4,371.13,1484.52
2306,652,134,4,224.13,896.52
2307,652,123,4,235.89,943.56
2308,652,16,2,70.43,140.86
2309,653,163,1,268.64,268.64
2310,654,118,3,175.82,527.46
2311,654,82,3,212.44,637.32
2312,654,84,4,124.27,497.08
2313,655,237,1,52.77,52.77
2314,655,24,2,28.9,57.8
2315,655,125,2,211.24,422.48
2316,655,160,2,275.73,551.46
2317,656,205,3,383.07,1149.21
2318,656,135,4,298.38,1193.52
2319,656,31,1,499.38,499.38
2320,656,10,4,330.8,1323.2
2321,656,148,1,497.64,497.64
2322,656,212,3,454.26,1362.78
2323,657,130,4,60.89,243.56
2324,657,244,4,423.65,1694.6
2325,657,140,3,359.22,1077.66
2326,658,118,4,175.82,703.28
2327,658,180,1,394.23,394.23
2328,658,40,1,450.37,450.37
2329,658,57,2,128.38,256.76
2330,659,249,4,375.32,1501.28
2331,659,12,2,589.84,1179.68
2332,659,174,1,460.49,460.49
2333,659,206,3,225.13,675.39
2334,659,45,1,118.21,118.21
2335,659,137,4,205.25,821.0
2336,660,59,2,395.91,791.82
2337,660,188,2,503.7,1007.4
2338,660,135,1,298.38,298.38
2339,661,188,2,503.7,1007.4
2340,662,55,4,215.38,861.52
2341,662,155,3,219.1,657.3
2342,662,69,2,297.02,594.04
2343,662,14,4,301.65,1206.6
2344,663,205,1,383.07,383.07
2345,664,226,1,137.54,137.54
2346,664,127,2,240.8,481.6
2347,665,168,1,316.03,316.03
2348,665,200,3,558.08,1674.24
2349,665,83,4,550.53,2202.12
2350,665,21,4,574.25,2297.0
2351,666,210,1,141.37,141.37
2352,667,2,4,363.88,1455.52
2353,667,17,4,555.46,2221.84
2354,668,33,4,102.45,409.8
2355,668,81,3,51.32,153.96
2356,669,120,1,32.48,32.48
2357,669,206,4,225.13,900.52
2358,669,43,1,349.47,349.47
2359,669,211,2,556.48,1112.96
2360,669,49,1,529.8,529.8
2361,669,188,1,503.7,503.7
2362,670,239,4,38.46,153.84
2363,670,91,1,187.63,187.63
2364,670,227,4,454.43,1817.72
2365,670,76,2,450.31,900.62
2366,670,10,3,330.8,992.4
2367,671,177,4,245.43,981.72
2368,671,201,1,496.81,496.81
2369,671,4,1,352.75,352.75
2370,671,88,2,347.53,695.06
2371,671,193,1,164.42,164.42
2372,672,153,1,415.24,415.24
2373,672,125,4,211.24,844.96
2374,672,175,2,93.86,187.72
2375,672,9,2,553.14,1106.28
2376,673,114,2,270.25,540.5
2377,673,56,4,238.95,955.8
2378,673,135,1,298.38,298.38
2379,674,221,4,627.82,2511.28
2380,674,132,3,330.55,991.65
2381,674,24,3,28.9,86.7
2382,675,116,2,108.97,217.94
2383,675,243,4,358.78,1435.12
2384,675,155,4,219.1,876.4
2385,675,231,1,265.93,265.93
2386,675,56,3,238.95,716.85
2387,675,237,2,52.77,105.54
2388,676,175,1,93.86,93.86
2389,676,136,4,299.97,1199.88
2390,676,153,2,415.24,830.48
2391,676,83,2,550.53,1101.06
2392,676,224,3,79.62,238.86
2393,676,213,1,266.98,266.98
2394,677,177,3,245.43,736.29
2395,677,78,3,302.79,908.37
2396,677,226,2,137.54,275.08
2397,677,102,2,196.56,393.12
2398,678,51,1,555.78,555.78
2399,678,225,1,242.67,242.67
2400,678,181,2,314.93,629.86
2401,678,171,2,242.88,485.76
2402,678,150,1,377.06,377.06
2403,678,10,4,330.8,1323.2
2404,679,109,3,383.43,1150.29
2405,679,5,1,148.93,148.93
2406,679,210,3,141.37,424.11
2407,679,36,2,90.32,180.64
2408,679,99,3,205.29,615.87
2409,680,182,4,214.08,856.32
2410,680,184,2,201.3,402.6
2411,680,74,2,355.67,711.34
2412,680,144,4,47.39,189.56
2413,680,163,1,268.64,268.64
2414,680,118,2,175.82,351.64
2415,681,129,3,293.5,880.5
2416,681,162,4,386.04,1544.16
2417,681,212,1,454.26,454.26
2418,682,25,3,277.57,832.71
2419,682,217,3,369.23,1107.69
2420,683,78,4,302.79,1211.16
2421,683,96,1,541.36,541.36
2422,683,167,3,74.71,224.13
2423,683,129,4,293.5,1174.0
2424,683,109,4,383.43,1533.72
2425,683,203,3,362.8,1088.4
2426,684,208,4,350.34,1401.36
2427,685,89,1,152.92,152.92
2428,685,211,4,556.48,2225.92
2429,685,46,3,188.18,564.54
2430,685,8,4,427.33,1709.32
2431,685,42,4,132.01,528.04
2432,686,50,2,120.19,240.38
2433,686,58,1,307.4,307.4
2434,687,37,3,43.6,130.8
2435,687,210,4,141.37,565.48
2436,687,145,1,362.85,362.85
2437,687,138,4,371.13,1484.52
2438,687,190,3,378.5,1135.5
2439,687,117,2,300.72,601.44
2440,688,47,4,595.74,2382.96
2441,688,129,2,293.5,587.0
2442,689,119,3,142.86,428.58
2443,690,80,2,24.61,49.22
2444,690,9,3,553.14,1659.42
2445,690,144,4,47.39,189.56
2446,690,186,3,232.01,696.03
2447,691,50,1,120.19,120.19
2448,691,75,1,256.79,256.79
2449,691,199,1,94.94,94.94
2450,691,196,3,450.47,1351.41
2451,691,165,3,235.2,705.6
2452,691,92,4,411.95,1647.8
2453,692,195,2,117.88,235.76
2454,692,50,3,120.19,360.57
2455,692,126,4,291.18,1164.72
2456,692,57,3,128.38,385.14
2457,692,129,2,293.5,587.0
2458,692,149,1,212.48,212.48
2459,693,199,2,94.94,189.88
2460,693,68,3,188.28,564.84
2461,693,121,1,418.51,418.51
2462,694,43,3,349.47,1048.41
2463,694,4,2,352.75,705.5
2464,694,177,2,245.43,490.86
2465,694,16,3,70.43,211.29
2466,694,42,3,132.01,396.03
2467,695,54,2,60.89,121.78
2468,696,113,3,411.77,1235.31
2469,696,125,4,211.24,844.96
2470,697,168,4,316.03,1264.12
2471,697,57,3,128.38,385.14
2472,697,54,4,60.89,243.56
2473,697,111,4,123.73,494.92
2474,697,148,4,497.64,1990.56
2475,697,73,4,200.84,803.36
2476,698,132,1,330.55,330.55
2477,698,172,3,244.65,733.95
2478,698,129,2,293.5,587.0
2479,698,118,1,175.82,175.82
2480,699,72,1,91.12,91.12
2481,699,49,3,529.8,1589.4
2482,699,188,2,503.7,1007.4
2483,700,5,1,148.93,148.93
2484,700,178,1,505.3,505.3
2485,700,246,1,307.14,307.14
2486,700,125,2,211.24,422.48
2487,701,88,1,347.53,347.53
2488,702,151,3,72.21,216.63
2489,702,191,4,410.67,1642.68
2490,702,236,3,58.2,174.6
2491,702,136,4,299.97,1199.88
2492,702,163,2,268.64,537.28
2493,703,62,2,185.84,371.68
2494,703,213,3,266.98,800.94
2495,704,230,2,350.4,700.8
2496,704,79,2,440.1,880.2
2497,704,228,4,380.46,1521.84
2498,704,8,2,427.33,854.66
2499,705,152,1,580.76,580.76
2500,705,227,2,454.43,908.86
2501,705,50,4,120.19,480.76
2502,705,216,4,101.25,405.0
2503,706,60,4,556.59,2226.36
2504,706,29,3,218.87,656.61
2505,706,30,4,247.82,991.28
2506,707,93,1,296.33,296.33
2507,707,40,3,450.37,1351.11
2508,707,56,1,238.95,238.95
2509,708,168,4,316.03,1264.12
2510,708,18,2,55.2,110.4
2511,709,249,3,375.32,1125.96
2512,709,8,3,427.33,1281.99
2513,710,5,3,148.93,446.79
2514,710,153,3,415.24,1245.72
2515,711,122,4,313.49,1253.96
2516,711,218,4,126.69,506.76
2517,711,227,4,454.43,1817.72
2518,712,75,1,256.79,256.79
2519,712,249,2,375.32,750.64
2520,712,152,4,580.76,2323.04
2521,712,49,4,529.8,2119.2
2522,713,163,2,268.64,537.28
2523,713,173,4,303.56,1214.24
2524,713,81,3,51.32,153.96
2525,713,116,2,108.97,217.94
2526,714,65,1,346.0,346.0
2527,714,141,1,133.58,133.58
2528,714,231,2,265.93,531.86
2529,715,123,3,235.89,707.67
2530,715,136,3,299.97,899.91
2531,715,192,4,183.66,734.64
2532,715,50,3,120.19,360.57
2533,716,3,3,142.45,427.35
2534,716,108,2,378.79,757.58
2535,716,167,1,74.71,74.71
2536,717,147,1,50.11,50.11
2537,717,219,4,383.42,1533.68
2538,717,234,2,244.66,489.32
2539,717,116,2,108.97,217.94
2540,717,93,3,296.33,888.99
2541,717,211,2,556.48,1112.96
2542,718,13,4,249.16,996.64
2543,718,178,1,505.3,505.3
2544,718,219,2,383.42,766.84
2545,718,176,3,405.74,1217.22
2546,718,103,3,234.96,704.88
2547,718,241,4,205.2,820.8
2548,719,166,2,82.07,164.14
2549,719,30,3,247.82,743.46
2550,719,236,1,58.2,58.2
2551,719,67,3,136.1,408.3
2552,720,39,3,116.92,350.76
2553,720,9,4,553.14,2212.56
2554,720,110,3,524.57,1573.71
2555,720,54,2,60.89,121.78
2556,721,4,3,352.75,1058.25
2557,721,41,3,245.1,735.3
2558,721,29,3,218.87,656.61
2559,721,95,3,320.04,960.12
2560,722,190,2,378.5,757.0
2561,722,102,4,196.56,786.24
2562,722,93,2,296.33,592.66
2563,722,189,3,603.72,1811.16
2564,722,170,4,287.23,1148.92
2565,723,92,3,411.95,1235.85
2566,723,243,2,358.78,717.56
2567,723,154,2,342.09,684.18
2568,723,14,4,301.65,1206.6
2569,724,157,4,28.92,115.68
2570,724,115,4,235.12,940.48
2571,724,193,3,164.42,493.26
2572,724,229,3,165.02,495.06
2573,724,95,4,320.04,1280.16
2574,725,118,3,175.82,527.46
2575,726,204,2,207.96,415.92
2576,726,185,4,339.64,1358.56
2577,726,27,1,238.78,238.78
2578,726,116,2,108.97,217.94
2579,726,6,1,478.9,478.9
2580,726,46,4,188.18,752.72
2581,727,130,1,60.89,60.89
2582,727,223,3,449.24,1347.72
2583,727,113,3,411.77,1235.31
2584,727,65,4,346.0,1384.0
2585,727,98,3,209.33,627.99
2586,727,212,1,454.26,454.26
2587,728,200,2,558.08,1116.16
2588,729,54,1,60.89,60.89
2589,729,43,3,349.47,1048.41
2590,729,105,3,58.11,174.33
2591,730,158,2,479.14,958.28
2592,730,123,1,235.89,235.89
2593,730,223,1,449.24,449.24
2594,730,174,3,460.49,1381.47
2595,730,250,3,34.9,104.7
2596,731,141,4,133.58,534.32
2597,731,36,2,90.32,180.64
2598,731,221,4,627.82,2511.28
2599,731,235,1,172.77,172.77
2600,731,177,1,245.43,245.43
2601,732,134,2,224.13,448.26
2602,732,228,2,380.46,760.92
2603,732,96,2,541.36,1082.72
2604,732,208,3,350.34,1051.02
2605,733,203,1,362.8,362.8
2606,733,81,1,51.32,51.32
2607,733,174,2,460.49,920.98
2608,734,120,3,32.48,97.44
2609,734,158,3,479.14,1437.42
2610,734,231,1,265.93,265.93
2611,734,154,2,342.09,684.18
2612,734,229,2,165.02,330.04
2613,735,102,2,196.56,393.12
2614,735,225,2,242.67,485.34
2615,735,81,2,51.32,102.64
2616,735,178,1,505.3,505.3
2617,735,182,3,214.08,642.24
2618,736,38,3,511.93,1535.79
2619,736,177,1,245.43,245.43
2620,736,97,3,316.97,950.91
2621,736,241,4,205.2,820.8
2622,737,156,4,234.14,936.56
2623,737,182,1,214.08,214.08
2624,738,140,1,359.22,359.22
2625,738,243,2,358.78,717.56
2626,739,237,2,52.77,105.54
2627,739,61,2,374.3,748.6
2628,739,46,3,188.18,564.54
2629,740,145,3,362.85,1088.55
2630,741,118,3,175.82,527.46
2631,741,47,4,595.74,2382.96
2632,741,92,3,411.95,1235.85
2633,742,36,1,90.32,90.32
2634,742,221,2,627.82,1255.64
2635,742,178,1,505.3,505.3
2636,742,21,3,574.25,1722.75
2637,742,38,2,511.93,1023.86
2638,743,154,1,342.09,342.09
2639,744,226,3,137.54,412.62
2640,744,137,1,205.25,205.25
2641,745,130,2,60.89,121.78
2642,746,193,2,164.42,328.84
2643,746,209,2,101.66,203.32
2644,747,166,1,82.07,82.07
2645,747,91,1,187.63,187.63
2646,747,103,2,234.96,469.92
2647,747,213,1,266.98,266.98
2648,747,115,3,235.12,705.36
2649,748,176,1,405.74,405.74
2650,748,115,3,235.12,705.36
2651,748,123,3,235.89,707.67
2652,748,208,3,350.34,1051.02
2653,749,99,1,205.29,205.29
2654,750,84,4,124.27,497.08
2655,750,28,4,434.23,1736.92
2656,751,8,1,427.33,427.33
2657,751,68,1,188.28,188.28
2658,751,116,3,108.97,326.91
2659,751,208,4,350.34,1401.36
2660,751,196,2,450.47,900.94
2661,751,158,2,479.14,958.28
2662,752,4,4,352.75,1411.0
2663,752,43,1,349.47,349.47
2664,752,217,1,369.23,369.23
2665,753,140,2,359.22,718.44
2666,753,29,1,218.87,218.87
2667,753,146,4,118.88,475.52
2668,753,42,1,132.01,132.01
2669,753,65,2,346.0,692.0
2670,754,52,1,135.78,135.78
2671,754,86,1,431.1,431.1
2672,754,79,4,440.1,1760.4
2673,754,168,1,316.03,316.03
2674,754,228,2,380.46,760.92
2675,754,104,2,287.63,575.26
2676,755,1,4,541.39,2165.56
2677,755,64,4,110.72,442.88
2678,755,189,1,603.72,603.72
2679,756,114,1,270.25,270.25
2680,756,210,4,141.37,565.48
2681,756,74,1,355.67,355.67
2682,757,217,3,369.23,1107.69
2683,757,110,4,524.57,2098.28
2684,757,71,3,594.55,1783.65
2685,757,3,4,142.45,569.8
2686,757,199,3,94.94,284.82
2687,757,209,1,101.66,101.66
2688,758,145,1,362.85,362.85
2689,759,245,4,170.03,680.12
2690,759,183,1,147.46,147.46
2691,759,111,3,123.73,371.19
2692,759,192,3,183.66,550.98
2693,759,205,2,383.07,766.14
2694,760,101,2,57.39,114.78
2695,760,200,1,558.08,558.08
2696,760,236,3,58.2,174.6
2697,760,225,3,242.67,728.01
2698,760,214,4,288.6,1154.4
2699,760,27,2,238.78,477.56
2700,761,164,4,320.2,1280.8
2701,762,130,3,60.89,182.67
2702,762,36,2,90.32,180.64
2703,762,52,4,135.78,543.12
2704,762,150,2,377.06,754.12
2705,762,21,2,574.25,1148.5
2706,763,109,4,383.43,1533.72
2707,763,69,4,297.02,1188.08
2708,763,62,1,185.84,185.84
2709,763,144,4,47.39,189.56
2710,763,185,4,339.64,1358.56
2711,763,150,3,377.06,1131.18
2712,764,210,4,141.37,565.48
2713,765,94,2,512.7,1025.4
2714,765,141,2,133.58,267.16
2715,765,52,2,135.78,271.56
2716,765,245,1,170.03,170.03
2717,765,225,2,242.67,485.34
2718,766,247,4,32.63,130.52
2719,766,195,2,117.88,235.76
2720,766,21,2,574.25,1148.5
2721,766,231,2,265.93,531.86
2722,766,24,2,28.9,57.8
2723,767,190,4,378.5,1514.0
2724,767,166,1,82.07,82.07
2725,767,107,3,233.92,701.76
2726,767,130,2,60.89,121.78
2727,768,22,3,125.76,377.28
2728,769,128,4,197.5,790.0
2729,769,196,4,450.47,1801.88
2730,769,1,3,541.39,1624.17
2731,769,136,3,299.97,899.91
2732,769,30,2,247.82,495.64
2733,769,48,1,355.11,355.11
2734,770,117,1,300.72,300.72
2735,770,4,3,352.75,1058.25
2736,771,24,4,28.9,115.6
2737,771,201,2,496.81,993.62
2738,772,175,3,93.86,281.58
2739,772,216,3,101.25,303.75
2740,772,205,2,383.07,766.14
2741,772,230,2,350.4,700.8
2742,772,199,1,94.94,94.94
2743,772,88,1,347.53,347.53
2744,773,86,1,431.1,431.1
2745,773,153,4,415.24,1660.96
2746,773,202,3,467.78,1403.34
2747,773,12,4,589.84,2359.36
2748,773,65,2,346.0,692.0
2749,774,118,4,175.82,703.28
2750,774,47,4,595.74,2382.96
2751,774,97,2,316.97,633.94
2752,774,82,1,212.44,212.44
2753,775,81,2,51.32,102.64
2754,775,186,1,232.01,232.01
2755,775,127,3,240.8,722.4
2756,776,139,4,250.55,1002.2
2757,776,224,2,79.62,159.24
2758,776,145,4,362.85,1451.4
2759,777,48,1,355.11,355.11
2760,777,132,3,330.55,991.65
2761,777,113,4,411.77,1647.08
2762,777,169,2,382.14,764.28
2763,777,212,3,454.26,1362.78
2764,778,193,4,164.42,657.68
2765,778,47,3,595.74,1787.22
2766,778,178,2,505.3,1010.6
2767,778,134,3,224.13,672.39
2768,778,30,4,247.82,991.28
2769,778,17,3,555.46,1666.38
2770,779,52,4,135.78,543.12
2771,779,22,3,125.76,377.28
2772,780,20,3,605.41,1816.23
2773,780,171,3,242.88,728.64
2774,780,220,3,168.03,504.09
2775,780,92,2,411.95,823.9
2776,780,2,2,363.88,727.76
2777,781,29,3,218.87,656.61
2778,781,200,1,558.08,558.08
2779,781,87,3,509.91,1529.73
2780,781,229,4,165.02,660.08
2781,781,231,1,265.93,265.93
2782,781,141,2,133.58,267.16
2783,782,121,4,418.51,1674.04
2784,782,188,4,503.7,2014.8
2785,782,199,1,94.94,94.94
2786,782,98,3,209.33,627.99
2787,782,189,1,603.72,603.72
2788,782,19,1,464.34,464.34
2789,783,165,4,235.2,940.8
2790,783,205,3,383.07,1149.21
2791,783,69,1,297.02,297.02
2792,783,52,2,135.78,271.56
2793,784,192,2,183.66,367.32
2794,784,111,3,123.73,371.19
2795,784,86,3,431.1,1293.3
2796,784,76,2,450.31,900.62
2797,784,156,3,234.14,702.42
2798,785,69,2,297.02,594.04
2799,786,80,1,24.61,24.61
2800,786,39,2,116.92,233.84
2801,787,158,4,479.14,1916.56
2802,787,142,3,45.22,135.66
2803,787,250,1,34.9,34.9
2804,787,114,1,270.25,270.25
2805,787,151,2,72.21,144.42
2806,788,248,3,188.2,564.6
2807,788,149,3,212.48,637.44
2808,788,40,2,450.37,900.74
2809,788,237,4,52.77,211.08
2810,788,197,2,297.44,594.88
2811,788,79,3,440.1,1320.3
2812,789,56,3,238.95,716.85
2813,789,171,3,242.88,728.64
2814,789,204,2,207.96,415.92
2815,789,16,3,70.43,211.29
2816,790,28,2,434.23,868.46
2817,790,37,4,43.6,174.4
2818,791,119,2,142.86,285.72
2819,792,180,1,394.23,394.23
2820,792,75,4,256.79,1027.16
2821,792,94,2,512.7,1025.4
2822,792,40,1,450.37,450.37
2823,793,110,3,524.57,1573.71
2824,793,13,2,249.16,498.32
2825,794,213,2,266.98,533.96
2826,794,22,4,125.76,503.04
2827,794,26,3,478.23,1434.69
2828,794,36,1,90.32,90.32
2829,795,207,1,490.29,490.29
2830,795,110,4,524.57,2098.28
2831,796,231,3,265.93,797.79
2832,796,40,4,450.37,1801.48
2833,796,82,4,212.44,849.76
2834,796,97,4,316.97,1267.88
2835,796,51,2,555.78,1111.56
2836,797,128,4,197.5,790.0
2837,798,23,4,276.19,1104.76
2838,798,181,2,314.93,629.86
2839,798,133,2,310.77,621.54
2840,798,153,3,415.24,1245.72
2841,798,154,4,342.09,1368.36
2842,799,29,3,218.87,656.61
2843,799,115,1,235.12,235.12
2844,799,234,4,244.66,978.64
2845,799,85,3,164.19,492.57
2846,800,2,4,363.88,1455.52
2847,801,246,4,307.14,1228.56
2848,801,22,3,125.76,377.28
2849,801,243,1,358.78,358.78
2850,801,6,1,478.9,478.9
2851,802,40,3,450.37,1351.11
2852,802,181,3,314.93,944.79
2853,802,134,1,224.13,224.13
2854,802,7,4,53.23,212.92
2855,802,250,1,34.9,34.9
2856,803,217,1,369.23,369.23
2857,803,150,3,377.06,1131.18
2858,803,52,2,135.78,271.56
2859,803,210,3,141.37,424.11
2860,803,216,1,101.25,101.25
2861,803,93,3,296.33,888.99
2862,804,133,2,310.77,621.54
2863,805,15,4,578.04,2312.16
2864,805,227,2,454.43,908.86
2865,805,239,4,38.46,153.84
2866,806,12,2,589.84,1179.68
2867,806,51,1,555.78,555.78
2868,806,239,1,38.46,38.46
2869,807,119,2,142.86,285.72
2870,807,82,2,212.44,424.88
2871,807,43,4,349.47,1397.88
2872,807,228,3,380.46,1141.38
2873,807,180,1,394.23,394.23
2874,807,8,2,427.33,854.66
2875,808,41,3,245.1,735.3
2876,808,205,3,383.07,1149.21
2877,808,180,2,394.23,788.46
2878,808,230,4,350.4,1401.6
2879,808,35,3,404.22,1212.66
2880,808,200,1,558.08,558.08
2881,809,106,1,162.6,162.6
2882,809,219,1,383.42,383.42
2883,809,131,1,21.58,21.58
2884,809,231,4,265.93,1063.72
2885,810,84,1,124.27,124.27
2886,810,168,1,316.03,316.03
2887,810,73,3,200.84,602.52
2888,810,250,1,34.9,34.9
2889,810,249,1,375.32,375.32
2890,811,226,3,137.54,412.62
2891,811,28,4,434.23,1736.92
2892,812,1,1,541.39,541.39
2893,812,146,2,118.88,237.76
2894,812,231,3,265.93,797.79
2895,812,103,4,234.96,939.84
2896,812,211,4,556.48,2225.92
2897,813,232,3,494.33,1482.99
2898,814,189,2,603.72,1207.44
2899,814,112,2,186.06,372.12
2900,814,179,1,200.78,200.78
2901,814,242,3,131.89,395.67
2902,814,190,3,378.5,1135.5
2903,815,142,2,45.22,90.44
2904,816,45,3,118.21,354.63
2905,816,86,3,431.1,1293.3
2906,816,227,2,454.43,908.86
2907,817,44,1,19.48,19.48
2908,818,96,1,541.36,541.36
2909,818,188,4,503.7,2014.8
2910,818,102,2,196.56,393.12
2911,818,154,2,342.09,684.18
2912,818,103,1,234.96,234.96
2913,818,181,1,314.93,314.93
2914,819,208,3,350.34,1051.02
2915,819,40,2,450.37,900.74
2916,819,218,3,126.69,380.07
2917,819,236,2,58.2,116.4
2918,819,73,4,200.84,803.36
2919,819,54,4,60.89,243.56
2920,820,162,3,386.04,1158.12
2921,820,78,2,302.79,605.58
2922,821,142,3,45.22,135.66
2923,821,11,1,312.03,312.03
2924,821,218,3,126.69,380.07
2925,822,126,4,291.18,1164.72
2926,823,89,3,152.92,458.76
2927,823,168,4,316.03,1264.12
2928,824,183,4,147.46,589.84
2929,824,24,4,28.9,115.6
2930,824,72,4,91.12,364.48
2931,824,216,3,101.25,303.75
2932,825,234,4,244.66,978.64
2933,825,92,2,411.95,823.9
2934,826,174,4,460.49,1841.96
2935,826,36,1,90.32,90.32
2936,826,242,4,131.89,527.56
2937,826,179,1,200.78,200.78
2938,826,133,4,310.77,1243.08
2939,827,82,1,212.44,212.44
2940,827,204,3,207.96,623.88
2941,828,185,2,339.64,679.28
2942,828,197,3,297.44,892.32
2943,828,196,2,450.47,900.94
2944,829,35,3,404.22,1212.66
2945,829,16,2,70.43,140.86
2946,829,43,3,349.47,1048.41
2947,829,249,2,375.32,750.64
2948,829,44,1,19.48,19.48
2949,829,103,1,234.96,234.96
2950,830,121,4,418.51,1674.04
2951,830,209,2,101.66,203.32
2952,830,150,3,377.06,1131.18
2953,830,11,2,312.03,624.06
2954,830,154,3,342.09,1026.27
2955,830,31,3,499.38,1498.14
2956,831,170,1,287.23,287.23
2957,831,30,4,247.82,991.28
2958,831,204,1,207.96,207.96
2959,832,149,1,212.48,212.48
2960,832,95,4,320.04,1280.16
2961,832,106,3,162.6,487.8
2962,832,164,4,320.2,1280.8
2963,832,208,1,350.34,350.34
2964,832,155,2,219.1,438.2
2965,833,245,1,170.03,170.03
2966,833,236,4,58.2,232.8
2967,833,48,2,355.11,710.22
2968,834,209,3,101.66,304.98
2969,834,96,4,541.36,2165.44
2970,834,153,3,415.24,1245.72
2971,835,18,1,55.2,55.2
2972,835,52,3,135.78,407.34
2973,835,239,1,38.46,38.46
2974,835,74,1,355.67,355.67
2975,835,9,2,553.14,1106.28
2976,835,34,4,43.41,173.64
2977,836,136,2,299.97,599.94
2978,836,209,1,101.66,101.66
2979,837,228,4,380.46,1521.84
2980,837,171,4,242.88,971.52
2981,837,139,3,250.55,751.65
2982,837,133,2,310.77,621.54
2983,837,242,2,131.89,263.78
2984,838,9,3,553.14,1659.42
2985,838,50,4,120.19,480.76
2986,839,41,1,245.1,245.1
2987,839,144,1,47.39,47.39
2988,839,102,2,196.56,393.12
2989,839,112,3,186.06,558.18
2990,839,158,2,479.14,958.28
2991,839,105,3,58.11,174.33
2992,840,83,1,550.53,550.53
2993,841,32,4,610.06,2440.24
2994,841,213,2,266.98,533.96
2995,841,164,3,320.2,960.6
2996,841,57,2,128.38,256.76
2997,841,245,1,170.03,170.03
2998,841,43,4,349.47,1397.88
2999,842,162,1,386.04,386.04
3000,842,130,1,60.89,60.89
3001,842,16,2,70.43,140.86
3002,842,232,2,494.33,988.66
3003,842,44,4,19.48,77.92
3004,842,146,4,118.88,475.52
3005,843,210,2,141.37,282.74
3006,843,56,2,238.95,477.9
3007,843,223,2,449.24,898.48
3008,843,117,1,300.72,300.72
3009,844,56,4,238.95,955.8
3010,844,243,1,358.78,358.78
3011,844,14,4,301.65,1206.6
3012,844,4,3,352.75,1058.25
3013,845,240,1,253.55,253.55
3014,846,96,1,541.36,541.36
3015,847,200,4,558.08,2232.32
3016,847,145,1,362.85,362.85
3017,847,169,2,382.14,764.28
3018,847,103,2,234.96,469.92
3019,847,220,3,168.03,504.09
3020,847,181,2,314.93,629.86
3021,848,179,3,200.78,602.34
3022,848,104,1,287.63,287.63
3023,849,183,1,147.46,147.46
3024,849,175,2,93.86,187.72
3025,849,84,1,124.27,124.27
3026,849,222,4,81.41,325.64
3027,849,51,2,555.78,1111.56
3028,850,43,1,349.47,349.47
3029,850,7,4,53.23,212.92
3030,850,29,4,218.87,875.48
3031,850,188,3,503.7,1511.1
3032,850,44,4,19.48,77.92
3033,851,12,1,589.84,589.84
3034,852,234,3,244.66,733.98
3035,852,5,4,148.93,595.72
3036,852,213,1,266.98,266.98
3037,852,195,4,117.88,471.52
3038,852,54,3,60.89,182.67
3039,853,222,3,81.41,244.23
3040,853,55,1,215.38,215.38
3041,853,136,2,299.97,599.94
3042,853,233,3,275.42,826.26
3043,853,114,4,270.25,1081.0
3044,853,143,4,155.0,620.0
3045,854,243,4,358.78,1435.12
3046,854,58,1,307.4,307.4
3047,855,139,1,250.55,250.55
3048,856,211,2,556.48,1112.96
3049,856,134,1,224.13,224.13
3050,856,74,4,355.67,1422.68
3051,857,235,2,172.77,345.54
3052,857,11,1,312.03,312.03
3053,857,40,2,450.37,900.74
3054,857,166,3,82.07,246.21
3055,857,67,2,136.1,272.2
3056,857,192,2,183.66,367.32
3057,858,95,3,320.04,960.12
3058,858,59,3,395.91,1187.73
3059,858,221,1,627.82,627.82
3060,859,238,2,262.67,525.34
3061,859,135,3,298.38,895.14
3062,859,10,4,330.8,1323.2
3063,860,39,4,116.92,467.68
3064,860,88,2,347.53,695.06
3065,860,138,4,371.13,1484.52
3066,860,27,4,238.78,955.12
3067,860,98,2,209.33,418.66
3068,861,210,2,141.37,282.74
3069,861,183,3,147.46,442.38
3070,862,34,4,43.41,173.64
3071,862,91,1,187.63,187.63
3072,862,93,1,296.33,296.33
3073,863,107,4,233.92,935.68
3074,863,72,4,91.12,364.48
3075,863,116,4,108.97,435.88
3076,864,29,3,218.87,656.61
3077,864,57,1,128.38,128.38
3078,864,121,3,418.51,1255.53
3079,864,238,4,262.67,1050.68
3080,864,105,4,58.11,232.44
3081,865,68,1,188.28,188.28
3082,865,104,1,287.63,287.63
3083,866,26,3,478.23,1434.69
3084,866,27,3,238.78,716.34
3085,866,128,4,197.5,790.0
3086,867,151,2,72.21,144.42
3087,867,159,1,223.33,223.33
3088,867,180,1,394.23,394.23
3089,867,204,3,207.96,623.88
3090,867,138,1,371.13,371.13
3091,867,174,4,460.49,1841.96
3092,868,17,4,555.46,2221.84
3093,868,46,3,188.18,564.54
3094,868,209,2,101.66,203.32
3095,868,20,4,605.41,2421.64
3096,869,153,1,415.24,415.24
3097,869,115,4,235.12,940.48
3098,869,174,3,460.49,1381.47
3099,869,196,1,450.47,450.47
3100,870,52,3,135.78,407.34
3101,870,204,3,207.96,623.88
3102,870,215,2,238.44,476.88
3103,870,191,1,410.67,410.67
3104,870,11,2,312.03,624.06
3105,870,232,1,494.33,494.33
3106,871,131,1,21.58,21.58
3107,871,70,2,473.53,947.06
3108,871,169,2,382.14,764.28
3109,871,14,1,301.65,301.65
3110,872,240,3,253.55,760.65
3111,872,72,2,91.12,182.24
3112,872,39,3,116.92,350.76
3113,872,218,3,126.69,380.07
3114,873,119,2,142.86,285.72
3115,873,11,3,312.03,936.09
3116,873,165,1,235.2,235.2
3117,873,181,2,314.93,629.86
3118,873,73,4,200.84,803.36
3119,873,26,2,478.23,956.46
3120,874,244,4,423.65,1694.6
3121,875,27,3,238.78,716.34
3122,875,123,2,235.89,471.78
3123,876,29,4,218.87,875.48
3124,876,51,1,555.78,555.78
3125,877,170,1,287.23,287.23
3126,878,26,2,478.23,956.46
3127,878,44,1,19.48,19.48
3128,878,138,3,371.13,1113.39
3129,878,87,3,509.91,1529.73
3130,878,98,1,209.33,209.33
3131,879,5,1,148.93,148.93
3132,879,66,3,87.24,261.72
3133,879,228,1,380.46,380.46
3134,879,171,3,242.88,728.64
3135,880,87,3,509.91,1529.73
3136,880,85,3,164.19,492.57
3137,880,199,1,94.94,94.94
3138,881,33,2,102.45,204.9
3139,881,43,3,349.47,1048.41
3140,881,44,2,19.48,38.96
3141,881,40,3,450.37,1351.11
3142,881,14,4,301.65,1206.6
3143,881,78,1,302.79,302.79
3144,882,145,2,362.85,725.7
3145,882,181,3,314.93,944.79
3146,882,55,1,215.38,215.38
3147,883,237,1,52.77,52.77
3148,883,235,3,172.77,518.31
3149,883,166,1,82.07,82.07
3150,883,65,3,346.0,1038.0
3151,883,20,4,605.41,2421.64
3152,883,59,4,395.91,1583.64
3153,884,128,2,197.5,395.0
3154,884,245,3,170.03,510.09
3155,885,223,2,449.24,898.48
3156,885,70,1,473.53,473.53
3157,885,233,1,275.42,275.42
3158,885,175,3,93.86,281.58
3159,885,80,4,24.61,98.44
3160,885,88,1,347.53,347.53
3161,886,116,4,108.97,435.88
3162,887,94,2,512.7,1025.4
3163,887,212,4,454.26,1817.04
3164,887,126,4,291.18,1164.72
3165,888,240,3,253.55,760.65
3166,888,191,4,410.67,1642.68
3167,888,149,1,212.48,212.48
3168,889,246,4,307.14,1228.56
3169,889,180,1,394.23,394.23
3170,889,126,4,291.18,1164.72
3171,890,110,4,524.57,2098.28
3172,891,56,4,238.95,955.8
3173,891,173,4,303.56,1214.24
3174,891,99,2,205.29,410.58
3175,892,31,4,499.38,1997.52
3176,892,216,1,101.25,101.25
3177,892,240,4,253.55,1014.2
3178,892,130,4,60.89,243.56
3179,892,46,2,188.18,376.36
3180,892,25,1,277.57,277.57
3181,893,27,4,238.78,955.12
3182,893,190,4,378.5,1514.0
3183,893,137,3,205.25,615.75
3184,893,81,3,51.32,153.96
3185,894,32,3,610.06,1830.18
3186,894,19,1,464.34,464.34
3187,894,24,3,28.9,86.7
3188,895,118,1,175.82,175.82
3189,895,231,3,265.93,797.79
3190,895,196,3,450.47,1351.41
3191,896,98,2,209.33,418.66
3192,896,181,4,314.93,1259.72
3193,896,223,3,449.24,1347.72
3194,896,129,4,293.5,1174.0
3195,897,142,1,45.22,45.22
3196,898,109,1,383.43,383.43
3197,898,82,1,212.44,212.44
3198,898,147,1,50.11,50.11
3199,899,228,3,380.46,1141.38
3200,899,89,1,152.92,152.92
3201,899,87,4,509.91,2039.64
3202,899,31,1,499.38,499.38
3203,899,47,2,595.74,1191.48
3204,900,131,4,21.58,86.32
3205,900,247,2,32.63,65.26
3206,900,146,3,118.88,356.64
3207,900,5,4,148.93,595.72
3208,901,204,3,207.96,623.88
3209,901,202,3,467.78,1403.34
3210,902,65,1,346.0,346.0
3211,902,114,2,270.25,540.5
3212,903,4,4,352.75,1411.0
3213,903,90,2,138.74,277.48
3214,903,236,1,58.2,58.2
3215,903,238,3,262.67,788.01
3216,903,66,1,87.24,87.24
3217,904,165,3,235.2,705.6
3218,904,29,4,218.87,875.48
3219,905,150,4,377.06,1508.24
3220,906,195,3,117.88,353.64
3221,906,225,3,242.67,728.01
3222,906,196,1,450.47,450.47
3223,907,154,1,342.09,342.09
3224,908,115,4,235.12,940.48
3225,908,239,3,38.46,115.38
3226,908,7,4,53.23,212.92
3227,908,43,4,349.47,1397.88
3228,909,78,4,302.79,1211.16
3229,910,18,4,55.2,220.8
3230,911,220,2,168.03,336.06
3231,911,172,4,244.65,978.6
3232,911,114,2,270.25,540.5
3233,911,27,2,238.78,477.56
3234,911,31,2,499.38,998.76
3235,911,196,1,450.47,450.47
3236,912,32,3,610.06,1830.18
3237,912,135,4,298.38,1193.52
3238,912,80,3,24.61,73.83
3239,912,62,4,185.84,743.36
3240,912,29,2,218.87,437.74
3241,913,238,3,262.67,788.01
3242,913,122,4,313.49,1253.96
3243,913,57,2,128.38,256.76
3244,913,241,3,205.2,615.6
3245,913,29,2,218.87,437.74
3246,914,231,1,265.93,265.93
3247,915,242,2,131.89,263.78
3248,915,9,3,553.14,1659.42
3249,916,181,4,314.93,1259.72
3250,916,127,2,240.8,481.6
3251,916,221,3,627.82,1883.46
3252,916,232,1,494.33,494.33
3253,917,150,4,377.06,1508.24
3254,918,132,4,330.55,1322.2
3255,918,87,3,509.91,1529.73
3256,918,223,4,449.24,1796.96
3257,918,66,3,87.24,261.72
3258,918,28,2,434.23,868.46
3259,918,33,4,102.45,409.8
3260,919,230,4,350.4,1401.6
3261,919,78,1,302.79,302.79
3262,919,41,2,245.1,490.2
3263,919,184,4,201.3,805.2
3264,920,164,2,320.2,640.4
3265,920,39,4,116.92,467.68
3266,920,137,3,205.25,615.75
3267,920,233,1,275.42,275.42
3268,920,174,4,460.49,1841.96
3269,921,192,2,183.66,367.32
3270,921,145,4,362.85,1451.4
3271,922,139,3,250.55,751.65
3272,922,82,4,212.44,849.76
3273,922,61,2,374.3,748.6
3274,922,136,2,299.97,599.94
3275,923,79,4,440.1,1760.4
3276,923,128,2,197.5,395.0
3277,923,15,2,578.04,1156.08
3278,924,95,3,320.04,960.12
3279,924,219,4,383.42,1533.68
3280,925,44,3,19.48,58.44
3281,925,146,4,118.88,475.52
3282,926,99,2,205.29,410.58
3283,926,235,2,172.77,345.54
3284,926,217,4,369.23,1476.92
3285,926,59,2,395.91,791.82
3286,927,33,4,102.45,409.8
3287,927,28,3,434.23,1302.69
3288,928,223,3,449.24,1347.72
3289,929,3,4,142.45,569.8
3290,930,150,1,377.06,377.06
3291,930,13,3,249.16,747.48
3292,930,179,4,200.78,803.12
3293,930,73,4,200.84,803.36
3294,931,46,4,188.18,752.72
3295,932,150,1,377.06,377.06
3296,933,134,2,224.13,448.26
3297,933,237,2,52.77,105.54
3298,933,30,3,247.82,743.46
3299,934,149,3,212.48,637.44
3300,934,17,4,555.46,2221.84
3301,934,25,4,277.57,1110.28
3302,934,218,3,126.69,380.07
3303,934,137,2,205.25,410.5
3304,934,125,2,211.24,422.48
3305,935,47,2,595.74,1191.48
3306,935,13,2,249.16,498.32
3307,935,205,3,383.07,1149.21
3308,935,241,2,205.2,410.4
3309,935,43,4,349.47,1397.88
3310,936,207,3,490.29,1470.87
3311,936,80,1,24.61,24.61
3312,936,140,3,359.22,1077.66
3313,937,173,3,303.56,910.68
3314,937,78,2,302.79,605.58
3315,938,10,1,330.8,330.8
3316,939,224,3,79.62,238.86
3317,939,250,1,34.9,34.9
3318,940,42,3,132.01,396.03
3319,940,81,2,51.32,102.64
3320,941,202,1,467.78,467.78
3321,941,217,4,369.23,1476.92
3322,942,125,1,211.24,211.24
3323,942,79,2,440.1,880.2
3324,942,226,4,137.54,550.16
3325,943,155,2,219.1,438.2
3326,943,241,2,205.2,410.4
3327,943,158,2,479.14,958.28
3328,944,191,2,410.67,821.34
3329,945,93,3,296.33,888.99
3330,945,52,2,135.78,271.56
3331,945,189,1,603.72,603.72
3332,945,101,2,57.39,114.78
3333,945,180,3,394.23,1182.69
3334,946,126,1,291.18,291.18
3335,946,178,4,505.3,2021.2
3336,947,135,4,298.38,1193.52
3337,947,65,2,346.0,692.0
3338,948,243,3,358.78,1076.34
3339,948,160,4,275.73,1102.92
3340,948,8,4,427.33,1709.32
3341,949,174,3,460.49,1381.47
3342,949,40,2,450.37,900.74
3343,949,76,1,450.31,450.31
3344,949,211,2,556.48,1112.96
3345,949,99,1,205.29,205.29
3346,949,197,4,297.44,1189.76
3347,950,114,4,270.25,1081.0
3348,950,2,4,363.88,1455.52
3349,950,102,2,196.56,393.12
3350,951,8,2,427.33,854.66
3351,951,88,2,347.53,695.06
3352,951,210,4,141.37,565.48
3353,951,176,2,405.74,811.48
3354,952,13,2,249.16,498.32
3355,952,36,3,90.32,270.96
3356,953,130,1,60.89,60.89
3357,953,169,3,382.14,1146.42
3358,953,95,2,320.04,640.08
3359,954,93,3,296.33,888.99
3360,954,141,2,133.58,267.16
3361,954,90,3,138.74,416.22
3362,954,5,1,148.93,148.93
3363,955,77,4,377.42,1509.68
3364,955,207,3,490.29,1470.87
3365,955,76,4,450.31,1801.24
3366,956,222,3,81.41,244.23
3367,956,31,2,499.38,998.76
3368,956,166,4,82.07,328.28
3369,956,33,2,102.45,204.9
3370,956,16,2,70.43,140.86
3371,956,29,1,218.87,218.87
3372,957,198,4,351.95,1407.8
3373,957,174,2,460.49,920.98
3374,957,154,3,342.09,1026.27
3375,957,176,1,405.74,405.74
3376,957,250,4,34.9,139.6
3377,958,206,4,225.13,900.52
3378,958,36,4,90.32,361.28
3379,958,159,2,223.33,446.66
3380,958,243,4,358.78,1435.12
3381,959,111,3,123.73,371.19
3382,959,151,1,72.21,72.21
3383,959,149,3,212.48,637.44
3384,959,163,2,268.64,537.28
3385,959,213,1,266.98,266.98
3386,959,136,2,299.97,599.94
3387,960,177,2,245.43,490.86
3388,960,74,4,355.67,1422.68
3389,960,210,4,141.37,565.48
3390,960,77,4,377.42,1509.68
3391,961,121,3,418.51,1255.53
3392,961,195,3,117.88,353.64
3393,962,59,3,395.91,1187.73
3394,962,40,4,450.37,1801.48
3395,962,76,1,450.31,450.31
3396,962,137,2,205.25,410.5
3397,963,78,3,302.79,908.37
3398,964,182,4,214.08,856.32
3399,964,58,3,307.4,922.2
3400,964,116,3,108.97,326.91
3401,964,249,1,375.32,375.32
3402,965,75,3,256.79,770.37
3403,965,144,4,47.39,189.56
3404,966,92,3,411.95,1235.85
3405,966,228,4,380.46,1521.84
3406,967,7,3,53.23,159.69
3407,967,246,3,307.14,921.42
3408,967,147,1,50.11,50.11
3409,967,201,2,496.81,993.62
3410,967,116,2,108.97,217.94
3411,967,78,2,302.79,605.58
3412,968,154,3,342.09,1026.27
3413,968,133,1,310.77,310.77
3414,969,119,4,142.86,571.44
3415,969,37,4,43.6,174.4
3416,969,141,1,133.58,133.58
3417,969,133,4,310.77,1243.08
3418,969,167,2,74.71,149.42
3419,970,238,2,262.67,525.34
3420,970,228,4,380.46,1521.84
3421,970,239,3,38.46,115.38
3422,970,93,2,296.33,592.66
3423,971,106,4,162.6,650.4
3424,971,188,4,503.7,2014.8
3425,971,93,4,296.33,1185.32
3426,971,126,4,291.18,1164.72
3427,971,216,4,101.25,405.0
3428,971,129,4,293.5,1174.0
3429,972,58,1,307.4,307.4
3430,972,111,3,123.73,371.19
3431,972,232,4,494.33,1977.32
3432,972,22,4,125.76,503.04
3433,972,173,2,303.56,607.12
3434,973,222,1,81.41,81.41
3435,974,27,2,238.78,477.56
3436,974,194,3,521.07,1563.21
3437,974,129,2,293.5,587.0
3438,974,165,1,235.2,235.2
3439,975,249,4,375.32,1501.28
3440,975,69,3,297.02,891.06
3441,975,50,4,120.19,480.76
3442,976,135,3,298.38,895.14
3443,976,26,1,478.23,478.23
3444,976,110,2,524.57,1049.14
3445,976,82,1,212.44,212.44
3446,976,61,2,374.3,748.6
3447,976,169,4,382.14,1528.56
3448,977,105,1,58.11,58.11
3449,977,242,3,131.89,395.67
3450,978,149,1,212.48,212.48
3451,978,201,4,496.81,1987.24
3452,979,191,3,410.67,1232.01
3453,980,1,1,541.39,541.39
3454,980,201,4,496.81,1987.24
3455,980,236,3,58.2,174.6
3456,980,2,3,363.88,1091.64
3457,980,143,1,155.0,155.0
3458,980,8,1,427.33,427.33
3459,981,192,2,183.66,367.32
3460,981,116,3,108.97,326.91
3461,981,201,2,496.81,993.62
3462,981,7,1,53.23,53.23
3463,981,66,1,87.24,87.24
3464,981,87,2,509.91,1019.82
3465,982,232,3,494.33,1482.99
3466,982,108,1,378.79,378.79
3467,982,160,2,275.73,551.46
3468,982,87,4,509.91,2039.64
3469,982,120,1,32.48,32.48
3470,982,115,3,235.12,705.36
3471,983,1,4,541.39,2165.56
3472,983,25,1,277.57,277.57
3473,984,32,1,610.06,610.06
3474,984,72,4,91.12,364.48
3475,985,158,1,479.14,479.14
3476,985,72,4,91.12,364.48
3477,985,242,3,131.89,395.67
3478,986,110,3,524.57,1573.71
3479,986,15,1,578.04,578.04
3480,986,70,3,473.53,1420.59
3481,986,222,2,81.41,162.82
3482,987,43,4,349.47,1397.88
3483,987,78,4,302.79,1211.16
3484,987,76,3,450.31,1350.93
3485,987,112,3,186.06,558.18
3486,987,164,3,320.2,960.6
3487,988,99,4,205.29,821.16
3488,988,199,2,94.94,189.88
3489,988,146,2,118.88,237.76
3490,988,60,4,556.59,2226.36
3491,989,162,2,386.04,772.08
3492,989,208,2,350.34,700.68
3493,989,107,3,233.92,701.76
3494,989,133,4,310.77,1243.08
3495,989,221,4,627.82,2511.28
3496,990,28,2,434.23,868.46
3497,991,188,1,503.7,503.7
3498,992,203,1,362.8,362.8
3499,992,37,2,43.6,87.2
3500,992,48,2,355.11,710.22
3501,993,163,3,268.64,805.92
3502,993,232,3,494.33,1482.99
3503,994,18,2,55.2,110.4
3504,994,174,4,460.49,1841.96
3505,994,137,2,205.25,410.5
3506,994,229,1,165.02,165.02
3507,994,125,4,211.24,844.96
3508,995,231,2,265.93,531.86
3509,995,71,3,594.55,1783.65
3510,995,175,4,93.86,375.44
3511,995,75,4,256.79,1027.16
3512,996,95,4,320.04,1280.16
3513,996,105,4,58.11,232.44
3514,996,123,1,235.89,235.89
3515,996,221,2,627.82,1255.64
3516,997,200,2,558.08,1116.16
3517,997,175,3,93.86,281.58
3518,997,159,4,223.33,893.32
3519,998,85,4,164.19,656.76
3520,998,104,1,287.63,287.63
3521,998,26,2,478.23,956.46
3522,998,208,2,350.34,700.68
3523,998,202,3,467.78,1403.34
3524,999,32,1,610.06,610.06
3525,999,179,2,200.78,401.56
3526,999,225,4,242.67,970.68
3527,999,144,2,47.39,94.78
3528,999,226,3,137.54,412.62
3529,999,189,1,603.72,603.72
3530,1000,104,2,287.63,575.26
3531,1001,91,2,187.63,375.26
3532,1001,227,3,454.43,1363.29
3533,1001,155,3,219.1,657.3
3534,1002,16,4,70.43,281.72
3535,1002,121,1,418.51,418.51
3536,1002,26,3,478.23,1434.69
3537,1002,207,4,490.29,1961.16
3538,1003,249,2,375.32,750.64
3539,1003,194,1,521.07,521.07
3540,1003,66,4,87.24,348.96
3541,1003,109,3,383.43,1150.29
3542,1003,104,4,287.63,1150.52
3543,1004,230,3,350.4,1051.2
3544,1004,233,2,275.42,550.84
3545,1004,93,2,296.33,592.66
3546,1004,126,2,291.18,582.36
3547,1004,197,3,297.44,892.32
3548,1004,150,4,377.06,1508.24
3549,1005,19,2,464.34,928.68
3550,1005,209,4,101.66,406.64
3551,1005,100,4,340.15,1360.6
3552,1005,65,1,346.0,346.0
3553,1006,157,3,28.92,86.76
3554,1007,55,4,215.38,861.52
3555,1008,192,1,183.66,183.66
3556,1009,78,4,302.79,1211.16
3557,1009,69,3,297.02,891.06
3558,1009,66,3,87.24,261.72
3559,1009,7,1,53.23,53.23
3560,1009,43,4,349.47,1397.88
3561,1009,174,4,460.49,1841.96
3562,1010,83,2,550.53,1101.06
3563,1010,199,4,94.94,379.76
3564,1010,230,1,350.4,350.4
3565,1010,190,2,378.5,757.0
3566,1010,237,4,52.77,211.08
3567,1010,108,4,378.79,1515.16
3568,1011,225,4,242.67,970.68
3569,1011,86,1,431.1,431.1
3570,1011,153,4,415.24,1660.96
3571,1011,176,1,405.74,405.74
3572,1011,15,1,578.04,578.04
3573,1012,230,3,350.4,1051.2
3574,1012,85,2,164.19,328.38
3575,1013,4,4,352.75,1411.0
3576,1013,184,4,201.3,805.2
3577,1014,179,3,200.78,602.34
3578,1014,14,2,301.65,603.3
3579,1014,136,3,299.97,899.91
3580,1014,150,4,377.06,1508.24
3581,1015,121,2,418.51,837.02
3582,1015,195,4,117.88,471.52
3583,1016,109,1,383.43,383.43
3584,1016,212,1,454.26,454.26
3585,1016,220,2,168.03,336.06
3586,1016,6,2,478.9,957.8
3587,1017,62,4,185.84,743.36
3588,1017,231,2,265.93,531.86
3589,1017,194,3,521.07,1563.21
3590,1017,248,4,188.2,752.8
3591,1017,134,1,224.13,224.13
3592,1017,192,1,183.66,183.66
3593,1018,159,3,223.33,669.99
3594,1019,25,4,277.57,1110.28
3595,1019,78,3,302.79,908.37
3596,1019,118,2,175.82,351.64
3597,1020,250,4,34.9,139.6
3598,1020,130,3,60.89,182.67
3599,1021,137,3,205.25,615.75
3600,1022,1,4,541.39,2165.56
3601,1022,154,2,342.09,684.18
3602,1022,116,1,108.97,108.97
3603,1022,97,3,316.97,950.91
3604,1022,71,4,594.55,2378.2
3605,1023,203,2,362.8,725.6
3606,1024,36,3,90.32,270.96
3607,1024,74,3,355.67,1067.01
3608,1024,57,4,128.38,513.52
3609,1025,17,4,555.46,2221.84
3610,1025,183,3,147.46,442.38
3611,1025,42,1,132.01,132.01
3612,1025,149,2,212.48,424.96
3613,1025,240,2,253.55,507.1
3614,1026,221,4,627.82,2511.28
3615,1026,247,1,32.63,32.63
3616,1026,123,1,235.89,235.89
3617,1027,43,2,349.47,698.94
3618,1027,154,1,342.09,342.09
3619,1027,201,3,496.81,1490.43
3620,1027,37,3,43.6,130.8
3621,1027,111,3,123.73,371.19
3622,1028,48,4,355.11,1420.44
3623,1028,150,2,377.06,754.12
3624,1028,247,2,32.63,65.26
3625,1029,85,2,164.19,328.38
3626,1029,29,3,218.87,656.61
3627,1029,210,3,141.37,424.11
3628,1029,6,2,478.9,957.8
3629,1029,123,4,235.89,943.56
3630,1029,181,3,314.93,944.79
3631,1030,197,1,297.44,297.44
3632,1030,58,4,307.4,1229.6
3633,1030,226,1,137.54,137.54
3634,1030,5,2,148.93,297.86
3635,1030,90,3,138.74,416.22
3636,1031,35,3,404.22,1212.66
3637,1032,125,3,211.24,633.72
3638,1032,76,2,450.31,900.62
3639,1032,5,4,148.93,595.72
3640,1032,13,4,249.16,996.64
3641,1032,152,4,580.76,2323.04
3642,1033,156,4,234.14,936.56
3643,1033,149,3,212.48,637.44
3644,1033,194,2,521.07,1042.14
3645,1033,33,2,102.45,204.9
3646,1033,69,1,297.02,297.02
3647,1034,186,1,232.01,232.01
3648,1035,183,3,147.46,442.38
3649,1035,84,3,124.27,372.81
3650,1035,134,3,224.13,672.39
3651,1035,98,2,209.33,418.66
3652,1035,171,1,242.88,242.88
3653,1035,39,4,116.92,467.68
3654,1036,201,4,496.81,1987.24
3655,1037,199,4,94.94,379.76
3656,1037,29,3,218.87,656.61
3657,1037,178,2,505.3,1010.6
3658,1037,40,1,450.37,450.37
3659,1038,223,1,449.24,449.24
3660,1038,46,4,188.18,752.72
3661,1039,28,2,434.23,868.46
3662,1040,228,1,380.46,380.46
3663,1040,184,2,201.3,402.6
3664,1040,204,1,207.96,207.96
3665,1040,18,1,55.2,55.2
3666,1040,106,2,162.6,325.2
3667,1040,238,1,262.67,262.67
3668,1041,95,3,320.04,960.12
3669,1041,131,1,21.58,21.58
3670,1041,233,1,275.42,275.42
3671,1041,77,1,377.42,377.42
3672,1042,12,2,589.84,1179.68
3673,1042,117,1,300.72,300.72
3674,1043,196,2,450.47,900.94
3675,1043,68,3,188.28,564.84
3676,1043,48,1,355.11,355.11
3677,1043,136,4,299.97,1199.88
3678,1044,41,2,245.1,490.2
3679,1044,159,2,223.33,446.66
3680,1044,194,2,521.07,1042.14
3681,1045,178,2,505.3,1010.6
3682,1045,175,2,93.86,187.72
3683,1045,71,4,594.55,2378.2
3684,1045,106,3,162.6,487.8
3685,1045,121,4,418.51,1674.04
3686,1045,204,3,207.96,623.88
3687,1046,137,3,205.25,615.75
3688,1046,192,4,183.66,734.64
3689,1046,130,1,60.89,60.89
3690,1046,47,1,595.74,595.74
3691,1046,16,3,70.43,211.29
3692,1046,210,1,141.37,141.37
3693,1047,241,3,205.2,615.6
3694,1047,148,2,497.64,995.28
3695,1047,39,4,116.92,467.68
3696,1048,86,3,431.1,1293.3
3697,1048,34,2,43.41,86.82
3698,1048,65,4,346.0,1384.0
3699,1048,8,3,427.33,1281.99
3700,1048,1,1,541.39,541.39
3701,1049,68,4,188.28,753.12
3702,1049,138,3,371.13,1113.39
3703,1049,180,4,394.23,1576.92
3704,1050,169,1,382.14,382.14
3705,1050,54,1,60.89,60.89
3706,1050,229,1,165.02,165.02
3707,1051,236,3,58.2,174.6
3708,1051,223,3,449.24,1347.72
3709,1051,11,4,312.03,1248.12
3710,1051,115,4,235.12,940.48
3711,1051,12,3,589.84,1769.52
3712,1052,223,2,449.24,898.48
3713,1052,155,4,219.1,876.4
3714,1052,44,2,19.48,38.96
3715,1052,169,3,382.14,1146.42
3716,1052,128,2,197.5,395.0
3717,1052,43,1,349.47,349.47
3718,1053,14,3,301.65,904.95
3719,1053,133,2,310.77,621.54
3720,1053,9,3,553.14,1659.42
3721,1053,3,2,142.45,284.9
3722,1053,174,4,460.49,1841.96
3723,1054,57,1,128.38,128.38
3724,1054,207,2,490.29,980.58
3725,1054,127,2,240.8,481.6
3726,1054,116,2,108.97,217.94
3727,1054,86,4,431.1,1724.4
3728,1055,176,3,405.74,1217.22
3729,1055,36,2,90.32,180.64
3730,1055,18,1,55.2,55.2
3731,1055,164,2,320.2,640.4
3732,1055,218,1,126.69,126.69
3733,1056,117,3,300.72,902.16
3734,1056,190,1,378.5,378.5
3735,1056,189,3,603.72,1811.16
3736,1056,236,3,58.2,174.6
3737,1057,159,4,223.33,893.32
3738,1057,110,2,524.57,1049.14
3739,1057,213,1,266.98,266.98
3740,1057,18,2,55.2,110.4
3741,1057,232,2,494.33,988.66
3742,1057,124,4,388.77,1555.08
3743,1058,81,2,51.32,102.64
3744,1058,226,4,137.54,550.16
3745,1058,235,4,172.77,691.08
3746,1058,22,1,125.76,125.76
3747,1058,185,4,339.64,1358.56
3748,1059,56,1,238.95,238.95
3749,1059,41,3,245.1,735.3
3750,1059,201,3,496.81,1490.43
3751,1059,157,4,28.92,115.68
3752,1060,86,4,431.1,1724.4
3753,1060,167,2,74.71,149.42
3754,1060,153,1,415.24,415.24
3755,1060,8,2,427.33,854.66
3756,1060,59,3,395.91,1187.73
3757,1061,88,3,347.53,1042.59
3758,1061,124,2,388.77,777.54
3759,1062,130,3,60.89,182.67
3760,1062,28,1,434.23,434.23
3761,1062,182,1,214.08,214.08
3762,1062,24,4,28.9,115.6
3763,1062,139,2,250.55,501.1
3764,1063,171,1,242.88,242.88
3765,1063,196,3,450.47,1351.41
3766,1063,106,2,162.6,325.2
3767,1063,175,1,93.86,93.86
3768,1063,67,3,136.1,408.3
3769,1064,56,1,238.95,238.95
3770,1065,186,2,232.01,464.02
3771,1065,14,1,301.65,301.65
3772,1066,107,3,233.92,701.76
3773,1066,159,3,223.33,669.99
3774,1066,81,3,51.32,153.96
3775,1066,14,2,301.65,603.3
3776,1066,111,3,123.73,371.19
3777,1067,156,3,234.14,702.42
3778,1067,158,2,479.14,958.28
3779,1067,97,3,316.97,950.91
3780,1067,88,1,347.53,347.53
3781,1067,71,2,594.55,1189.1
3782,1067,178,3,505.3,1515.9
3783,1068,222,4,81.41,325.64
3784,1068,178,3,505.3,1515.9
3785,1069,102,1,196.56,196.56
3786,1069,144,4,47.39,189.56
3787,1069,154,4,342.09,1368.36
3788,1069,100,4,340.15,1360.6
3789,1070,78,1,302.79,302.79
3790,1070,98,1,209.33,209.33
3791,1071,167,4,74.71,298.84
3792,1072,240,4,253.55,1014.2
3793,1072,250,1,34.9,34.9
3794,1072,28,3,434.23,1302.69
3795,1073,208,4,350.34,1401.36
3796,1074,156,1,234.14,234.14
3797,1074,217,3,369.23,1107.69
3798,1074,118,2,175.82,351.64
3799,1074,79,2,440.1,880.2
3800,1075,206,4,225.13,900.52
3801,1075,113,4,411.77,1647.08
3802,1075,217,3,369.23,1107.69
3803,1075,83,2,550.53,1101.06
3804,1075,40,4,450.37,1801.48
3805,1076,129,2,293.5,587.0
3806,1077,109,4,383.43,1533.72
3807,1078,29,3,218.87,656.61
3808,1078,136,4,299.97,1199.88
3809,1078,168,1,316.03,316.03
3810,1078,42,3,132.01,396.03
3811,1079,142,1,45.22,45.22
3812,1079,140,2,359.22,718.44
3813,1079,58,2,307.4,614.8
3814,1079,248,2,188.2,376.4
3815,1079,159,2,223.33,446.66
3816,1080,207,2,490.29,980.58
3817,1081,40,3,450.37,1351.11
3818,1081,196,4,450.47,1801.88
3819,1082,103,2,234.96,469.92
3820,1083,36,1,90.32,90.32
3821,1084,132,4,330.55,1322.2
3822,1084,18,4,55.2,220.8
3823,1084,144,1,47.39,47.39
3824,1084,93,4,296.33,1185.32
3825,1085,86,1,431.1,431.1
3826,1085,145,4,362.85,1451.4
3827,1085,133,2,310.77,621.54
3828,1085,66,1,87.24,87.24
3829,1086,194,1,521.07,521.07
3830,1087,15,4,578.04,2312.16
3831,1088,25,3,277.57,832.71
3832,1088,203,1,362.8,362.8
3833,1088,139,3,250.55,751.65
3834,1088,166,1,82.07,82.07
3835,1088,15,1,578.04,578.04
3836,1089,82,4,212.44,849.76
3837,1089,228,3,380.46,1141.38
3838,1089,142,3,45.22,135.66
3839,1089,198,2,351.95,703.9
3840,1089,58,3,307.4,922.2
3841,1090,105,4,58.11,232.44
3842,1091,98,1,209.33,209.33
3843,1091,51,3,555.78,1667.34
3844,1091,24,2,28.9,57.8
3845,1091,129,3,293.5,880.5
3846,1092,33,4,102.45,409.8
3847,1093,215,3,238.44,715.32
3848,1093,72,3,91.12,273.36
3849,1093,139,1,250.55,250.55
3850,1093,64,2,110.72,221.44
3851,1094,162,4,386.04,1544.16
3852,1095,174,4,460.49,1841.96
3853,1096,3,2,142.45,284.9
3854,1096,11,4,312.03,1248.12
3855,1096,234,4,244.66,978.64
3856,1096,140,4,359.22,1436.88
3857,1096,47,4,595.74,2382.96
3858,1097,35,3,404.22,1212.66
3859,1098,38,2,511.93,1023.86
3860,1098,140,3,359.22,1077.66
3861,1098,177,1,245.43,245.43
3862,1098,172,2,244.65,489.3
3863,1098,64,4,110.72,442.88
3864,1098,124,4,388.77,1555.08
3865,1099,226,1,137.54,137.54
3866,1099,124,2,388.77,777.54
3867,1099,203,2,362.8,725.6
3868,1099,105,2,58.11,116.22
3869,1100,73,1,200.84,200.84
3870,1100,49,1,529.8,529.8
3871,1100,213,2,266.98,533.96
3872,1100,68,3,188.28,564.84
3873,1100,5,2,148.93,297.86
3874,1101,173,2,303.56,607.12
3875,1101,214,3,288.6,865.8
3876,1101,92,4,411.95,1647.8
3877,1102,234,1,244.66,244.66
3878,1102,45,3,118.21,354.63
3879,1102,62,2,185.84,371.68
3880,1102,19,1,464.34,464.34
3881,1102,208,2,350.34,700.68
3882,1103,58,1,307.4,307.4
3883,1103,64,1,110.72,110.72
3884,1103,68,3,188.28,564.84
3885,1104,19,1,464.34,464.34
3886,1104,7,4,53.23,212.92
3887,1105,94,2,512.7,1025.4
3888,1105,236,1,58.2,58.2
3889,1105,24,1,28.9,28.9
3890,1106,121,2,418.51,837.02
3891,1106,73,2,200.84,401.68
3892,1106,47,2,595.74,1191.48
3893,1106,202,4,467.78,1871.12
3894,1106,59,2,395.91,791.82
3895,1106,81,1,51.32,51.32
3896,1107,46,4,188.18,752.72
3897,1108,34,4,43.41,173.64
3898,1108,55,2,215.38,430.76
3899,1108,184,4,201.3,805.2
3900,1108,73,2,200.84,401.68
3901,1108,85,1,164.19,164.19
3902,1108,31,3,499.38,1498.14
3903,1109,162,2,386.04,772.08
3904,1109,130,4,60.89,243.56
3905,1109,116,2,108.97,217.94
3906,1109,113,1,411.77,411.77
3907,1110,49,3,529.8,1589.4
3908,1110,191,1,410.67,410.67
3909,1110,91,2,187.63,375.26
3910,1111,106,3,162.6,487.8
3911,1111,227,1,454.43,454.43
3912,1111,15,1,578.04,578.04
3913,1111,211,4,556.48,2225.92
3914,1111,114,4,270.25,1081.0
3915,1112,82,2,212.44,424.88
3916,1112,201,3,496.81,1490.43
3917,1112,25,1,277.57,277.57
3918,1113,137,1,205.25,205.25
3919,1114,240,3,253.55,760.65
3920,1114,41,1,245.1,245.1
3921,1115,209,4,101.66,406.64
3922,1115,146,1,118.88,118.88
3923,1116,40,4,450.37,1801.48
3924,1117,219,2,383.42,766.84
3925,1117,128,1,197.5,197.5
3926,1117,41,3,245.1,735.3
3927,1117,223,1,449.24,449.24
3928,1117,156,3,234.14,702.42
3929,1117,6,2,478.9,957.8
3930,1118,212,4,454.26,1817.04
3931,1118,173,1,303.56,303.56
3932,1118,145,4,362.85,1451.4
3933,1118,172,2,244.65,489.3
3934,1118,9,2,553.14,1106.28
3935,1118,79,2,440.1,880.2
3936,1119,226,4,137.54,550.16
3937,1119,59,1,395.91,395.91
3938,1119,128,3,197.5,592.5
3939,1119,203,3,362.8,1088.4
3940,1119,160,4,275.73,1102.92
3941,1120,221,4,627.82,2511.28
3942,1121,35,2,404.22,808.44
3943,1121,201,4,496.81,1987.24
3944,1121,222,1,81.41,81.41
3945,1121,167,1,74.71,74.71
3946,1121,92,3,411.95,1235.85
3947,1121,134,3,224.13,672.39
3948,1122,221,1,627.82,627.82
3949,1122,95,1,320.04,320.04
3950,1123,128,3,197.5,592.5
3951,1123,82,3,212.44,637.32
3952,1123,108,2,378.79,757.58
3953,1124,174,1,460.49,460.49
3954,1124,113,4,411.77,1647.08
3955,1124,224,1,79.62,79.62
3956,1125,29,3,218.87,656.61
3957,1125,33,1,102.45,102.45
3958,1125,106,1,162.6,162.6
3959,1125,9,2,553.14,1106.28
3960,1125,219,1,383.42,383.42
3961,1126,14,1,301.65,301.65
3962,1126,47,2,595.74,1191.48
3963,1126,127,2,240.8,481.6
3964,1127,191,1,410.67,410.67
3965,1127,190,3,378.5,1135.5
3966,1127,55,3,215.38,646.14
3967,1127,247,3,32.63,97.89
3968,1127,40,1,450.37,450.37
3969,1128,160,3,275.73,827.19
3970,1128,113,1,411.77,411.77
3971,1128,136,1,299.97,299.97
3972,1128,22,4,125.76,503.04
3973,1128,41,2,245.1,490.2
3974,1128,124,4,388.77,1555.08
3975,1129,229,3,165.02,495.06
3976,1130,231,1,265.93,265.93
3977,1130,221,3,627.82,1883.46
3978,1130,127,3,240.8,722.4
3979,1131,16,3,70.43,211.29
3980,1131,156,4,234.14,936.56
3981,1131,178,2,505.3,1010.6
3982,1131,210,1,141.37,141.37
3983,1132,108,1,378.79,378.79
3984,1132,179,3,200.78,602.34
3985,1132,140,3,359.22,1077.66
3986,1132,158,4,479.14,1916.56
3987,1132,247,3,32.63,97.89
3988,1133,105,4,58.11,232.44
3989,1134,178,4,505.3,2021.2
3990,1135,196,3,450.47,1351.41
3991,1135,192,4,183.66,734.64
3992,1135,80,2,24.61,49.22
3993,1135,238,1,262.67,262.67
3994,1136,181,4,314.93,1259.72
3995,1136,188,4,503.7,2014.8
3996,1137,93,4,296.33,1185.32
3997,1138,74,1,355.67,355.67
3998,1138,119,2,142.86,285.72
3999,1138,149,1,212.48,212.48
4000,1139,202,2,467.78,935.56
4001,1139,8,4,427.33,1709.32
4002,1139,26,4,478.23,1912.92
4003,1139,191,3,410.67,1232.01
4004,1139,23,4,276.19,1104.76
4005,1139,31,1,499.38,499.38
4006,1140,159,2,223.33,446.66
4007,1140,15,2,578.04,1156.08
4008,1140,231,3,265.93,797.79
4009,1140,74,3,355.67,1067.01
4010,1140,220,3,168.03,504.09
4011,1140,3,3,142.45,427.35
4012,1141,202,3,467.78,1403.34
4013,1141,105,2,58.11,116.22
4014,1141,48,4,355.11,1420.44
4015,1141,76,3,450.31,1350.93
4016,1141,250,3,34.9,104.7
4017,1141,181,1,314.93,314.93
4018,1142,26,1,478.23,478.23
4019,1142,206,1,225.13,225.13
4020,1142,165,1,235.2,235.2
4021,1143,15,4,578.04,2312.16
4022,1144,127,1,240.8,240.8
4023,1145,209,2,101.66,203.32
4024,1145,118,2,175.82,351.64
4025,1145,245,3,170.03,510.09
4026,1145,234,1,244.66,244.66
4027,1145,190,4,378.5,1514.0
4028,1145,85,2,164.19,328.38
4029,1146,126,1,291.18,291.18
4030,1146,101,3,57.39,172.17
4031,1146,113,2,411.77,823.54
4032,1147,231,4,265.93,1063.72
4033,1148,33,3,102.45,307.35
4034,1148,183,2,147.46,294.92
4035,1148,94,3,512.7,1538.1
4036,1149,12,1,589.84,589.84
4037,1149,139,4,250.55,1002.2
4038,1149,71,2,594.55,1189.1
4039,1149,114,4,270.25,1081.0
4040,1149,126,2,291.18,582.36
4041,1149,167,2,74.71,149.42
4042,1150,73,3,200.84,602.52
4043,1150,150,4,377.06,1508.24
4044,1151,145,1,362.85,362.85
4045,1151,1,4,541.39,2165.56
4046,1152,201,4,496.81,1987.24
4047,1153,16,4,70.43,281.72
4048,1153,128,1,197.5,197.5
4049,1153,237,3,52.77,158.31
4050,1153,179,2,200.78,401.56
4051,1153,77,3,377.42,1132.26
4052,1154,244,2,423.65,847.3
4053,1154,54,2,60.89,121.78
4054,1155,192,3,183.66,550.98
4055,1155,6,3,478.9,1436.7
4056,1155,181,4,314.93,1259.72
4057,1155,172,2,244.65,489.3
4058,1156,246,2,307.14,614.28
4059,1156,217,1,369.23,369.23
4060,1156,36,4,90.32,361.28
4061,1156,105,4,58.11,232.44
4062,1156,153,3,415.24,1245.72
4063,1156,192,4,183.66,734.64
4064,1157,8,1,427.33,427.33
4065,1157,75,2,256.79,513.58
4066,1157,184,1,201.3,201.3
4067,1158,91,3,187.63,562.89
4068,1158,40,2,450.37,900.74
4069,1158,174,4,460.49,1841.96
4070,1158,56,2,238.95,477.9
4071,1158,192,2,183.66,367.32
4072,1158,208,3,350.34,1051.02
4073,1159,48,4,355.11,1420.44
4074,1159,28,4,434.23,1736.92
4075,1160,79,2,440.1,880.2
4076,1160,10,1,330.8,330.8
4077,1160,80,4,24.61,98.44
4078,1161,204,2,207.96,415.92
4079,1161,203,2,362.8,725.6
4080,1161,31,4,499.38,1997.52
4081,1162,167,3,74.71,224.13
4082,1162,26,1,478.23,478.23
4083,1162,22,3,125.76,377.28
4084,1162,222,4,81.41,325.64
4085,1162,76,2,450.31,900.62
4086,1163,87,4,509.91,2039.64
4087,1164,71,1,594.55,594.55
4088,1164,150,3,377.06,1131.18
4089,1165,169,1,382.14,382.14
4090,1165,223,4,449.24,1796.96
4091,1166,72,1,91.12,91.12
4092,1166,90,3,138.74,416.22
4093,1167,204,3,207.96,623.88
4094,1167,227,3,454.43,1363.29
4095,1167,231,3,265.93,797.79
4096,1168,129,4,293.5,1174.0
4097,1168,175,3,93.86,281.58
4098,1168,106,4,162.6,650.4
4099,1168,210,1,141.37,141.37
4100,1168,135,4,298.38,1193.52
4101,1168,109,4,383.43,1533.72
4102,1169,188,2,503.7,1007.4
4103,1169,127,1,240.8,240.8
4104,1169,221,2,627.82,1255.64
4105,1169,186,4,232.01,928.04
4106,1169,248,3,188.2,564.6
4107,1170,134,2,224.13,448.26
4108,1170,50,1,120.19,120.19
4109,1171,154,2,342.09,684.18
4110,1171,243,3,358.78,1076.34
4111,1171,101,1,57.39,57.39
4112,1171,36,1,90.32,90.32
4113,1172,10,1,330.8,330.8
4114,1172,50,2,120.19,240.38
4115,1172,192,3,183.66,550.98
4116,1172,111,2,123.73,247.46
4117,1173,102,3,196.56,589.68
4118,1174,166,4,82.07,328.28
4119,1174,211,2,556.48,1112.96
4120,1174,65,2,346.0,692.0
4121,1174,206,2,225.13,450.26
4122,1174,16,4,70.43,281.72
4123,1175,43,2,349.47,698.94
4124,1175,166,1,82.07,82.07
4125,1175,237,2,52.77,105.54
4126,1175,119,3,142.86,428.58
4127,1176,144,4,47.39,189.56
4128,1177,95,1,320.04,320.04
4129,1177,193,1,164.42,164.42
4130,1178,29,1,218.87,218.87
4131,1178,16,3,70.43,211.29
4132,1178,5,2,148.93,297.86
4133,1178,146,4,118.88,475.52
4134,1178,94,4,512.7,2050.8
4135,1179,89,3,152.92,458.76
4136,1179,96,2,541.36,1082.72
4137,1179,175,2,93.86,187.72
4138,1179,78,2,302.79,605.58
4139,1179,230,4,350.4,1401.6
4140,1180,208,2,350.34,700.68
4141,1180,196,3,450.47,1351.41
4142,1180,64,1,110.72,110.72
4143,1181,85,1,164.19,164.19
4144,1181,69,1,297.02,297.02
4145,1181,126,3,291.18,873.54
4146,1181,189,2,603.72,1207.44
4147,1181,66,1,87.24,87.24
4148,1181,124,4,388.77,1555.08
4149,1182,199,2,94.94,189.88
4150,1182,73,3,200.84,602.52
4151,1182,85,2,164.19,328.38
4152,1182,120,2,32.48,64.96
4153,1183,34,3,43.41,130.23
4154,1183,111,2,123.73,247.46
4155,1183,174,3,460.49,1381.47
4156,1183,223,2,449.24,898.48
4157,1184,114,4,270.25,1081.0
4158,1184,164,4,320.2,1280.8
4159,1184,202,2,467.78,935.56
4160,1185,158,3,479.14,1437.42
4161,1185,90,1,138.74,138.74
4162,1185,130,3,60.89,182.67
4163,1185,204,4,207.96,831.84
4164,1186,105,3,58.11,174.33
4165,1186,188,4,503.7,2014.8
4166,1186,147,1,50.11,50.11
4167,1186,31,2,499.38,998.76
4168,1186,148,3,497.64,1492.92
4169,1186,1,4,541.39,2165.56
4170,1187,177,4,245.43,981.72
4171,1187,61,2,374.3,748.6
4172,1188,92,3,411.95,1235.85
4173,1188,141,4,133.58,534.32
4174,1188,212,1,454.26,454.26
4175,1188,163,1,268.64,268.64
4176,1189,7,1,53.23,53.23
4177,1189,140,4,359.22,1436.88
4178,1189,81,2,51.32,102.64
4179,1190,69,1,297.02,297.02
4180,1190,166,4,82.07,328.28
4181,1190,216,4,101.25,405.0
4182,1190,218,3,126.69,380.07
4183,1190,114,2,270.25,540.5
4184,1191,7,4,53.23,212.92
4185,1191,142,4,45.22,180.88
4186,1191,201,2,496.81,993.62
4187,1191,20,3,605.41,1816.23
4188,1191,46,4,188.18,752.72
4189,1191,23,3,276.19,828.57
4190,1192,99,4,205.29,821.16
4191,1193,33,1,102.45,102.45
4192,1193,105,3,58.11,174.33
4193,1193,142,4,45.22,180.88
4194,1193,26,1,478.23,478.23
4195,1193,145,3,362.85,1088.55
4196,1194,151,1,72.21,72.21
4197,1195,147,4,50.11,200.44
4198,1195,181,4,314.93,1259.72
4199,1195,149,4,212.48,849.92
4200,1195,32,2,610.06,1220.12
4201,1195,240,2,253.55,507.1
4202,1195,31,2,499.38,998.76
4203,1196,186,2,232.01,464.02
4204,1196,148,3,497.64,1492.92
4205,1197,116,2,108.97,217.94
4206,1198,168,3,316.03,948.09
4207,1198,107,1,233.92,233.92
4208,1199,15,1,578.04,578.04
4209,1200,114,4,270.25,1081.0
4210,1200,16,4,70.43,281.72
4211,1200,165,2,235.2,470.4
4212,1200,243,2,358.78,717.56
4213,1201,240,1,253.55,253.55
4214,1201,38,4,511.93,2047.72
4215,1201,82,3,212.44,637.32
4216,1201,181,1,314.93,314.93
4217,1201,24,2,28.9,57.8
4218,1201,37,3,43.6,130.8
4219,1202,164,2,320.2,640.4
4220,1202,133,1,310.77,310.77
4221,1203,3,2,142.45,284.9
4222,1203,168,4,316.03,1264.12
4223,1204,242,3,131.89,395.67
4224,1204,156,4,234.14,936.56
4225,1205,103,2,234.96,469.92
4226,1205,183,1,147.46,147.46
4227,1205,75,3,256.79,770.37
4228,1205,176,4,405.74,1622.96
4229,1206,155,1,219.1,219.1
4230,1206,52,1,135.78,135.78
4231,1206,56,2,238.95,477.9
4232,1207,170,4,287.23,1148.92
4233,1207,173,2,303.56,607.12
4234,1207,134,3,224.13,672.39
4235,1207,189,2,603.72,1207.44
4236,1207,215,2,238.44,476.88
4237,1208,243,4,358.78,1435.12
4238,1208,177,1,245.43,245.43
4239,1208,203,1,362.8,362.8
4240,1208,238,2,262.67,525.34
4241,1208,149,4,212.48,849.92
4242,1209,131,3,21.58,64.74
4243,1209,172,1,244.65,244.65
4244,1209,129,4,293.5,1174.0
4245,1209,221,2,627.82,1255.64
4246,1210,37,2,43.6,87.2
4247,1210,98,3,209.33,627.99
4248,1211,245,4,170.03,680.12
4249,1211,7,1,53.23,53.23
4250,1211,132,3,330.55,991.65
4251,1212,52,1,135.78,135.78
4252,1212,60,4,556.59,2226.36
4253,1212,75,1,256.79,256.79
4254,1212,245,4,170.03,680.12
4255,1212,98,1,209.33,209.33
4256,1213,138,2,371.13,742.26
4257,1213,144,1,47.39,47.39
4258,1214,97,1,316.97,316.97
4259,1214,29,3,218.87,656.61
4260,1215,158,1,479.14,479.14
4261,1215,207,3,490.29,1470.87
4262,1215,212,4,454.26,1817.04
4263,1215,145,2,362.85,725.7
4264,1215,93,1,296.33,296.33
4265,1215,180,3,394.23,1182.69
4266,1216,202,4,467.78,1871.12
4267,1217,127,2,240.8,481.6
4268,1217,213,1,266.98,266.98
4269,1217,134,4,224.13,896.52
4270,1217,81,2,51.32,102.64
4271,1218,169,4,382.14,1528.56
4272,1218,99,4,205.29,821.16
4273,1218,198,4,351.95,1407.8
4274,1218,66,2,87.24,174.48
4275,1218,250,3,34.9,104.7
4276,1218,119,3,142.86,428.58
4277,1219,82,3,212.44,637.32
4278,1219,97,1,316.97,316.97
4279,1219,142,2,45.22,90.44
4280,1219,11,1,312.03,312.03
4281,1219,227,3,454.43,1363.29
4282,1220,57,1,128.38,128.38
4283,1220,129,4,293.5,1174.0
4284,1221,137,4,205.25,821.0
4285,1221,236,1,58.2,58.2
4286,1221,103,3,234.96,704.88
4287,1221,234,4,244.66,978.64
4288,1221,116,3,108.97,326.91
4289,1221,59,1,395.91,395.91
4290,1222,158,2,479.14,958.28
4291,1222,154,3,342.09,1026.27
4292,1222,61,3,374.3,1122.9
4293,1222,181,1,314.93,314.93
4294,1222,49,4,529.8,2119.2
4295,1223,46,3,188.18,564.54
4296,1223,163,1,268.64,268.64
4297,1223,20,2,605.41,1210.82
4298,1223,5,4,148.93,595.72
4299,1224,54,4,60.89,243.56
4300,1225,144,1,47.39,47.39
4301,1225,1,1,541.39,541.39
4302,1225,164,4,320.2,1280.8
4303,1225,3,2,142.45,284.9
4304,1226,172,1,244.65,244.65
4305,1226,9,2,553.14,1106.28
4306,1226,211,2,556.48,1112.96
4307,1226,35,3,404.22,1212.66
4308,1227,114,3,270.25,810.75
4309,1227,177,1,245.43,245.43
4310,1227,164,3,320.2,960.6
4311,1227,205,2,383.07,766.14
4312,1227,188,3,503.7,1511.1
4313,1227,72,3,91.12,273.36
4314,1228,189,1,603.72,603.72
4315,1228,20,1,605.41,605.41
4316,1229,61,4,374.3,1497.2
4317,1229,248,3,188.2,564.6
4318,1229,71,1,594.55,594.55
4319,1229,201,3,496.81,1490.43
4320,1229,224,2,79.62,159.24
4321,1230,191,3,410.67,1232.01
4322,1230,159,1,223.33,223.33
4323,1230,82,1,212.44,212.44
4324,1230,153,3,415.24,1245.72
4325,1230,15,3,578.04,1734.12
4326,1230,227,1,454.43,454.43
4327,1231,119,1,142.86,142.86
4328,1231,105,3,58.11,174.33
4329,1231,78,2,302.79,605.58
4330,1232,47,3,595.74,1787.22
4331,1232,169,1,382.14,382.14
4332,1232,158,1,479.14,479.14
4333,1233,183,1,147.46,147.46
4334,1233,125,2,211.24,422.48
4335,1233,90,2,138.74,277.48
4336,1233,217,4,369.23,1476.92
4337,1233,128,4,197.5,790.0
4338,1233,24,4,28.9,115.6
4339,1234,52,1,135.78,135.78
4340,1234,168,2,316.03,632.06
4341,1234,46,4,188.18,752.72
4342,1235,54,3,60.89,182.67
4343,1235,36,2,90.32,180.64
4344,1236,88,1,347.53,347.53
4345,1236,99,3,205.29,615.87
4346,1236,234,3,244.66,733.98
4347,1236,218,4,126.69,506.76
4348,1237,120,4,32.48,129.92
4349,1237,164,3,320.2,960.6
4350,1238,167,3,74.71,224.13
4351,1238,139,4,250.55,1002.2
4352,1239,97,3,316.97,950.91
4353,1239,174,1,460.49,460.49
4354,1239,213,4,266.98,1067.92
4355,1240,106,3,162.6,487.8
4356,1240,223,3,449.24,1347.72
4357,1240,207,3,490.29,1470.87
4358,1240,117,4,300.72,1202.88
4359,1240,202,1,467.78,467.78
4360,1241,150,1,377.06,377.06
4361,1241,171,3,242.88,728.64
4362,1241,132,3,330.55,991.65
4363,1241,201,2,496.81,993.62
4364,1241,120,4,32.48,129.92
4365,1242,134,3,224.13,672.39
4366,1242,56,1,238.95,238.95
4367,1242,175,2,93.86,187.72
4368,1242,140,4,359.22,1436.88
4369,1243,215,2,238.44,476.88
4370,1243,207,1,490.29,490.29
4371,1244,225,3,242.67,728.01
4372,1245,13,4,249.16,996.64
4373,1246,98,1,209.33,209.33
4374,1246,82,2,212.44,424.88
4375,1246,104,2,287.63,575.26
4376,1246,153,4,415.24,1660.96
4377,1247,233,1,275.42,275.42
4378,1247,200,1,558.08,558.08
4379,1247,104,3,287.63,862.89
4380,1247,154,1,342.09,342.09
4381,1248,2,2,363.88,727.76
4382,1248,61,2,374.3,748.6
4383,1248,182,2,214.08,428.16
4384,1248,54,4,60.89,243.56
4385,1248,178,4,505.3,2021.2
4386,1249,143,3,155.0,465.0
4387,1249,99,4,205.29,821.16
4388,1250,29,2,218.87,437.74
4389,1250,146,4,118.88,475.52
4390,1251,21,3,574.25,1722.75
4391,1251,114,3,270.25,810.75
4392,1252,226,1,137.54,137.54
4393,1252,118,3,175.82,527.46
4394,1252,42,2,132.01,264.02
4395,1252,103,3,234.96,704.88
4396,1253,112,4,186.06,744.24
4397,1253,144,2,47.39,94.78
4398,1253,210,2,141.37,282.74
4399,1253,151,1,72.21,72.21
4400,1253,190,2,378.5,757.0
4401,1253,48,1,355.11,355.11
4402,1254,100,4,340.15,1360.6
4403,1254,37,4,43.6,174.4
4404,1255,117,4,300.72,1202.88
4405,1255,82,4,212.44,849.76
4406,1256,210,1,141.37,141.37
4407,1256,134,1,224.13,224.13
4408,1256,115,2,235.12,470.24
4409,1256,198,1,351.95,351.95
4410,1256,80,4,24.61,98.44
4411,1257,38,2,511.93,1023.86
4412,1257,236,1,58.2,58.2
4413,1257,25,4,277.57,1110.28
4414,1257,55,4,215.38,861.52
4415,1258,241,3,205.2,615.6
4416,1258,109,3,383.43,1150.29
4417,1258,67,2,136.1,272.2
4418,1259,180,3,394.23,1182.69
4419,1259,91,2,187.63,375.26
4420,1259,38,3,511.93,1535.79
4421,1259,19,1,464.34,464.34
4422,1260,203,2,362.8,725.6
4423,1261,250,4,34.9,139.6
4424,1262,174,2,460.49,920.98
4425,1262,183,1,147.46,147.46
4426,1262,222,3,81.41,244.23
4427,1262,74,4,355.67,1422.68
4428,1262,160,3,275.73,827.19
4429,1263,128,4,197.5,790.0
4430,1264,233,2,275.42,550.84
4431,1264,107,1,233.92,233.92
4432,1264,188,3,503.7,1511.1
4433,1264,193,1,164.42,164.42
4434,1265,160,1,275.73,275.73
4435,1265,18,3,55.2,165.6
4436,1266,124,1,388.77,388.77
4437,1266,20,4,605.41,2421.64
4438,1266,170,3,287.23,861.69
4439,1266,5,3,148.93,446.79
4440,1266,130,1,60.89,60.89
4441,1266,180,3,394.23,1182.69
4442,1267,79,3,440.1,1320.3
4443,1267,98,4,209.33,837.32
4444,1267,207,1,490.29,490.29
4445,1267,137,3,205.25,615.75
4446,1267,94,1,512.7,512.7
4447,1267,50,4,120.19,480.76
4448,1268,2,2,363.88,727.76
4449,1268,246,1,307.14,307.14
4450,1268,231,2,265.93,531.86
4451,1268,194,1,521.07,521.07
4452,1268,238,4,262.67,1050.68
4453,1269,66,2,87.24,174.48
4454,1270,15,4,578.04,2312.16
4455,1270,103,4,234.96,939.84
4456,1271,226,2,137.54,275.08
4457,1271,238,2,262.67,525.34
4458,1271,116,1,108.97,108.97
4459,1271,191,4,410.67,1642.68
4460,1271,202,4,467.78,1871.12
4461,1271,57,2,128.38,256.76
4462,1272,55,4,215.38,861.52
4463,1272,223,2,449.24,898.48
4464,1272,39,1,116.92,116.92
4465,1272,101,3,57.39,172.17
4466,1273,28,2,434.23,868.46
4467,1273,77,1,377.42,377.42
4468,1273,59,3,395.91,1187.73
4469,1274,62,3,185.84,557.52
4470,1274,43,1,349.47,349.47
4471,1274,137,4,205.25,821.0
4472,1274,215,4,238.44,953.76
4473,1274,154,3,342.09,1026.27
4474,1274,45,1,118.21,118.21
4475,1275,76,2,450.31,900.62
4476,1276,194,3,521.07,1563.21
4477,1276,56,3,238.95,716.85
4478,1276,115,2,235.12,470.24
4479,1276,18,3,55.2,165.6
4480,1276,227,1,454.43,454.43
4481,1277,242,4,131.89,527.56
4482,1277,10,3,330.8,992.4
4483,1277,217,1,369.23,369.23
4484,1277,4,2,352.75,705.5
4485,1277,129,3,293.5,880.5
4486,1278,147,3,50.11,150.33
4487,1278,71,2,594.55,1189.1
4488,1279,232,3,494.33,1482.99
4489,1279,168,2,316.03,632.06
4490,1280,202,2,467.78,935.56
4491,1280,14,4,301.65,1206.6
4492,1280,100,1,340.15,340.15
4493,1281,12,2,589.84,1179.68
4494,1282,42,2,132.01,264.02
4495,1283,239,3,38.46,115.38
4496,1283,143,4,155.0,620.0
4497,1283,213,4,266.98,1067.92
4498,1283,67,1,136.1,136.1
4499,1283,51,1,555.78,555.78
4500,1284,94,4,512.7,2050.8
4501,1284,185,3,339.64,1018.92
4502,1284,241,1,205.2,205.2
4503,1284,250,1,34.9,34.9
4504,1284,39,1,116.92,116.92
4505,1284,180,2,394.23,788.46
4506,1285,173,4,303.56,1214.24
4507,1285,118,3,175.82,527.46
4508,1285,250,3,34.9,104.7
4509,1285,181,4,314.93,1259.72
4510,1285,211,1,556.48,556.48
4511,1286,108,1,378.79,378.79
4512,1286,73,4,200.84,803.36
4513,1286,10,2,330.8,661.6
4514,1286,184,4,201.3,805.2
4515,1286,54,4,60.89,243.56
4516,1287,241,2,205.2,410.4
4517,1287,77,1,377.42,377.42
4518,1287,190,4,378.5,1514.0
4519,1288,48,4,355.11,1420.44
4520,1289,59,2,395.91,791.82
4521,1289,75,1,256.79,256.79
4522,1289,80,1,24.61,24.61
4523,1289,193,1,164.42,164.42
4524,1289,135,4,298.38,1193.52
4525,1289,126,2,291.18,582.36
4526,1290,103,3,234.96,704.88
4527,1291,188,1,503.7,503.7
4528,1291,239,4,38.46,153.84
4529,1292,203,4,362.8,1451.2
4530,1293,5,3,148.93,446.79
4531,1293,165,1,235.2,235.2
4532,1293,61,1,374.3,374.3
4533,1294,65,4,346.0,1384.0
4534,1294,151,1,72.21,72.21
4535,1294,128,4,197.5,790.0
4536,1295,133,1,310.77,310.77
4537,1295,159,2,223.33,446.66
4538,1296,92,1,411.95,411.95
4539,1296,18,2,55.2,110.4
4540,1296,144,4,47.39,189.56
4541,1296,141,4,133.58,534.32
4542,1297,109,2,383.43,766.86
4543,1297,42,4,132.01,528.04
4544,1298,247,4,32.63,130.52
4545,1298,248,4,188.2,752.8
4546,1298,33,3,102.45,307.35
4547,1298,61,3,374.3,1122.9
4548,1298,126,3,291.18,873.54
4549,1299,129,3,293.5,880.5
4550,1299,141,1,133.58,133.58
4551,1299,239,4,38.46,153.84
4552,1299,250,3,34.9,104.7
4553,1299,61,1,374.3,374.3
4554,1299,249,2,375.32,750.64
4555,1300,79,4,440.1,1760.4
4556,1300,207,3,490.29,1470.87
4557,1300,248,4,188.2,752.8
4558,1301,181,2,314.93,629.86
4559,1301,246,2,307.14,614.28
4560,1302,7,1,53.23,53.23
4561,1302,108,1,378.79,378.79
4562,1302,48,2,355.11,710.22
4563,1302,225,2,242.67,485.34
4564,1303,68,3,188.28,564.84
4565,1303,179,1,200.78,200.78
4566,1304,201,4,496.81,1987.24
4567,1304,200,3,558.08,1674.24
4568,1304,10,3,330.8,992.4
4569,1305,152,1,580.76,580.76
4570,1305,108,1,378.79,378.79
4571,1305,250,3,34.9,104.7
4572,1305,120,4,32.48,129.92
4573,1306,112,3,186.06,558.18
4574,1306,193,1,164.42,164.42
4575,1306,74,2,355.67,711.34
4576,1306,216,1,101.25,101.25
4577,1306,89,3,152.92,458.76
4578,1307,222,2,81.41,162.82
4579,1307,44,2,19.48,38.96
4580,1307,18,3,55.2,165.6
4581,1307,15,2,578.04,1156.08
4582,1307,146,4,118.88,475.52
4583,1307,65,3,346.0,1038.0
4584,1308,61,2,374.3,748.6
4585,1308,215,1,238.44,238.44
4586,1308,20,1,605.41,605.41
4587,1308,139,3,250.55,751.65
4588,1308,42,2,132.01,264.02
4589,1308,99,4,205.29,821.16
4590,1309,1,2,541.39,1082.78
4591,1310,71,1,594.55,594.55
4592,1310,54,1,60.89,60.89
4593,1310,210,1,141.37,141.37
4594,1310,29,2,218.87,437.74
4595,1310,160,3,275.73,827.19
4596,1310,177,3,245.43,736.29
4597,1311,45,1,118.21,118.21
4598,1312,110,2,524.57,1049.14
4599,1312,36,3,90.32,270.96
4600,1312,16,1,70.43,70.43
4601,1313,50,2,120.19,240.38
4602,1313,122,4,313.49,1253.96
4603,1313,173,3,303.56,910.68
4604,1313,177,2,245.43,490.86
4605,1313,218,2,126.69,253.38
4606,1314,144,2,47.39,94.78
4607,1314,34,3,43.41,130.23
4608,1314,6,3,478.9,1436.7
4609,1314,203,2,362.8,725.6
4610,1314,228,2,380.46,760.92
4611,1314,183,3,147.46,442.38
4612,1315,167,1,74.71,74.71
4613,1315,81,4,51.32,205.28
4614,1315,103,4,234.96,939.84
4615,1315,163,3,268.64,805.92
4616,1315,45,1,118.21,118.21
4617,1316,120,3,32.48,97.44
4618,1316,61,2,374.3,748.6
4619,1316,33,4,102.45,409.8
4620,1316,11,2,312.03,624.06
4621,1316,206,2,225.13,450.26
4622,1317,72,3,91.12,273.36
4623,1317,185,2,339.64,679.28
4624,1317,30,1,247.82,247.82
4625,1318,225,1,242.67,242.67
4626,1318,142,3,45.22,135.66
4627,1319,71,3,594.55,1783.65
4628,1319,236,2,58.2,116.4
4629,1319,50,3,120.19,360.57
4630,1319,19,3,464.34,1393.02
4631,1320,50,4,120.19,480.76
4632,1320,99,1,205.29,205.29
4633,1320,178,3,505.3,1515.9
4634,1320,41,1,245.1,245.1
4635,1320,111,4,123.73,494.92
4636,1320,7,1,53.23,53.23
4637,1321,248,2,188.2,376.4
4638,1321,92,2,411.95,823.9
4639,1321,154,4,342.09,1368.36
4640,1321,130,1,60.89,60.89
4641,1321,131,1,21.58,21.58
4642,1322,110,4,524.57,2098.28
4643,1322,116,1,108.97,108.97
4644,1323,58,2,307.4,614.8
4645,1324,98,1,209.33,209.33
4646,1324,77,1,377.42,377.42
4647,1324,152,2,580.76,1161.52
4648,1324,159,3,223.33,669.99
4649,1324,215,4,238.44,953.76
4650,1325,228,1,380.46,380.46
4651,1325,110,4,524.57,2098.28
4652,1325,129,4,293.5,1174.0
4653,1325,243,3,358.78,1076.34
4654,1325,1,2,541.39,1082.78
4655,1325,171,2,242.88,485.76
4656,1326,73,4,200.84,803.36
4657,1326,98,2,209.33,418.66
4658,1326,87,4,509.91,2039.64
4659,1326,62,1,185.84,185.84
4660,1326,217,2,369.23,738.46
4661,1327,17,1,555.46,555.46
4662,1327,1,1,541.39,541.39
4663,1327,144,3,47.39,142.17
4664,1328,90,2,138.74,277.48
4665,1328,112,2,186.06,372.12
4666,1328,189,4,603.72,2414.88
4667,1329,28,2,434.23,868.46
4668,1330,80,4,24.61,98.44
4669,1330,66,3,87.24,261.72
4670,1331,67,4,136.1,544.4
4671,1331,78,2,302.79,605.58
4672,1331,149,2,212.48,424.96
4673,1331,128,2,197.5,395.0
4674,1332,213,2,266.98,533.96
4675,1332,39,1,116.92,116.92
4676,1332,197,4,297.44,1189.76
4677,1332,4,2,352.75,705.5
4678,1332,23,3,276.19,828.57
4679,1333,220,3,168.03,504.09
4680,1333,40,1,450.37,450.37
4681,1333,204,1,207.96,207.96
4682,1333,106,1,162.6,162.6
4683,1334,52,3,135.78,407.34
4684,1334,240,3,253.55,760.65
4685,1334,156,2,234.14,468.28
4686,1335,52,1,135.78,135.78
4687,1335,127,3,240.8,722.4
4688,1335,54,2,60.89,121.78
4689,1336,145,4,362.85,1451.4
4690,1336,67,2,136.1,272.2
4691,1336,87,2,509.91,1019.82
4692,1336,59,3,395.91,1187.73
4693,1336,2,1,363.88,363.88
4694,1336,116,3,108.97,326.91
4695,1337,172,2,244.65,489.3
4696,1337,5,4,148.93,595.72
4697,1337,236,3,58.2,174.6
4698,1337,15,2,578.04,1156.08
4699,1337,245,3,170.03,510.09
4700,1338,75,4,256.79,1027.16
4701,1338,234,3,244.66,733.98
4702,1338,13,4,249.16,996.64
4703,1338,8,2,427.33,854.66
4704,1338,224,3,79.62,238.86
4705,1339,183,4,147.46,589.84
4706,1339,195,1,117.88,117.88
4707,1339,90,1,138.74,138.74
4708,1339,27,2,238.78,477.56
4709,1340,114,1,270.25,270.25
4710,1340,102,1,196.56,196.56
4711,1340,56,2,238.95,477.9
4712,1341,93,2,296.33,592.66
4713,1341,160,3,275.73,827.19
4714,1342,213,3,266.98,800.94
4715,1342,140,1,359.22,359.22
4716,1343,100,1,340.15,340.15
4717,1343,82,4,212.44,849.76
4718,1343,54,1,60.89,60.89
4719,1343,193,1,164.42,164.42
4720,1343,18,4,55.2,220.8
4721,1344,241,4,205.2,820.8
4722,1344,243,3,358.78,1076.34
4723,1344,132,1,330.55,330.55
4724,1344,108,4,378.79,1515.16
4725,1344,245,4,170.03,680.12
4726,1345,231,2,265.93,531.86
4727,1345,168,3,316.03,948.09
4728,1345,127,4,240.8,963.2
4729,1345,225,2,242.67,485.34
4730,1345,103,3,234.96,704.88
4731,1346,185,2,339.64,679.28
4732,1346,115,3,235.12,705.36
4733,1346,119,3,142.86,428.58
4734,1346,114,4,270.25,1081.0
4735,1346,73,4,200.84,803.36
4736,1347,214,4,288.6,1154.4
4737,1348,111,2,123.73,247.46
4738,1348,26,4,478.23,1912.92
4739,1349,204,1,207.96,207.96
4740,1349,182,2,214.08,428.16
4741,1349,114,3,270.25,810.75
4742,1349,85,1,164.19,164.19
4743,1350,29,3,218.87,656.61
4744,1350,209,1,101.66,101.66
4745,1350,88,3,347.53,1042.59
4746,1350,150,3,377.06,1131.18
4747,1351,39,2,116.92,233.84
4748,1351,206,4,225.13,900.52
4749,1351,28,1,434.23,434.23
4750,1352,34,3,43.41,130.23
4751,1352,122,2,313.49,626.98
4752,1352,24,4,28.9,115.6
4753,1352,40,3,450.37,1351.11
4754,1353,196,4,450.47,1801.88
4755,1353,16,4,70.43,281.72
4756,1353,146,3,118.88,356.64
4757,1353,216,4,101.25,405.0
4758,1354,160,3,275.73,827.19
4759,1354,231,4,265.93,1063.72
4760,1354,234,3,244.66,733.98
4761,1354,101,1,57.39,57.39
4762,1354,133,2,310.77,621.54
4763,1354,94,2,512.7,1025.4
4764,1355,128,2,197.5,395.0
4765,1355,179,3,200.78,602.34
4766,1355,9,4,553.14,2212.56
4767,1356,218,3,126.69,380.07
4768,1356,111,1,123.73,123.73
4769,1356,233,3,275.42,826.26
4770,1356,16,3,70.43,211.29
4771,1356,222,3,81.41,244.23
4772,1356,51,4,555.78,2223.12
4773,1357,203,3,362.8,1088.4
4774,1357,102,4,196.56,786.24
4775,1357,43,1,349.47,349.47
4776,1357,100,4,340.15,1360.6
4777,1357,91,2,187.63,375.26
4778,1358,231,1,265.93,265.93
4779,1358,169,4,382.14,1528.56
4780,1358,104,3,287.63,862.89
4781,1358,185,4,339.64,1358.56
4782,1358,127,3,240.8,722.4
4783,1358,11,1,312.03,312.03
4784,1359,206,3,225.13,675.39
4785,1359,149,3,212.48,637.44
4786,1359,88,4,347.53,1390.12
4787,1360,246,2,307.14,614.28
4788,1360,162,1,386.04,386.04
4789,1361,58,3,307.4,922.2
4790,1361,157,3,28.92,86.76
4791,1361,101,4,57.39,229.56
4792,1361,7,3,53.23,159.69
4793,1361,12,4,589.84,2359.36
4794,1361,124,2,388.77,777.54
4795,1362,168,3,316.03,948.09
4796,1362,111,2,123.73,247.46
4797,1362,24,1,28.9,28.9
4798,1362,148,1,497.64,497.64
4799,1362,66,3,87.24,261.72
4800,1363,64,3,110.72,332.16
4801,1364,138,3,371.13,1113.39
4802,1364,116,3,108.97,326.91
4803,1364,136,3,299.97,899.91
4804,1365,56,2,238.95,477.9
4805,1365,204,2,207.96,415.92
4806,1365,159,4,223.33,893.32
4807,1365,164,4,320.2,1280.8
4808,1365,38,1,511.93,511.93
4809,1365,215,3,238.44,715.32
4810,1366,41,2,245.1,490.2
4811,1367,43,3,349.47,1048.41
4812,1367,139,1,250.55,250.55
4813,1367,64,4,110.72,442.88
4814,1367,13,2,249.16,498.32
4815,1368,156,1,234.14,234.14
4816,1368,59,1,395.91,395.91
4817,1368,82,4,212.44,849.76
4818,1368,167,3,74.71,224.13
4819,1369,39,3,116.92,350.76
4820,1369,111,3,123.73,371.19
4821,1369,199,4,94.94,379.76
4822,1369,125,3,211.24,633.72
4823,1370,137,2,205.25,410.5
4824,1370,196,4,450.47,1801.88
4825,1370,231,3,265.93,797.79
4826,1370,153,1,415.24,415.24
4827,1371,239,3,38.46,115.38
4828,1371,103,2,234.96,469.92
4829,1371,75,4,256.79,1027.16
4830,1371,5,4,148.93,595.72
4831,1371,197,2,297.44,594.88
4832,1371,167,4,74.71,298.84
4833,1372,103,3,234.96,704.88
4834,1372,238,1,262.67,262.67
4835,1372,153,1,415.24,415.24
4836,1372,186,2,232.01,464.02
4837,1373,5,2,148.93,297.86
4838,1373,124,2,388.77,777.54
4839,1374,162,3,386.04,1158.12
4840,1374,101,1,57.39,57.39
4841,1374,96,1,541.36,541.36
4842,1374,220,3,168.03,504.09
4843,1374,85,2,164.19,328.38
4844,1374,214,4,288.6,1154.4
4845,1375,45,4,118.21,472.84
4846,1375,183,2,147.46,294.92
4847,1375,125,3,211.24,633.72
4848,1375,163,3,268.64,805.92
4849,1375,173,1,303.56,303.56
4850,1375,186,3,232.01,696.03
4851,1376,22,1,125.76,125.76
4852,1376,200,4,558.08,2232.32
4853,1377,236,3,58.2,174.6
4854,1378,119,3,142.86,428.58
4855,1379,78,2,302.79,605.58
4856,1379,17,1,555.46,555.46
4857,1379,244,4,423.65,1694.6
4858,1380,197,3,297.44,892.32
4859,1380,149,2,212.48,424.96
4860,1380,17,4,555.46,2221.84
4861,1380,189,1,603.72,603.72
4862,1381,144,4,47.39,189.56
4863,1381,227,4,454.43,1817.72
4864,1381,44,1,19.48,19.48
4865,1381,234,3,244.66,733.98
4866,1381,195,1,117.88,117.88
4867,1382,231,4,265.93,1063.72
4868,1382,170,4,287.23,1148.92
4869,1382,72,1,91.12,91.12
4870,1383,84,3,124.27,372.81
4871,1384,224,2,79.62,159.24
4872,1385,165,1,235.2,235.2
4873,1385,158,4,479.14,1916.56
4874,1385,164,1,320.2,320.2
4875,1385,103,4,234.96,939.84
4876,1385,146,1,118.88,118.88
4877,1385,117,1,300.72,300.72
4878,1386,59,4,395.91,1583.64
4879,1386,247,3,32.63,97.89
4880,1386,8,1,427.33,427.33
4881,1386,50,4,120.19,480.76
4882,1387,228,2,380.46,760.92
4883,1387,215,1,238.44,238.44
4884,1388,116,2,108.97,217.94
4885,1388,61,4,374.3,1497.2
4886,1388,41,2,245.1,490.2
4887,1388,20,1,605.41,605.41
4888,1388,7,2,53.23,106.46
4889,1388,15,4,578.04,2312.16
4890,1389,220,2,168.03,336.06
4891,1389,209,4,101.66,406.64
4892,1389,79,1,440.1,440.1
4893,1389,72,1,91.12,91.12
4894,1390,3,1,142.45,142.45
4895,1390,216,3,101.25,303.75
4896,1390,24,2,28.9,57.8
4897,1391,155,4,219.1,876.4
4898,1391,194,4,521.07,2084.28
4899,1391,162,2,386.04,772.08
4900,1391,233,2,275.42,550.84
4901,1391,91,4,187.63,750.52
4902,1392,137,1,205.25,205.25
4903,1392,164,4,320.2,1280.8
4904,1393,162,1,386.04,386.04
4905,1393,222,3,81.41,244.23
4906,1393,191,4,410.67,1642.68
4907,1393,247,3,32.63,97.89
4908,1393,150,2,377.06,754.12
4909,1393,28,2,434.23,868.46
4910,1394,135,4,298.38,1193.52
4911,1394,116,4,108.97,435.88
4912,1394,56,4,238.95,955.8
4913,1395,110,4,524.57,2098.28
4914,1395,46,3,188.18,564.54
4915,1395,197,2,297.44,594.88
4916,1395,34,4,43.41,173.64
4917,1396,160,1,275.73,275.73
4918,1396,158,3,479.14,1437.42
4919,1396,89,1,152.92,152.92
4920,1396,172,3,244.65,733.95
4921,1396,224,4,79.62,318.48
4922,1397,144,2,47.39,94.78
4923,1397,50,4,120.19,480.76
4924,1397,155,4,219.1,876.4
4925,1397,235,4,172.77,691.08
4926,1397,22,4,125.76,503.04
4927,1398,129,1,293.5,293.5
4928,1398,90,3,138.74,416.22
4929,1398,186,3,232.01,696.03
4930,1399,60,3,556.59,1669.77
4931,1399,56,3,238.95,716.85
4932,1399,68,4,188.28,753.12
4933,1399,173,2,303.56,607.12
4934,1399,156,1,234.14,234.14
4935,1399,12,4,589.84,2359.36
4936,1400,178,1,505.3,505.3
4937,1400,146,1,118.88,118.88
4938,1400,120,3,32.48,97.44
4939,1400,144,2,47.39,94.78
4940,1400,80,1,24.61,24.61
4941,1401,162,2,386.04,772.08
4942,1401,54,2,60.89,121.78
4943,1401,182,4,214.08,856.32
4944,1402,22,2,125.76,251.52
4945,1402,88,4,347.53,1390.12
4946,1403,30,2,247.82,495.64
4947,1404,13,2,249.16,498.32
4948,1404,57,4,128.38,513.52
4949,1404,171,4,242.88,971.52
4950,1404,62,1,185.84,185.84
4951,1405,146,3,118.88,356.64
4952,1405,56,4,238.95,955.8
4953,1405,79,2,440.1,880.2
4954,1405,55,2,215.38,430.76
4955,1405,235,1,172.77,172.77
4956,1405,179,1,200.78,200.78
4957,1406,193,1,164.42,164.42
4958,1406,155,2,219.1,438.2
4959,1406,80,4,24.61,98.44
4960,1407,154,4,342.09,1368.36
4961,1407,29,2,218.87,437.74
4962,1407,96,1,541.36,541.36
4963,1407,234,2,244.66,489.32
4964,1408,240,2,253.55,507.1
4965,1409,120,2,32.48,64.96
4966,1409,181,2,314.93,629.86
4967,1409,165,3,235.2,705.6
4968,1409,99,4,205.29,821.16
4969,1410,57,2,128.38,256.76
4970,1410,191,1,410.67,410.67
4971,1410,42,2,132.01,264.02
4972,1411,221,1,627.82,627.82
4973,1411,67,3,136.1,408.3
4974,1411,192,4,183.66,734.64
4975,1411,229,1,165.02,165.02
4976,1411,233,4,275.42,1101.68
4977,1412,85,2,164.19,328.38
4978,1412,105,3,58.11,174.33
4979,1412,74,4,355.67,1422.68
4980,1413,212,2,454.26,908.52
4981,1413,231,3,265.93,797.79
4982,1413,195,4,117.88,471.52
4983,1413,117,2,300.72,601.44
4984,1414,167,4,74.71,298.84
4985,1415,69,1,297.02,297.02
4986,1415,199,1,94.94,94.94
4987,1415,40,1,450.37,450.37
4988,1415,101,2,57.39,114.78
4989,1415,210,4,141.37,565.48
4990,1415,66,1,87.24,87.24
4991,1416,139,1,250.55,250.55
4992,1416,107,2,233.92,467.84
4993,1416,83,1,550.53,550.53
4994,1416,117,4,300.72,1202.88
4995,1416,209,4,101.66,406.64
4996,1416,62,1,185.84,185.84
4997,1417,115,4,235.12,940.48
4998,1418,115,3,235.12,705.36
4999,1418,71,3,594.55,1783.65
5000,1419,47,4,595.74,2382.96
5001,1419,36,2,90.32,180.64
5002,1419,208,1,350.34,350.34
5003,1419,247,2,32.63,65.26
5004,1419,196,2,450.47,900.94
5005,1420,7,4,53.23,212.92
5006,1421,48,2,355.11,710.22
5007,1422,235,3,172.77,518.31
5008,1422,183,4,147.46,589.84
5009,1422,98,1,209.33,209.33
5010,1422,107,4,233.92,935.68
5011,1423,239,3,38.46,115.38
5012,1423,52,2,135.78,271.56
5013,1423,147,3,50.11,150.33
5014,1423,87,2,509.91,1019.82
5015,1423,11,4,312.03,1248.12
5016,1424,193,2,164.42,328.84
5017,1424,35,3,404.22,1212.66
5018,1425,79,1,440.1,440.1
5019,1425,2,2,363.88,727.76
5020,1425,143,1,155.0,155.0
5021,1425,241,4,205.2,820.8
5022,1426,15,4,578.04,2312.16
5023,1427,181,1,314.93,314.93
5024,1428,62,1,185.84,185.84
5025,1428,227,4,454.43,1817.72
5026,1428,174,4,460.49,1841.96
5027,1428,104,4,287.63,1150.52
5028,1428,92,4,411.95,1647.8
5029,1428,98,1,209.33,209.33
5030,1429,224,2,79.62,159.24
5031,1429,156,3,234.14,702.42
5032,1430,113,4,411.77,1647.08
5033,1430,237,3,52.77,158.31
5034,1430,42,3,132.01,396.03
5035,1431,10,2,330.8,661.6
5036,1431,217,1,369.23,369.23
5037,1431,47,2,595.74,1191.48
5038,1431,210,1,141.37,141.37
5039,1432,4,2,352.75,705.5
5040,1432,99,1,205.29,205.29
5041,1432,129,4,293.5,1174.0
5042,1432,13,4,249.16,996.64
5043,1432,126,3,291.18,873.54
5044,1433,243,4,358.78,1435.12
5045,1433,242,3,131.89,395.67
5046,1433,75,1,256.79,256.79
5047,1434,119,1,142.86,142.86
5048,1434,180,2,394.23,788.46
5049,1434,83,2,550.53,1101.06
5050,1434,210,4,141.37,565.48
5051,1434,155,1,219.1,219.1
5052,1435,25,4,277.57,1110.28
5053,1435,207,3,490.29,1470.87
5054,1435,15,3,578.04,1734.12
5055,1435,77,2,377.42,754.84
5056,1436,21,1,574.25,574.25
5057,1436,113,2,411.77,823.54
5058,1436,164,4,320.2,1280.8
5059,1436,206,3,225.13,675.39
5060,1437,105,3,58.11,174.33
5061,1438,196,2,450.47,900.94
5062,1438,194,4,521.07,2084.28
5063,1438,125,2,211.24,422.48
5064,1439,232,3,494.33,1482.99
5065,1440,22,4,125.76,503.04
5066,1440,132,3,330.55,991.65
5067,1440,44,1,19.48,19.48
5068,1440,9,4,553.14,2212.56
5069,1440,217,4,369.23,1476.92
5070,1440,28,4,434.23,1736.92
5071,1441,205,4,383.07,1532.28
5072,1441,114,4,270.25,1081.0
5073,1442,236,1,58.2,58.2
5074,1442,88,1,347.53,347.53
5075,1442,10,1,330.8,330.8
5076,1442,133,2,310.77,621.54
5077,1442,170,4,287.23,1148.92
5078,1443,6,2,478.9,957.8
5079,1443,156,3,234.14,702.42
5080,1443,52,3,135.78,407.34
5081,1444,6,2,478.9,957.8
5082,1444,104,3,287.63,862.89
5083,1444,83,2,550.53,1101.06
5084,1444,127,4,240.8,963.2
5085,1445,114,1,270.25,270.25
5086,1445,44,2,19.48,38.96
5087,1446,66,2,87.24,174.48
5088,1446,218,3,126.69,380.07
5089,1446,122,4,313.49,1253.96
5090,1446,7,3,53.23,159.69
5091,1446,9,1,553.14,553.14
5092,1447,102,3,196.56,589.68
5093,1447,51,1,555.78,555.78
5094,1448,144,4,47.39,189.56
5095,1448,41,1,245.1,245.1
5096,1448,111,1,123.73,123.73
5097,1448,100,3,340.15,1020.45
5098,1448,110,1,524.57,524.57
5099,1448,178,2,505.3,1010.6
5100,1449,175,3,93.86,281.58
5101,1449,31,2,499.38,998.76
5102,1449,201,1,496.81,496.81
5103,1449,117,3,300.72,902.16
5104,1449,94,3,512.7,1538.1
5105,1449,160,4,275.73,1102.92
5106,1450,51,4,555.78,2223.12
5107,1450,138,4,371.13,1484.52
5108,1450,37,4,43.6,174.4
5109,1450,244,2,423.65,847.3
5110,1451,167,1,74.71,74.71
5111,1451,175,1,93.86,93.86
5112,1451,15,4,578.04,2312.16
5113,1452,202,3,467.78,1403.34
5114,1452,199,3,94.94,284.82
5115,1452,148,4,497.64,1990.56
5116,1452,5,2,148.93,297.86
5117,1452,183,3,147.46,442.38
5118,1453,229,3,165.02,495.06
5119,1453,70,3,473.53,1420.59
5120,1453,177,3,245.43,736.29
5121,1453,101,3,57.39,172.17
5122,1454,202,1,467.78,467.78
5123,1454,13,1,249.16,249.16
5124,1455,166,2,82.07,164.14
5125,1455,1,1,541.39,541.39
5126,1455,12,2,589.84,1179.68
5127,1455,125,2,211.24,422.48
5128,1456,219,3,383.42,1150.26
5129,1457,34,1,43.41,43.41
5130,1457,160,2,275.73,551.46
5131,1457,95,2,320.04,640.08
5132,1458,132,4,330.55,1322.2
5133,1458,83,3,550.53,1651.59
5134,1459,126,1,291.18,291.18
5135,1459,177,2,245.43,490.86
5136,1460,79,2,440.1,880.2
5137,1460,237,2,52.77,105.54
5138,1460,160,4,275.73,1102.92
5139,1460,148,4,497.64,1990.56
5140,1460,189,3,603.72,1811.16
5141,1460,59,1,395.91,395.91
5142,1461,47,4,595.74,2382.96
5143,1462,8,4,427.33,1709.32
5144,1463,37,3,43.6,130.8
5145,1464,20,2,605.41,1210.82
5146,1464,146,1,118.88,118.88
5147,1465,70,4,473.53,1894.12
5148,1465,83,2,550.53,1101.06
5149,1465,214,2,288.6,577.2
5150,1465,150,2,377.06,754.12
5151,1465,224,2,79.62,159.24
5152,1466,125,4,211.24,844.96
5153,1466,127,4,240.8,963.2
5154,1466,233,3,275.42,826.26
5155,1467,130,2,60.89,121.78
5156,1467,100,1,340.15,340.15
5157,1467,167,4,74.71,298.84
5158,1467,136,2,299.97,599.94
5159,1467,43,2,349.47,698.94
5160,1468,175,2,93.86,187.72
5161,1468,65,2,346.0,692.0
5162,1468,32,4,610.06,2440.24
5163,1468,25,4,277.57,1110.28
5164,1468,26,2,478.23,956.46
5165,1469,178,4,505.3,2021.2
5166,1470,203,4,362.8,1451.2
5167,1471,25,3,277.57,832.71
5168,1471,9,3,553.14,1659.42
5169,1471,121,4,418.51,1674.04
5170,1471,19,1,464.34,464.34
5171,1471,163,1,268.64,268.64
5172,1471,28,2,434.23,868.46
5173,1472,214,4,288.6,1154.4
5174,1472,240,2,253.55,507.1
5175,1472,157,4,28.92,115.68
5176,1472,140,1,359.22,359.22
5177,1473,139,2,250.55,501.1
5178,1473,174,2,460.49,920.98
5179,1473,40,2,450.37,900.74
5180,1473,80,4,24.61,98.44
5181,1474,99,1,205.29,205.29
5182,1475,227,1,454.43,454.43
5183,1475,204,3,207.96,623.88
5184,1475,66,2,87.24,174.48
5185,1476,220,4,168.03,672.12
5186,1476,181,2,314.93,629.86
5187,1477,248,2,188.2,376.4
5188,1478,158,4,479.14,1916.56
5189,1479,172,2,244.65,489.3
5190,1479,236,3,58.2,174.6
5191,1479,49,4,529.8,2119.2
5192,1479,118,3,175.82,527.46
5193,1479,64,2,110.72,221.44
5194,1480,40,2,450.37,900.74
5195,1480,55,2,215.38,430.76
5196,1480,241,2,205.2,410.4
5197,1481,180,1,394.23,394.23
5198,1481,40,3,450.37,1351.11
5199,1481,122,2,313.49,626.98
5200,1481,33,1,102.45,102.45
5201,1482,166,1,82.07,82.07
5202,1482,76,1,450.31,450.31
5203,1483,137,1,205.25,205.25
5204,1484,130,3,60.89,182.67
5205,1484,243,1,358.78,358.78
5206,1485,34,4,43.41,173.64
5207,1485,219,4,383.42,1533.68
5208,1485,36,2,90.32,180.64
5209,1486,116,3,108.97,326.91
5210,1486,240,2,253.55,507.1
5211,1486,151,2,72.21,144.42
5212,1486,22,3,125.76,377.28
5213,1487,5,2,148.93,297.86
5214,1488,244,3,423.65,1270.95
5215,1488,209,2,101.66,203.32
5216,1488,219,2,383.42,766.84
5217,1488,198,1,351.95,351.95
5218,1488,215,2,238.44,476.88
5219,1488,181,3,314.93,944.79
5220,1489,1,2,541.39,1082.78
5221,1489,58,2,307.4,614.8
5222,1489,18,3,55.2,165.6
5223,1490,233,2,275.42,550.84
5224,1490,30,2,247.82,495.64
5225,1490,192,1,183.66,183.66
5226,1490,164,4,320.2,1280.8
5227,1490,158,1,479.14,479.14
5228,1490,92,2,411.95,823.9
5229,1491,94,1,512.7,512.7
5230,1491,33,1,102.45,102.45
5231,1491,156,3,234.14,702.42
5232,1491,164,1,320.2,320.2
5233,1491,205,1,383.07,383.07
5234,1491,117,1,300.72,300.72
5235,1492,119,1,142.86,142.86
5236,1492,181,4,314.93,1259.72
5237,1492,176,4,405.74,1622.96
5238,1492,32,1,610.06,610.06
5239,1492,239,3,38.46,115.38
5240,1493,142,1,45.22,45.22
5241,1493,140,3,359.22,1077.66
5242,1493,179,1,200.78,200.78
5243,1493,172,4,244.65,978.6
5244,1493,51,4,555.78,2223.12
5245,1493,143,3,155.0,465.0
5246,1494,69,3,297.02,891.06
5247,1494,122,2,313.49,626.98
5248,1495,82,1,212.44,212.44
5249,1496,183,3,147.46,442.38
5250,1496,60,2,556.59,1113.18
5251,1496,56,3,238.95,716.85
5252,1496,176,1,405.74,405.74
5253,1496,235,4,172.77,691.08
5254,1497,182,4,214.08,856.32
5255,1497,208,1,350.34,350.34
5256,1497,138,3,371.13,1113.39
5257,1497,150,1,377.06,377.06
5258,1497,194,1,521.07,521.07
5259,1497,119,3,142.86,428.58
5260,1498,210,4,141.37,565.48
5261,1498,245,1,170.03,170.03
5262,1498,196,3,450.47,1351.41
5263,1498,154,4,342.09,1368.36
5264,1498,182,2,214.08,428.16
5265,1499,51,4,555.78,2223.12
5266,1500,205,4,383.07,1532.28
5267,1500,169,2,382.14,764.28
5268,1501,182,3,214.08,642.24
5269,1501,199,3,94.94,284.82
5270,1501,162,3,386.04,1158.12
5271,1501,127,1,240.8,240.8
5272,1502,220,3,168.03,504.09
5273,1503,92,1,411.95,411.95
5274,1503,141,1,133.58,133.58
5275,1504,225,3,242.67,728.01
5276,1504,70,2,473.53,947.06
5277,1505,209,3,101.66,304.98
5278,1505,222,4,81.41,325.64
5279,1505,49,2,529.8,1059.6
5280,1505,172,4,244.65,978.6
5281,1505,84,3,124.27,372.81
5282,1505,146,3,118.88,356.64
5283,1506,73,2,200.84,401.68
5284,1506,203,1,362.8,362.8
5285,1506,40,3,450.37,1351.11
5286,1506,179,4,200.78,803.12
5287,1507,81,2,51.32,102.64
5288,1507,199,2,94.94,189.88
5289,1507,18,3,55.2,165.6
5290,1507,186,3,232.01,696.03
5291,1507,84,1,124.27,124.27
5292,1508,46,3,188.18,564.54
5293,1508,162,4,386.04,1544.16
5294,1508,97,1,316.97,316.97
5295,1508,223,1,449.24,449.24
5296,1508,59,3,395.91,1187.73
5297,1508,138,3,371.13,1113.39
5298,1509,45,4,118.21,472.84
5299,1510,157,4,28.92,115.68
5300,1510,60,3,556.59,1669.77
5301,1510,111,4,123.73,494.92
5302,1510,193,4,164.42,657.68
5303,1510,160,2,275.73,551.46
5304,1511,97,4,316.97,1267.88
5305,1511,182,4,214.08,856.32
5306,1512,100,1,340.15,340.15
5307,1513,40,2,450.37,900.74
5308,1513,67,2,136.1,272.2
5309,1513,102,4,196.56,786.24
5310,1514,216,3,101.25,303.75
5311,1514,2,1,363.88,363.88
5312,1514,119,4,142.86,571.44
5313,1514,240,4,253.55,1014.2
5314,1514,115,2,235.12,470.24
5315,1514,140,4,359.22,1436.88
5316,1515,149,2,212.48,424.96
5317,1515,180,3,394.23,1182.69
5318,1515,152,3,580.76,1742.28
5319,1515,159,3,223.33,669.99
5320,1515,153,2,415.24,830.48
5321,1515,12,3,589.84,1769.52
5322,1516,9,2,553.14,1106.28
5323,1516,71,2,594.55,1189.1
5324,1516,214,1,288.6,288.6
5325,1517,69,3,297.02,891.06
5326,1517,226,1,137.54,137.54
5327,1517,191,4,410.67,1642.68
5328,1517,81,1,51.32,51.32
5329,1518,146,3,118.88,356.64
5330,1518,36,4,90.32,361.28
5331,1519,4,2,352.75,705.5
5332,1519,141,4,133.58,534.32
5333,1520,94,2,512.7,1025.4
5334,1520,218,1,126.69,126.69
5335,1520,42,1,132.01,132.01
5336,1520,38,3,511.93,1535.79
5337,1520,250,3,34.9,104.7
5338,1521,162,2,386.04,772.08
5339,1521,85,1,164.19,164.19
5340,1521,129,3,293.5,880.5
5341,1521,54,2,60.89,121.78
5342,1522,170,4,287.23,1148.92
5343,1522,61,2,374.3,748.6
5344,1522,215,1,238.44,238.44
5345,1522,125,4,211.24,844.96
5346,1523,153,1,415.24,415.24
5347,1523,136,4,299.97,1199.88
5348,1523,213,4,266.98,1067.92
5349,1524,102,3,196.56,589.68
5350,1524,109,1,383.43,383.43
5351,1524,214,3,288.6,865.8
5352,1524,234,3,244.66,733.98
5353,1525,101,3,57.39,172.17
5354,1525,143,2,155.0,310.0
5355,1526,11,2,312.03,624.06
5356,1527,67,4,136.1,544.4
5357,1528,32,3,610.06,1830.18
5358,1528,217,1,369.23,369.23
5359,1528,67,4,136.1,544.4
5360,1528,83,1,550.53,550.53
5361,1528,219,3,383.42,1150.26
5362,1528,208,4,350.34,1401.36
5363,1529,55,3,215.38,646.14
5364,1529,141,3,133.58,400.74
5365,1529,11,4,312.03,1248.12
5366,1529,184,4,201.3,805.2
5367,1530,202,4,467.78,1871.12
5368,1530,29,4,218.87,875.48
5369,1530,240,2,253.55,507.1
5370,1530,198,2,351.95,703.9
5371,1531,120,1,32.48,32.48
5372,1531,14,1,301.65,301.65
5373,1531,59,4,395.91,1583.64
5374,1531,216,1,101.25,101.25
5375,1531,220,4,168.03,672.12
5376,1532,52,2,135.78,271.56
5377,1532,83,3,550.53,1651.59
5378,1532,209,2,101.66,203.32
5379,1532,200,1,558.08,558.08
5380,1532,58,4,307.4,1229.6
5381,1533,31,2,499.38,998.76
5382,1533,189,3,603.72,1811.16
5383,1533,202,1,467.78,467.78
5384,1533,197,4,297.44,1189.76
5385,1534,22,3,125.76,377.28
5386,1534,107,3,233.92,701.76
5387,1534,70,1,473.53,473.53
5388,1535,210,1,141.37,141.37
5389,1535,202,4,467.78,1871.12
5390,1536,247,3,32.63,97.89
5391,1536,138,1,371.13,371.13
5392,1536,113,4,411.77,1647.08
5393,1536,68,3,188.28,564.84
5394,1536,146,4,118.88,475.52
5395,1537,183,2,147.46,294.92
5396,1537,146,1,118.88,118.88
5397,1537,126,3,291.18,873.54
5398,1538,159,2,223.33,446.66
5399,1538,48,1,355.11,355.11
5400,1538,157,3,28.92,86.76
5401,1539,198,2,351.95,703.9
5402,1539,35,4,404.22,1616.88
5403,1539,142,3,45.22,135.66
5404,1539,18,1,55.2,55.2
5405,1539,94,2,512.7,1025.4
5406,1539,239,2,38.46,76.92
5407,1540,250,2,34.9,69.8
5408,1541,120,1,32.48,32.48
5409,1542,130,4,60.89,243.56
5410,1542,227,4,454.43,1817.72
5411,1542,27,2,238.78,477.56
5412,1542,209,4,101.66,406.64
5413,1542,92,3,411.95,1235.85
5414,1542,84,2,124.27,248.54
5415,1543,74,1,355.67,355.67
5416,1543,59,3,395.91,1187.73
5417,1543,236,4,58.2,232.8
5418,1543,28,4,434.23,1736.92
5419,1544,158,3,479.14,1437.42
5420,1544,231,4,265.93,1063.72
5421,1544,10,1,330.8,330.8
5422,1545,80,3,24.61,73.83
5423,1545,46,4,188.18,752.72
5424,1545,95,1,320.04,320.04
5425,1545,40,2,450.37,900.74
5426,1545,118,1,175.82,175.82
5427,1545,212,4,454.26,1817.04
5428,1546,246,4,307.14,1228.56
5429,1546,106,3,162.6,487.8
5430,1546,179,2,200.78,401.56
5431,1546,171,4,242.88,971.52
5432,1546,159,3,223.33,669.99
5433,1547,238,2,262.67,525.34
5434,1548,2,2,363.88,727.76
5435,1548,25,2,277.57,555.14
5436,1548,79,4,440.1,1760.4
5437,1549,207,3,490.29,1470.87
5438,1549,129,2,293.5,587.0
5439,1549,3,4,142.45,569.8
5440,1549,144,4,47.39,189.56
5441,1550,169,3,382.14,1146.42
5442,1550,16,1,70.43,70.43
5443,1551,73,2,200.84,401.68
5444,1552,21,2,574.25,1148.5
5445,1552,20,3,605.41,1816.23
5446,1552,249,1,375.32,375.32
5447,1552,196,4,450.47,1801.88
5448,1552,152,1,580.76,580.76
5449,1553,27,3,238.78,716.34
5450,1553,102,3,196.56,589.68
5451,1553,153,2,415.24,830.48
5452,1553,73,2,200.84,401.68
5453,1553,222,4,81.41,325.64
5454,1553,200,1,558.08,558.08
5455,1554,220,1,168.03,168.03
5456,1554,4,4,352.75,1411.0
5457,1554,54,1,60.89,60.89
5458,1554,170,1,287.23,287.23
5459,1554,43,1,349.47,349.47
5460,1555,83,1,550.53,550.53
5461,1555,159,2,223.33,446.66
5462,1555,143,3,155.0,465.0
5463,1555,120,3,32.48,97.44
5464,1556,228,4,380.46,1521.84
5465,1556,152,1,580.76,580.76
5466,1556,200,4,558.08,2232.32
5467,1556,48,2,355.11,710.22
5468,1556,186,2,232.01,464.02
5469,1556,135,3,298.38,895.14
5470,1557,23,3,276.19,828.57
5471,1557,135,4,298.38,1193.52
5472,1557,116,2,108.97,217.94
5473,1557,156,4,234.14,936.56
5474,1558,220,2,168.03,336.06
5475,1558,202,2,467.78,935.56
5476,1558,68,2,188.28,376.56
5477,1558,235,2,172.77,345.54
5478,1558,170,2,287.23,574.46
5479,1559,70,4,473.53,1894.12
5480,1559,26,3,478.23,1434.69
5481,1560,72,4,91.12,364.48
5482,1560,174,3,460.49,1381.47
5483,1560,222,1,81.41,81.41
5484,1560,16,2,70.43,140.86
5485,1561,72,1,91.12,91.12
5486,1562,4,1,352.75,352.75
5487,1562,90,4,138.74,554.96
5488,1562,246,4,307.14,1228.56
5489,1563,198,3,351.95,1055.85
5490,1563,12,2,589.84,1179.68
5491,1564,109,2,383.43,766.86
5492,1564,213,4,266.98,1067.92
5493,1564,25,3,277.57,832.71
5494,1564,70,4,473.53,1894.12
5495,1564,222,3,81.41,244.23
5496,1565,171,1,242.88,242.88
5497,1565,172,4,244.65,978.6
5498,1565,77,1,377.42,377.42
5499,1565,189,1,603.72,603.72
5500,1565,115,2,235.12,470.24
5501,1565,159,1,223.33,223.33
5502,1566,210,2,141.37,282.74
5503,1567,147,1,50.11,50.11
5504,1567,248,4,188.2,752.8
5505,1568,143,3,155.0,465.0
5506,1569,34,4,43.41,173.64
5507,1569,74,2,355.67,711.34
5508,1569,5,3,148.93,446.79
5509,1570,3,4,142.45,569.8
5510,1570,239,1,38.46,38.46
5511,1570,165,2,235.2,470.4
5512,1571,113,1,411.77,411.77
5513,1572,221,4,627.82,2511.28
5514,1573,246,2,307.14,614.28
5515,1573,93,3,296.33,888.99
5516,1573,3,1,142.45,142.45
5517,1573,248,3,188.2,564.6
5518,1574,32,3,610.06,1830.18
5519,1574,209,2,101.66,203.32
5520,1575,109,2,383.43,766.86
5521,1575,125,2,211.24,422.48
5522,1576,224,3,79.62,238.86
5523,1576,67,3,136.1,408.3
5524,1577,139,3,250.55,751.65
5525,1577,21,1,574.25,574.25
5526,1577,190,2,378.5,757.0
5527,1577,22,4,125.76,503.04
5528,1578,247,3,32.63,97.89
5529,1578,100,3,340.15,1020.45
5530,1578,77,3,377.42,1132.26
5531,1578,121,2,418.51,837.02
5532,1579,190,3,378.5,1135.5
5533,1580,190,2,378.5,757.0
5534,1580,66,4,87.24,348.96
5535,1581,149,1,212.48,212.48
5536,1581,163,4,268.64,1074.56
5537,1581,54,2,60.89,121.78
5538,1581,171,1,242.88,242.88
5539,1581,143,1,155.0,155.0
5540,1582,51,2,555.78,1111.56
5541,1582,40,4,450.37,1801.48
5542,1582,25,4,277.57,1110.28
5543,1582,186,2,232.01,464.02
5544,1582,37,3,43.6,130.8
5545,1582,108,3,378.79,1136.37
5546,1583,79,1,440.1,440.1
5547,1583,159,3,223.33,669.99
5548,1583,35,3,404.22,1212.66
5549,1583,123,2,235.89,471.78
5550,1583,202,4,467.78,1871.12
5551,1583,29,1,218.87,218.87
5552,1584,243,4,358.78,1435.12
5553,1584,28,1,434.23,434.23
5554,1584,194,2,521.07,1042.14
5555,1585,96,2,541.36,1082.72
5556,1585,170,2,287.23,574.46
5557,1585,223,2,449.24,898.48
5558,1585,211,2,556.48,1112.96
5559,1585,152,1,580.76,580.76
5560,1585,189,3,603.72,1811.16
5561,1586,121,3,418.51,1255.53
5562,1586,92,3,411.95,1235.85
5563,1587,29,4,218.87,875.48
5564,1587,176,4,405.74,1622.96
5565,1587,168,2,316.03,632.06
5566,1587,216,2,101.25,202.5
5567,1587,10,2,330.8,661.6
5568,1588,125,1,211.24,211.24
5569,1589,210,3,141.37,424.11
5570,1589,68,4,188.28,753.12
5571,1589,79,2,440.1,880.2
5572,1589,176,4,405.74,1622.96
5573,1590,67,2,136.1,272.2
5574,1590,10,3,330.8,992.4
5575,1590,28,3,434.23,1302.69
5576,1590,148,1,497.64,497.64
5577,1590,78,4,302.79,1211.16
5578,1590,178,2,505.3,1010.6
5579,1591,245,1,170.03,170.03
5580,1591,177,4,245.43,981.72
5581,1591,9,3,553.14,1659.42
5582,1592,35,4,404.22,1616.88
5583,1592,31,3,499.38,1498.14
5584,1593,51,4,555.78,2223.12
5585,1593,121,1,418.51,418.51
5586,1593,218,3,126.69,380.07
5587,1593,106,1,162.6,162.6
5588,1593,33,1,102.45,102.45
5589,1594,146,3,118.88,356.64
5590,1594,196,4,450.47,1801.88
5591,1594,160,2,275.73,551.46
5592,1594,170,1,287.23,287.23
5593,1594,14,2,301.65,603.3
5594,1595,125,1,211.24,211.24
5595,1595,60,4,556.59,2226.36
5596,1595,37,2,43.6,87.2
5597,1595,155,4,219.1,876.4
5598,1595,231,2,265.93,531.86
5599,1595,22,4,125.76,503.04
5600,1596,67,4,136.1,544.4
5601,1596,203,4,362.8,1451.2
5602,1596,43,3,349.47,1048.41
5603,1596,66,4,87.24,348.96
5604,1596,195,4,117.88,471.52
5605,1597,185,3,339.64,1018.92
5606,1597,248,2,188.2,376.4
5607,1597,186,4,232.01,928.04
5608,1597,68,1,188.28,188.28
5609,1597,219,4,383.42,1533.68
5610,1597,38,4,511.93,2047.72
5611,1598,41,1,245.1,245.1
5612,1598,175,3,93.86,281.58
5613,1598,138,1,371.13,371.13
5614,1598,23,2,276.19,552.38
5615,1599,210,3,141.37,424.11
5616,1599,177,4,245.43,981.72
5617,1599,103,4,234.96,939.84
5618,1599,137,1,205.25,205.25
5619,1599,61,3,374.3,1122.9
5620,1600,68,2,188.28,376.56
5621,1601,206,3,225.13,675.39
5622,1601,79,1,440.1,440.1
5623,1601,10,1,330.8,330.8
5624,1602,131,2,21.58,43.16
5625,1602,239,1,38.46,38.46
5626,1602,210,3,141.37,424.11
5627,1602,222,4,81.41,325.64
5628,1603,228,1,380.46,380.46
5629,1603,214,3,288.6,865.8
5630,1603,121,4,418.51,1674.04
5631,1603,250,4,34.9,139.6
5632,1604,6,1,478.9,478.9
5633,1604,135,4,298.38,1193.52
5634,1605,2,2,363.88,727.76
5635,1605,152,2,580.76,1161.52
5636,1605,233,2,275.42,550.84
5637,1605,10,3,330.8,992.4
5638,1605,27,3,238.78,716.34
5639,1605,73,3,200.84,602.52
5640,1606,49,3,529.8,1589.4
5641,1606,125,3,211.24,633.72
5642,1607,71,2,594.55,1189.1
5643,1607,181,1,314.93,314.93
5644,1608,163,2,268.64,537.28
5645,1608,22,4,125.76,503.04
5646,1608,176,2,405.74,811.48
5647,1608,71,1,594.55,594.55
5648,1609,120,3,32.48,97.44
5649,1609,162,4,386.04,1544.16
5650,1609,131,3,21.58,64.74
5651,1609,32,1,610.06,610.06
5652,1609,144,1,47.39,47.39
5653,1609,151,3,72.21,216.63
5654,1610,47,3,595.74,1787.22
5655,1610,108,4,378.79,1515.16
5656,1610,112,1,186.06,186.06
5657,1610,133,3,310.77,932.31
5658,1610,148,4,497.64,1990.56
5659,1610,168,3,316.03,948.09
5660,1611,226,1,137.54,137.54
5661,1611,198,2,351.95,703.9
5662,1611,211,2,556.48,1112.96
5663,1611,216,2,101.25,202.5
5664,1611,169,2,382.14,764.28
5665,1611,227,1,454.43,454.43
5666,1612,3,1,142.45,142.45
5667,1612,33,2,102.45,204.9
5668,1612,238,1,262.67,262.67
5669,1612,81,3,51.32,153.96
5670,1612,46,2,188.18,376.36
5671,1613,85,4,164.19,656.76
5672,1614,195,3,117.88,353.64
5673,1614,137,1,205.25,205.25
5674,1614,138,2,371.13,742.26
5675,1614,179,4,200.78,803.12
5676,1614,13,2,249.16,498.32
5677,1615,230,2,350.4,700.8
5678,1616,100,1,340.15,340.15
5679,1616,128,4,197.5,790.0
5680,1616,221,3,627.82,1883.46
5681,1616,4,2,352.75,705.5
5682,1616,97,4,316.97,1267.88
5683,1617,115,3,235.12,705.36
5684,1618,86,4,431.1,1724.4
5685,1618,69,2,297.02,594.04
5686,1618,46,2,188.18,376.36
5687,1618,52,2,135.78,271.56
5688,1618,48,4,355.11,1420.44
5689,1618,212,1,454.26,454.26
5690,1619,186,1,232.01,232.01
5691,1619,175,3,93.86,281.58
5692,1619,29,3,218.87,656.61
5693,1619,160,4,275.73,1102.92
5694,1620,128,3,197.5,592.5
5695,1621,14,4,301.65,1206.6
5696,1621,27,4,238.78,955.12
5697,1621,98,4,209.33,837.32
5698,1622,227,1,454.43,454.43
5699,1622,47,2,595.74,1191.48
5700,1622,176,1,405.74,405.74
5701,1623,25,1,277.57,277.57
5702,1623,207,2,490.29,980.58
5703,1623,40,1,450.37,450.37
5704,1623,202,2,467.78,935.56
5705,1623,69,1,297.02,297.02
5706,1623,15,2,578.04,1156.08
5707,1624,69,3,297.02,891.06
5708,1624,221,3,627.82,1883.46
5709,1625,30,1,247.82,247.82
5710,1625,101,1,57.39,57.39
5711,1626,242,1,131.89,131.89
5712,1626,229,1,165.02,165.02
5713,1627,42,3,132.01,396.03
5714,1627,24,4,28.9,115.6
5715,1627,106,4,162.6,650.4
5716,1628,183,2,147.46,294.92
5717,1629,81,3,51.32,153.96
5718,1629,223,1,449.24,449.24
5719,1629,244,3,423.65,1270.95
5720,1629,14,4,301.65,1206.6
5721,1629,185,3,339.64,1018.92
5722,1630,230,1,350.4,350.4
5723,1630,137,4,205.25,821.0
5724,1630,8,4,427.33,1709.32
5725,1630,11,4,312.03,1248.12
5726,1630,126,4,291.18,1164.72
5727,1630,245,2,170.03,340.06
5728,1631,116,2,108.97,217.94
5729,1631,100,1,340.15,340.15
5730,1631,142,1,45.22,45.22
5731,1631,51,1,555.78,555.78
5732,1632,183,4,147.46,589.84
5733,1632,74,1,355.67,355.67
5734,1632,125,3,211.24,633.72
5735,1632,181,2,314.93,629.86
5736,1632,105,3,58.11,174.33
5737,1632,211,2,556.48,1112.96
5738,1633,77,2,377.42,754.84
5739,1633,103,4,234.96,939.84
5740,1633,69,1,297.02,297.02
5741,1633,140,1,359.22,359.22
5742,1633,25,3,277.57,832.71
5743,1634,195,3,117.88,353.64
5744,1634,214,1,288.6,288.6
5745,1634,35,1,404.22,404.22
5746,1634,124,4,388.77,1555.08
5747,1635,196,3,450.47,1351.41
5748,1636,82,2,212.44,424.88
5749,1636,152,3,580.76,1742.28
5750,1636,211,4,556.48,2225.92
5751,1636,243,3,358.78,1076.34
5752,1636,132,2,330.55,661.1
5753,1637,217,3,369.23,1107.69
5754,1637,103,3,234.96,704.88
5755,1638,116,2,108.97,217.94
5756,1639,171,2,242.88,485.76
5757,1639,237,2,52.77,105.54
5758,1639,149,3,212.48,637.44
5759,1639,200,3,558.08,1674.24
5760,1640,18,2,55.2,110.4
5761,1640,70,2,473.53,947.06
5762,1640,241,3,205.2,615.6
5763,1640,138,1,371.13,371.13
5764,1641,72,4,91.12,364.48
5765,1641,45,2,118.21,236.42
5766,1642,5,1,148.93,148.93
5767,1642,200,4,558.08,2232.32
5768,1642,182,1,214.08,214.08
5769,1642,239,2,38.46,76.92
5770,1642,218,4,126.69,506.76
5771,1643,95,2,320.04,640.08
5772,1644,224,3,79.62,238.86
5773,1644,66,4,87.24,348.96
5774,1644,3,4,142.45,569.8
5775,1645,9,3,553.14,1659.42
5776,1645,131,3,21.58,64.74
5777,1645,81,1,51.32,51.32
5778,1645,23,2,276.19,552.38
5779,1646,102,3,196.56,589.68
5780,1646,48,3,355.11,1065.33
5781,1646,73,2,200.84,401.68
5782,1646,119,3,142.86,428.58
5783,1647,97,1,316.97,316.97
5784,1648,10,4,330.8,1323.2
5785,1648,99,4,205.29,821.16
5786,1648,71,2,594.55,1189.1
5787,1648,115,4,235.12,940.48
5788,1648,183,1,147.46,147.46
5789,1649,226,1,137.54,137.54
5790,1649,175,3,93.86,281.58
5791,1649,46,1,188.18,188.18
5792,1649,95,2,320.04,640.08
5793,1649,39,1,116.92,116.92
5794,1650,20,4,605.41,2421.64
5795,1650,46,3,188.18,564.54
5796,1650,105,4,58.11,232.44
5797,1650,118,3,175.82,527.46
5798,1651,84,4,124.27,497.08
5799,1651,204,3,207.96,623.88
5800,1651,55,4,215.38,861.52
5801,1651,127,4,240.8,963.2
5802,1652,70,2,473.53,947.06
5803,1652,111,3,123.73,371.19
5804,1653,193,1,164.42,164.42
5805,1653,86,3,431.1,1293.3
5806,1653,114,2,270.25,540.5
5807,1653,8,4,427.33,1709.32
5808,1653,221,1,627.82,627.82
5809,1654,106,4,162.6,650.4
5810,1654,16,4,70.43,281.72
5811,1654,73,1,200.84,200.84
5812,1654,17,4,555.46,2221.84
5813,1654,55,3,215.38,646.14
5814,1654,75,2,256.79,513.58
5815,1655,21,2,574.25,1148.5
5816,1655,146,3,118.88,356.64
5817,1655,24,3,28.9,86.7
5818,1655,93,3,296.33,888.99
5819,1656,168,2,316.03,632.06
5820,1656,75,2,256.79,513.58
5821,1656,228,3,380.46,1141.38
5822,1657,2,1,363.88,363.88
5823,1657,172,4,244.65,978.6
5824,1658,11,1,312.03,312.03
5825,1658,76,4,450.31,1801.24
5826,1658,228,1,380.46,380.46
5827,1658,242,2,131.89,263.78
5828,1658,43,3,349.47,1048.41
5829,1659,31,4,499.38,1997.52
5830,1659,143,2,155.0,310.0
5831,1659,68,1,188.28,188.28
5832,1660,129,3,293.5,880.5
5833,1660,102,1,196.56,196.56
5834,1660,100,4,340.15,1360.6
5835,1660,107,1,233.92,233.92
5836,1660,139,2,250.55,501.1
5837,1660,204,1,207.96,207.96
5838,1661,152,2,580.76,1161.52
5839,1661,62,4,185.84,743.36
5840,1662,100,4,340.15,1360.6
5841,1662,167,3,74.71,224.13
5842,1662,137,1,205.25,205.25
5843,1662,13,2,249.16,498.32
5844,1662,111,3,123.73,371.19
5845,1662,182,3,214.08,642.24
5846,1663,143,2,155.0,310.0
5847,1663,66,4,87.24,348.96
5848,1663,114,2,270.25,540.5
5849,1663,125,3,211.24,633.72
5850,1663,158,3,479.14,1437.42
5851,1664,65,2,346.0,692.0
5852,1664,237,1,52.77,52.77
5853,1664,146,4,118.88,475.52
5854,1664,172,4,244.65,978.6
5855,1664,70,4,473.53,1894.12
5856,1664,72,3,91.12,273.36
5857,1665,105,4,58.11,232.44
5858,1665,237,1,52.77,52.77
5859,1665,43,2,349.47,698.94
5860,1665,141,3,133.58,400.74
5861,1666,221,3,627.82,1883.46
5862,1666,25,3,277.57,832.71
5863,1666,216,3,101.25,303.75
5864,1666,103,3,234.96,704.88
5865,1667,5,2,148.93,297.86
5866,1667,25,1,277.57,277.57
5867,1667,49,3,529.8,1589.4
5868,1667,58,2,307.4,614.8
5869,1668,55,2,215.38,430.76
5870,1668,248,3,188.2,564.6
5871,1668,27,3,238.78,716.34
5872,1668,129,2,293.5,587.0
5873,1669,109,1,383.43,383.43
5874,1669,198,2,351.95,703.9
5875,1670,146,3,118.88,356.64
5876,1670,89,4,152.92,611.68
5877,1670,237,4,52.77,211.08
5878,1670,108,2,378.79,757.58
5879,1670,129,1,293.5,293.5
5880,1671,101,1,57.39,57.39
5881,1671,83,4,550.53,2202.12
5882,1671,166,2,82.07,164.14
5883,1671,13,3,249.16,747.48
5884,1671,15,2,578.04,1156.08
5885,1671,117,2,300.72,601.44
5886,1672,130,4,60.89,243.56
5887,1672,186,4,232.01,928.04
5888,1673,180,1,394.23,394.23
5889,1673,34,3,43.41,130.23
5890,1673,237,3,52.77,158.31
5891,1673,20,2,605.41,1210.82
5892,1674,197,2,297.44,594.88
5893,1674,218,1,126.69,126.69
5894,1674,194,2,521.07,1042.14
5895,1674,216,2,101.25,202.5
5896,1674,188,1,503.7,503.7
5897,1674,109,3,383.43,1150.29
5898,1675,45,4,118.21,472.84
5899,1675,18,3,55.2,165.6
5900,1675,226,4,137.54,550.16
5901,1675,29,3,218.87,656.61
5902,1675,129,3,293.5,880.5
5903,1675,12,4,589.84,2359.36
5904,1676,179,1,200.78,200.78
5905,1677,137,4,205.25,821.0
5906,1677,142,2,45.22,90.44
5907,1677,208,1,350.34,350.34
5908,1677,110,4,524.57,2098.28
5909,1677,67,2,136.1,272.2
5910,1677,50,3,120.19,360.57
5911,1678,101,3,57.39,172.17
5912,1678,234,3,244.66,733.98
5913,1678,61,1,374.3,374.3
5914,1678,28,4,434.23,1736.92
5915,1678,122,3,313.49,940.47
5916,1679,168,3,316.03,948.09
5917,1679,9,1,553.14,553.14
5918,1680,138,1,371.13,371.13
5919,1680,203,2,362.8,725.6
5920,1680,162,3,386.04,1158.12
5921,1680,249,4,375.32,1501.28
5922,1680,226,4,137.54,550.16
5923,1680,146,2,118.88,237.76
5924,1681,186,2,232.01,464.02
5925,1682,140,3,359.22,1077.66
5926,1682,87,4,509.91,2039.64
5927,1682,144,1,47.39,47.39
5928,1683,93,1,296.33,296.33
5929,1683,240,2,253.55,507.1
5930,1683,55,1,215.38,215.38
5931,1684,47,2,595.74,1191.48
5932,1684,137,3,205.25,615.75
5933,1684,19,3,464.34,1393.02
5934,1684,247,2,32.63,65.26
5935,1685,80,1,24.61,24.61
5936,1685,216,1,101.25,101.25
5937,1685,221,4,627.82,2511.28
5938,1685,29,2,218.87,437.74
5939,1685,164,2,320.2,640.4
5940,1685,103,4,234.96,939.84
5941,1686,44,1,19.48,19.48
5942,1686,228,1,380.46,380.46
5943,1686,192,4,183.66,734.64
5944,1686,20,3,605.41,1816.23
5945,1687,1,4,541.39,2165.56
5946,1687,162,1,386.04,386.04
5947,1687,156,2,234.14,468.28
5948,1687,177,2,245.43,490.86
5949,1688,225,1,242.67,242.67
5950,1688,171,3,242.88,728.64
5951,1689,93,3,296.33,888.99
5952,1689,119,4,142.86,571.44
5953,1689,73,1,200.84,200.84
5954,1689,49,4,529.8,2119.2
5955,1690,111,1,123.73,123.73
5956,1691,41,1,245.1,245.1
5957,1691,9,1,553.14,553.14
5958,1692,39,3,116.92,350.76
5959,1693,41,1,245.1,245.1
5960,1693,14,2,301.65,603.3
5961,1693,127,4,240.8,963.2
5962,1693,81,1,51.32,51.32
5963,1694,231,2,265.93,531.86
5964,1694,230,2,350.4,700.8
5965,1695,70,1,473.53,473.53
5966,1695,180,1,394.23,394.23
5967,1695,81,4,51.32,205.28
5968,1695,235,1,172.77,172.77
5969,1695,130,1,60.89,60.89
5970,1696,111,3,123.73,371.19
5971,1697,244,4,423.65,1694.6
5972,1698,227,3,454.43,1363.29
5973,1698,125,1,211.24,211.24
5974,1698,127,2,240.8,481.6
5975,1699,88,1,347.53,347.53
5976,1699,130,1,60.89,60.89
5977,1699,193,1,164.42,164.42
5978,1699,3,1,142.45,142.45
5979,1699,134,1,224.13,224.13
5980,1700,115,4,235.12,940.48
5981,1701,25,3,277.57,832.71
5982,1702,233,4,275.42,1101.68
5983,1702,163,3,268.64,805.92
5984,1702,148,1,497.64,497.64
5985,1702,73,4,200.84,803.36
5986,1702,84,2,124.27,248.54
5987,1703,172,4,244.65,978.6
5988,1703,96,4,541.36,2165.44
5989,1704,223,4,449.24,1796.96
5990,1705,138,2,371.13,742.26
5991,1705,102,3,196.56,589.68
5992,1705,59,1,395.91,395.91
5993,1705,108,1,378.79,378.79
5994,1705,235,2,172.77,345.54
5995,1705,191,2,410.67,821.34
5996,1706,44,3,19.48,58.44
5997,1706,45,1,118.21,118.21
5998,1706,250,2,34.9,69.8
5999,1707,230,1,350.4,350.4
6000,1707,219,3,383.42,1150.26
6001,1708,109,2,383.43,766.86
6002,1708,196,2,450.47,900.94
6003,1708,182,3,214.08,642.24
6004,1708,101,3,57.39,172.17
6005,1708,141,4,133.58,534.32
6006,1709,168,3,316.03,948.09
6007,1709,185,4,339.64,1358.56
6008,1709,244,4,423.65,1694.6
6009,1710,223,2,449.24,898.48
6010,1710,72,2,91.12,182.24
6011,1710,190,3,378.5,1135.5
6012,1710,155,2,219.1,438.2
6013,1711,173,2,303.56,607.12
6014,1711,190,4,378.5,1514.0
6015,1711,88,2,347.53,695.06
6016,1712,55,1,215.38,215.38
6017,1712,43,2,349.47,698.94
6018,1712,178,2,505.3,1010.6
6019,1712,94,3,512.7,1538.1
6020,1712,108,4,378.79,1515.16
6021,1713,200,2,558.08,1116.16
6022,1713,119,3,142.86,428.58
6023,1713,230,3,350.4,1051.2
6024,1713,3,2,142.45,284.9
6025,1713,198,1,351.95,351.95
6026,1713,202,4,467.78,1871.12
6027,1714,171,2,242.88,485.76
6028,1714,156,2,234.14,468.28
6029,1715,244,1,423.65,423.65
6030,1715,114,4,270.25,1081.0
6031,1715,84,3,124.27,372.81
6032,1715,133,3,310.77,932.31
6033,1715,43,1,349.47,349.47
6034,1716,227,4,454.43,1817.72
6035,1716,195,2,117.88,235.76
6036,1717,6,1,478.9,478.9
6037,1717,34,1,43.41,43.41
6038,1718,146,3,118.88,356.64
6039,1718,246,3,307.14,921.42
6040,1718,35,3,404.22,1212.66
6041,1719,64,2,110.72,221.44
6042,1719,20,3,605.41,1816.23
6043,1719,36,1,90.32,90.32
6044,1719,159,4,223.33,893.32
6045,1719,27,1,238.78,238.78
6046,1719,9,3,553.14,1659.42
6047,1720,15,4,578.04,2312.16
6048,1720,88,4,347.53,1390.12
6049,1721,191,2,410.67,821.34
6050,1721,147,2,50.11,100.22
6051,1721,223,3,449.24,1347.72
6052,1721,49,1,529.8,529.8
6053,1722,93,4,296.33,1185.32
6054,1722,249,3,375.32,1125.96
6055,1723,220,2,168.03,336.06
6056,1723,29,2,218.87,437.74
6057,1724,118,2,175.82,351.64
6058,1724,217,4,369.23,1476.92
6059,1724,147,2,50.11,100.22
6060,1724,146,1,118.88,118.88
6061,1725,250,3,34.9,104.7
6062,1725,71,4,594.55,2378.2
6063,1725,230,1,350.4,350.4
6064,1726,144,2,47.39,94.78
6065,1727,234,3,244.66,733.98
6066,1727,209,2,101.66,203.32
6067,1728,196,3,450.47,1351.41
6068,1728,218,3,126.69,380.07
6069,1728,217,1,369.23,369.23
6070,1728,114,3,270.25,810.75
6071,1728,13,2,249.16,498.32
6072,1728,98,4,209.33,837.32
6073,1729,231,2,265.93,531.86
6074,1729,59,2,395.91,791.82
6075,1729,3,1,142.45,142.45
6076,1729,13,4,249.16,996.64
6077,1729,192,2,183.66,367.32
6078,1729,35,2,404.22,808.44
6079,1730,188,2,503.7,1007.4
6080,1730,91,1,187.63,187.63
6081,1730,110,1,524.57,524.57
6082,1730,127,3,240.8,722.4
6083,1730,195,4,117.88,471.52
6084,1730,100,3,340.15,1020.45
6085,1731,154,4,342.09,1368.36
6086,1731,105,2,58.11,116.22
6087,1731,7,3,53.23,159.69
6088,1731,132,2,330.55,661.1
6089,1731,192,4,183.66,734.64
6090,1732,246,2,307.14,614.28
6091,1732,146,3,118.88,356.64
6092,1732,247,3,32.63,97.89
6093,1732,212,1,454.26,454.26
6094,1733,232,1,494.33,494.33
6095,1733,83,4,550.53,2202.12
6096,1733,1,2,541.39,1082.78
6097,1733,27,3,238.78,716.34
6098,1733,172,3,244.65,733.95
6099,1733,45,2,118.21,236.42
6100,1734,178,3,505.3,1515.9
6101,1734,36,1,90.32,90.32
6102,1734,110,4,524.57,2098.28
6103,1734,70,2,473.53,947.06
6104,1734,179,2,200.78,401.56
6105,1734,142,1,45.22,45.22
6106,1735,165,1,235.2,235.2
6107,1735,130,1,60.89,60.89
6108,1735,54,2,60.89,121.78
6109,1735,156,2,234.14,468.28
6110,1735,143,4,155.0,620.0
6111,1736,184,3,201.3,603.9
6112,1736,138,1,371.13,371.13
6113,1736,153,4,415.24,1660.96
6114,1736,114,1,270.25,270.25
6115,1737,241,1,205.2,205.2
6116,1737,140,1,359.22,359.22
6117,1737,142,3,45.22,135.66
6118,1737,155,3,219.1,657.3
6119,1737,181,2,314.93,629.86
6120,1738,93,3,296.33,888.99
6121,1738,92,2,411.95,823.9
6122,1738,244,1,423.65,423.65
6123,1738,109,3,383.43,1150.29
6124,1738,225,4,242.67,970.68
6125,1739,152,4,580.76,2323.04
6126,1739,140,3,359.22,1077.66
6127,1739,50,3,120.19,360.57
6128,1739,233,3,275.42,826.26
6129,1739,148,3,497.64,1492.92
6130,1740,154,1,342.09,342.09
6131,1740,137,1,205.25,205.25
6132,1741,144,3,47.39,142.17
6133,1741,94,2,512.7,1025.4
6134,1741,31,4,499.38,1997.52
6135,1741,13,4,249.16,996.64
6136,1741,244,1,423.65,423.65
6137,1741,82,3,212.44,637.32
6138,1742,249,4,375.32,1501.28
6139,1742,228,3,380.46,1141.38
6140,1742,106,4,162.6,650.4
6141,1742,192,1,183.66,183.66
6142,1743,13,4,249.16,996.64
6143,1743,152,3,580.76,1742.28
6144,1743,59,4,395.91,1583.64
6145,1743,136,4,299.97,1199.88
6146,1744,7,1,53.23,53.23
6147,1744,130,3,60.89,182.67
6148,1744,95,2,320.04,640.08
6149,1745,10,1,330.8,330.8
6150,1746,228,2,380.46,760.92
6151,1746,86,1,431.1,431.1
6152,1746,11,4,312.03,1248.12
6153,1746,181,2,314.93,629.86
6154,1746,68,1,188.28,188.28
6155,1747,84,1,124.27,124.27
6156,1747,22,2,125.76,251.52
6157,1747,220,1,168.03,168.03
6158,1748,80,4,24.61,98.44
6159,1748,71,4,594.55,2378.2
6160,1748,207,3,490.29,1470.87
6161,1748,216,3,101.25,303.75
6162,1748,246,1,307.14,307.14
6163,1749,247,1,32.63,32.63
6164,1749,188,1,503.7,503.7
6165,1749,106,3,162.6,487.8
6166,1749,54,1,60.89,60.89
6167,1749,74,2,355.67,711.34
6168,1749,44,4,19.48,77.92
6169,1750,128,4,197.5,790.0
6170,1750,50,3,120.19,360.57
6171,1751,243,1,358.78,358.78
6172,1751,40,2,450.37,900.74
6173,1751,38,3,511.93,1535.79
6174,1751,20,4,605.41,2421.64
6175,1752,158,3,479.14,1437.42
6176,1753,26,3,478.23,1434.69
6177,1753,14,3,301.65,904.95
6178,1753,153,2,415.24,830.48
6179,1753,17,2,555.46,1110.92
6180,1753,149,4,212.48,849.92
6181,1754,181,3,314.93,944.79
6182,1754,128,4,197.5,790.0
6183,1754,129,2,293.5,587.0
6184,1754,193,4,164.42,657.68
6185,1755,226,4,137.54,550.16
6186,1755,138,4,371.13,1484.52
6187,1755,103,2,234.96,469.92
6188,1755,29,4,218.87,875.48
6189,1755,117,3,300.72,902.16
6190,1756,229,1,165.02,165.02
6191,1756,213,2,266.98,533.96
6192,1757,80,1,24.61,24.61
6193,1757,98,1,209.33,209.33
6194,1757,40,3,450.37,1351.11
6195,1758,231,3,265.93,797.79
6196,1758,18,3,55.2,165.6
6197,1758,237,4,52.77,211.08
6198,1758,134,1,224.13,224.13
6199,1758,150,2,377.06,754.12
6200,1759,40,3,450.37,1351.11
6201,1759,18,3,55.2,165.6
6202,1759,227,4,454.43,1817.72
6203,1759,101,2,57.39,114.78
6204,1759,222,2,81.41,162.82
6205,1759,19,2,464.34,928.68
6206,1760,28,2,434.23,868.46
6207,1760,241,1,205.2,205.2
6208,1760,170,4,287.23,1148.92
6209,1760,224,4,79.62,318.48
6210,1760,32,3,610.06,1830.18
6211,1761,220,3,168.03,504.09
6212,1761,190,3,378.5,1135.5
6213,1762,109,1,383.43,383.43
6214,1762,93,1,296.33,296.33
6215,1762,51,4,555.78,2223.12
6216,1762,75,1,256.79,256.79
6217,1763,226,1,137.54,137.54
6218,1763,129,4,293.5,1174.0
6219,1763,247,2,32.63,65.26
6220,1763,153,3,415.24,1245.72
6221,1763,123,2,235.89,471.78
6222,1763,219,4,383.42,1533.68
6223,1764,135,3,298.38,895.14
6224,1765,175,1,93.86,93.86
6225,1765,127,2,240.8,481.6
6226,1765,64,1,110.72,110.72
6227,1765,52,4,135.78,543.12
6228,1766,248,2,188.2,376.4
6229,1766,243,1,358.78,358.78
6230,1767,224,1,79.62,79.62
6231,1767,217,4,369.23,1476.92
6232,1767,183,4,147.46,589.84
6233,1768,185,2,339.64,679.28
6234,1768,154,3,342.09,1026.27
6235,1768,162,2,386.04,772.08
6236,1768,106,4,162.6,650.4
6237,1769,111,2,123.73,247.46
6238,1769,143,3,155.0,465.0
6239,1769,8,2,427.33,854.66
6240,1769,44,2,19.48,38.96
6241,1770,224,3,79.62,238.86
6242,1770,149,2,212.48,424.96
6243,1771,75,1,256.79,256.79
6244,1772,34,1,43.41,43.41
6245,1773,16,4,70.43,281.72
6246,1774,245,1,170.03,170.03
6247,1775,230,2,350.4,700.8
6248,1775,133,1,310.77,310.77
6249,1775,2,4,363.88,1455.52
6250,1775,97,1,316.97,316.97
6251,1775,38,2,511.93,1023.86
6252,1775,65,2,346.0,692.0
6253,1776,116,3,108.97,326.91
6254,1776,144,1,47.39,47.39
6255,1776,174,1,460.49,460.49
6256,1776,147,2,50.11,100.22
6257,1776,206,1,225.13,225.13
6258,1776,104,2,287.63,575.26
6259,1777,78,4,302.79,1211.16
6260,1777,155,1,219.1,219.1
6261,1777,201,4,496.81,1987.24
6262,1777,52,2,135.78,271.56
6263,1778,107,4,233.92,935.68
6264,1778,77,2,377.42,754.84
6265,1779,209,2,101.66,203.32
6266,1779,172,4,244.65,978.6
6267,1779,126,1,291.18,291.18
6268,1779,25,4,277.57,1110.28
6269,1779,217,3,369.23,1107.69
6270,1779,40,4,450.37,1801.48
6271,1780,60,3,556.59,1669.77
6272,1780,126,3,291.18,873.54
6273,1780,96,4,541.36,2165.44
6274,1780,31,1,499.38,499.38
6275,1780,115,1,235.12,235.12
6276,1780,105,4,58.11,232.44
6277,1781,199,4,94.94,379.76
6278,1781,206,3,225.13,675.39
6279,1781,68,4,188.28,753.12
6280,1781,24,3,28.9,86.7
6281,1782,91,1,187.63,187.63
6282,1782,232,2,494.33,988.66
6283,1782,140,1,359.22,359.22
6284,1782,78,2,302.79,605.58
6285,1782,206,2,225.13,450.26
6286,1783,69,4,297.02,1188.08
6287,1783,66,2,87.24,174.48
6288,1783,130,2,60.89,121.78
6289,1783,230,2,350.4,700.8
6290,1784,196,3,450.47,1351.41
6291,1785,118,4,175.82,703.28
6292,1785,101,2,57.39,114.78
6293,1786,113,4,411.77,1647.08
6294,1786,14,2,301.65,603.3
6295,1786,144,4,47.39,189.56
6296,1786,27,1,238.78,238.78
6297,1787,126,2,291.18,582.36
6298,1787,233,3,275.42,826.26
6299,1787,186,4,232.01,928.04
6300,1788,8,2,427.33,854.66
6301,1788,175,1,93.86,93.86
6302,1788,122,3,313.49,940.47
6303,1788,5,4,148.93,595.72
6304,1789,147,4,50.11,200.44
6305,1789,106,4,162.6,650.4
6306,1789,92,4,411.95,1647.8
6307,1789,91,2,187.63,375.26
6308,1790,16,2,70.43,140.86
6309,1790,208,3,350.34,1051.02
6310,1790,177,3,245.43,736.29
6311,1790,183,4,147.46,589.84
6312,1791,100,2,340.15,680.3
6313,1792,152,2,580.76,1161.52
6314,1792,111,4,123.73,494.92
6315,1793,24,4,28.9,115.6
6316,1793,157,4,28.92,115.68
6317,1793,134,3,224.13,672.39
6318,1794,23,4,276.19,1104.76
6319,1795,38,1,511.93,511.93
6320,1796,198,3,351.95,1055.85
6321,1796,231,4,265.93,1063.72
6322,1796,213,2,266.98,533.96
6323,1796,81,3,51.32,153.96
6324,1796,210,1,141.37,141.37
6325,1796,85,3,164.19,492.57
6326,1797,201,2,496.81,993.62
6327,1797,115,3,235.12,705.36
6328,1798,17,4,555.46,2221.84
6329,1798,32,3,610.06,1830.18
6330,1798,92,4,411.95,1647.8
6331,1798,114,4,270.25,1081.0
6332,1798,128,4,197.5,790.0
6333,1798,203,3,362.8,1088.4
6334,1799,227,3,454.43,1363.29
6335,1799,43,3,349.47,1048.41
6336,1799,58,3,307.4,922.2
6337,1799,76,1,450.31,450.31
6338,1799,29,2,218.87,437.74
6339,1799,209,3,101.66,304.98
6340,1800,232,1,494.33,494.33
6341,1800,79,3,440.1,1320.3
6342,1800,102,3,196.56,589.68
6343,1800,29,3,218.87,656.61
6344,1801,38,1,511.93,511.93
6345,1802,80,3,24.61,73.83
6346,1802,59,2,395.91,791.82
6347,1802,14,3,301.65,904.95
6348,1803,180,3,394.23,1182.69
6349,1803,82,4,212.44,849.76
6350,1803,133,1,310.77,310.77
6351,1803,109,3,383.43,1150.29
6352,1803,236,3,58.2,174.6
6353,1804,158,4,479.14,1916.56
6354,1804,166,3,82.07,246.21
6355,1804,83,2,550.53,1101.06
6356,1805,217,2,369.23,738.46
6357,1806,19,3,464.34,1393.02
6358,1806,205,1,383.07,383.07
6359,1807,70,1,473.53,473.53
6360,1807,211,3,556.48,1669.44
6361,1808,165,4,235.2,940.8
6362,1808,133,2,310.77,621.54
6363,1808,11,2,312.03,624.06
6364,1808,79,1,440.1,440.1
6365,1808,145,4,362.85,1451.4
6366,1809,181,1,314.93,314.93
6367,1810,10,4,330.8,1323.2
6368,1810,21,1,574.25,574.25
6369,1810,133,3,310.77,932.31
6370,1811,218,3,126.69,380.07
6371,1812,85,1,164.19,164.19
6372,1812,48,4,355.11,1420.44
6373,1813,78,1,302.79,302.79
6374,1813,56,3,238.95,716.85
6375,1813,57,1,128.38,128.38
6376,1813,100,1,340.15,340.15
6377,1814,25,1,277.57,277.57
6378,1815,194,1,521.07,521.07
6379,1816,31,2,499.38,998.76
6380,1817,114,4,270.25,1081.0
6381,1817,205,3,383.07,1149.21
6382,1817,157,1,28.92,28.92
6383,1817,42,1,132.01,132.01
6384,1818,57,3,128.38,385.14
6385,1818,185,4,339.64,1358.56
6386,1819,16,3,70.43,211.29
6387,1819,100,2,340.15,680.3
6388,1819,164,1,320.2,320.2
6389,1820,16,3,70.43,211.29
6390,1820,83,4,550.53,2202.12
6391,1820,224,2,79.62,159.24
6392,1820,245,1,170.03,170.03
6393,1821,249,1,375.32,375.32
6394,1821,239,3,38.46,115.38
6395,1821,128,4,197.5,790.0
6396,1821,159,4,223.33,893.32
6397,1821,190,2,378.5,757.0
6398,1821,113,2,411.77,823.54
6399,1822,12,2,589.84,1179.68
6400,1823,131,4,21.58,86.32
6401,1823,232,1,494.33,494.33
6402,1823,115,1,235.12,235.12
6403,1824,47,2,595.74,1191.48
6404,1825,31,2,499.38,998.76
6405,1825,75,4,256.79,1027.16
6406,1826,137,3,205.25,615.75
6407,1826,172,3,244.65,733.95
6408,1826,21,4,574.25,2297.0
6409,1826,134,2,224.13,448.26
6410,1826,13,1,249.16,249.16
6411,1827,160,3,275.73,827.19
6412,1827,47,3,595.74,1787.22
6413,1827,66,3,87.24,261.72
6414,1827,75,3,256.79,770.37
6415,1828,136,2,299.97,599.94
6416,1829,80,3,24.61,73.83
6417,1829,148,2,497.64,995.28
6418,1829,138,4,371.13,1484.52
6419,1829,203,1,362.8,362.8
6420,1829,151,4,72.21,288.84
6421,1830,135,3,298.38,895.14
6422,1830,171,4,242.88,971.52
6423,1830,219,4,383.42,1533.68
6424,1830,180,3,394.23,1182.69
6425,1830,221,4,627.82,2511.28
6426,1831,1,3,541.39,1624.17
6427,1831,113,2,411.77,823.54
6428,1832,202,2,467.78,935.56
6429,1833,173,2,303.56,607.12
6430,1833,35,2,404.22,808.44
6431,1833,112,3,186.06,558.18
6432,1834,206,3,225.13,675.39
6433,1834,40,3,450.37,1351.11
6434,1834,44,3,19.48,58.44
6435,1835,8,1,427.33,427.33
6436,1835,134,2,224.13,448.26
6437,1835,36,4,90.32,361.28
6438,1835,200,4,558.08,2232.32
6439,1836,100,2,340.15,680.3
6440,1836,29,4,218.87,875.48
6441,1837,27,4,238.78,955.12
6442,1837,90,2,138.74,277.48
6443,1837,86,4,431.1,1724.4
6444,1837,117,4,300.72,1202.88
6445,1838,167,3,74.71,224.13
6446,1838,85,2,164.19,328.38
6447,1839,154,4,342.09,1368.36
6448,1839,200,3,558.08,1674.24
6449,1839,107,3,233.92,701.76
6450,1839,235,1,172.77,172.77
6451,1839,47,4,595.74,2382.96
6452,1840,149,2,212.48,424.96
6453,1841,111,2,123.73,247.46
6454,1841,21,1,574.25,574.25
6455,1841,79,1,440.1,440.1
6456,1841,137,4,205.25,821.0
6457,1841,135,3,298.38,895.14
6458,1842,152,1,580.76,580.76
6459,1842,82,1,212.44,212.44
6460,1842,33,3,102.45,307.35
6461,1842,92,3,411.95,1235.85
6462,1842,12,1,589.84,589.84
6463,1842,193,1,164.42,164.42
6464,1843,168,1,316.03,316.03
6465,1843,118,3,175.82,527.46
6466,1843,244,2,423.65,847.3
6467,1843,140,2,359.22,718.44
6468,1843,11,3,312.03,936.09
6469,1844,60,4,556.59,2226.36
6470,1844,153,3,415.24,1245.72
6471,1845,127,4,240.8,963.2
6472,1846,209,4,101.66,406.64
6473,1846,206,4,225.13,900.52
6474,1846,96,4,541.36,2165.44
6475,1846,34,2,43.41,86.82
6476,1847,117,3,300.72,902.16
6477,1847,54,4,60.89,243.56
6478,1847,152,2,580.76,1161.52
6479,1848,62,1,185.84,185.84
6480,1848,123,4,235.89,943.56
6481,1848,132,1,330.55,330.55
6482,1848,9,2,553.14,1106.28
6483,1849,93,3,296.33,888.99
6484,1849,215,1,238.44,238.44
6485,1849,214,4,288.6,1154.4
6486,1849,191,1,410.67,410.67
6487,1850,167,2,74.71,149.42
6488,1850,127,3,240.8,722.4
6489,1850,116,2,108.97,217.94
6490,1851,121,4,418.51,1674.04
6491,1851,222,3,81.41,244.23
6492,1851,41,3,245.1,735.3
6493,1851,119,2,142.86,285.72
6494,1851,170,3,287.23,861.69
6495,1852,221,1,627.82,627.82
6496,1852,130,2,60.89,121.78
6497,1852,68,1,188.28,188.28
6498,1852,25,4,277.57,1110.28
6499,1852,199,4,94.94,379.76
6500,1853,176,1,405.74,405.74
6501,1854,162,2,386.04,772.08
6502,1854,39,4,116.92,467.68
6503,1854,66,3,87.24,261.72
6504,1854,201,3,496.81,1490.43
6505,1854,159,4,223.33,893.32
6506,1854,235,4,172.77,691.08
6507,1855,122,4,313.49,1253.96
6508,1855,231,4,265.93,1063.72
6509,1855,93,4,296.33,1185.32
6510,1855,167,4,74.71,298.84
6511,1856,231,4,265.93,1063.72
6512,1856,67,4,136.1,544.4
6513,1856,226,4,137.54,550.16
6514,1856,116,3,108.97,326.91
6515,1856,32,4,610.06,2440.24
6516,1857,104,1,287.63,287.63
6517,1857,229,4,165.02,660.08
6518,1857,39,2,116.92,233.84
6519,1857,157,4,28.92,115.68
6520,1857,50,1,120.19,120.19
6521,1858,207,4,490.29,1961.16
6522,1858,19,2,464.34,928.68
6523,1858,44,1,19.48,19.48
6524,1858,199,4,94.94,379.76
6525,1858,98,4,209.33,837.32
6526,1859,14,3,301.65,904.95
6527,1859,46,4,188.18,752.72
6528,1860,128,2,197.5,395.0
6529,1860,153,3,415.24,1245.72
6530,1861,153,1,415.24,415.24
6531,1862,77,2,377.42,754.84
6532,1863,77,2,377.42,754.84
6533,1863,217,3,369.23,1107.69
6534,1863,239,1,38.46,38.46
6535,1863,243,2,358.78,717.56
6536,1864,155,2,219.1,438.2
6537,1864,160,1,275.73,275.73
6538,1864,198,1,351.95,351.95
6539,1864,31,4,499.38,1997.52
6540,1864,134,1,224.13,224.13
6541,1865,72,3,91.12,273.36
6542,1866,236,3,58.2,174.6
6543,1866,49,3,529.8,1589.4
6544,1866,167,2,74.71,149.42
6545,1867,103,2,234.96,469.92
6546,1867,182,4,214.08,856.32
6547,1868,52,1,135.78,135.78
6548,1868,241,3,205.2,615.6
6549,1868,79,4,440.1,1760.4
6550,1868,101,4,57.39,229.56
6551,1868,201,4,496.81,1987.24
6552,1869,221,4,627.82,2511.28
6553,1870,27,4,238.78,955.12
6554,1870,158,2,479.14,958.28
6555,1870,60,4,556.59,2226.36
6556,1870,162,1,386.04,386.04
6557,1870,209,3,101.66,304.98
6558,1870,233,2,275.42,550.84
6559,1871,17,3,555.46,1666.38
6560,1871,235,2,172.77,345.54
6561,1871,34,3,43.41,130.23
6562,1871,234,1,244.66,244.66
6563,1871,104,3,287.63,862.89
6564,1871,247,3,32.63,97.89
6565,1872,59,4,395.91,1583.64
6566,1872,202,3,467.78,1403.34
6567,1872,94,2,512.7,1025.4
6568,1872,151,1,72.21,72.21
6569,1872,27,4,238.78,955.12
6570,1872,87,3,509.91,1529.73
6571,1873,25,4,277.57,1110.28
6572,1873,190,3,378.5,1135.5
6573,1873,51,4,555.78,2223.12
6574,1873,40,3,450.37,1351.11
6575,1873,101,4,57.39,229.56
6576,1874,23,2,276.19,552.38
6577,1875,16,3,70.43,211.29
6578,1875,37,4,43.6,174.4
6579,1875,186,2,232.01,464.02
6580,1875,12,3,589.84,1769.52
6581,1875,194,3,521.07,1563.21
6582,1875,43,4,349.47,1397.88
6583,1876,149,4,212.48,849.92
6584,1876,16,3,70.43,211.29
6585,1876,203,2,362.8,725.6
6586,1876,156,1,234.14,234.14
6587,1876,35,4,404.22,1616.88
6588,1877,117,4,300.72,1202.88
6589,1877,69,4,297.02,1188.08
6590,1877,125,4,211.24,844.96
6591,1877,250,3,34.9,104.7
6592,1877,216,1,101.25,101.25
6593,1877,200,3,558.08,1674.24
6594,1878,87,4,509.91,2039.64
6595,1879,112,1,186.06,186.06
6596,1879,137,2,205.25,410.5
6597,1879,46,4,188.18,752.72
6598,1880,243,4,358.78,1435.12
6599,1880,92,4,411.95,1647.8
6600,1880,81,4,51.32,205.28
6601,1881,204,4,207.96,831.84
6602,1882,40,4,450.37,1801.48
6603,1882,148,4,497.64,1990.56
6604,1883,174,3,460.49,1381.47
6605,1883,109,1,383.43,383.43
6606,1884,91,3,187.63,562.89
6607,1884,73,4,200.84,803.36
6608,1884,158,3,479.14,1437.42
6609,1884,157,1,28.92,28.92
6610,1884,211,3,556.48,1669.44
6611,1885,220,2,168.03,336.06
6612,1886,15,4,578.04,2312.16
6613,1887,58,2,307.4,614.8
6614,1887,193,4,164.42,657.68
6615,1887,59,2,395.91,791.82
6616,1887,196,1,450.47,450.47
6617,1887,166,4,82.07,328.28
6618,1888,80,4,24.61,98.44
6619,1888,188,1,503.7,503.7
6620,1888,189,1,603.72,603.72
6621,1888,206,3,225.13,675.39
6622,1888,29,3,218.87,656.61
6623,1889,98,3,209.33,627.99
6624,1889,221,3,627.82,1883.46
6625,1890,167,2,74.71,149.42
6626,1890,141,1,133.58,133.58
6627,1890,85,4,164.19,656.76
6628,1890,1,1,541.39,541.39
6629,1890,215,1,238.44,238.44
6630,1891,118,1,175.82,175.82
6631,1891,111,1,123.73,123.73
6632,1892,160,1,275.73,275.73
6633,1892,61,3,374.3,1122.9
6634,1893,138,4,371.13,1484.52
6635,1893,5,1,148.93,148.93
6636,1893,210,2,141.37,282.74
6637,1894,195,1,117.88,117.88
6638,1894,126,2,291.18,582.36
6639,1894,214,1,288.6,288.6
6640,1894,98,4,209.33,837.32
6641,1894,170,2,287.23,574.46
6642,1895,112,2,186.06,372.12
6643,1895,17,2,555.46,1110.92
6644,1896,175,3,93.86,281.58
6645,1896,234,2,244.66,489.32
6646,1896,61,3,374.3,1122.9
6647,1897,45,1,118.21,118.21
6648,1897,38,1,511.93,511.93
6649,1897,89,4,152.92,611.68
6650,1898,13,3,249.16,747.48
6651,1899,104,3,287.63,862.89
6652,1899,227,1,454.43,454.43
6653,1899,137,4,205.25,821.0
6654,1899,236,1,58.2,58.2
6655,1899,21,4,574.25,2297.0
6656,1900,232,4,494.33,1977.32
6657,1900,124,1,388.77,388.77
6658,1900,109,1,383.43,383.43
6659,1901,62,1,185.84,185.84
6660,1901,74,1,355.67,355.67
6661,1901,135,4,298.38,1193.52
6662,1901,200,1,558.08,558.08
6663,1902,156,2,234.14,468.28
6664,1902,223,3,449.24,1347.72
6665,1902,89,1,152.92,152.92
6666,1902,237,4,52.77,211.08
6667,1902,130,2,60.89,121.78
6668,1902,227,2,454.43,908.86
6669,1903,116,3,108.97,326.91
6670,1903,222,1,81.41,81.41
6671,1903,84,2,124.27,248.54
6672,1904,17,3,555.46,1666.38
6673,1904,133,3,310.77,932.31
6674,1904,104,2,287.63,575.26
6675,1905,62,2,185.84,371.68
6676,1905,32,3,610.06,1830.18
6677,1905,237,4,52.77,211.08
6678,1906,42,3,132.01,396.03
6679,1906,220,1,168.03,168.03
6680,1906,196,2,450.47,900.94
6681,1906,250,3,34.9,104.7
6682,1906,37,2,43.6,87.2
6683,1907,126,4,291.18,1164.72
6684,1907,6,1,478.9,478.9
6685,1907,223,1,449.24,449.24
6686,1907,239,4,38.46,153.84
6687,1907,54,3,60.89,182.67
6688,1907,193,4,164.42,657.68
6689,1908,32,2,610.06,1220.12
6690,1909,238,2,262.67,525.34
6691,1909,97,2,316.97,633.94
6692,1910,97,3,316.97,950.91
6693,1910,26,2,478.23,956.46
6694,1911,167,3,74.71,224.13
6695,1912,77,1,377.42,377.42
6696,1912,249,3,375.32,1125.96
6697,1912,238,1,262.67,262.67
6698,1912,116,1,108.97,108.97
6699,1913,77,2,377.42,754.84
6700,1913,205,3,383.07,1149.21
6701,1913,225,3,242.67,728.01
6702,1913,112,3,186.06,558.18
6703,1913,165,1,235.2,235.2
6704,1914,7,4,53.23,212.92
6705,1915,45,2,118.21,236.42
6706,1915,180,3,394.23,1182.69
6707,1916,159,1,223.33,223.33
6708,1917,52,1,135.78,135.78
6709,1917,93,3,296.33,888.99
6710,1917,235,4,172.77,691.08
6711,1918,47,4,595.74,2382.96
6712,1919,152,1,580.76,580.76
6713,1919,226,3,137.54,412.62
6714,1919,233,4,275.42,1101.68
6715,1919,231,2,265.93,531.86
6716,1919,58,2,307.4,614.8
6717,1919,248,4,188.2,752.8
6718,1920,185,1,339.64,339.64
6719,1920,113,4,411.77,1647.08
6720,1921,76,1,450.31,450.31
6721,1921,185,2,339.64,679.28
6722,1921,91,4,187.63,750.52
6723,1921,4,1,352.75,352.75
6724,1922,12,1,589.84,589.84
6725,1922,239,4,38.46,153.84
6726,1922,153,1,415.24,415.24
6727,1922,86,1,431.1,431.1
6728,1922,248,3,188.2,564.6
6729,1923,59,4,395.91,1583.64
6730,1923,98,4,209.33,837.32
6731,1923,111,1,123.73,123.73
6732,1923,55,1,215.38,215.38
6733,1923,189,4,603.72,2414.88
6734,1923,109,1,383.43,383.43
6735,1924,96,3,541.36,1624.08
6736,1924,39,4,116.92,467.68
6737,1924,24,3,28.9,86.7
6738,1924,244,1,423.65,423.65
6739,1924,180,4,394.23,1576.92
6740,1924,120,2,32.48,64.96
6741,1925,88,1,347.53,347.53
6742,1926,19,3,464.34,1393.02
6743,1926,124,4,388.77,1555.08
6744,1927,20,4,605.41,2421.64
6745,1927,138,1,371.13,371.13
6746,1927,50,1,120.19,120.19
6747,1927,87,1,509.91,509.91
6748,1927,213,2,266.98,533.96
6749,1928,107,3,233.92,701.76
6750,1928,127,4,240.8,963.2
6751,1929,118,4,175.82,703.28
6752,1929,30,4,247.82,991.28
6753,1929,31,1,499.38,499.38
6754,1929,167,4,74.71,298.84
6755,1929,130,4,60.89,243.56
6756,1929,212,3,454.26,1362.78
6757,1930,191,2,410.67,821.34
6758,1930,124,3,388.77,1166.31
6759,1930,65,3,346.0,1038.0
6760,1931,243,2,358.78,717.56
6761,1931,137,4,205.25,821.0
6762,1931,230,4,350.4,1401.6
6763,1932,45,3,118.21,354.63
6764,1932,159,3,223.33,669.99
6765,1932,98,2,209.33,418.66
6766,1933,84,4,124.27,497.08
6767,1933,68,2,188.28,376.56
6768,1934,226,4,137.54,550.16
6769,1934,237,1,52.77,52.77
6770,1934,9,1,553.14,553.14
6771,1934,157,2,28.92,57.84
6772,1935,21,4,574.25,2297.0
6773,1935,45,3,118.21,354.63
6774,1935,176,3,405.74,1217.22
6775,1935,134,1,224.13,224.13
6776,1935,17,4,555.46,2221.84
6777,1935,185,2,339.64,679.28
6778,1936,159,3,223.33,669.99
6779,1937,74,4,355.67,1422.68
6780,1937,5,4,148.93,595.72
6781,1937,61,4,374.3,1497.2
6782,1938,238,4,262.67,1050.68
6783,1938,142,4,45.22,180.88
6784,1939,200,3,558.08,1674.24
6785,1939,128,2,197.5,395.0
6786,1939,243,3,358.78,1076.34
6787,1939,180,1,394.23,394.23
6788,1939,77,1,377.42,377.42
6789,1939,48,4,355.11,1420.44
6790,1940,226,2,137.54,275.08
6791,1940,110,1,524.57,524.57
6792,1940,160,4,275.73,1102.92
6793,1940,87,1,509.91,509.91
6794,1941,69,3,297.02,891.06
6795,1941,13,4,249.16,996.64
6796,1942,133,3,310.77,932.31
6797,1943,13,2,249.16,498.32
6798,1943,210,3,141.37,424.11
6799,1944,118,4,175.82,703.28
6800,1944,243,3,358.78,1076.34
6801,1944,219,2,383.42,766.84
6802,1945,142,4,45.22,180.88
6803,1945,36,3,90.32,270.96
6804,1945,100,4,340.15,1360.6
6805,1946,68,2,188.28,376.56
6806,1946,101,2,57.39,114.78
6807,1946,191,2,410.67,821.34
6808,1946,208,1,350.34,350.34
6809,1947,93,1,296.33,296.33
6810,1947,184,4,201.3,805.2
6811,1947,123,4,235.89,943.56
6812,1947,5,3,148.93,446.79
6813,1947,116,1,108.97,108.97
6814,1947,120,4,32.48,129.92
6815,1948,31,3,499.38,1498.14
6816,1948,144,1,47.39,47.39
6817,1948,133,1,310.77,310.77
6818,1949,200,1,558.08,558.08
6819,1949,31,2,499.38,998.76
6820,1949,110,1,524.57,524.57
6821,1949,118,4,175.82,703.28
6822,1949,34,3,43.41,130.23
6823,1950,30,1,247.82,247.82
6824,1950,222,1,81.41,81.41
6825,1950,216,4,101.25,405.0
6826,1950,177,2,245.43,490.86
6827,1950,125,3,211.24,633.72
6828,1950,240,2,253.55,507.1
6829,1951,67,4,136.1,544.4
6830,1951,33,1,102.45,102.45
6831,1951,122,4,313.49,1253.96
6832,1951,145,3,362.85,1088.55
6833,1951,137,1,205.25,205.25
6834,1951,214,3,288.6,865.8
6835,1952,224,2,79.62,159.24
6836,1952,201,3,496.81,1490.43
6837,1952,128,2,197.5,395.0
6838,1953,21,1,574.25,574.25
6839,1953,249,2,375.32,750.64
6840,1953,118,2,175.82,351.64
6841,1953,71,3,594.55,1783.65
6842,1953,72,1,91.12,91.12
6843,1954,137,4,205.25,821.0
6844,1954,134,2,224.13,448.26
6845,1954,109,2,383.43,766.86
6846,1954,65,3,346.0,1038.0
6847,1954,78,1,302.79,302.79
6848,1954,39,4,116.92,467.68
6849,1955,71,3,594.55,1783.65
6850,1955,13,1,249.16,249.16
6851,1956,237,3,52.77,158.31
6852,1956,54,1,60.89,60.89
6853,1957,167,3,74.71,224.13
6854,1958,72,1,91.12,91.12
6855,1959,135,2,298.38,596.76
6856,1959,215,2,238.44,476.88
6857,1959,221,2,627.82,1255.64
6858,1959,191,1,410.67,410.67
6859,1959,10,2,330.8,661.6
6860,1960,151,2,72.21,144.42
6861,1961,96,2,541.36,1082.72
6862,1961,59,1,395.91,395.91
6863,1961,160,2,275.73,551.46
6864,1961,231,3,265.93,797.79
6865,1961,36,1,90.32,90.32
6866,1961,236,2,58.2,116.4
6867,1962,193,2,164.42,328.84
6868,1962,51,4,555.78,2223.12
6869,1962,180,4,394.23,1576.92
6870,1962,88,3,347.53,1042.59
6871,1962,5,1,148.93,148.93
6872,1963,38,3,511.93,1535.79
6873,1964,186,2,232.01,464.02
6874,1964,105,1,58.11,58.11
6875,1964,32,1,610.06,610.06
6876,1965,103,2,234.96,469.92
6877,1965,129,3,293.5,880.5
6878,1965,232,4,494.33,1977.32
6879,1966,4,4,352.75,1411.0
6880,1966,67,3,136.1,408.3
6881,1966,93,3,296.33,888.99
6882,1966,2,4,363.88,1455.52
6883,1967,88,4,347.53,1390.12
6884,1967,194,3,521.07,1563.21
6885,1967,190,3,378.5,1135.5
6886,1967,116,4,108.97,435.88
6887,1968,211,3,556.48,1669.44
6888,1968,219,4,383.42,1533.68
6889,1968,7,4,53.23,212.92
6890,1968,201,3,496.81,1490.43
6891,1968,223,1,449.24,449.24
6892,1969,129,3,293.5,880.5
6893,1969,235,4,172.77,691.08
6894,1969,204,4,207.96,831.84
6895,1969,13,4,249.16,996.64
6896,1969,165,3,235.2,705.6
6897,1970,71,1,594.55,594.55
6898,1970,123,4,235.89,943.56
6899,1971,186,3,232.01,696.03
6900,1971,228,2,380.46,760.92
6901,1971,21,2,574.25,1148.5
6902,1972,45,1,118.21,118.21
6903,1972,61,4,374.3,1497.2
6904,1972,126,2,291.18,582.36
6905,1972,23,3,276.19,828.57
6906,1973,122,3,313.49,940.47
6907,1973,71,2,594.55,1189.1
6908,1973,43,4,349.47,1397.88
6909,1973,165,3,235.2,705.6
6910,1973,224,4,79.62,318.48
6911,1973,85,1,164.19,164.19
6912,1974,185,4,339.64,1358.56
6913,1975,230,2,350.4,700.8
6914,1975,181,1,314.93,314.93
6915,1975,8,4,427.33,1709.32
6916,1975,60,1,556.59,556.59
6917,1975,243,2,358.78,717.56
6918,1975,67,1,136.1,136.1
6919,1976,147,4,50.11,200.44
6920,1976,203,1,362.8,362.8
6921,1976,60,1,556.59,556.59
6922,1976,105,4,58.11,232.44
6923,1976,131,1,21.58,21.58
6924,1977,200,4,558.08,2232.32
6925,1977,163,4,268.64,1074.56
6926,1978,69,2,297.02,594.04
6927,1978,88,2,347.53,695.06
6928,1978,110,1,524.57,524.57
6929,1979,146,2,118.88,237.76
6930,1979,137,3,205.25,615.75
6931,1979,157,1,28.92,28.92
6932,1979,102,1,196.56,196.56
6933,1980,205,4,383.07,1532.28
6934,1980,171,3,242.88,728.64
6935,1980,66,2,87.24,174.48
6936,1981,196,1,450.47,450.47
6937,1981,136,1,299.97,299.97
6938,1982,215,3,238.44,715.32
6939,1983,229,3,165.02,495.06
6940,1983,233,4,275.42,1101.68
6941,1983,58,2,307.4,614.8
6942,1983,191,2,410.67,821.34
6943,1983,75,4,256.79,1027.16
6944,1984,18,3,55.2,165.6
6945,1984,43,2,349.47,698.94
6946,1984,157,3,28.92,86.76
6947,1984,174,4,460.49,1841.96
6948,1984,145,3,362.85,1088.55
6949,1985,154,3,342.09,1026.27
6950,1985,13,1,249.16,249.16
6951,1985,228,3,380.46,1141.38
6952,1985,194,1,521.07,521.07
6953,1985,46,1,188.18,188.18
6954,1985,87,1,509.91,509.91
6955,1986,10,4,330.8,1323.2
6956,1986,4,2,352.75,705.5
6957,1986,103,4,234.96,939.84
6958,1987,221,3,627.82,1883.46
6959,1987,16,2,70.43,140.86
6960,1987,201,3,496.81,1490.43
6961,1987,245,3,170.03,510.09
6962,1987,122,2,313.49,626.98
6963,1988,221,4,627.82,2511.28
6964,1988,109,3,383.43,1150.29
6965,1988,200,2,558.08,1116.16
6966,1988,209,2,101.66,203.32
6967,1988,157,2,28.92,57.84
6968,1989,216,3,101.25,303.75
6969,1989,190,3,378.5,1135.5
6970,1989,27,3,238.78,716.34
6971,1989,140,3,359.22,1077.66
6972,1989,130,3,60.89,182.67
6973,1990,66,4,87.24,348.96
6974,1990,226,3,137.54,412.62
6975,1990,50,4,120.19,480.76
6976,1990,201,3,496.81,1490.43
6977,1990,121,2,418.51,837.02
6978,1991,166,2,82.07,164.14
6979,1991,100,3,340.15,1020.45
6980,1992,100,4,340.15,1360.6
6981,1993,214,3,288.6,865.8
6982,1993,210,3,141.37,424.11
6983,1993,167,3,74.71,224.13
6984,1994,157,1,28.92,28.92
6985,1994,14,3,301.65,904.95
6986,1994,74,1,355.67,355.67
6987,1994,79,4,440.1,1760.4
6988,1994,245,4,170.03,680.12
6989,1995,85,3,164.19,492.57
6990,1995,100,3,340.15,1020.45
6991,1995,29,3,218.87,656.61
6992,1995,219,1,383.42,383.42
6993,1995,20,4,605.41,2421.64
6994,1996,48,2,355.11,710.22
6995,1997,217,2,369.23,738.46
6996,1997,52,3,135.78,407.34
6997,1997,31,3,499.38,1498.14
6998,1997,119,3,142.86,428.58
6999,1997,55,2,215.38,430.76
7000,1998,5,4,148.93,595.72
7001,1998,96,4,541.36,2165.44
7002,1998,15,3,578.04,1734.12
7003,1999,52,1,135.78,135.78
7004,1999,131,4,21.58,86.32
7005,1999,203,1,362.8,362.8
7006,1999,46,1,188.18,188.18
7007,2000,51,1,555.78,555.78
7008,2000,80,4,24.61,98.44
7009,2000,38,2,511.93,1023.86
7010,2001,102,1,196.56,196.56
7011,2001,146,1,118.88,118.88
7012,2001,147,3,50.11,150.33
7013,2001,247,3,32.63,97.89
7014,2001,51,4,555.78,2223.12
7015,2001,1,2,541.39,1082.78
7016,2002,42,4,132.01,528.04
7017,2003,125,4,211.24,844.96
7018,2004,84,1,124.27,124.27
7019,2004,159,1,223.33,223.33
7020,2005,177,1,245.43,245.43
7021,2005,78,4,302.79,1211.16
7022,2005,182,2,214.08,428.16
7023,2006,90,2,138.74,277.48
7024,2006,93,2,296.33,592.66
7025,2007,201,4,496.81,1987.24
7026,2007,27,1,238.78,238.78
7027,2008,116,3,108.97,326.91
7028,2008,8,1,427.33,427.33
7029,2008,135,3,298.38,895.14
7030,2009,132,2,330.55,661.1
7031,2009,126,1,291.18,291.18
7032,2009,41,2,245.1,490.2
7033,2009,101,3,57.39,172.17
7034,2009,244,1,423.65,423.65
7035,2009,230,2,350.4,700.8
7036,2010,247,1,32.63,32.63
7037,2011,40,4,450.37,1801.48
7038,2011,214,4,288.6,1154.4
7039,2011,230,2,350.4,700.8
7040,2011,44,3,19.48,58.44
7041,2011,164,2,320.2,640.4
7042,2012,171,3,242.88,728.64
7043,2012,93,2,296.33,592.66
7044,2013,82,4,212.44,849.76
7045,2014,136,1,299.97,299.97
7046,2014,110,4,524.57,2098.28
7047,2014,21,3,574.25,1722.75
7048,2014,204,2,207.96,415.92
7049,2015,32,3,610.06,1830.18
7050,2015,184,3,201.3,603.9
7051,2016,90,1,138.74,138.74
7052,2016,9,3,553.14,1659.42
7053,2016,83,3,550.53,1651.59
7054,2016,124,1,388.77,388.77
7055,2017,72,4,91.12,364.48
7056,2017,127,3,240.8,722.4
7057,2017,240,4,253.55,1014.2
7058,2017,91,4,187.63,750.52
7059,2018,116,3,108.97,326.91
7060,2018,51,3,555.78,1667.34
7061,2018,137,4,205.25,821.0
7062,2019,43,2,349.47,698.94
7063,2019,184,4,201.3,805.2
7064,2020,70,4,473.53,1894.12
7065,2020,217,1,369.23,369.23
7066,2020,216,2,101.25,202.5
7067,2021,133,2,310.77,621.54
7068,2021,5,4,148.93,595.72
7069,2021,151,3,72.21,216.63
7070,2021,106,1,162.6,162.6
7071,2021,148,2,497.64,995.28
7072,2021,174,4,460.49,1841.96
7073,2022,50,1,120.19,120.19
7074,2022,231,1,265.93,265.93
7075,2022,25,2,277.57,555.14
7076,2022,62,3,185.84,557.52
7077,2023,104,4,287.63,1150.52
7078,2023,39,3,116.92,350.76
7079,2024,51,3,555.78,1667.34
7080,2024,18,3,55.2,165.6
7081,2024,28,2,434.23,868.46
7082,2024,171,2,242.88,485.76
7083,2025,37,3,43.6,130.8
7084,2025,152,3,580.76,1742.28
7085,2025,60,4,556.59,2226.36
7086,2025,72,3,91.12,273.36
7087,2025,168,2,316.03,632.06
7088,2026,128,3,197.5,592.5
7089,2026,203,2,362.8,725.6
7090,2026,87,4,509.91,2039.64
7091,2026,244,3,423.65,1270.95
7092,2026,142,1,45.22,45.22
7093,2027,143,1,155.0,155.0
7094,2027,59,4,395.91,1583.64
7095,2027,80,1,24.61,24.61
7096,2027,134,1,224.13,224.13
7097,2027,33,2,102.45,204.9
7098,2027,175,2,93.86,187.72
7099,2028,223,3,449.24,1347.72
7100,2028,163,1,268.64,268.64
7101,2028,16,3,70.43,211.29
7102,2028,194,1,521.07,521.07
7103,2028,86,2,431.1,862.2
7104,2029,125,2,211.24,422.48
7105,2029,86,2,431.1,862.2
7106,2029,189,3,603.72,1811.16
7107,2029,190,3,378.5,1135.5
7108,2030,44,1,19.48,19.48
7109,2030,100,1,340.15,340.15
7110,2030,214,3,288.6,865.8
7111,2030,51,1,555.78,555.78
7112,2031,233,4,275.42,1101.68
7113,2031,146,2,118.88,237.76
7114,2032,122,1,313.49,313.49
7115,2032,219,2,383.42,766.84
7116,2033,157,3,28.92,86.76
7117,2033,66,3,87.24,261.72
7118,2033,88,3,347.53,1042.59
7119,2034,151,1,72.21,72.21
7120,2034,45,2,118.21,236.42
7121,2034,191,3,410.67,1232.01
7122,2034,21,4,574.25,2297.0
7123,2034,49,4,529.8,2119.2
7124,2034,250,4,34.9,139.6
7125,2035,123,3,235.89,707.67
7126,2036,202,1,467.78,467.78
7127,2036,208,2,350.34,700.68
7128,2037,109,3,383.43,1150.29
7129,2037,35,2,404.22,808.44
7130,2037,219,3,383.42,1150.26
7131,2037,37,3,43.6,130.8
7132,2037,105,2,58.11,116.22
7133,2038,217,3,369.23,1107.69
7134,2038,141,3,133.58,400.74
7135,2038,28,4,434.23,1736.92
7136,2038,166,2,82.07,164.14
7137,2038,71,1,594.55,594.55
7138,2038,169,1,382.14,382.14
7139,2039,62,4,185.84,743.36
7140,2039,155,3,219.1,657.3
7141,2039,83,4,550.53,2202.12
7142,2040,177,2,245.43,490.86
7143,2040,184,1,201.3,201.3
7144,2040,73,4,200.84,803.36
7145,2041,205,1,383.07,383.07
7146,2041,120,3,32.48,97.44
7147,2041,73,1,200.84,200.84
7148,2042,26,3,478.23,1434.69
7149,2043,69,4,297.02,1188.08
7150,2043,159,3,223.33,669.99
7151,2043,26,4,478.23,1912.92
7152,2043,186,2,232.01,464.02
7153,2043,196,3,450.47,1351.41
7154,2044,117,4,300.72,1202.88
7155,2044,38,2,511.93,1023.86
7156,2044,49,4,529.8,2119.2
7157,2044,81,4,51.32,205.28
7158,2045,80,1,24.61,24.61
7159,2045,65,4,346.0,1384.0
7160,2046,41,3,245.1,735.3
7161,2046,44,4,19.48,77.92
7162,2046,42,3,132.01,396.03
7163,2046,8,4,427.33,1709.32
7164,2046,106,4,162.6,650.4
7165,2046,152,3,580.76,1742.28
7166,2047,18,1,55.2,55.2
7167,2047,190,4,378.5,1514.0
7168,2048,34,4,43.41,173.64
7169,2049,150,2,377.06,754.12
7170,2050,74,1,355.67,355.67
7171,2050,121,3,418.51,1255.53
7172,2050,71,1,594.55,594.55
7173,2050,142,3,45.22,135.66
7174,2050,65,2,346.0,692.0
7175,2051,51,3,555.78,1667.34
7176,2052,25,1,277.57,277.57
7177,2052,101,2,57.39,114.78
7178,2052,22,1,125.76,125.76
7179,2052,174,3,460.49,1381.47
7180,2052,40,2,450.37,900.74
7181,2053,199,3,94.94,284.82
7182,2053,115,3,235.12,705.36
7183,2054,152,4,580.76,2323.04
7184,2054,229,2,165.02,330.04
7185,2055,143,2,155.0,310.0
7186,2055,207,4,490.29,1961.16
7187,2055,235,4,172.77,691.08
7188,2055,10,1,330.8,330.8
7189,2056,224,2,79.62,159.24
7190,2056,209,4,101.66,406.64
7191,2056,57,1,128.38,128.38
7192,2056,101,2,57.39,114.78
7193,2057,174,2,460.49,920.98
7194,2057,73,3,200.84,602.52
7195,2057,37,4,43.6,174.4
7196,2057,237,3,52.77,158.31
7197,2057,249,2,375.32,750.64
7198,2058,98,4,209.33,837.32
7199,2058,233,2,275.42,550.84
7200,2058,41,4,245.1,980.4
7201,2058,105,2,58.11,116.22
7202,2059,104,4,287.63,1150.52
7203,2059,2,1,363.88,363.88
7204,2059,230,3,350.4,1051.2
7205,2059,181,3,314.93,944.79
7206,2060,94,1,512.7,512.7
7207,2060,34,2,43.41,86.82
7208,2060,194,2,521.07,1042.14
7209,2061,57,3,128.38,385.14
7210,2062,22,3,125.76,377.28
7211,2062,98,1,209.33,209.33
7212,2063,44,4,19.48,77.92
7213,2063,193,4,164.42,657.68
7214,2063,106,2,162.6,325.2
7215,2063,103,4,234.96,939.84
7216,2063,222,3,81.41,244.23
7217,2063,184,1,201.3,201.3
7218,2064,121,1,418.51,418.51
7219,2064,198,3,351.95,1055.85
7220,2064,224,4,79.62,318.48
7221,2064,19,1,464.34,464.34
7222,2065,152,3,580.76,1742.28
7223,2066,60,2,556.59,1113.18
7224,2066,75,3,256.79,770.37
7225,2066,182,4,214.08,856.32
7226,2066,190,1,378.5,378.5
7227,2066,199,1,94.94,94.94
7228,2066,107,1,233.92,233.92
7229,2067,62,2,185.84,371.68
7230,2068,192,2,183.66,367.32
7231,2069,104,4,287.63,1150.52
7232,2069,9,1,553.14,553.14
7233,2069,129,2,293.5,587.0
7234,2069,86,4,431.1,1724.4
7235,2069,204,1,207.96,207.96
7236,2069,200,4,558.08,2232.32
7237,2070,1,2,541.39,1082.78
7238,2070,37,4,43.6,174.4
7239,2070,102,4,196.56,786.24
7240,2070,198,4,351.95,1407.8
7241,2070,142,4,45.22,180.88
7242,2070,85,2,164.19,328.38
7243,2071,145,2,362.85,725.7
7244,2071,132,3,330.55,991.65
7245,2071,87,1,509.91,509.91
7246,2071,70,3,473.53,1420.59
7247,2071,67,2,136.1,272.2
7248,2072,194,2,521.07,1042.14
7249,2073,15,3,578.04,1734.12
7250,2073,234,2,244.66,489.32
7251,2073,130,1,60.89,60.89
7252,2074,178,4,505.3,2021.2
7253,2074,155,3,219.1,657.3
7254,2074,177,3,245.43,736.29
7255,2075,97,1,316.97,316.97
7256,2076,208,3,350.34,1051.02
7257,2076,181,1,314.93,314.93
7258,2076,220,3,168.03,504.09
7259,2076,211,3,556.48,1669.44
7260,2077,230,2,350.4,700.8
7261,2077,191,3,410.67,1232.01
7262,2077,189,4,603.72,2414.88
7263,2077,159,2,223.33,446.66
7264,2077,208,3,350.34,1051.02
7265,2078,48,2,355.11,710.22
7266,2078,201,4,496.81,1987.24
7267,2078,238,1,262.67,262.67
7268,2078,236,4,58.2,232.8
7269,2079,83,4,550.53,2202.12
7270,2080,70,3,473.53,1420.59
7271,2080,177,4,245.43,981.72
7272,2080,56,2,238.95,477.9
7273,2081,9,3,553.14,1659.42
7274,2081,94,2,512.7,1025.4
7275,2081,134,3,224.13,672.39
7276,2082,87,3,509.91,1529.73
7277,2082,68,3,188.28,564.84
7278,2082,66,4,87.24,348.96
7279,2082,62,2,185.84,371.68
7280,2083,162,4,386.04,1544.16
7281,2083,135,1,298.38,298.38
7282,2084,103,1,234.96,234.96
7283,2084,107,3,233.92,701.76
7284,2085,69,4,297.02,1188.08
7285,2085,90,4,138.74,554.96
7286,2085,174,2,460.49,920.98
7287,2085,160,2,275.73,551.46
7288,2085,42,3,132.01,396.03
7289,2085,70,4,473.53,1894.12
7290,2086,216,4,101.25,405.0
7291,2086,37,2,43.6,87.2
7292,2086,3,3,142.45,427.35
7293,2086,168,3,316.03,948.09
7294,2087,145,2,362.85,725.7
7295,2087,166,4,82.07,328.28
7296,2087,202,1,467.78,467.78
7297,2087,179,3,200.78,602.34
7298,2088,230,1,350.4,350.4
7299,2088,221,2,627.82,1255.64
7300,2088,80,3,24.61,73.83
7301,2088,119,1,142.86,142.86
7302,2088,176,1,405.74,405.74
7303,2089,66,2,87.24,174.48
7304,2090,4,3,352.75,1058.25
7305,2090,126,1,291.18,291.18
7306,2090,89,4,152.92,611.68
7307,2091,18,4,55.2,220.8
7308,2091,185,4,339.64,1358.56
7309,2091,138,4,371.13,1484.52
7310,2091,72,3,91.12,273.36
7311,2091,212,1,454.26,454.26
7312,2092,44,4,19.48,77.92
7313,2092,219,2,383.42,766.84
7314,2092,170,2,287.23,574.46
7315,2092,241,2,205.2,410.4
7316,2092,46,3,188.18,564.54
7317,2093,115,3,235.12,705.36
7318,2093,40,1,450.37,450.37
7319,2093,32,2,610.06,1220.12
7320,2093,240,2,253.55,507.1
7321,2094,156,2,234.14,468.28
7322,2094,232,3,494.33,1482.99
7323,2094,74,1,355.67,355.67
7324,2094,95,2,320.04,640.08
7325,2094,195,1,117.88,117.88
7326,2095,122,3,313.49,940.47
7327,2095,245,3,170.03,510.09
7328,2096,21,2,574.25,1148.5
7329,2096,43,2,349.47,698.94
7330,2096,221,2,627.82,1255.64
7331,2096,232,3,494.33,1482.99
7332,2096,24,2,28.9,57.8
7333,2097,76,4,450.31,1801.24
7334,2097,78,1,302.79,302.79
7335,2097,174,1,460.49,460.49
7336,2097,31,3,499.38,1498.14
7337,2097,102,3,196.56,589.68
7338,2098,16,1,70.43,70.43
7339,2098,13,3,249.16,747.48
7340,2098,171,2,242.88,485.76
7341,2099,208,3,350.34,1051.02
7342,2100,147,3,50.11,150.33
7343,2101,242,3,131.89,395.67
7344,2101,109,4,383.43,1533.72
7345,2101,221,1,627.82,627.82
7346,2101,225,4,242.67,970.68
7347,2101,244,3,423.65,1270.95
7348,2102,48,4,355.11,1420.44
7349,2103,7,4,53.23,212.92
7350,2103,204,1,207.96,207.96
7351,2104,104,4,287.63,1150.52
7352,2105,37,4,43.6,174.4
7353,2105,24,2,28.9,57.8
7354,2105,236,1,58.2,58.2
7355,2105,87,2,509.91,1019.82
7356,2106,166,1,82.07,82.07
7357,2106,154,3,342.09,1026.27
7358,2106,15,1,578.04,578.04
7359,2106,164,2,320.2,640.4
7360,2106,16,3,70.43,211.29
7361,2107,205,2,383.07,766.14
7362,2107,92,1,411.95,411.95
7363,2107,37,2,43.6,87.2
7364,2107,79,3,440.1,1320.3
7365,2108,159,3,223.33,669.99
7366,2108,228,4,380.46,1521.84
7367,2108,227,4,454.43,1817.72
7368,2108,77,2,377.42,754.84
7369,2108,11,3,312.03,936.09
7370,2108,123,2,235.89,471.78
7371,2109,31,2,499.38,998.76
7372,2109,7,3,53.23,159.69
7373,2109,226,1,137.54,137.54
7374,2109,209,1,101.66,101.66
7375,2109,123,3,235.89,707.67
7376,2110,43,4,349.47,1397.88
7377,2110,64,2,110.72,221.44
7378,2110,131,3,21.58,64.74
7379,2110,223,4,449.24,1796.96
7380,2111,27,1,238.78,238.78
7381,2111,228,4,380.46,1521.84
7382,2111,36,1,90.32,90.32
7383,2112,178,2,505.3,1010.6
7384,2112,208,4,350.34,1401.36
7385,2112,131,2,21.58,43.16
7386,2112,111,4,123.73,494.92
7387,2112,114,1,270.25,270.25
7388,2113,169,4,382.14,1528.56
7389,2113,250,3,34.9,104.7
7390,2114,128,1,197.5,197.5
7391,2115,12,3,589.84,1769.52
7392,2115,10,4,330.8,1323.2
7393,2115,147,2,50.11,100.22
7394,2115,109,2,383.43,766.86
7395,2115,49,2,529.8,1059.6
7396,2115,51,2,555.78,1111.56
7397,2116,80,2,24.61,49.22
7398,2116,180,3,394.23,1182.69
7399,2117,24,1,28.9,28.9
7400,2118,5,4,148.93,595.72
7401,2118,205,3,383.07,1149.21
7402,2118,75,3,256.79,770.37
7403,2118,237,1,52.77,52.77
7404,2118,172,3,244.65,733.95
7405,2119,51,1,555.78,555.78
7406,2119,210,4,141.37,565.48
7407,2119,225,3,242.67,728.01
7408,2119,46,2,188.18,376.36
7409,2120,225,4,242.67,970.68
7410,2120,180,2,394.23,788.46
7411,2120,206,4,225.13,900.52
7412,2120,65,2,346.0,692.0
7413,2120,197,1,297.44,297.44
7414,2121,239,1,38.46,38.46
7415,2121,243,2,358.78,717.56
7416,2121,208,1,350.34,350.34
7417,2122,197,2,297.44,594.88
7418,2122,204,4,207.96,831.84
7419,2122,18,1,55.2,55.2
7420,2122,46,3,188.18,564.54
7421,2122,92,3,411.95,1235.85
7422,2122,249,2,375.32,750.64
7423,2123,87,3,509.91,1529.73
7424,2123,102,3,196.56,589.68
7425,2124,190,2,378.5,757.0
7426,2124,192,3,183.66,550.98
7427,2125,147,3,50.11,150.33
7428,2125,123,3,235.89,707.67
7429,2125,52,4,135.78,543.12
7430,2125,203,1,362.8,362.8
7431,2126,83,4,550.53,2202.12
7432,2127,169,1,382.14,382.14
7433,2127,40,2,450.37,900.74
7434,2127,175,1,93.86,93.86
7435,2127,205,3,383.07,1149.21
7436,2128,211,3,556.48,1669.44
7437,2128,138,2,371.13,742.26
7438,2128,241,3,205.2,615.6
7439,2128,157,1,28.92,28.92
7440,2128,182,2,214.08,428.16
7441,2129,121,2,418.51,837.02
7442,2129,18,3,55.2,165.6
7443,2129,66,3,87.24,261.72
7444,2130,175,3,93.86,281.58
7445,2130,221,3,627.82,1883.46
7446,2130,125,4,211.24,844.96
7447,2130,51,4,555.78,2223.12
7448,2130,130,1,60.89,60.89
7449,2130,12,2,589.84,1179.68
7450,2131,16,3,70.43,211.29
7451,2131,38,3,511.93,1535.79
7452,2131,20,4,605.41,2421.64
7453,2132,49,4,529.8,2119.2
7454,2132,52,4,135.78,543.12
7455,2132,100,2,340.15,680.3
7456,2133,213,4,266.98,1067.92
7457,2133,134,4,224.13,896.52
7458,2134,102,3,196.56,589.68
7459,2135,201,2,496.81,993.62
7460,2135,116,3,108.97,326.91
7461,2135,119,1,142.86,142.86
7462,2135,140,4,359.22,1436.88
7463,2135,145,2,362.85,725.7
7464,2136,154,4,342.09,1368.36
7465,2137,145,4,362.85,1451.4
7466,2137,8,1,427.33,427.33
7467,2138,39,1,116.92,116.92
7468,2138,26,1,478.23,478.23
7469,2138,186,3,232.01,696.03
7470,2138,234,2,244.66,489.32
7471,2139,236,3,58.2,174.6
7472,2139,166,4,82.07,328.28
7473,2139,79,1,440.1,440.1
7474,2139,106,2,162.6,325.2
7475,2139,177,2,245.43,490.86
7476,2139,56,4,238.95,955.8
7477,2140,102,3,196.56,589.68
7478,2141,42,4,132.01,528.04
7479,2141,179,4,200.78,803.12
7480,2142,219,2,383.42,766.84
7481,2142,229,4,165.02,660.08
7482,2142,59,1,395.91,395.91
7483,2142,67,2,136.1,272.2
7484,2143,212,2,454.26,908.52
7485,2143,214,1,288.6,288.6
7486,2143,48,2,355.11,710.22
7487,2143,154,3,342.09,1026.27
7488,2144,11,1,312.03,312.03
7489,2145,60,1,556.59,556.59
7490,2145,4,3,352.75,1058.25
7491,2146,15,2,578.04,1156.08
7492,2146,224,3,79.62,238.86
7493,2146,4,1,352.75,352.75
7494,2146,8,3,427.33,1281.99
7495,2147,179,2,200.78,401.56
7496,2147,128,2,197.5,395.0
7497,2147,71,4,594.55,2378.2
7498,2148,1,4,541.39,2165.56
7499,2149,170,1,287.23,287.23
7500,2149,101,1,57.39,57.39
7501,2149,121,4,418.51,1674.04
7502,2149,59,2,395.91,791.82
7503,2150,67,2,136.1,272.2
7504,2150,90,1,138.74,138.74
7505,2150,246,2,307.14,614.28
7506,2150,4,2,352.75,705.5
7507,2151,44,4,19.48,77.92
7508,2152,121,1,418.51,418.51
7509,2152,125,3,211.24,633.72
7510,2152,223,2,449.24,898.48
7511,2153,59,4,395.91,1583.64
7512,2154,104,1,287.63,287.63
7513,2154,127,2,240.8,481.6
7514,2155,83,4,550.53,2202.12
7515,2156,105,4,58.11,232.44
7516,2156,110,4,524.57,2098.28
7517,2156,172,2,244.65,489.3
7518,2156,31,3,499.38,1498.14
7519,2156,77,4,377.42,1509.68
7520,2157,226,3,137.54,412.62
7521,2157,88,4,347.53,1390.12
7522,2158,221,3,627.82,1883.46
7523,2159,49,1,529.8,529.8
7524,2159,84,3,124.27,372.81
7525,2159,51,2,555.78,1111.56
7526,2159,175,3,93.86,281.58
7527,2159,170,1,287.23,287.23
7528,2160,124,2,388.77,777.54
7529,2160,45,2,118.21,236.42
7530,2161,46,2,188.18,376.36
7531,2162,136,3,299.97,899.91
7532,2162,73,3,200.84,602.52
7533,2162,115,4,235.12,940.48
7534,2163,217,2,369.23,738.46
7535,2164,249,3,375.32,1125.96
7536,2165,83,4,550.53,2202.12
7537,2165,158,3,479.14,1437.42
7538,2165,54,1,60.89,60.89
7539,2165,119,1,142.86,142.86
7540,2166,117,3,300.72,902.16
7541,2166,170,2,287.23,574.46
7542,2166,69,1,297.02,297.02
7543,2166,149,3,212.48,637.44
7544,2166,182,1,214.08,214.08
7545,2166,236,2,58.2,116.4
7546,2167,139,2,250.55,501.1
7547,2167,214,4,288.6,1154.4
7548,2167,191,2,410.67,821.34
7549,2167,62,2,185.84,371.68
7550,2167,217,3,369.23,1107.69
7551,2168,216,1,101.25,101.25
7552,2169,135,4,298.38,1193.52
7553,2169,25,2,277.57,555.14
7554,2170,27,3,238.78,716.34
7555,2170,65,4,346.0,1384.0
7556,2170,54,1,60.89,60.89
7557,2170,107,3,233.92,701.76
7558,2170,71,1,594.55,594.55
7559,2171,199,4,94.94,379.76
7560,2171,201,3,496.81,1490.43
7561,2171,200,2,558.08,1116.16
7562,2171,188,1,503.7,503.7
7563,2171,158,1,479.14,479.14
7564,2171,36,4,90.32,361.28
7565,2172,83,2,550.53,1101.06
7566,2172,96,3,541.36,1624.08
7567,2172,5,2,148.93,297.86
7568,2172,174,4,460.49,1841.96
7569,2173,38,1,511.93,511.93
7570,2173,131,1,21.58,21.58
7571,2173,83,1,550.53,550.53
7572,2173,184,4,201.3,805.2
7573,2173,210,2,141.37,282.74
7574,2173,4,2,352.75,705.5
7575,2174,126,3,291.18,873.54
7576,2174,138,4,371.13,1484.52
7577,2174,52,2,135.78,271.56
7578,2174,17,4,555.46,2221.84
7579,2174,55,2,215.38,430.76
7580,2175,109,4,383.43,1533.72
7581,2176,238,2,262.67,525.34
7582,2176,233,4,275.42,1101.68
7583,2176,151,2,72.21,144.42
7584,2176,189,1,603.72,603.72
7585,2177,95,3,320.04,960.12
7586,2177,110,4,524.57,2098.28
7587,2177,175,2,93.86,187.72
7588,2177,203,2,362.8,725.6
7589,2177,106,4,162.6,650.4
7590,2178,247,2,32.63,65.26
7591,2178,113,1,411.77,411.77
7592,2178,169,4,382.14,1528.56
7593,2178,195,1,117.88,117.88
7594,2179,139,1,250.55,250.55
7595,2180,125,4,211.24,844.96
7596,2180,50,3,120.19,360.57
7597,2180,128,1,197.5,197.5
7598,2180,34,4,43.41,173.64
7599,2181,45,3,118.21,354.63
7600,2181,73,3,200.84,602.52
7601,2181,213,1,266.98,266.98
7602,2181,145,3,362.85,1088.55
7603,2182,55,1,215.38,215.38
7604,2182,148,3,497.64,1492.92
7605,2182,131,2,21.58,43.16
7606,2183,182,3,214.08,642.24
7607,2183,199,4,94.94,379.76
7608,2183,79,1,440.1,440.1
7609,2184,196,1,450.47,450.47
7610,2185,160,2,275.73,551.46
7611,2185,77,2,377.42,754.84
7612,2185,31,4,499.38,1997.52
7613,2185,207,4,490.29,1961.16
7614,2185,176,3,405.74,1217.22
7615,2185,147,2,50.11,100.22
7616,2186,191,2,410.67,821.34
7617,2186,23,1,276.19,276.19
7618,2186,57,4,128.38,513.52
7619,2186,219,1,383.42,383.42
7620,2186,60,1,556.59,556.59
7621,2187,140,3,359.22,1077.66
7622,2187,66,2,87.24,174.48
7623,2187,97,4,316.97,1267.88
7624,2187,108,3,378.79,1136.37
7625,2187,217,3,369.23,1107.69
7626,2188,61,3,374.3,1122.9
7627,2188,129,2,293.5,587.0
7628,2189,99,1,205.29,205.29
7629,2189,95,2,320.04,640.08
7630,2189,126,2,291.18,582.36
7631,2190,211,4,556.48,2225.92
7632,2190,49,3,529.8,1589.4
7633,2190,18,4,55.2,220.8
7634,2190,123,2,235.89,471.78
7635,2190,231,3,265.93,797.79
7636,2191,121,4,418.51,1674.04
7637,2191,3,4,142.45,569.8
7638,2191,210,1,141.37,141.37
7639,2192,221,2,627.82,1255.64
7640,2192,175,1,93.86,93.86
7641,2192,21,4,574.25,2297.0
7642,2193,249,2,375.32,750.64
7643,2194,228,4,380.46,1521.84
7644,2194,183,2,147.46,294.92
7645,2194,103,2,234.96,469.92
7646,2194,116,3,108.97,326.91
7647,2195,146,4,118.88,475.52
7648,2195,10,2,330.8,661.6
7649,2195,56,2,238.95,477.9
7650,2195,9,3,553.14,1659.42
7651,2196,249,2,375.32,750.64
7652,2196,22,3,125.76,377.28
7653,2196,47,1,595.74,595.74
7654,2196,133,4,310.77,1243.08
7655,2196,81,1,51.32,51.32
7656,2196,128,2,197.5,395.0
7657,2197,215,3,238.44,715.32
7658,2197,98,2,209.33,418.66
7659,2197,196,3,450.47,1351.41
7660,2197,77,1,377.42,377.42
7661,2197,48,4,355.11,1420.44
7662,2198,12,1,589.84,589.84
7663,2198,58,2,307.4,614.8
7664,2198,43,4,349.47,1397.88
7665,2198,65,1,346.0,346.0
7666,2198,10,4,330.8,1323.2
7667,2199,154,3,342.09,1026.27
7668,2199,200,1,558.08,558.08
7669,2199,43,2,349.47,698.94
7670,2199,55,1,215.38,215.38
7671,2199,98,4,209.33,837.32
7672,2200,16,2,70.43,140.86
7673,2200,205,3,383.07,1149.21
7674,2201,216,2,101.25,202.5
7675,2201,222,4,81.41,325.64
7676,2201,81,3,51.32,153.96
7677,2201,221,2,627.82,1255.64
7678,2202,100,4,340.15,1360.6
7679,2202,39,1,116.92,116.92
7680,2202,183,3,147.46,442.38
7681,2202,177,4,245.43,981.72
7682,2202,112,2,186.06,372.12
7683,2203,123,4,235.89,943.56
7684,2203,116,2,108.97,217.94
7685,2204,225,1,242.67,242.67
7686,2204,66,3,87.24,261.72
7687,2204,221,1,627.82,627.82
7688,2204,160,4,275.73,1102.92
7689,2204,52,3,135.78,407.34
7690,2205,122,4,313.49,1253.96
7691,2205,99,2,205.29,410.58
7692,2205,106,2,162.6,325.2
7693,2205,223,2,449.24,898.48
7694,2205,158,2,479.14,958.28
7695,2206,5,3,148.93,446.79
7696,2207,119,3,142.86,428.58
7697,2207,10,2,330.8,661.6
7698,2207,4,2,352.75,705.5
7699,2207,16,1,70.43,70.43
7700,2207,7,1,53.23,53.23
7701,2208,28,2,434.23,868.46
7702,2208,182,3,214.08,642.24
7703,2208,19,1,464.34,464.34
7704,2209,45,1,118.21,118.21
7705,2209,5,1,148.93,148.93
7706,2209,17,4,555.46,2221.84
7707,2210,11,2,312.03,624.06
7708,2210,83,4,550.53,2202.12
7709,2210,87,3,509.91,1529.73
7710,2210,107,2,233.92,467.84
7711,2211,10,2,330.8,661.6
7712,2211,243,3,358.78,1076.34
7713,2211,219,3,383.42,1150.26
7714,2211,6,4,478.9,1915.6
7715,2211,134,1,224.13,224.13
7716,2211,25,2,277.57,555.14
7717,2212,125,4,211.24,844.96
7718,2212,80,3,24.61,73.83
7719,2212,105,4,58.11,232.44
7720,2212,126,2,291.18,582.36
7721,2212,23,3,276.19,828.57
7722,2213,146,3,118.88,356.64
7723,2213,246,1,307.14,307.14
7724,2213,125,2,211.24,422.48
7725,2213,65,4,346.0,1384.0
7726,2213,219,2,383.42,766.84
7727,2214,178,4,505.3,2021.2
7728,2214,210,1,141.37,141.37
7729,2215,38,3,511.93,1535.79
7730,2215,106,3,162.6,487.8
7731,2215,66,1,87.24,87.24
7732,2215,71,2,594.55,1189.1
7733,2215,46,2,188.18,376.36
7734,2216,250,2,34.9,69.8
7735,2216,224,4,79.62,318.48
7736,2216,72,2,91.12,182.24
7737,2217,105,4,58.11,232.44
7738,2217,118,2,175.82,351.64
7739,2217,188,3,503.7,1511.1
7740,2218,1,1,541.39,541.39
7741,2218,181,2,314.93,629.86
7742,2218,115,1,235.12,235.12
7743,2218,106,2,162.6,325.2
7744,2219,186,1,232.01,232.01
7745,2219,94,3,512.7,1538.1
7746,2219,128,3,197.5,592.5
7747,2220,50,2,120.19,240.38
7748,2220,21,2,574.25,1148.5
7749,2220,82,1,212.44,212.44
7750,2220,9,3,553.14,1659.42
7751,2220,222,4,81.41,325.64
7752,2220,138,1,371.13,371.13
7753,2221,72,4,91.12,364.48
7754,2221,28,2,434.23,868.46
7755,2222,225,1,242.67,242.67
7756,2223,188,1,503.7,503.7
7757,2223,223,2,449.24,898.48
7758,2223,207,4,490.29,1961.16
7759,2223,155,4,219.1,876.4
7760,2224,117,2,300.72,601.44
7761,2224,203,4,362.8,1451.2
7762,2224,189,2,603.72,1207.44
7763,2224,233,2,275.42,550.84
7764,2224,73,2,200.84,401.68
7765,2225,226,1,137.54,137.54
7766,2226,166,3,82.07,246.21
7767,2227,192,2,183.66,367.32
7768,2227,105,1,58.11,58.11
7769,2227,215,2,238.44,476.88
7770,2227,155,2,219.1,438.2
7771,2227,97,1,316.97,316.97
7772,2227,20,3,605.41,1816.23
7773,2228,72,4,91.12,364.48
7774,2229,169,4,382.14,1528.56
7775,2229,35,2,404.22,808.44
7776,2230,155,4,219.1,876.4
7777,2231,176,4,405.74,1622.96
7778,2231,194,3,521.07,1563.21
7779,2231,209,3,101.66,304.98
7780,2232,34,1,43.41,43.41
7781,2232,92,1,411.95,411.95
7782,2232,250,2,34.9,69.8
7783,2232,86,4,431.1,1724.4
7784,2233,11,4,312.03,1248.12
7785,2233,153,1,415.24,415.24
7786,2233,72,4,91.12,364.48
7787,2233,235,1,172.77,172.77
7788,2234,41,4,245.1,980.4
7789,2234,94,3,512.7,1538.1
7790,2234,67,4,136.1,544.4
7791,2235,93,2,296.33,592.66
7792,2235,130,1,60.89,60.89
7793,2235,127,2,240.8,481.6
7794,2235,238,3,262.67,788.01
7795,2235,66,2,87.24,174.48
7796,2236,246,1,307.14,307.14
7797,2236,50,3,120.19,360.57
7798,2236,199,1,94.94,94.94
7799,2236,21,1,574.25,574.25
7800,2236,174,2,460.49,920.98
7801,2237,164,3,320.2,960.6
7802,2237,121,4,418.51,1674.04
7803,2237,185,4,339.64,1358.56
7804,2237,224,2,79.62,159.24
7805,2238,224,1,79.62,79.62
7806,2239,10,2,330.8,661.6
7807,2239,13,3,249.16,747.48
7808,2239,100,3,340.15,1020.45
7809,2239,122,4,313.49,1253.96
7810,2240,114,1,270.25,270.25
7811,2240,33,1,102.45,102.45
7812,2241,188,1,503.7,503.7
7813,2241,4,3,352.75,1058.25
7814,2241,128,4,197.5,790.0
7815,2241,163,2,268.64,537.28
7816,2242,122,4,313.49,1253.96
7817,2242,195,2,117.88,235.76
7818,2242,39,2,116.92,233.84
7819,2242,146,2,118.88,237.76
7820,2242,182,3,214.08,642.24
7821,2243,199,3,94.94,284.82
7822,2243,77,4,377.42,1509.68
7823,2243,164,4,320.2,1280.8
7824,2243,227,4,454.43,1817.72
7825,2244,211,4,556.48,2225.92
7826,2244,236,3,58.2,174.6
7827,2244,49,2,529.8,1059.6
7828,2245,232,2,494.33,988.66
7829,2245,240,1,253.55,253.55
7830,2246,83,3,550.53,1651.59
7831,2247,47,1,595.74,595.74
7832,2247,134,1,224.13,224.13
7833,2247,24,4,28.9,115.6
7834,2248,50,2,120.19,240.38
7835,2248,73,2,200.84,401.68
7836,2248,175,4,93.86,375.44
7837,2248,18,1,55.2,55.2
7838,2248,221,1,627.82,627.82
7839,2249,19,4,464.34,1857.36
7840,2250,70,1,473.53,473.53
7841,2250,101,4,57.39,229.56
7842,2251,107,1,233.92,233.92
7843,2251,219,4,383.42,1533.68
7844,2251,250,1,34.9,34.9
7845,2252,137,1,205.25,205.25
7846,2252,102,2,196.56,393.12
7847,2252,185,2,339.64,679.28
7848,2252,153,3,415.24,1245.72
7849,2253,42,1,132.01,132.01
7850,2254,167,3,74.71,224.13
7851,2255,244,4,423.65,1694.6
7852,2255,115,1,235.12,235.12
7853,2256,116,3,108.97,326.91
7854,2256,112,4,186.06,744.24
7855,2256,230,3,350.4,1051.2
7856,2256,154,1,342.09,342.09
7857,2256,151,3,72.21,216.63
7858,2256,196,4,450.47,1801.88
7859,2257,218,2,126.69,253.38
7860,2257,204,2,207.96,415.92
7861,2258,40,4,450.37,1801.48
7862,2258,90,3,138.74,416.22
7863,2258,135,4,298.38,1193.52
7864,2258,15,4,578.04,2312.16
7865,2259,218,3,126.69,380.07
7866,2259,31,4,499.38,1997.52
7867,2259,213,1,266.98,266.98
7868,2259,33,4,102.45,409.8
7869,2259,188,3,503.7,1511.1
7870,2260,207,1,490.29,490.29
7871,2260,221,1,627.82,627.82
7872,2261,108,4,378.79,1515.16
7873,2261,249,2,375.32,750.64
7874,2261,222,3,81.41,244.23
7875,2261,152,4,580.76,2323.04
7876,2261,21,1,574.25,574.25
7877,2261,220,4,168.03,672.12
7878,2262,59,4,395.91,1583.64
7879,2263,2,1,363.88,363.88
7880,2263,238,3,262.67,788.01
7881,2263,242,1,131.89,131.89
7882,2264,71,3,594.55,1783.65
7883,2264,66,2,87.24,174.48
7884,2264,233,2,275.42,550.84
7885,2265,117,1,300.72,300.72
7886,2265,118,4,175.82,703.28
7887,2265,123,4,235.89,943.56
7888,2265,101,4,57.39,229.56
7889,2265,4,4,352.75,1411.0
7890,2265,76,4,450.31,1801.24
7891,2266,222,4,81.41,325.64
7892,2267,124,2,388.77,777.54
7893,2267,36,1,90.32,90.32
7894,2267,104,4,287.63,1150.52
7895,2267,236,4,58.2,232.8
7896,2267,207,2,490.29,980.58
7897,2268,48,2,355.11,710.22
7898,2268,130,4,60.89,243.56
7899,2268,196,1,450.47,450.47
7900,2268,100,2,340.15,680.3
7901,2268,152,4,580.76,2323.04
7902,2268,44,1,19.48,19.48
7903,2269,227,2,454.43,908.86
7904,2269,113,4,411.77,1647.08
7905,2269,148,2,497.64,995.28
7906,2270,65,2,346.0,692.0
7907,2270,13,3,249.16,747.48
7908,2270,194,4,521.07,2084.28
7909,2271,33,3,102.45,307.35
7910,2271,95,3,320.04,960.12
7911,2272,153,4,415.24,1660.96
7912,2272,78,1,302.79,302.79
7913,2272,195,3,117.88,353.64
7914,2272,127,1,240.8,240.8
7915,2272,111,2,123.73,247.46
7916,2273,237,3,52.77,158.31
7917,2274,52,1,135.78,135.78
7918,2274,141,2,133.58,267.16
7919,2274,118,2,175.82,351.64
7920,2275,184,3,201.3,603.9
7921,2275,85,2,164.19,328.38
7922,2275,43,3,349.47,1048.41
7923,2275,154,2,342.09,684.18
7924,2276,156,2,234.14,468.28
7925,2276,1,3,541.39,1624.17
7926,2276,16,2,70.43,140.86
7927,2276,66,2,87.24,174.48
7928,2276,169,2,382.14,764.28
7929,2276,3,1,142.45,142.45
7930,2277,156,1,234.14,234.14
7931,2277,162,3,386.04,1158.12
7932,2278,45,4,118.21,472.84
7933,2278,211,4,556.48,2225.92
7934,2278,119,4,142.86,571.44
7935,2279,110,4,524.57,2098.28
7936,2279,85,3,164.19,492.57
7937,2280,249,3,375.32,1125.96
7938,2280,96,2,541.36,1082.72
7939,2280,164,3,320.2,960.6
7940,2280,9,1,553.14,553.14
7941,2280,115,1,235.12,235.12
7942,2281,39,3,116.92,350.76
7943,2281,130,2,60.89,121.78
7944,2281,85,2,164.19,328.38
7945,2282,192,3,183.66,550.98
7946,2282,3,2,142.45,284.9
7947,2282,139,2,250.55,501.1
7948,2282,242,1,131.89,131.89
7949,2282,225,4,242.67,970.68
7950,2282,47,2,595.74,1191.48
7951,2283,29,4,218.87,875.48
7952,2283,38,2,511.93,1023.86
7953,2284,204,3,207.96,623.88
7954,2284,218,4,126.69,506.76
7955,2284,156,2,234.14,468.28
7956,2284,227,3,454.43,1363.29
7957,2285,85,1,164.19,164.19
7958,2285,124,1,388.77,388.77
7959,2285,214,1,288.6,288.6
7960,2285,5,3,148.93,446.79
7961,2285,162,4,386.04,1544.16
7962,2286,9,3,553.14,1659.42
7963,2286,12,4,589.84,2359.36
7964,2286,214,2,288.6,577.2
7965,2287,16,3,70.43,211.29
7966,2287,86,4,431.1,1724.4
7967,2287,114,4,270.25,1081.0
7968,2288,91,1,187.63,187.63
7969,2288,237,2,52.77,105.54
7970,2288,198,3,351.95,1055.85
7971,2289,246,4,307.14,1228.56
7972,2289,208,3,350.34,1051.02
7973,2289,110,1,524.57,524.57
7974,2289,164,4,320.2,1280.8
7975,2290,85,2,164.19,328.38
7976,2290,36,1,90.32,90.32
7977,2290,64,4,110.72,442.88
7978,2290,40,1,450.37,450.37
7979,2290,238,3,262.67,788.01
7980,2290,48,4,355.11,1420.44
7981,2291,148,2,497.64,995.28
7982,2291,15,1,578.04,578.04
7983,2291,48,3,355.11,1065.33
7984,2291,6,1,478.9,478.9
7985,2291,113,1,411.77,411.77
7986,2291,205,1,383.07,383.07
7987,2292,142,2,45.22,90.44
7988,2292,27,3,238.78,716.34
7989,2292,234,1,244.66,244.66
7990,2293,250,4,34.9,139.6
7991,2293,208,1,350.34,350.34
7992,2293,141,4,133.58,534.32
7993,2293,248,3,188.2,564.6
7994,2293,2,4,363.88,1455.52
7995,2294,201,4,496.81,1987.24
7996,2294,200,4,558.08,2232.32
7997,2294,7,1,53.23,53.23
7998,2294,77,2,377.42,754.84
7999,2294,233,4,275.42,1101.68
8000,2295,167,1,74.71,74.71
8001,2295,57,2,128.38,256.76
8002,2295,91,2,187.63,375.26
8003,2295,1,1,541.39,541.39
8004,2295,193,3,164.42,493.26
8005,2295,222,4,81.41,325.64
8006,2296,124,1,388.77,388.77
8007,2296,57,1,128.38,128.38
8008,2296,235,1,172.77,172.77
8009,2296,41,1,245.1,245.1
8010,2296,24,4,28.9,115.6
8011,2297,5,3,148.93,446.79
8012,2297,116,1,108.97,108.97
8013,2298,24,4,28.9,115.6
8014,2298,168,2,316.03,632.06
8015,2299,200,3,558.08,1674.24
8016,2299,67,4,136.1,544.4
8017,2299,146,1,118.88,118.88
8018,2299,159,1,223.33,223.33
8019,2300,218,1,126.69,126.69
8020,2300,160,2,275.73,551.46
8021,2300,7,4,53.23,212.92
8022,2300,188,1,503.7,503.7
8023,2301,23,1,276.19,276.19
8024,2301,142,4,45.22,180.88
8025,2302,165,2,235.2,470.4
8026,2302,206,3,225.13,675.39
8027,2303,51,2,555.78,1111.56
8028,2304,144,3,47.39,142.17
8029,2305,68,2,188.28,376.56
8030,2306,200,3,558.08,1674.24
8031,2306,24,4,28.9,115.6
8032,2306,159,4,223.33,893.32
8033,2306,44,2,19.48,38.96
8034,2306,43,2,349.47,698.94
8035,2306,25,1,277.57,277.57
8036,2307,27,1,238.78,238.78
8037,2307,56,3,238.95,716.85
8038,2307,164,4,320.2,1280.8
8039,2307,14,1,301.65,301.65
8040,2307,119,2,142.86,285.72
8041,2307,197,2,297.44,594.88
8042,2308,75,3,256.79,770.37
8043,2308,19,4,464.34,1857.36
8044,2309,173,1,303.56,303.56
8045,2309,112,4,186.06,744.24
8046,2309,128,4,197.5,790.0
8047,2310,127,1,240.8,240.8
8048,2310,231,3,265.93,797.79
8049,2310,35,3,404.22,1212.66
8050,2310,245,2,170.03,340.06
8051,2310,22,4,125.76,503.04
8052,2311,99,3,205.29,615.87
8053,2311,90,4,138.74,554.96
8054,2312,72,2,91.12,182.24
8055,2312,75,3,256.79,770.37
8056,2313,46,3,188.18,564.54
8057,2313,168,1,316.03,316.03
8058,2313,188,2,503.7,1007.4
8059,2313,130,3,60.89,182.67
8060,2313,48,4,355.11,1420.44
8061,2314,147,4,50.11,200.44
8062,2315,205,3,383.07,1149.21
8063,2315,31,1,499.38,499.38
8064,2315,132,1,330.55,330.55
8065,2316,52,4,135.78,543.12
8066,2316,76,4,450.31,1801.24
8067,2317,117,1,300.72,300.72
8068,2317,21,2,574.25,1148.5
8069,2317,37,1,43.6,43.6
8070,2317,81,1,51.32,51.32
8071,2318,54,1,60.89,60.89
8072,2318,113,4,411.77,1647.08
8073,2318,127,4,240.8,963.2
8074,2319,34,1,43.41,43.41
8075,2319,226,1,137.54,137.54
8076,2319,66,3,87.24,261.72
8077,2320,164,2,320.2,640.4
8078,2320,85,1,164.19,164.19
8079,2321,212,4,454.26,1817.04
8080,2321,199,1,94.94,94.94
8081,2322,55,1,215.38,215.38
8082,2322,241,1,205.2,205.2
8083,2323,211,1,556.48,556.48
8084,2323,169,2,382.14,764.28
8085,2323,20,4,605.41,2421.64
8086,2324,209,2,101.66,203.32
8087,2324,86,2,431.1,862.2
8088,2325,117,3,300.72,902.16
8089,2326,111,1,123.73,123.73
8090,2326,240,2,253.55,507.1
8091,2326,204,2,207.96,415.92
8092,2326,138,4,371.13,1484.52
8093,2326,118,4,175.82,703.28
8094,2327,185,4,339.64,1358.56
8095,2328,238,4,262.67,1050.68
8096,2328,224,2,79.62,159.24
8097,2328,217,3,369.23,1107.69
8098,2329,94,3,512.7,1538.1
8099,2330,40,4,450.37,1801.48
8100,2330,16,2,70.43,140.86
8101,2330,31,1,499.38,499.38
8102,2330,151,2,72.21,144.42
8103,2330,36,1,90.32,90.32
8104,2330,42,3,132.01,396.03
8105,2331,45,1,118.21,118.21
8106,2332,194,2,521.07,1042.14
8107,2332,229,4,165.02,660.08
8108,2333,57,4,128.38,513.52
8109,2333,188,3,503.7,1511.1
8110,2333,92,1,411.95,411.95
8111,2333,222,1,81.41,81.41
8112,2334,62,3,185.84,557.52
8113,2334,147,2,50.11,100.22
8114,2334,234,1,244.66,244.66
8115,2335,109,3,383.43,1150.29
8116,2335,226,3,137.54,412.62
8117,2335,130,2,60.89,121.78
8118,2335,41,4,245.1,980.4
8119,2335,195,3,117.88,353.64
8120,2336,92,4,411.95,1647.8
8121,2337,40,1,450.37,450.37
8122,2338,32,2,610.06,1220.12
8123,2338,119,2,142.86,285.72
8124,2338,221,4,627.82,2511.28
8125,2338,130,3,60.89,182.67
8126,2338,79,1,440.1,440.1
8127,2338,25,2,277.57,555.14
8128,2339,227,1,454.43,454.43
8129,2339,93,2,296.33,592.66
8130,2340,62,2,185.84,371.68
8131,2340,173,1,303.56,303.56
8132,2340,61,2,374.3,748.6
8133,2341,68,2,188.28,376.56
8134,2341,121,3,418.51,1255.53
8135,2341,215,2,238.44,476.88
8136,2341,202,1,467.78,467.78
8137,2342,150,4,377.06,1508.24
8138,2342,38,2,511.93,1023.86
8139,2342,55,4,215.38,861.52
8140,2342,47,2,595.74,1191.48
8141,2342,204,2,207.96,415.92
8142,2342,10,3,330.8,992.4
8143,2343,43,3,349.47,1048.41
8144,2343,167,3,74.71,224.13
8145,2344,222,1,81.41,81.41
8146,2344,131,4,21.58,86.32
8147,2345,226,3,137.54,412.62
8148,2345,45,3,118.21,354.63
8149,2345,57,3,128.38,385.14
8150,2345,184,4,201.3,805.2
8151,2346,223,1,449.24,449.24
8152,2346,35,4,404.22,1616.88
8153,2346,241,4,205.2,820.8
8154,2346,160,3,275.73,827.19
8155,2346,94,4,512.7,2050.8
8156,2347,172,1,244.65,244.65
8157,2347,236,1,58.2,58.2
8158,2348,13,1,249.16,249.16
8159,2348,79,4,440.1,1760.4
8160,2349,2,3,363.88,1091.64
8161,2349,200,4,558.08,2232.32
8162,2349,124,4,388.77,1555.08
8163,2349,16,3,70.43,211.29
8164,2349,22,3,125.76,377.28
8165,2349,60,4,556.59,2226.36
8166,2350,59,4,395.91,1583.64
8167,2350,115,2,235.12,470.24
8168,2351,113,4,411.77,1647.08
8169,2351,149,3,212.48,637.44
8170,2352,126,3,291.18,873.54
8171,2353,167,3,74.71,224.13
8172,2353,48,4,355.11,1420.44
8173,2353,112,1,186.06,186.06
8174,2353,192,3,183.66,550.98
8175,2354,136,3,299.97,899.91
8176,2354,107,4,233.92,935.68
8177,2354,127,1,240.8,240.8
8178,2355,79,3,440.1,1320.3
8179,2355,150,2,377.06,754.12
8180,2356,13,1,249.16,249.16
8181,2356,238,4,262.67,1050.68
8182,2356,162,3,386.04,1158.12
8183,2357,118,1,175.82,175.82
8184,2357,85,4,164.19,656.76
8185,2358,133,4,310.77,1243.08
8186,2358,102,1,196.56,196.56
8187,2358,92,1,411.95,411.95
8188,2358,160,1,275.73,275.73
8189,2358,169,1,382.14,382.14
8190,2358,197,2,297.44,594.88
8191,2359,59,3,395.91,1187.73
8192,2359,184,2,201.3,402.6
8193,2359,248,3,188.2,564.6
8194,2359,223,3,449.24,1347.72
8195,2359,26,4,478.23,1912.92
8196,2360,51,3,555.78,1667.34
8197,2361,59,4,395.91,1583.64
8198,2361,87,1,509.91,509.91
8199,2362,139,2,250.55,501.1
8200,2363,52,4,135.78,543.12
8201,2363,112,3,186.06,558.18
8202,2363,213,3,266.98,800.94
8203,2363,99,1,205.29,205.29
8204,2363,144,4,47.39,189.56
8205,2363,109,4,383.43,1533.72
8206,2364,120,3,32.48,97.44
8207,2364,32,4,610.06,2440.24
8208,2365,42,3,132.01,396.03
8209,2365,101,3,57.39,172.17
8210,2365,111,3,123.73,371.19
8211,2366,140,4,359.22,1436.88
8212,2367,242,3,131.89,395.67
8213,2367,100,1,340.15,340.15
8214,2367,198,2,351.95,703.9
8215,2367,172,4,244.65,978.6
8216,2367,29,4,218.87,875.48
8217,2368,186,1,232.01,232.01
8218,2368,6,4,478.9,1915.6
8219,2368,230,1,350.4,350.4
8220,2368,5,4,148.93,595.72
8221,2368,34,4,43.41,173.64
8222,2368,13,1,249.16,249.16
8223,2369,173,2,303.56,607.12
8224,2369,104,1,287.63,287.63
8225,2369,248,1,188.2,188.2
8226,2370,248,1,188.2,188.2
8227,2370,127,4,240.8,963.2
8228,2371,199,4,94.94,379.76
8229,2371,49,3,529.8,1589.4
8230,2371,248,2,188.2,376.4
8231,2371,131,4,21.58,86.32
8232,2371,180,2,394.23,788.46
8233,2371,134,2,224.13,448.26
8234,2372,147,1,50.11,50.11
8235,2372,211,1,556.48,556.48
8236,2372,104,2,287.63,575.26
8237,2372,29,3,218.87,656.61
8238,2372,228,1,380.46,380.46
8239,2372,110,1,524.57,524.57
8240,2373,82,2,212.44,424.88
8241,2373,14,1,301.65,301.65
8242,2373,214,1,288.6,288.6
8243,2373,120,3,32.48,97.44
8244,2373,217,1,369.23,369.23
8245,2373,125,2,211.24,422.48
8246,2374,24,4,28.9,115.6
8247,2375,42,4,132.01,528.04
8248,2376,175,4,93.86,375.44
8249,2376,207,2,490.29,980.58
8250,2376,221,3,627.82,1883.46
8251,2376,192,1,183.66,183.66
8252,2376,144,2,47.39,94.78
8253,2376,229,4,165.02,660.08
8254,2377,5,3,148.93,446.79
8255,2377,188,2,503.7,1007.4
8256,2378,243,4,358.78,1435.12
8257,2378,82,1,212.44,212.44
8258,2378,131,2,21.58,43.16
8259,2378,234,2,244.66,489.32
8260,2378,190,4,378.5,1514.0
8261,2378,211,1,556.48,556.48
8262,2379,105,4,58.11,232.44
8263,2379,104,3,287.63,862.89
8264,2379,40,1,450.37,450.37
8265,2379,178,4,505.3,2021.2
8266,2380,237,3,52.77,158.31
8267,2381,163,2,268.64,537.28
8268,2381,148,3,497.64,1492.92
8269,2381,50,3,120.19,360.57
8270,2381,134,2,224.13,448.26
8271,2381,146,3,118.88,356.64
8272,2381,221,4,627.82,2511.28
8273,2382,115,1,235.12,235.12
8274,2382,129,2,293.5,587.0
8275,2382,183,1,147.46,147.46
8276,2383,68,2,188.28,376.56
8277,2383,112,2,186.06,372.12
8278,2383,231,1,265.93,265.93
8279,2383,216,4,101.25,405.0
8280,2383,133,1,310.77,310.77
8281,2384,24,3,28.9,86.7
8282,2384,155,1,219.1,219.1
8283,2384,163,1,268.64,268.64
8284,2384,232,2,494.33,988.66
8285,2385,162,3,386.04,1158.12
8286,2385,94,2,512.7,1025.4
8287,2385,48,4,355.11,1420.44
8288,2385,70,4,473.53,1894.12
8289,2386,16,3,70.43,211.29
8290,2386,124,2,388.77,777.54
8291,2387,131,2,21.58,43.16
8292,2387,162,1,386.04,386.04
8293,2387,233,1,275.42,275.42
8294,2387,119,4,142.86,571.44
8295,2388,99,4,205.29,821.16
8296,2388,188,4,503.7,2014.8
8297,2388,4,4,352.75,1411.0
8298,2388,72,2,91.12,182.24
8299,2388,55,3,215.38,646.14
8300,2389,169,3,382.14,1146.42
8301,2389,35,2,404.22,808.44
8302,2390,34,4,43.41,173.64
8303,2390,195,4,117.88,471.52
8304,2390,196,4,450.47,1801.88
8305,2390,242,4,131.89,527.56
8306,2390,243,3,358.78,1076.34
8307,2391,75,3,256.79,770.37
8308,2391,151,1,72.21,72.21
8309,2391,141,2,133.58,267.16
8310,2391,65,3,346.0,1038.0
8311,2391,101,4,57.39,229.56
8312,2392,11,3,312.03,936.09
8313,2392,189,3,603.72,1811.16
8314,2392,239,2,38.46,76.92
8315,2392,200,3,558.08,1674.24
8316,2393,28,1,434.23,434.23
8317,2393,117,1,300.72,300.72
8318,2393,156,1,234.14,234.14
8319,2393,13,2,249.16,498.32
8320,2393,116,1,108.97,108.97
8321,2394,23,4,276.19,1104.76
8322,2394,139,3,250.55,751.65
8323,2395,235,3,172.77,518.31
8324,2396,52,4,135.78,543.12
8325,2396,39,2,116.92,233.84
8326,2396,70,4,473.53,1894.12
8327,2396,82,3,212.44,637.32
8328,2396,241,4,205.2,820.8
8329,2396,173,2,303.56,607.12
8330,2397,173,3,303.56,910.68
8331,2397,250,4,34.9,139.6
8332,2397,248,1,188.2,188.2
8333,2398,62,2,185.84,371.68
8334,2399,2,2,363.88,727.76
8335,2400,71,4,594.55,2378.2
8336,2400,196,1,450.47,450.47
8337,2400,201,3,496.81,1490.43
8338,2401,98,1,209.33,209.33
8339,2401,17,2,555.46,1110.92
8340,2401,190,2,378.5,757.0
8341,2401,219,3,383.42,1150.26
8342,2401,141,1,133.58,133.58
8343,2401,80,4,24.61,98.44
8344,2402,238,4,262.67,1050.68
8345,2402,27,1,238.78,238.78
8346,2402,46,3,188.18,564.54
8347,2403,62,1,185.84,185.84
8348,2403,179,4,200.78,803.12
8349,2403,248,3,188.2,564.6
8350,2403,224,2,79.62,159.24
8351,2403,43,3,349.47,1048.41
8352,2404,64,4,110.72,442.88
8353,2405,182,3,214.08,642.24
8354,2406,43,2,349.47,698.94
8355,2407,226,1,137.54,137.54
8356,2407,20,2,605.41,1210.82
8357,2407,37,4,43.6,174.4
8358,2407,52,2,135.78,271.56
8359,2408,112,2,186.06,372.12
8360,2408,196,4,450.47,1801.88
8361,2409,15,2,578.04,1156.08
8362,2409,112,4,186.06,744.24
8363,2409,148,4,497.64,1990.56
8364,2409,178,2,505.3,1010.6
8365,2409,240,3,253.55,760.65
8366,2410,183,2,147.46,294.92
8367,2411,168,1,316.03,316.03
8368,2411,244,4,423.65,1694.6
8369,2411,57,4,128.38,513.52
8370,2412,8,1,427.33,427.33
8371,2412,137,2,205.25,410.5
8372,2412,250,2,34.9,69.8
8373,2412,141,2,133.58,267.16
8374,2412,66,2,87.24,174.48
8375,2413,250,3,34.9,104.7
8376,2413,215,1,238.44,238.44
8377,2414,9,3,553.14,1659.42
8378,2414,92,2,411.95,823.9
8379,2414,25,4,277.57,1110.28
8380,2414,227,1,454.43,454.43
8381,2414,203,4,362.8,1451.2
8382,2415,79,4,440.1,1760.4
8383,2416,181,4,314.93,1259.72
8384,2416,90,1,138.74,138.74
8385,2416,226,3,137.54,412.62
8386,2416,104,2,287.63,575.26
8387,2416,232,3,494.33,1482.99
8388,2416,47,2,595.74,1191.48
8389,2417,21,3,574.25,1722.75
8390,2417,229,3,165.02,495.06
8391,2417,175,4,93.86,375.44
8392,2417,94,4,512.7,2050.8
8393,2418,207,3,490.29,1470.87
8394,2418,54,1,60.89,60.89
8395,2418,92,2,411.95,823.9
8396,2418,98,4,209.33,837.32
8397,2419,7,2,53.23,106.46
8398,2419,148,1,497.64,497.64
8399,2419,6,3,478.9,1436.7
8400,2419,144,4,47.39,189.56
8401,2420,184,3,201.3,603.9
8402,2420,185,1,339.64,339.64
8403,2420,38,2,511.93,1023.86
8404,2420,68,4,188.28,753.12
8405,2421,166,2,82.07,164.14
8406,2421,41,2,245.1,490.2
8407,2421,154,3,342.09,1026.27
8408,2421,198,1,351.95,351.95
8409,2421,111,1,123.73,123.73
8410,2422,57,4,128.38,513.52
8411,2422,223,4,449.24,1796.96
8412,2422,171,2,242.88,485.76
8413,2423,41,1,245.1,245.1
8414,2423,9,2,553.14,1106.28
8415,2423,172,1,244.65,244.65
8416,2423,74,2,355.67,711.34
8417,2424,30,2,247.82,495.64
8418,2425,36,1,90.32,90.32
8419,2425,197,4,297.44,1189.76
8420,2425,219,3,383.42,1150.26
8421,2425,147,1,50.11,50.11
8422,2425,15,1,578.04,578.04
8423,2426,226,3,137.54,412.62
8424,2426,39,1,116.92,116.92
8425,2426,11,2,312.03,624.06
8426,2426,106,2,162.6,325.2
8427,2426,174,3,460.49,1381.47
8428,2427,173,1,303.56,303.56
8429,2427,222,4,81.41,325.64
8430,2428,175,3,93.86,281.58
8431,2428,144,1,47.39,47.39
8432,2428,45,4,118.21,472.84
8433,2428,193,4,164.42,657.68
8434,2428,159,2,223.33,446.66
8435,2429,132,4,330.55,1322.2
8436,2429,89,2,152.92,305.84
8437,2430,188,1,503.7,503.7
8438,2430,13,2,249.16,498.32
8439,2431,9,3,553.14,1659.42
8440,2431,112,2,186.06,372.12
8441,2431,162,1,386.04,386.04
8442,2431,199,3,94.94,284.82
8443,2432,157,4,28.92,115.68
8444,2432,197,4,297.44,1189.76
8445,2432,81,2,51.32,102.64
8446,2433,24,1,28.9,28.9
8447,2433,83,2,550.53,1101.06
8448,2433,11,4,312.03,1248.12
8449,2434,65,3,346.0,1038.0
8450,2434,5,4,148.93,595.72
8451,2434,18,4,55.2,220.8
8452,2434,95,3,320.04,960.12
8453,2434,93,3,296.33,888.99
8454,2434,222,4,81.41,325.64
8455,2435,225,3,242.67,728.01
8456,2435,39,1,116.92,116.92
8457,2435,114,3,270.25,810.75
8458,2435,71,1,594.55,594.55
8459,2435,176,1,405.74,405.74
8460,2435,228,4,380.46,1521.84
8461,2436,24,1,28.9,28.9
8462,2436,147,1,50.11,50.11
8463,2436,128,2,197.5,395.0
8464,2436,162,2,386.04,772.08
8465,2436,153,1,415.24,415.24
8466,2436,154,2,342.09,684.18
8467,2437,188,3,503.7,1511.1
8468,2438,181,3,314.93,944.79
8469,2439,13,1,249.16,249.16
8470,2440,173,3,303.56,910.68
8471,2440,156,2,234.14,468.28
8472,2440,113,4,411.77,1647.08
8473,2440,43,1,349.47,349.47
8474,2441,23,4,276.19,1104.76
8475,2441,41,3,245.1,735.3
8476,2441,89,4,152.92,611.68
8477,2441,229,1,165.02,165.02
8478,2441,167,3,74.71,224.13
8479,2442,154,1,342.09,342.09
8480,2442,5,2,148.93,297.86
8481,2442,174,2,460.49,920.98
8482,2442,209,3,101.66,304.98
8483,2443,170,1,287.23,287.23
8484,2443,91,3,187.63,562.89
8485,2443,142,2,45.22,90.44
8486,2443,244,1,423.65,423.65
8487,2444,149,3,212.48,637.44
8488,2444,177,2,245.43,490.86
8489,2444,46,1,188.18,188.18
8490,2444,51,1,555.78,555.78
8491,2445,86,2,431.1,862.2
8492,2445,8,4,427.33,1709.32
8493,2445,94,1,512.7,512.7
8494,2445,116,3,108.97,326.91
8495,2446,141,2,133.58,267.16
8496,2447,209,1,101.66,101.66
8497,2447,50,1,120.19,120.19
8498,2447,16,4,70.43,281.72
8499,2448,225,1,242.67,242.67
8500,2449,189,4,603.72,2414.88
8501,2449,157,1,28.92,28.92
8502,2449,139,3,250.55,751.65
8503,2449,199,4,94.94,379.76
8504,2450,113,3,411.77,1235.31
8505,2450,136,3,299.97,899.91
8506,2450,134,4,224.13,896.52
8507,2451,8,2,427.33,854.66
8508,2451,243,3,358.78,1076.34
8509,2451,244,3,423.65,1270.95
8510,2452,101,2,57.39,114.78
8511,2452,157,4,28.92,115.68
8512,2452,39,2,116.92,233.84
8513,2452,239,1,38.46,38.46
8514,2453,91,2,187.63,375.26
8515,2453,226,4,137.54,550.16
8516,2453,218,1,126.69,126.69
8517,2453,86,3,431.1,1293.3
8518,2454,8,4,427.33,1709.32
8519,2455,36,4,90.32,361.28
8520,2456,111,1,123.73,123.73
8521,2456,43,4,349.47,1397.88
8522,2456,19,1,464.34,464.34
8523,2456,164,1,320.2,320.2
8524,2457,49,1,529.8,529.8
8525,2457,109,3,383.43,1150.29
8526,2457,1,4,541.39,2165.56
8527,2457,9,2,553.14,1106.28
8528,2457,247,3,32.63,97.89
8529,2458,202,4,467.78,1871.12
8530,2458,227,3,454.43,1363.29
8531,2458,166,2,82.07,164.14
8532,2458,125,4,211.24,844.96
8533,2458,129,3,293.5,880.5
8534,2458,47,4,595.74,2382.96
8535,2459,60,4,556.59,2226.36
8536,2460,101,3,57.39,172.17
8537,2460,155,4,219.1,876.4
8538,2460,209,2,101.66,203.32
8539,2460,16,4,70.43,281.72
8540,2460,145,2,362.85,725.7
8541,2460,168,1,316.03,316.03
8542,2461,144,2,47.39,94.78
8543,2461,117,3,300.72,902.16
8544,2461,68,3,188.28,564.84
8545,2462,129,1,293.5,293.5
8546,2462,154,4,342.09,1368.36
8547,2462,176,2,405.74,811.48
8548,2462,186,2,232.01,464.02
8549,2463,178,1,505.3,505.3
8550,2464,16,2,70.43,140.86
8551,2465,112,3,186.06,558.18
8552,2465,150,3,377.06,1131.18
8553,2466,181,3,314.93,944.79
8554,2466,102,4,196.56,786.24
8555,2466,78,2,302.79,605.58
8556,2467,110,2,524.57,1049.14
8557,2467,201,2,496.81,993.62
8558,2467,91,1,187.63,187.63
8559,2467,205,1,383.07,383.07
8560,2467,226,3,137.54,412.62
8561,2468,101,1,57.39,57.39
8562,2469,206,4,225.13,900.52
8563,2469,192,2,183.66,367.32
8564,2470,135,4,298.38,1193.52
8565,2471,209,2,101.66,203.32
8566,2471,50,4,120.19,480.76
8567,2471,135,4,298.38,1193.52
8568,2471,221,3,627.82,1883.46
8569,2472,118,3,175.82,527.46
8570,2473,3,2,142.45,284.9
8571,2474,203,3,362.8,1088.4
8572,2474,51,2,555.78,1111.56
8573,2474,33,3,102.45,307.35
8574,2474,45,3,118.21,354.63
8575,2475,113,3,411.77,1235.31
8576,2475,52,2,135.78,271.56
8577,2475,82,4,212.44,849.76
8578,2475,235,4,172.77,691.08
8579,2475,94,1,512.7,512.7
8580,2475,223,2,449.24,898.48
8581,2476,204,3,207.96,623.88
8582,2476,4,2,352.75,705.5
8583,2477,20,3,605.41,1816.23
8584,2478,169,3,382.14,1146.42
8585,2478,221,2,627.82,1255.64
8586,2478,238,4,262.67,1050.68
8587,2478,31,4,499.38,1997.52
8588,2478,52,4,135.78,543.12
8589,2479,232,1,494.33,494.33
8590,2479,204,4,207.96,831.84
8591,2479,162,4,386.04,1544.16
8592,2479,214,3,288.6,865.8
8593,2479,47,3,595.74,1787.22
8594,2479,165,2,235.2,470.4
8595,2480,104,3,287.63,862.89
8596,2480,38,1,511.93,511.93
8597,2480,52,1,135.78,135.78
8598,2480,48,4,355.11,1420.44
8599,2481,250,3,34.9,104.7
8600,2481,58,1,307.4,307.4
8601,2481,66,2,87.24,174.48
8602,2481,40,1,450.37,450.37
8603,2482,221,4,627.82,2511.28
8604,2482,46,1,188.18,188.18
8605,2483,50,1,120.19,120.19
8606,2483,156,2,234.14,468.28
8607,2483,28,3,434.23,1302.69
8608,2483,247,4,32.63,130.52
8609,2483,108,3,378.79,1136.37
8610,2484,121,4,418.51,1674.04
8611,2484,30,2,247.82,495.64
8612,2484,199,1,94.94,94.94
8613,2484,110,4,524.57,2098.28
8614,2485,27,3,238.78,716.34
8615,2485,240,4,253.55,1014.2
8616,2486,13,3,249.16,747.48
8617,2486,111,3,123.73,371.19
8618,2487,204,1,207.96,207.96
8619,2487,98,3,209.33,627.99
8620,2487,135,3,298.38,895.14
8621,2487,106,3,162.6,487.8
8622,2488,201,3,496.81,1490.43
8623,2488,24,1,28.9,28.9
8624,2488,37,2,43.6,87.2
8625,2488,136,1,299.97,299.97
8626,2488,137,1,205.25,205.25
8627,2488,185,3,339.64,1018.92
8628,2489,205,4,383.07,1532.28
8629,2489,112,1,186.06,186.06
8630,2489,156,1,234.14,234.14
8631,2489,19,1,464.34,464.34
8632,2490,80,4,24.61,98.44
8633,2490,49,1,529.8,529.8
8634,2490,75,3,256.79,770.37
8635,2490,151,1,72.21,72.21
8636,2491,51,2,555.78,1111.56
8637,2491,123,4,235.89,943.56
8638,2492,128,2,197.5,395.0
8639,2492,224,2,79.62,159.24
8640,2492,87,3,509.91,1529.73
8641,2492,9,4,553.14,2212.56
8642,2492,64,3,110.72,332.16
8643,2493,114,3,270.25,810.75
8644,2493,43,4,349.47,1397.88
8645,2494,15,1,578.04,578.04
8646,2494,101,4,57.39,229.56
8647,2494,90,1,138.74,138.74
8648,2495,64,3,110.72,332.16
8649,2495,23,1,276.19,276.19
8650,2495,47,4,595.74,2382.96
8651,2496,179,3,200.78,602.34
8652,2496,91,3,187.63,562.89
8653,2496,213,1,266.98,266.98
8654,2496,113,3,411.77,1235.31
8655,2496,54,1,60.89,60.89
8656,2497,202,2,467.78,935.56
8657,2497,37,4,43.6,174.4
8658,2497,30,3,247.82,743.46
8659,2498,81,4,51.32,205.28
8660,2498,177,4,245.43,981.72
8661,2498,117,1,300.72,300.72
8662,2499,145,4,362.85,1451.4
8663,2499,200,1,558.08,558.08
8664,2499,137,1,205.25,205.25
8665,2499,32,4,610.06,2440.24
8666,2499,143,3,155.0,465.0
8667,2499,147,1,50.11,50.11
8668,2500,122,2,313.49,626.98
8669,2500,233,1,275.42,275.42
8670,2500,34,4,43.41,173.64
8671,2500,246,1,307.14,307.14
8672,2500,225,3,242.67,728.01
8673,2500,240,4,253.55,1014.2
8674,2501,84,1,124.27,124.27
8675,2501,70,1,473.53,473.53
8676,2502,22,1,125.76,125.76
8677,2502,150,4,377.06,1508.24
8678,2502,205,4,383.07,1532.28
8679,2502,248,3,188.2,564.6
8680,2502,228,3,380.46,1141.38
8681,2502,4,1,352.75,352.75
8682,2503,83,4,550.53,2202.12
8683,2503,2,3,363.88,1091.64
8684,2503,107,3,233.92,701.76
8685,2503,160,1,275.73,275.73
8686,2503,217,1,369.23,369.23
8687,2504,125,1,211.24,211.24
8688,2504,150,1,377.06,377.06
8689,2504,38,4,511.93,2047.72
8690,2504,158,2,479.14,958.28
8691,2505,142,2,45.22,90.44
8692,2505,93,1,296.33,296.33
8693,2505,232,3,494.33,1482.99
8694,2505,55,4,215.38,861.52
8695,2505,6,3,478.9,1436.7
8696,2506,13,4,249.16,996.64
8697,2507,9,4,553.14,2212.56
8698,2507,203,4,362.8,1451.2
8699,2507,8,1,427.33,427.33
8700,2507,131,3,21.58,64.74
8701,2508,41,1,245.1,245.1
8702,2509,70,2,473.53,947.06
8703,2509,227,3,454.43,1363.29
8704,2509,193,3,164.42,493.26
8705,2509,31,1,499.38,499.38
8706,2510,188,2,503.7,1007.4
8707,2510,28,4,434.23,1736.92
8708,2511,229,1,165.02,165.02
8709,2512,116,2,108.97,217.94
8710,2512,52,4,135.78,543.12
8711,2512,54,1,60.89,60.89
8712,2512,127,1,240.8,240.8
8713,2513,44,1,19.48,19.48
8714,2513,228,4,380.46,1521.84
8715,2513,170,1,287.23,287.23
8716,2513,109,3,383.43,1150.29
8717,2513,223,1,449.24,449.24
8718,2513,47,1,595.74,595.74
8719,2514,27,4,238.78,955.12
8720,2514,49,3,529.8,1589.4
8721,2514,81,1,51.32,51.32
8722,2514,43,1,349.47,349.47
8723,2515,137,1,205.25,205.25
8724,2516,136,1,299.97,299.97
8725,2516,106,2,162.6,325.2
8726,2516,117,3,300.72,902.16
8727,2516,34,1,43.41,43.41
8728,2516,98,4,209.33,837.32
8729,2516,222,2,81.41,162.82
8730,2517,18,2,55.2,110.4
8731,2517,156,4,234.14,936.56
8732,2517,73,4,200.84,803.36
8733,2517,171,3,242.88,728.64
8734,2517,242,1,131.89,131.89
8735,2517,111,3,123.73,371.19
8736,2518,64,3,110.72,332.16
8737,2519,101,2,57.39,114.78
8738,2519,117,2,300.72,601.44
8739,2520,245,1,170.03,170.03
8740,2521,240,2,253.55,507.1
8741,2521,38,3,511.93,1535.79
8742,2521,122,1,313.49,313.49
8743,2521,246,1,307.14,307.14
8744,2522,173,2,303.56,607.12
8745,2523,168,2,316.03,632.06
8746,2524,167,3,74.71,224.13
8747,2524,172,4,244.65,978.6
8748,2524,207,4,490.29,1961.16
8749,2524,5,1,148.93,148.93
8750,2525,99,3,205.29,615.87
8751,2526,219,4,383.42,1533.68
8752,2527,77,1,377.42,377.42
8753,2528,71,4,594.55,2378.2
8754,2529,64,1,110.72,110.72
8755,2530,140,1,359.22,359.22
8756,2530,64,4,110.72,442.88
8757,2530,227,4,454.43,1817.72
8758,2530,215,3,238.44,715.32
8759,2530,25,4,277.57,1110.28
8760,2531,246,4,307.14,1228.56
8761,2531,14,4,301.65,1206.6
8762,2532,132,4,330.55,1322.2
8763,2532,50,3,120.19,360.57
8764,2532,30,3,247.82,743.46
8765,2532,7,4,53.23,212.92
8766,2532,213,2,266.98,533.96
8767,2533,93,2,296.33,592.66
8768,2534,154,1,342.09,342.09
8769,2534,211,1,556.48,556.48
8770,2535,184,1,201.3,201.3
8771,2535,107,1,233.92,233.92
8772,2536,114,3,270.25,810.75
8773,2536,51,2,555.78,1111.56
8774,2536,46,2,188.18,376.36
8775,2536,118,4,175.82,703.28
8776,2536,171,1,242.88,242.88
8777,2536,48,2,355.11,710.22
8778,2537,66,2,87.24,174.48
8779,2538,163,3,268.64,805.92
8780,2538,104,4,287.63,1150.52
8781,2538,92,1,411.95,411.95
8782,2538,139,2,250.55,501.1
8783,2538,58,3,307.4,922.2
8784,2538,36,2,90.32,180.64
8785,2539,21,1,574.25,574.25
8786,2539,185,3,339.64,1018.92
8787,2539,30,3,247.82,743.46
8788,2540,97,3,316.97,950.91
8789,2540,11,2,312.03,624.06
8790,2540,61,3,374.3,1122.9
8791,2541,120,2,32.48,64.96
8792,2541,183,4,147.46,589.84
8793,2541,71,2,594.55,1189.1
8794,2541,94,4,512.7,2050.8
8795,2542,54,1,60.89,60.89
8796,2542,19,3,464.34,1393.02
8797,2542,39,1,116.92,116.92
8798,2542,134,2,224.13,448.26
8799,2542,131,3,21.58,64.74
8800,2542,86,3,431.1,1293.3
8801,2543,194,1,521.07,521.07
8802,2543,65,1,346.0,346.0
8803,2544,105,3,58.11,174.33
8804,2544,223,2,449.24,898.48
8805,2544,244,2,423.65,847.3
8806,2545,133,3,310.77,932.31
8807,2545,113,4,411.77,1647.08
8808,2545,239,1,38.46,38.46
8809,2546,121,2,418.51,837.02
8810,2546,129,4,293.5,1174.0
8811,2546,24,2,28.9,57.8
8812,2546,79,4,440.1,1760.4
8813,2546,91,3,187.63,562.89
8814,2547,177,4,245.43,981.72
8815,2547,230,3,350.4,1051.2
8816,2547,135,3,298.38,895.14
8817,2548,98,2,209.33,418.66
8818,2548,120,4,32.48,129.92
8819,2548,103,2,234.96,469.92
8820,2549,86,1,431.1,431.1
8821,2549,241,4,205.2,820.8
8822,2549,133,4,310.77,1243.08
8823,2549,75,2,256.79,513.58
8824,2549,227,2,454.43,908.86
8825,2549,47,1,595.74,595.74
8826,2550,219,3,383.42,1150.26
8827,2550,174,1,460.49,460.49
8828,2550,144,1,47.39,47.39
8829,2550,93,2,296.33,592.66
8830,2550,69,4,297.02,1188.08
8831,2551,45,3,118.21,354.63
8832,2551,69,1,297.02,297.02
8833,2551,71,1,594.55,594.55
8834,2551,77,4,377.42,1509.68
8835,2551,15,2,578.04,1156.08
8836,2552,13,1,249.16,249.16
8837,2552,185,1,339.64,339.64
8838,2553,138,4,371.13,1484.52
8839,2554,40,1,450.37,450.37
8840,2554,225,2,242.67,485.34
8841,2554,148,4,497.64,1990.56
8842,2555,37,3,43.6,130.8
8843,2556,168,2,316.03,632.06
8844,2556,179,1,200.78,200.78
8845,2556,106,2,162.6,325.2
8846,2556,136,4,299.97,1199.88
8847,2557,229,1,165.02,165.02
8848,2557,225,4,242.67,970.68
8849,2557,138,4,371.13,1484.52
8850,2558,195,1,117.88,117.88
8851,2558,125,3,211.24,633.72
8852,2558,214,3,288.6,865.8
8853,2558,227,1,454.43,454.43
8854,2558,175,1,93.86,93.86
8855,2558,205,2,383.07,766.14
8856,2559,151,3,72.21,216.63
8857,2559,4,2,352.75,705.5
8858,2559,239,2,38.46,76.92
8859,2559,39,1,116.92,116.92
8860,2560,217,4,369.23,1476.92
8861,2560,188,4,503.7,2014.8
8862,2560,157,3,28.92,86.76
8863,2561,40,4,450.37,1801.48
8864,2561,98,3,209.33,627.99
8865,2561,6,3,478.9,1436.7
8866,2562,134,2,224.13,448.26
8867,2562,55,4,215.38,861.52
8868,2563,151,3,72.21,216.63
8869,2563,92,2,411.95,823.9
8870,2563,46,2,188.18,376.36
8871,2563,97,1,316.97,316.97
8872,2564,192,1,183.66,183.66
8873,2564,15,4,578.04,2312.16
8874,2564,196,1,450.47,450.47
8875,2565,124,3,388.77,1166.31
8876,2565,30,2,247.82,495.64
8877,2565,213,3,266.98,800.94
8878,2565,165,3,235.2,705.6
8879,2565,132,1,330.55,330.55
8880,2566,179,1,200.78,200.78
8881,2566,132,3,330.55,991.65
8882,2567,87,1,509.91,509.91
8883,2568,184,2,201.3,402.6
8884,2568,80,2,24.61,49.22
8885,2568,14,1,301.65,301.65
8886,2568,207,2,490.29,980.58
8887,2568,175,2,93.86,187.72
8888,2569,2,2,363.88,727.76
8889,2569,78,3,302.79,908.37
8890,2570,28,1,434.23,434.23
8891,2570,155,2,219.1,438.2
8892,2570,89,3,152.92,458.76
8893,2570,51,4,555.78,2223.12
8894,2571,81,4,51.32,205.28
8895,2571,115,2,235.12,470.24
8896,2571,47,2,595.74,1191.48
8897,2571,152,3,580.76,1742.28
8898,2571,73,1,200.84,200.84
8899,2571,191,2,410.67,821.34
8900,2572,172,4,244.65,978.6
8901,2572,109,1,383.43,383.43
8902,2572,4,3,352.75,1058.25
8903,2572,97,3,316.97,950.91
8904,2572,209,1,101.66,101.66
8905,2572,225,4,242.67,970.68
8906,2573,12,2,589.84,1179.68
8907,2573,110,2,524.57,1049.14
8908,2574,166,4,82.07,328.28
8909,2574,19,1,464.34,464.34
8910,2574,201,3,496.81,1490.43
8911,2575,2,3,363.88,1091.64
8912,2575,210,4,141.37,565.48
8913,2575,90,1,138.74,138.74
8914,2575,22,3,125.76,377.28
8915,2576,117,3,300.72,902.16
8916,2576,92,1,411.95,411.95
8917,2576,132,2,330.55,661.1
8918,2576,241,1,205.2,205.2
8919,2577,170,1,287.23,287.23
8920,2577,40,4,450.37,1801.48
8921,2577,155,3,219.1,657.3
8922,2577,104,1,287.63,287.63
8923,2578,7,1,53.23,53.23
8924,2578,202,2,467.78,935.56
8925,2578,239,4,38.46,153.84
8926,2578,147,1,50.11,50.11
8927,2578,65,3,346.0,1038.0
8928,2578,212,3,454.26,1362.78
8929,2579,41,3,245.1,735.3
8930,2580,131,1,21.58,21.58
8931,2580,166,4,82.07,328.28
8932,2580,93,4,296.33,1185.32
8933,2581,235,3,172.77,518.31
8934,2581,40,3,450.37,1351.11
8935,2581,1,4,541.39,2165.56
8936,2581,56,2,238.95,477.9
8937,2581,25,3,277.57,832.71
8938,2581,36,3,90.32,270.96
8939,2582,123,3,235.89,707.67
8940,2583,9,4,553.14,2212.56
8941,2584,130,3,60.89,182.67
8942,2584,159,3,223.33,669.99
8943,2584,136,2,299.97,599.94
8944,2584,186,4,232.01,928.04
8945,2584,109,2,383.43,766.86
8946,2584,98,4,209.33,837.32
8947,2585,90,2,138.74,277.48
8948,2585,83,4,550.53,2202.12
8949,2585,155,1,219.1,219.1
8950,2585,121,4,418.51,1674.04
8951,2585,134,4,224.13,896.52
8952,2585,130,1,60.89,60.89
8953,2586,36,1,90.32,90.32
8954,2586,89,3,152.92,458.76
8955,2586,58,3,307.4,922.2
8956,2587,117,4,300.72,1202.88
8957,2588,138,3,371.13,1113.39
8958,2588,38,1,511.93,511.93
8959,2588,247,1,32.63,32.63
8960,2588,195,3,117.88,353.64
8961,2588,30,1,247.82,247.82
8962,2588,210,2,141.37,282.74
8963,2589,203,2,362.8,725.6
8964,2590,9,4,553.14,2212.56
8965,2590,140,1,359.22,359.22
8966,2590,176,1,405.74,405.74
8967,2591,239,2,38.46,76.92
8968,2591,82,3,212.44,637.32
8969,2591,101,1,57.39,57.39
8970,2591,118,3,175.82,527.46
8971,2591,176,3,405.74,1217.22
8972,2592,132,4,330.55,1322.2
8973,2592,59,4,395.91,1583.64
8974,2592,1,3,541.39,1624.17
8975,2592,231,1,265.93,265.93
8976,2592,36,4,90.32,361.28
8977,2593,91,1,187.63,187.63
8978,2593,172,4,244.65,978.6
8979,2594,176,3,405.74,1217.22
8980,2594,195,2,117.88,235.76
8981,2594,215,3,238.44,715.32
8982,2594,39,1,116.92,116.92
8983,2595,196,1,450.47,450.47
8984,2595,85,4,164.19,656.76
8985,2595,108,1,378.79,378.79
8986,2595,81,2,51.32,102.64
8987,2596,195,1,117.88,117.88
8988,2596,56,2,238.95,477.9
8989,2596,106,1,162.6,162.6
8990,2597,235,2,172.77,345.54
8991,2597,227,3,454.43,1363.29
8992,2597,150,1,377.06,377.06
8993,2597,163,4,268.64,1074.56
8994,2598,159,3,223.33,669.99
8995,2598,215,1,238.44,238.44
8996,2598,224,4,79.62,318.48
8997,2599,145,3,362.85,1088.55
8998,2599,50,3,120.19,360.57
8999,2599,207,4,490.29,1961.16
9000,2600,12,2,589.84,1179.68
9001,2600,142,2,45.22,90.44
9002,2600,203,2,362.8,725.6
9003,2600,177,2,245.43,490.86
9004,2600,95,2,320.04,640.08
9005,2601,209,3,101.66,304.98
9006,2601,228,1,380.46,380.46
9007,2601,84,2,124.27,248.54
9008,2602,132,1,330.55,330.55
9009,2602,12,3,589.84,1769.52
9010,2602,152,2,580.76,1161.52
9011,2603,117,3,300.72,902.16
9012,2604,47,1,595.74,595.74
9013,2604,210,3,141.37,424.11
9014,2605,7,1,53.23,53.23
9015,2605,16,4,70.43,281.72
9016,2605,82,1,212.44,212.44
9017,2605,211,3,556.48,1669.44
9018,2606,147,1,50.11,50.11
9019,2606,243,2,358.78,717.56
9020,2606,114,3,270.25,810.75
9021,2607,235,2,172.77,345.54
9022,2608,121,1,418.51,418.51
9023,2608,241,2,205.2,410.4
9024,2608,180,4,394.23,1576.92
9025,2608,73,2,200.84,401.68
9026,2609,247,1,32.63,32.63
9027,2609,229,2,165.02,330.04
9028,2609,133,1,310.77,310.77
9029,2609,113,2,411.77,823.54
9030,2610,164,1,320.2,320.2
9031,2611,156,1,234.14,234.14
9032,2611,82,1,212.44,212.44
9033,2611,244,4,423.65,1694.6
9034,2611,209,1,101.66,101.66
9035,2611,194,3,521.07,1563.21
9036,2611,208,2,350.34,700.68
9037,2612,108,4,378.79,1515.16
9038,2612,84,3,124.27,372.81
9039,2612,60,3,556.59,1669.77
9040,2612,156,4,234.14,936.56
9041,2613,17,2,555.46,1110.92
9042,2613,132,4,330.55,1322.2
9043,2614,41,2,245.1,490.2
9044,2615,91,4,187.63,750.52
9045,2615,77,4,377.42,1509.68
9046,2615,240,2,253.55,507.1
9047,2615,137,4,205.25,821.0
9048,2616,86,4,431.1,1724.4
9049,2616,84,2,124.27,248.54
9050,2617,73,2,200.84,401.68
9051,2617,233,2,275.42,550.84
9052,2617,179,2,200.78,401.56
9053,2618,83,1,550.53,550.53
9054,2618,220,2,168.03,336.06
9055,2618,110,1,524.57,524.57
9056,2618,38,4,511.93,2047.72
9057,2618,230,4,350.4,1401.6
9058,2618,209,3,101.66,304.98
9059,2619,241,1,205.2,205.2
9060,2619,15,4,578.04,2312.16
9061,2619,167,1,74.71,74.71
9062,2619,217,3,369.23,1107.69
9063,2620,7,1,53.23,53.23
9064,2620,68,2,188.28,376.56
9065,2620,249,4,375.32,1501.28
9066,2620,191,2,410.67,821.34
9067,2620,166,4,82.07,328.28
9068,2621,158,4,479.14,1916.56
9069,2621,199,1,94.94,94.94
9070,2621,50,2,120.19,240.38
9071,2621,67,2,136.1,272.2
9072,2622,210,2,141.37,282.74
9073,2622,219,3,383.42,1150.26
9074,2622,195,1,117.88,117.88
9075,2622,74,1,355.67,355.67
9076,2622,194,4,521.07,2084.28
9077,2623,139,1,250.55,250.55
9078,2623,71,1,594.55,594.55
9079,2624,73,4,200.84,803.36
9080,2625,42,2,132.01,264.02
9081,2625,52,3,135.78,407.34
9082,2625,110,2,524.57,1049.14
9083,2626,242,1,131.89,131.89
9084,2626,198,3,351.95,1055.85
9085,2627,2,1,363.88,363.88
9086,2627,207,1,490.29,490.29
9087,2627,160,3,275.73,827.19
9088,2627,179,3,200.78,602.34
9089,2627,21,1,574.25,574.25
9090,2627,60,4,556.59,2226.36
9091,2628,155,2,219.1,438.2
9092,2628,100,4,340.15,1360.6
9093,2628,114,4,270.25,1081.0
9094,2628,60,1,556.59,556.59
9095,2628,219,3,383.42,1150.26
9096,2629,223,3,449.24,1347.72
9097,2629,56,1,238.95,238.95
9098,2629,65,4,346.0,1384.0
9099,2629,170,2,287.23,574.46
9100,2629,1,3,541.39,1624.17
9101,2630,118,4,175.82,703.28
9102,2630,117,2,300.72,601.44
9103,2630,204,1,207.96,207.96
9104,2631,45,4,118.21,472.84
9105,2631,171,2,242.88,485.76
9106,2631,23,2,276.19,552.38
9107,2631,2,2,363.88,727.76
9108,2631,229,3,165.02,495.06
9109,2632,145,2,362.85,725.7
9110,2632,120,1,32.48,32.48
9111,2632,210,2,141.37,282.74
9112,2632,137,1,205.25,205.25
9113,2633,22,1,125.76,125.76
9114,2633,204,1,207.96,207.96
9115,2633,108,3,378.79,1136.37
9116,2633,40,3,450.37,1351.11
9117,2633,55,2,215.38,430.76
9118,2633,89,3,152.92,458.76
9119,2634,196,3,450.47,1351.41
9120,2634,138,1,371.13,371.13
9121,2634,109,3,383.43,1150.29
9122,2634,213,1,266.98,266.98
9123,2634,227,1,454.43,454.43
9124,2635,211,3,556.48,1669.44
9125,2636,237,4,52.77,211.08
9126,2636,202,3,467.78,1403.34
9127,2636,131,3,21.58,64.74
9128,2636,21,1,574.25,574.25
9129,2637,118,1,175.82,175.82
9130,2637,244,1,423.65,423.65
9131,2637,173,4,303.56,1214.24
9132,2638,143,1,155.0,155.0
9133,2639,185,1,339.64,339.64
9134,2639,219,2,383.42,766.84
9135,2639,208,2,350.34,700.68
9136,2639,113,3,411.77,1235.31
9137,2639,232,3,494.33,1482.99
9138,2639,12,2,589.84,1179.68
9139,2640,112,2,186.06,372.12
9140,2640,157,2,28.92,57.84
9141,2641,243,3,358.78,1076.34
9142,2641,13,3,249.16,747.48
9143,2642,26,4,478.23,1912.92
9144,2642,238,2,262.67,525.34
9145,2642,100,4,340.15,1360.6
9146,2642,73,2,200.84,401.68
9147,2642,135,4,298.38,1193.52
9148,2643,65,2,346.0,692.0
9149,2644,247,4,32.63,130.52
9150,2644,73,1,200.84,200.84
9151,2645,206,1,225.13,225.13
9152,2645,47,4,595.74,2382.96
9153,2646,215,3,238.44,715.32
9154,2646,48,3,355.11,1065.33
9155,2646,235,1,172.77,172.77
9156,2646,225,4,242.67,970.68
9157,2647,230,3,350.4,1051.2
9158,2647,73,1,200.84,200.84
9159,2647,48,1,355.11,355.11
9160,2647,107,3,233.92,701.76
9161,2647,246,2,307.14,614.28
9162,2647,202,4,467.78,1871.12
9163,2648,82,3,212.44,637.32
9164,2648,205,1,383.07,383.07
9165,2648,126,3,291.18,873.54
9166,2649,18,2,55.2,110.4
9167,2650,178,2,505.3,1010.6
9168,2651,171,4,242.88,971.52
9169,2652,100,1,340.15,340.15
9170,2652,220,1,168.03,168.03
9171,2652,249,1,375.32,375.32
9172,2652,218,3,126.69,380.07
9173,2652,5,4,148.93,595.72
9174,2653,212,2,454.26,908.52
9175,2653,25,1,277.57,277.57
9176,2653,1,2,541.39,1082.78
9177,2653,64,1,110.72,110.72
9178,2653,249,1,375.32,375.32
9179,2654,171,4,242.88,971.52
9180,2654,17,2,555.46,1110.92
9181,2654,91,4,187.63,750.52
9182,2654,29,3,218.87,656.61
9183,2655,233,1,275.42,275.42
9184,2655,191,4,410.67,1642.68
9185,2655,155,3,219.1,657.3
9186,2656,2,3,363.88,1091.64
9187,2656,76,1,450.31,450.31
9188,2656,189,1,603.72,603.72
9189,2656,57,2,128.38,256.76
9190,2657,207,4,490.29,1961.16
9191,2658,184,3,201.3,603.9
9192,2658,245,1,170.03,170.03
9193,2659,155,1,219.1,219.1
9194,2659,12,3,589.84,1769.52
9195,2659,6,3,478.9,1436.7
9196,2659,208,4,350.34,1401.36
9197,2659,221,2,627.82,1255.64
9198,2659,15,2,578.04,1156.08
9199,2660,20,3,605.41,1816.23
9200,2661,106,3,162.6,487.8
9201,2662,138,3,371.13,1113.39
9202,2662,14,4,301.65,1206.6
9203,2662,101,4,57.39,229.56
9204,2663,117,1,300.72,300.72
9205,2663,44,3,19.48,58.44
9206,2663,108,3,378.79,1136.37
9207,2663,37,2,43.6,87.2
9208,2664,163,1,268.64,268.64
9209,2664,199,3,94.94,284.82
9210,2664,78,1,302.79,302.79
9211,2664,231,4,265.93,1063.72
9212,2664,108,1,378.79,378.79
9213,2664,94,1,512.7,512.7
9214,2665,124,3,388.77,1166.31
9215,2666,154,2,342.09,684.18
9216,2666,214,4,288.6,1154.4
9217,2667,228,1,380.46,380.46
9218,2667,92,1,411.95,411.95
9219,2667,86,3,431.1,1293.3
9220,2667,136,3,299.97,899.91
9221,2668,85,1,164.19,164.19
9222,2668,99,2,205.29,410.58
9223,2669,122,1,313.49,313.49
9224,2669,202,2,467.78,935.56
9225,2669,217,4,369.23,1476.92
9226,2669,221,4,627.82,2511.28
9227,2669,128,4,197.5,790.0
9228,2669,86,4,431.1,1724.4
9229,2670,215,4,238.44,953.76
9230,2670,237,4,52.77,211.08
9231,2671,58,1,307.4,307.4
9232,2671,209,2,101.66,203.32
9233,2671,97,4,316.97,1267.88
9234,2671,105,3,58.11,174.33
9235,2672,147,1,50.11,50.11
9236,2672,135,2,298.38,596.76
9237,2672,104,3,287.63,862.89
9238,2672,99,4,205.29,821.16
9239,2672,103,3,234.96,704.88
9240,2672,133,4,310.77,1243.08
9241,2673,85,2,164.19,328.38
9242,2674,238,3,262.67,788.01
9243,2674,108,3,378.79,1136.37
9244,2674,153,2,415.24,830.48
9245,2674,185,1,339.64,339.64
9246,2674,70,1,473.53,473.53
9247,2674,2,4,363.88,1455.52
9248,2675,192,1,183.66,183.66
9249,2675,178,1,505.3,505.3
9250,2675,217,4,369.23,1476.92
9251,2676,51,1,555.78,555.78
9252,2677,133,3,310.77,932.31
9253,2677,9,4,553.14,2212.56
9254,2677,229,1,165.02,165.02
9255,2678,232,2,494.33,988.66
9256,2678,217,1,369.23,369.23
9257,2678,241,2,205.2,410.4
9258,2679,28,3,434.23,1302.69
9259,2679,170,2,287.23,574.46
9260,2679,99,2,205.29,410.58
9261,2679,239,2,38.46,76.92
9262,2680,58,4,307.4,1229.6
9263,2680,33,3,102.45,307.35
9264,2680,129,4,293.5,1174.0
9265,2680,90,4,138.74,554.96
9266,2680,4,4,352.75,1411.0
9267,2681,122,4,313.49,1253.96
9268,2681,40,4,450.37,1801.48
9269,2682,169,1,382.14,382.14
9270,2682,93,4,296.33,1185.32
9271,2683,167,3,74.71,224.13
9272,2683,141,3,133.58,400.74
9273,2683,148,4,497.64,1990.56
9274,2683,43,1,349.47,349.47
9275,2684,132,2,330.55,661.1
9276,2684,104,1,287.63,287.63
9277,2684,226,4,137.54,550.16
9278,2684,213,3,266.98,800.94
9279,2685,103,3,234.96,704.88
9280,2685,160,2,275.73,551.46
9281,2686,85,1,164.19,164.19
9282,2686,54,2,60.89,121.78
9283,2686,23,1,276.19,276.19
9284,2686,138,4,371.13,1484.52
9285,2686,19,2,464.34,928.68
9286,2686,216,3,101.25,303.75
9287,2687,231,1,265.93,265.93
9288,2687,23,2,276.19,552.38
9289,2687,102,4,196.56,786.24
9290,2687,111,4,123.73,494.92
9291,2687,202,1,467.78,467.78
9292,2687,7,1,53.23,53.23
9293,2688,203,4,362.8,1451.2
9294,2688,226,1,137.54,137.54
9295,2688,173,2,303.56,607.12
9296,2688,205,4,383.07,1532.28
9297,2689,82,1,212.44,212.44
9298,2689,58,4,307.4,1229.6
9299,2690,109,1,383.43,383.43
9300,2691,50,3,120.19,360.57
9301,2691,175,3,93.86,281.58
9302,2691,222,3,81.41,244.23
9303,2691,67,1,136.1,136.1
9304,2691,192,3,183.66,550.98
9305,2692,222,1,81.41,81.41
9306,2693,104,1,287.63,287.63
9307,2693,126,3,291.18,873.54
9308,2693,16,3,70.43,211.29
9309,2694,160,2,275.73,551.46
9310,2694,118,3,175.82,527.46
9311,2694,87,4,509.91,2039.64
9312,2695,20,1,605.41,605.41
9313,2695,168,2,316.03,632.06
9314,2695,119,3,142.86,428.58
9315,2695,175,4,93.86,375.44
9316,2696,160,4,275.73,1102.92
9317,2696,74,4,355.67,1422.68
9318,2696,88,3,347.53,1042.59
9319,2696,158,3,479.14,1437.42
9320,2696,225,3,242.67,728.01
9321,2697,236,4,58.2,232.8
9322,2697,220,1,168.03,168.03
9323,2697,164,2,320.2,640.4
9324,2697,21,1,574.25,574.25
9325,2697,167,3,74.71,224.13
9326,2698,9,3,553.14,1659.42
9327,2698,79,3,440.1,1320.3
9328,2698,136,1,299.97,299.97
9329,2698,37,1,43.6,43.6
9330,2698,224,4,79.62,318.48
9331,2698,222,1,81.41,81.41
9332,2699,69,2,297.02,594.04
9333,2699,154,4,342.09,1368.36
9334,2699,103,3,234.96,704.88
9335,2699,132,4,330.55,1322.2
9336,2700,243,4,358.78,1435.12
9337,2700,74,3,355.67,1067.01
9338,2700,11,2,312.03,624.06
9339,2700,46,2,188.18,376.36
9340,2701,231,2,265.93,531.86
9341,2702,112,4,186.06,744.24
9342,2702,50,2,120.19,240.38
9343,2702,91,4,187.63,750.52
9344,2702,37,4,43.6,174.4
9345,2703,80,1,24.61,24.61
9346,2704,103,1,234.96,234.96
9347,2705,102,1,196.56,196.56
9348,2706,163,2,268.64,537.28
9349,2706,28,1,434.23,434.23
9350,2706,169,4,382.14,1528.56
9351,2706,238,2,262.67,525.34
9352,2707,201,1,496.81,496.81
9353,2707,81,2,51.32,102.64
9354,2707,120,1,32.48,32.48
9355,2707,159,3,223.33,669.99
9356,2708,149,3,212.48,637.44
9357,2708,214,4,288.6,1154.4
9358,2708,193,2,164.42,328.84
9359,2708,205,4,383.07,1532.28
9360,2708,190,1,378.5,378.5
9361,2708,247,3,32.63,97.89
9362,2709,130,4,60.89,243.56
9363,2709,55,3,215.38,646.14
9364,2709,216,2,101.25,202.5
9365,2710,69,2,297.02,594.04
9366,2710,5,2,148.93,297.86
9367,2710,232,4,494.33,1977.32
9368,2710,7,4,53.23,212.92
9369,2710,202,2,467.78,935.56
9370,2710,40,3,450.37,1351.11
9371,2711,99,1,205.29,205.29
9372,2711,133,2,310.77,621.54
9373,2711,180,4,394.23,1576.92
9374,2711,143,4,155.0,620.0
9375,2712,90,1,138.74,138.74
9376,2712,74,3,355.67,1067.01
9377,2712,233,4,275.42,1101.68
9378,2712,7,3,53.23,159.69
9379,2712,81,1,51.32,51.32
9380,2713,180,2,394.23,788.46
9381,2713,68,3,188.28,564.84
9382,2713,70,2,473.53,947.06
9383,2713,173,1,303.56,303.56
9384,2713,160,3,275.73,827.19
9385,2713,134,2,224.13,448.26
9386,2714,39,4,116.92,467.68
9387,2714,86,2,431.1,862.2
9388,2715,230,4,350.4,1401.6
9389,2716,218,3,126.69,380.07
9390,2716,156,1,234.14,234.14
9391,2716,160,2,275.73,551.46
9392,2716,36,1,90.32,90.32
9393,2716,181,1,314.93,314.93
9394,2717,8,4,427.33,1709.32
9395,2717,210,3,141.37,424.11
9396,2717,56,2,238.95,477.9
9397,2718,41,3,245.1,735.3
9398,2719,64,4,110.72,442.88
9399,2719,166,4,82.07,328.28
9400,2719,15,3,578.04,1734.12
9401,2720,217,1,369.23,369.23
9402,2720,65,1,346.0,346.0
9403,2720,125,2,211.24,422.48
9404,2721,96,2,541.36,1082.72
9405,2721,208,2,350.34,700.68
9406,2721,107,4,233.92,935.68
9407,2722,24,2,28.9,57.8
9408,2722,230,2,350.4,700.8
9409,2723,103,4,234.96,939.84
9410,2723,189,1,603.72,603.72
9411,2723,181,4,314.93,1259.72
9412,2723,241,4,205.2,820.8
9413,2724,150,4,377.06,1508.24
9414,2724,84,1,124.27,124.27
9415,2725,199,4,94.94,379.76
9416,2726,179,2,200.78,401.56
9417,2726,162,4,386.04,1544.16
9418,2727,213,4,266.98,1067.92
9419,2728,128,3,197.5,592.5
9420,2728,244,2,423.65,847.3
9421,2728,121,4,418.51,1674.04
9422,2728,173,1,303.56,303.56
9423,2729,155,3,219.1,657.3
9424,2729,7,2,53.23,106.46
9425,2729,60,3,556.59,1669.77
9426,2729,232,2,494.33,988.66
9427,2730,238,3,262.67,788.01
9428,2730,22,4,125.76,503.04
9429,2731,76,4,450.31,1801.24
9430,2731,205,3,383.07,1149.21
9431,2732,240,3,253.55,760.65
9432,2732,158,2,479.14,958.28
9433,2732,140,3,359.22,1077.66
9434,2732,107,3,233.92,701.76
9435,2732,98,2,209.33,418.66
9436,2733,229,3,165.02,495.06
9437,2734,74,3,355.67,1067.01
9438,2734,40,2,450.37,900.74
9439,2734,90,2,138.74,277.48
9440,2734,60,2,556.59,1113.18
9441,2734,143,4,155.0,620.0
9442,2735,130,1,60.89,60.89
9443,2735,42,1,132.01,132.01
9444,2735,249,2,375.32,750.64
9445,2735,50,3,120.19,360.57
9446,2735,121,1,418.51,418.51
9447,2736,120,2,32.48,64.96
9448,2736,231,4,265.93,1063.72
9449,2736,149,4,212.48,849.92
9450,2737,116,3,108.97,326.91
9451,2737,243,4,358.78,1435.12
9452,2737,234,3,244.66,733.98
9453,2737,36,1,90.32,90.32
9454,2738,99,4,205.29,821.16
9455,2739,35,2,404.22,808.44
9456,2739,113,2,411.77,823.54
9457,2739,30,4,247.82,991.28
9458,2739,39,1,116.92,116.92
9459,2739,210,2,141.37,282.74
9460,2739,40,4,450.37,1801.48
9461,2740,155,3,219.1,657.3
9462,2740,31,1,499.38,499.38
9463,2740,11,1,312.03,312.03
9464,2740,96,2,541.36,1082.72
9465,2740,2,3,363.88,1091.64
9466,2740,141,4,133.58,534.32
9467,2741,10,4,330.8,1323.2
9468,2741,178,2,505.3,1010.6
9469,2741,57,3,128.38,385.14
9470,2741,33,1,102.45,102.45
9471,2742,41,3,245.1,735.3
9472,2742,105,4,58.11,232.44
9473,2742,139,1,250.55,250.55
9474,2743,198,3,351.95,1055.85
9475,2743,127,3,240.8,722.4
9476,2743,110,3,524.57,1573.71
9477,2743,59,1,395.91,395.91
9478,2743,4,4,352.75,1411.0
9479,2743,23,4,276.19,1104.76
9480,2744,145,2,362.85,725.7
9481,2744,59,1,395.91,395.91
9482,2745,163,1,268.64,268.64
9483,2745,92,2,411.95,823.9
9484,2745,227,2,454.43,908.86
9485,2746,129,4,293.5,1174.0
9486,2747,162,3,386.04,1158.12
9487,2747,178,2,505.3,1010.6
9488,2747,196,3,450.47,1351.41
9489,2747,245,2,170.03,340.06
9490,2747,31,4,499.38,1997.52
9491,2748,55,3,215.38,646.14
9492,2748,104,1,287.63,287.63
9493,2748,69,2,297.02,594.04
9494,2748,177,1,245.43,245.43
9495,2748,221,2,627.82,1255.64
9496,2749,11,2,312.03,624.06
9497,2749,123,3,235.89,707.67
9498,2749,79,3,440.1,1320.3
9499,2750,101,2,57.39,114.78
9500,2750,84,4,124.27,497.08
9501,2750,225,1,242.67,242.67
9502,2750,159,4,223.33,893.32
9503,2750,202,3,467.78,1403.34
9504,2751,166,1,82.07,82.07
9505,2751,34,3,43.41,130.23
9506,2751,177,2,245.43,490.86
9507,2752,136,2,299.97,599.94
9508,2752,147,4,50.11,200.44
9509,2752,175,2,93.86,187.72
9510,2753,242,4,131.89,527.56
9511,2753,71,4,594.55,2378.2
9512,2754,224,4,79.62,318.48
9513,2754,46,2,188.18,376.36
9514,2755,159,2,223.33,446.66
9515,2755,76,4,450.31,1801.24
9516,2756,133,3,310.77,932.31
9517,2757,213,1,266.98,266.98
9518,2757,196,4,450.47,1801.88
9519,2757,116,3,108.97,326.91
9520,2757,56,2,238.95,477.9
9521,2757,6,3,478.9,1436.7
9522,2757,134,4,224.13,896.52
9523,2758,241,4,205.2,820.8
9524,2758,88,3,347.53,1042.59
9525,2758,134,2,224.13,448.26
9526,2758,97,3,316.97,950.91
9527,2759,169,2,382.14,764.28
9528,2759,131,1,21.58,21.58
9529,2759,154,4,342.09,1368.36
9530,2759,224,1,79.62,79.62
9531,2759,167,4,74.71,298.84
9532,2760,245,3,170.03,510.09
9533,2760,155,3,219.1,657.3
9534,2760,237,1,52.77,52.77
9535,2760,141,1,133.58,133.58
9536,2760,156,1,234.14,234.14
9537,2760,200,1,558.08,558.08
9538,2761,242,4,131.89,527.56
9539,2761,235,1,172.77,172.77
9540,2761,55,3,215.38,646.14
9541,2761,123,3,235.89,707.67
9542,2761,43,1,349.47,349.47
9543,2761,165,2,235.2,470.4
9544,2762,185,4,339.64,1358.56
9545,2762,86,4,431.1,1724.4
9546,2762,226,4,137.54,550.16
9547,2762,28,1,434.23,434.23
9548,2763,94,4,512.7,2050.8
9549,2763,123,3,235.89,707.67
9550,2764,245,1,170.03,170.03
9551,2764,239,2,38.46,76.92
9552,2764,137,2,205.25,410.5
9553,2764,195,3,117.88,353.64
9554,2765,170,1,287.23,287.23
9555,2766,37,3,43.6,130.8
9556,2766,64,3,110.72,332.16
9557,2766,124,4,388.77,1555.08
9558,2766,68,1,188.28,188.28
9559,2766,155,4,219.1,876.4
9560,2766,157,1,28.92,28.92
9561,2767,65,3,346.0,1038.0
9562,2767,220,3,168.03,504.09
9563,2767,11,2,312.03,624.06
9564,2768,142,3,45.22,135.66
9565,2768,60,4,556.59,2226.36
9566,2768,101,4,57.39,229.56
9567,2768,93,1,296.33,296.33
9568,2769,149,3,212.48,637.44
9569,2769,172,2,244.65,489.3
9570,2770,118,2,175.82,351.64
9571,2770,52,1,135.78,135.78
9572,2771,115,2,235.12,470.24
9573,2771,28,3,434.23,1302.69
9574,2772,127,3,240.8,722.4
9575,2772,190,4,378.5,1514.0
9576,2772,249,1,375.32,375.32
9577,2773,20,1,605.41,605.41
9578,2773,48,4,355.11,1420.44
9579,2773,125,4,211.24,844.96
9580,2773,57,4,128.38,513.52
9581,2774,209,1,101.66,101.66
9582,2774,155,3,219.1,657.3
9583,2774,44,3,19.48,58.44
9584,2774,35,2,404.22,808.44
9585,2774,52,3,135.78,407.34
9586,2774,115,2,235.12,470.24
9587,2775,98,4,209.33,837.32
9588,2776,164,1,320.2,320.2
9589,2776,228,4,380.46,1521.84
9590,2776,34,4,43.41,173.64
9591,2776,150,3,377.06,1131.18
9592,2776,206,1,225.13,225.13
9593,2776,123,4,235.89,943.56
9594,2777,141,4,133.58,534.32
9595,2777,194,2,521.07,1042.14
9596,2777,244,4,423.65,1694.6
9597,2777,210,4,141.37,565.48
9598,2777,120,3,32.48,97.44
9599,2777,125,1,211.24,211.24
9600,2778,78,4,302.79,1211.16
9601,2778,119,3,142.86,428.58
9602,2779,88,4,347.53,1390.12
9603,2779,127,3,240.8,722.4
9604,2779,183,1,147.46,147.46
9605,2779,76,2,450.31,900.62
9606,2779,175,3,93.86,281.58
9607,2780,4,2,352.75,705.5
9608,2780,179,1,200.78,200.78
9609,2780,145,4,362.85,1451.4
9610,2780,135,4,298.38,1193.52
9611,2780,137,3,205.25,615.75
9612,2781,147,4,50.11,200.44
9613,2781,85,3,164.19,492.57
9614,2781,244,3,423.65,1270.95
9615,2781,7,1,53.23,53.23
9616,2782,28,2,434.23,868.46
9617,2782,105,2,58.11,116.22
9618,2782,100,4,340.15,1360.6
9619,2782,196,3,450.47,1351.41
9620,2782,162,1,386.04,386.04
9621,2782,156,1,234.14,234.14
9622,2783,115,4,235.12,940.48
9623,2783,198,2,351.95,703.9
9624,2783,192,4,183.66,734.64
9625,2783,15,3,578.04,1734.12
9626,2783,176,1,405.74,405.74
9627,2783,108,4,378.79,1515.16
9628,2784,244,1,423.65,423.65
9629,2784,193,2,164.42,328.84
9630,2785,96,3,541.36,1624.08
9631,2785,232,4,494.33,1977.32
9632,2785,76,2,450.31,900.62
9633,2786,189,4,603.72,2414.88
9634,2786,191,2,410.67,821.34
9635,2787,156,3,234.14,702.42
9636,2787,206,2,225.13,450.26
9637,2787,69,4,297.02,1188.08
9638,2787,221,2,627.82,1255.64
9639,2787,137,1,205.25,205.25
9640,2788,103,4,234.96,939.84
9641,2788,115,4,235.12,940.48
9642,2788,26,3,478.23,1434.69
9643,2788,10,3,330.8,992.4
9644,2788,72,2,91.12,182.24
9645,2789,72,1,91.12,91.12
9646,2790,199,3,94.94,284.82
9647,2790,181,4,314.93,1259.72
9648,2790,196,3,450.47,1351.41
9649,2790,139,3,250.55,751.65
9650,2790,178,2,505.3,1010.6
9651,2791,28,3,434.23,1302.69
9652,2791,13,2,249.16,498.32
9653,2791,69,3,297.02,891.06
9654,2791,162,3,386.04,1158.12
9655,2791,9,4,553.14,2212.56
9656,2792,117,2,300.72,601.44
9657,2792,118,3,175.82,527.46
9658,2792,166,4,82.07,328.28
9659,2792,147,3,50.11,150.33
9660,2792,135,4,298.38,1193.52
9661,2792,60,3,556.59,1669.77
9662,2793,228,2,380.46,760.92
9663,2793,109,3,383.43,1150.29
9664,2793,125,3,211.24,633.72
9665,2794,160,4,275.73,1102.92
9666,2794,51,3,555.78,1667.34
9667,2794,122,2,313.49,626.98
9668,2795,138,3,371.13,1113.39
9669,2795,14,1,301.65,301.65
9670,2796,28,4,434.23,1736.92
9671,2796,82,3,212.44,637.32
9672,2796,181,2,314.93,629.86
9673,2796,243,1,358.78,358.78
9674,2796,54,3,60.89,182.67
9675,2796,128,1,197.5,197.5
9676,2797,107,4,233.92,935.68
9677,2797,184,4,201.3,805.2
9678,2797,175,4,93.86,375.44
9679,2797,225,4,242.67,970.68
9680,2797,122,1,313.49,313.49
9681,2798,172,2,244.65,489.3
9682,2798,107,4,233.92,935.68
9683,2799,226,4,137.54,550.16
9684,2799,121,4,418.51,1674.04
9685,2799,130,4,60.89,243.56
9686,2799,43,3,349.47,1048.41
9687,2799,118,1,175.82,175.82
9688,2800,232,2,494.33,988.66
9689,2800,49,3,529.8,1589.4
9690,2801,4,4,352.75,1411.0
9691,2801,44,4,19.48,77.92
9692,2801,239,3,38.46,115.38
9693,2801,6,4,478.9,1915.6
9694,2801,48,2,355.11,710.22
9695,2801,18,4,55.2,220.8
9696,2802,38,1,511.93,511.93
9697,2802,49,1,529.8,529.8
9698,2802,135,2,298.38,596.76
9699,2802,91,4,187.63,750.52
9700,2803,162,1,386.04,386.04
9701,2803,228,2,380.46,760.92
9702,2803,43,3,349.47,1048.41
9703,2804,183,4,147.46,589.84
9704,2804,217,3,369.23,1107.69
9705,2805,64,2,110.72,221.44
9706,2805,192,3,183.66,550.98
9707,2805,242,1,131.89,131.89
9708,2806,89,1,152.92,152.92
9709,2806,34,4,43.41,173.64
9710,2806,23,1,276.19,276.19
9711,2807,204,3,207.96,623.88
9712,2807,58,4,307.4,1229.6
9713,2807,174,2,460.49,920.98
9714,2807,235,4,172.77,691.08
9715,2808,104,1,287.63,287.63
9716,2808,124,2,388.77,777.54
9717,2808,2,1,363.88,363.88
9718,2808,119,1,142.86,142.86
9719,2808,193,3,164.42,493.26
9720,2809,207,2,490.29,980.58
9721,2809,145,3,362.85,1088.55
9722,2809,138,3,371.13,1113.39
9723,2809,13,1,249.16,249.16
9724,2810,230,4,350.4,1401.6
9725,2810,182,2,214.08,428.16
9726,2810,77,4,377.42,1509.68
9727,2810,213,1,266.98,266.98
9728,2811,56,1,238.95,238.95
9729,2811,139,2,250.55,501.1
9730,2812,57,2,128.38,256.76
9731,2812,28,2,434.23,868.46
9732,2812,73,3,200.84,602.52
9733,2812,170,4,287.23,1148.92
9734,2813,217,1,369.23,369.23
9735,2813,166,4,82.07,328.28
9736,2814,34,1,43.41,43.41
9737,2814,26,1,478.23,478.23
9738,2814,47,4,595.74,2382.96
9739,2814,143,4,155.0,620.0
9740,2815,77,4,377.42,1509.68
9741,2815,88,3,347.53,1042.59
9742,2815,192,3,183.66,550.98
9743,2815,35,4,404.22,1616.88
9744,2815,237,4,52.77,211.08
9745,2815,160,1,275.73,275.73
9746,2816,60,2,556.59,1113.18
9747,2817,93,2,296.33,592.66
9748,2817,154,2,342.09,684.18
9749,2817,129,4,293.5,1174.0
9750,2817,168,2,316.03,632.06
9751,2817,82,2,212.44,424.88
9752,2817,241,3,205.2,615.6
9753,2818,40,2,450.37,900.74
9754,2818,44,3,19.48,58.44
9755,2819,127,3,240.8,722.4
9756,2819,41,2,245.1,490.2
9757,2819,98,4,209.33,837.32
9758,2820,204,4,207.96,831.84
9759,2820,246,3,307.14,921.42
9760,2820,216,3,101.25,303.75
9761,2820,206,2,225.13,450.26
9762,2821,121,4,418.51,1674.04
9763,2821,35,1,404.22,404.22
9764,2821,222,4,81.41,325.64
9765,2821,155,4,219.1,876.4
9766,2821,140,1,359.22,359.22
9767,2821,25,2,277.57,555.14
9768,2822,42,4,132.01,528.04
9769,2822,38,2,511.93,1023.86
9770,2822,148,2,497.64,995.28
9771,2822,60,1,556.59,556.59
9772,2823,134,1,224.13,224.13
9773,2823,230,3,350.4,1051.2
9774,2824,73,2,200.84,401.68
9775,2824,152,3,580.76,1742.28
9776,2824,193,3,164.42,493.26
9777,2824,220,2,168.03,336.06
9778,2824,219,4,383.42,1533.68
9779,2825,30,3,247.82,743.46
9780,2825,207,1,490.29,490.29
9781,2825,77,3,377.42,1132.26
9782,2825,144,1,47.39,47.39
9783,2825,120,2,32.48,64.96
9784,2825,166,2,82.07,164.14
9785,2826,112,1,186.06,186.06
9786,2826,224,2,79.62,159.24
9787,2826,82,3,212.44,637.32
9788,2826,233,4,275.42,1101.68
9789,2826,3,4,142.45,569.8
9790,2826,91,4,187.63,750.52
9791,2827,74,3,355.67,1067.01
9792,2827,152,4,580.76,2323.04
9793,2828,185,3,339.64,1018.92
9794,2828,102,1,196.56,196.56
9795,2829,147,4,50.11,200.44
9796,2829,243,2,358.78,717.56
9797,2829,41,4,245.1,980.4
9798,2829,84,1,124.27,124.27
9799,2829,27,3,238.78,716.34
9800,2830,164,1,320.2,320.2
9801,2831,162,1,386.04,386.04
9802,2832,219,4,383.42,1533.68
9803,2832,113,4,411.77,1647.08
9804,2832,41,3,245.1,735.3
9805,2833,233,2,275.42,550.84
9806,2833,20,3,605.41,1816.23
9807,2833,82,1,212.44,212.44
9808,2833,127,2,240.8,481.6
9809,2833,123,1,235.89,235.89
9810,2833,248,2,188.2,376.4
9811,2834,11,1,312.03,312.03
9812,2834,234,2,244.66,489.32
9813,2834,70,4,473.53,1894.12
9814,2834,199,1,94.94,94.94
9815,2834,98,3,209.33,627.99
9816,2834,22,1,125.76,125.76
9817,2835,198,1,351.95,351.95
9818,2835,122,4,313.49,1253.96
9819,2836,62,1,185.84,185.84
9820,2836,14,1,301.65,301.65
9821,2836,75,3,256.79,770.37
9822,2836,225,1,242.67,242.67
9823,2837,204,2,207.96,415.92
9824,2837,58,2,307.4,614.8
9825,2838,193,3,164.42,493.26
9826,2838,113,2,411.77,823.54
9827,2838,125,3,211.24,633.72
9828,2838,162,2,386.04,772.08
9829,2838,212,4,454.26,1817.04
9830,2839,21,3,574.25,1722.75
9831,2840,125,3,211.24,633.72
9832,2841,23,1,276.19,276.19
9833,2841,245,4,170.03,680.12
9834,2842,225,4,242.67,970.68
9835,2842,250,3,34.9,104.7
9836,2842,195,2,117.88,235.76
9837,2842,55,4,215.38,861.52
9838,2843,152,4,580.76,2323.04
9839,2844,250,4,34.9,139.6
9840,2844,206,3,225.13,675.39
9841,2844,138,4,371.13,1484.52
9842,2845,111,1,123.73,123.73
9843,2845,103,2,234.96,469.92
9844,2846,50,1,120.19,120.19
9845,2847,37,2,43.6,87.2
9846,2848,126,1,291.18,291.18
9847,2848,134,1,224.13,224.13
9848,2848,214,3,288.6,865.8
9849,2849,78,1,302.79,302.79
9850,2849,49,4,529.8,2119.2
9851,2849,122,1,313.49,313.49
9852,2849,135,1,298.38,298.38
9853,2849,196,4,450.47,1801.88
9854,2850,224,2,79.62,159.24
9855,2850,137,1,205.25,205.25
9856,2850,15,3,578.04,1734.12
9857,2850,50,4,120.19,480.76
9858,2850,182,1,214.08,214.08
9859,2851,175,1,93.86,93.86
9860,2851,104,2,287.63,575.26
9861,2851,162,2,386.04,772.08
9862,2851,23,2,276.19,552.38
9863,2851,165,4,235.2,940.8
9864,2851,176,4,405.74,1622.96
9865,2852,147,2,50.11,100.22
9866,2852,235,1,172.77,172.77
9867,2852,231,4,265.93,1063.72
9868,2852,190,2,378.5,757.0
9869,2852,230,4,350.4,1401.6
9870,2853,207,3,490.29,1470.87
9871,2853,129,1,293.5,293.5
9872,2854,91,3,187.63,562.89
9873,2854,118,4,175.82,703.28
9874,2854,88,2,347.53,695.06
9875,2854,147,3,50.11,150.33
9876,2854,76,1,450.31,450.31
9877,2854,237,1,52.77,52.77
9878,2855,119,1,142.86,142.86
9879,2855,19,1,464.34,464.34
9880,2855,116,2,108.97,217.94
9881,2855,220,1,168.03,168.03
9882,2855,125,3,211.24,633.72
9883,2855,166,3,82.07,246.21
9884,2856,52,1,135.78,135.78
9885,2856,2,2,363.88,727.76
9886,2857,5,1,148.93,148.93
9887,2857,100,3,340.15,1020.45
9888,2857,73,4,200.84,803.36
9889,2858,194,1,521.07,521.07
9890,2858,179,3,200.78,602.34
9891,2858,18,3,55.2,165.6
9892,2858,134,1,224.13,224.13
9893,2858,1,2,541.39,1082.78
9894,2859,37,2,43.6,87.2
9895,2859,95,2,320.04,640.08
9896,2859,76,3,450.31,1350.93
9897,2859,13,4,249.16,996.64
9898,2859,109,1,383.43,383.43
9899,2860,86,1,431.1,431.1
9900,2860,221,2,627.82,1255.64
9901,2861,68,1,188.28,188.28
9902,2861,170,1,287.23,287.23
9903,2862,211,2,556.48,1112.96
9904,2863,67,3,136.1,408.3
9905,2863,153,4,415.24,1660.96
9906,2863,5,4,148.93,595.72
9907,2863,184,4,201.3,805.2
9908,2863,88,4,347.53,1390.12
9909,2863,222,3,81.41,244.23
9910,2864,160,3,275.73,827.19
9911,2865,108,3,378.79,1136.37
9912,2865,6,1,478.9,478.9
9913,2866,19,2,464.34,928.68
9914,2866,122,1,313.49,313.49
9915,2866,242,1,131.89,131.89
9916,2866,12,4,589.84,2359.36
9917,2866,247,2,32.63,65.26
9918,2867,88,3,347.53,1042.59
9919,2867,25,3,277.57,832.71
9920,2867,60,4,556.59,2226.36
9921,2867,74,4,355.67,1422.68
9922,2868,215,4,238.44,953.76
9923,2869,217,4,369.23,1476.92
9924,2869,132,4,330.55,1322.2
9925,2869,20,3,605.41,1816.23
9926,2869,216,2,101.25,202.5
9927,2869,180,1,394.23,394.23
9928,2870,174,1,460.49,460.49
9929,2871,200,4,558.08,2232.32
9930,2871,78,3,302.79,908.37
9931,2872,28,1,434.23,434.23
9932,2872,43,1,349.47,349.47
9933,2872,197,3,297.44,892.32
9934,2873,131,4,21.58,86.32
9935,2874,246,4,307.14,1228.56
9936,2874,158,4,479.14,1916.56
9937,2874,111,3,123.73,371.19
9938,2874,235,3,172.77,518.31
9939,2874,96,2,541.36,1082.72
9940,2874,84,4,124.27,497.08
9941,2875,111,3,123.73,371.19
9942,2875,216,4,101.25,405.0
9943,2875,34,1,43.41,43.41
9944,2875,213,1,266.98,266.98
9945,2875,163,2,268.64,537.28
9946,2875,52,3,135.78,407.34
9947,2876,158,3,479.14,1437.42
9948,2876,133,4,310.77,1243.08
9949,2876,109,2,383.43,766.86
9950,2876,5,3,148.93,446.79
9951,2876,144,4,47.39,189.56
9952,2876,77,3,377.42,1132.26
9953,2877,223,3,449.24,1347.72
9954,2877,118,3,175.82,527.46
9955,2877,146,4,118.88,475.52
9956,2878,3,3,142.45,427.35
9957,2878,184,3,201.3,603.9
9958,2879,66,4,87.24,348.96
9959,2879,128,3,197.5,592.5
9960,2879,171,3,242.88,728.64
9961,2879,135,3,298.38,895.14
9962,2879,136,1,299.97,299.97
9963,2880,62,4,185.84,743.36
9964,2880,156,3,234.14,702.42
9965,2880,113,1,411.77,411.77
9966,2881,22,3,125.76,377.28
9967,2882,157,4,28.92,115.68
9968,2882,198,2,351.95,703.9
9969,2882,50,3,120.19,360.57
9970,2882,216,3,101.25,303.75
9971,2882,1,2,541.39,1082.78
9972,2883,48,1,355.11,355.11
9973,2883,223,3,449.24,1347.72
9974,2883,203,4,362.8,1451.2
9975,2884,220,1,168.03,168.03
9976,2885,201,3,496.81,1490.43
9977,2886,249,2,375.32,750.64
9978,2886,56,1,238.95,238.95
9979,2886,158,1,479.14,479.14
9980,2886,170,3,287.23,861.69
9981,2886,162,1,386.04,386.04
9982,2886,98,1,209.33,209.33
9983,2887,190,2,378.5,757.0
9984,2888,36,2,90.32,180.64
9985,2888,4,2,352.75,705.5
9986,2888,100,3,340.15,1020.45
9987,2889,82,2,212.44,424.88
9988,2889,86,1,431.1,431.1
9989,2890,165,1,235.2,235.2
9990,2890,100,1,340.15,340.15
9991,2890,88,4,347.53,1390.12
9992,2890,199,4,94.94,379.76
9993,2890,35,3,404.22,1212.66
9994,2891,39,4,116.92,467.68
9995,2891,76,4,450.31,1801.24
9996,2891,137,2,205.25,410.5
9997,2891,239,1,38.46,38.46
9998,2891,51,1,555.78,555.78
9999,2891,96,3,541.36,1624.08
10000,2892,217,2,369.23,738.46
10001,2892,106,1,162.6,162.6
10002,2893,62,4,185.84,743.36
10003,2893,202,2,467.78,935.56
10004,2893,194,1,521.07,521.07
10005,2894,11,2,312.03,624.06
10006,2894,218,1,126.69,126.69
10007,2894,207,4,490.29,1961.16
10008,2895,247,2,32.63,65.26
10009,2896,240,1,253.55,253.55
10010,2896,39,3,116.92,350.76
10011,2896,99,3,205.29,615.87
10012,2897,225,4,242.67,970.68
10013,2897,191,4,410.67,1642.68
10014,2897,174,2,460.49,920.98
10015,2897,250,2,34.9,69.8
10016,2898,90,2,138.74,277.48
10017,2899,84,4,124.27,497.08
10018,2899,144,2,47.39,94.78
10019,2900,181,3,314.93,944.79
10020,2900,153,2,415.24,830.48
10021,2901,149,2,212.48,424.96
10022,2901,71,4,594.55,2378.2
10023,2901,18,3,55.2,165.6
10024,2901,194,3,521.07,1563.21
10025,2901,86,4,431.1,1724.4
10026,2902,149,2,212.48,424.96
10027,2903,42,1,132.01,132.01
10028,2903,232,1,494.33,494.33
10029,2903,175,3,93.86,281.58
10030,2904,146,2,118.88,237.76
10031,2904,116,3,108.97,326.91
10032,2904,232,4,494.33,1977.32
10033,2904,75,1,256.79,256.79
10034,2904,91,4,187.63,750.52
10035,2905,141,2,133.58,267.16
10036,2905,116,1,108.97,108.97
10037,2905,221,3,627.82,1883.46
10038,2906,78,2,302.79,605.58
10039,2906,248,2,188.2,376.4
10040,2906,222,4,81.41,325.64
10041,2906,219,1,383.42,383.42
10042,2906,54,1,60.89,60.89
10043,2906,90,3,138.74,416.22
10044,2907,212,3,454.26,1362.78
10045,2907,180,4,394.23,1576.92
10046,2907,155,2,219.1,438.2
10047,2907,38,2,511.93,1023.86
10048,2907,93,3,296.33,888.99
10049,2907,240,4,253.55,1014.2
10050,2908,216,2,101.25,202.5
10051,2908,201,2,496.81,993.62
10052,2908,70,4,473.53,1894.12
10053,2908,96,3,541.36,1624.08
10054,2908,26,3,478.23,1434.69
10055,2909,93,2,296.33,592.66
10056,2909,214,3,288.6,865.8
10057,2909,213,3,266.98,800.94
10058,2909,235,1,172.77,172.77
10059,2910,95,2,320.04,640.08
10060,2910,36,2,90.32,180.64
10061,2910,110,3,524.57,1573.71
10062,2911,21,1,574.25,574.25
10063,2911,175,2,93.86,187.72
10064,2911,46,3,188.18,564.54
10065,2912,174,4,460.49,1841.96
10066,2912,141,1,133.58,133.58
10067,2912,196,4,450.47,1801.88
10068,2912,171,1,242.88,242.88
10069,2912,81,2,51.32,102.64
10070,2912,188,4,503.7,2014.8
10071,2913,108,4,378.79,1515.16
10072,2913,19,2,464.34,928.68
10073,2913,13,1,249.16,249.16
10074,2913,170,4,287.23,1148.92
10075,2913,198,2,351.95,703.9
10076,2914,143,3,155.0,465.0
10077,2914,54,3,60.89,182.67
10078,2915,244,4,423.65,1694.6
10079,2915,150,4,377.06,1508.24
10080,2915,10,3,330.8,992.4
10081,2915,29,1,218.87,218.87
10082,2915,239,4,38.46,153.84
10083,2916,215,3,238.44,715.32
10084,2916,111,1,123.73,123.73
10085,2917,201,1,496.81,496.81
10086,2917,216,3,101.25,303.75
10087,2917,153,2,415.24,830.48
10088,2917,81,1,51.32,51.32
10089,2917,230,4,350.4,1401.6
10090,2917,73,2,200.84,401.68
10091,2918,203,4,362.8,1451.2
10092,2918,167,4,74.71,298.84
10093,2918,184,4,201.3,805.2
10094,2918,10,3,330.8,992.4
10095,2918,133,4,310.77,1243.08
10096,2918,80,4,24.61,98.44
10097,2919,97,1,316.97,316.97
10098,2919,9,2,553.14,1106.28
10099,2919,185,2,339.64,679.28
10100,2919,38,3,511.93,1535.79
10101,2920,219,3,383.42,1150.26
10102,2920,215,2,238.44,476.88
10103,2921,190,1,378.5,378.5
10104,2921,192,3,183.66,550.98
10105,2922,216,4,101.25,405.0
10106,2923,124,3,388.77,1166.31
10107,2923,29,4,218.87,875.48
10108,2924,54,4,60.89,243.56
10109,2924,215,4,238.44,953.76
10110,2924,40,2,450.37,900.74
10111,2925,24,2,28.9,57.8
10112,2925,47,4,595.74,2382.96
10113,2925,232,1,494.33,494.33
10114,2925,184,1,201.3,201.3
10115,2925,122,2,313.49,626.98
10116,2926,123,4,235.89,943.56
10117,2926,218,4,126.69,506.76
10118,2927,133,3,310.77,932.31
10119,2927,160,1,275.73,275.73
10120,2927,214,4,288.6,1154.4
10121,2927,250,1,34.9,34.9
10122,2927,124,4,388.77,1555.08
10123,2927,85,4,164.19,656.76
10124,2928,224,3,79.62,238.86
10125,2928,183,4,147.46,589.84
10126,2929,97,3,316.97,950.91
10127,2929,245,4,170.03,680.12
10128,2929,189,1,603.72,603.72
10129,2929,25,1,277.57,277.57
10130,2929,237,4,52.77,211.08
10131,2929,133,4,310.77,1243.08
10132,2930,157,1,28.92,28.92
10133,2930,216,1,101.25,101.25
10134,2930,200,4,558.08,2232.32
10135,2930,43,1,349.47,349.47
10136,2931,61,3,374.3,1122.9
10137,2932,193,2,164.42,328.84
10138,2932,40,2,450.37,900.74
10139,2932,162,2,386.04,772.08
10140,2932,180,4,394.23,1576.92
10141,2932,58,1,307.4,307.4
10142,2932,159,4,223.33,893.32
10143,2933,113,2,411.77,823.54
10144,2933,192,1,183.66,183.66
10145,2933,103,1,234.96,234.96
10146,2934,33,2,102.45,204.9
10147,2934,157,3,28.92,86.76
10148,2934,16,3,70.43,211.29
10149,2934,46,4,188.18,752.72
10150,2935,235,2,172.77,345.54
10151,2935,202,3,467.78,1403.34
10152,2935,11,2,312.03,624.06
10153,2936,55,1,215.38,215.38
10154,2936,213,1,266.98,266.98
10155,2937,223,3,449.24,1347.72
10156,2938,91,1,187.63,187.63
10157,2938,21,3,574.25,1722.75
10158,2938,239,1,38.46,38.46
10159,2938,106,4,162.6,650.4
10160,2939,154,3,342.09,1026.27
10161,2939,7,3,53.23,159.69
10162,2939,117,3,300.72,902.16
10163,2939,32,4,610.06,2440.24
10164,2939,127,2,240.8,481.6
10165,2940,4,1,352.75,352.75
10166,2940,143,1,155.0,155.0
10167,2940,37,1,43.6,43.6
10168,2940,95,2,320.04,640.08
10169,2941,49,2,529.8,1059.6
10170,2941,23,4,276.19,1104.76
10171,2941,135,3,298.38,895.14
10172,2941,225,2,242.67,485.34
10173,2941,162,3,386.04,1158.12
10174,2941,70,3,473.53,1420.59
10175,2942,166,1,82.07,82.07
10176,2942,227,1,454.43,454.43
10177,2942,238,4,262.67,1050.68
10178,2942,229,1,165.02,165.02
10179,2942,50,4,120.19,480.76
10180,2943,22,3,125.76,377.28
10181,2943,81,1,51.32,51.32
10182,2943,175,1,93.86,93.86
10183,2943,118,1,175.82,175.82
10184,2943,88,1,347.53,347.53
10185,2943,2,3,363.88,1091.64
10186,2944,158,1,479.14,479.14
10187,2945,202,1,467.78,467.78
10188,2945,173,2,303.56,607.12
10189,2946,25,4,277.57,1110.28
10190,2946,250,2,34.9,69.8
10191,2946,177,3,245.43,736.29
10192,2947,224,3,79.62,238.86
10193,2947,202,1,467.78,467.78
10194,2947,51,4,555.78,2223.12
10195,2948,232,2,494.33,988.66
10196,2948,185,2,339.64,679.28
10197,2949,175,2,93.86,187.72
10198,2949,87,3,509.91,1529.73
10199,2949,111,2,123.73,247.46
10200,2949,20,2,605.41,1210.82
10201,2949,137,1,205.25,205.25
10202,2949,100,3,340.15,1020.45
10203,2950,77,1,377.42,377.42
10204,2950,46,2,188.18,376.36
10205,2950,174,4,460.49,1841.96
10206,2950,120,1,32.48,32.48
10207,2950,151,3,72.21,216.63
10208,2950,244,1,423.65,423.65
10209,2951,14,2,301.65,603.3
10210,2951,29,4,218.87,875.48
10211,2951,200,2,558.08,1116.16
10212,2951,58,1,307.4,307.4
10213,2951,156,2,234.14,468.28
10214,2951,45,1,118.21,118.21
10215,2952,195,3,117.88,353.64
10216,2953,121,4,418.51,1674.04
10217,2953,132,4,330.55,1322.2
10218,2953,138,4,371.13,1484.52
10219,2953,32,3,610.06,1830.18
10220,2954,126,4,291.18,1164.72
10221,2954,30,4,247.82,991.28
10222,2955,80,3,24.61,73.83
10223,2955,41,1,245.1,245.1
10224,2955,72,4,91.12,364.48
10225,2956,129,4,293.5,1174.0
10226,2956,195,1,117.88,117.88
10227,2956,238,3,262.67,788.01
10228,2956,36,2,90.32,180.64
10229,2956,12,2,589.84,1179.68
10230,2956,28,2,434.23,868.46
10231,2957,110,2,524.57,1049.14
10232,2957,103,2,234.96,469.92
10233,2957,88,1,347.53,347.53
10234,2957,244,1,423.65,423.65
10235,2958,243,3,358.78,1076.34
10236,2959,61,1,374.3,374.3
10237,2959,77,4,377.42,1509.68
10238,2959,172,4,244.65,978.6
10239,2959,40,2,450.37,900.74
10240,2959,70,3,473.53,1420.59
10241,2959,64,3,110.72,332.16
10242,2960,87,4,509.91,2039.64
10243,2960,97,3,316.97,950.91
10244,2960,247,4,32.63,130.52
10245,2960,30,1,247.82,247.82
10246,2960,242,2,131.89,263.78
10247,2960,197,2,297.44,594.88
10248,2961,29,4,218.87,875.48
10249,2962,21,4,574.25,2297.0
10250,2963,110,4,524.57,2098.28
10251,2963,92,1,411.95,411.95
10252,2964,247,3,32.63,97.89
10253,2964,151,1,72.21,72.21
10254,2964,222,4,81.41,325.64
10255,2964,249,2,375.32,750.64
10256,2964,166,1,82.07,82.07
10257,2964,215,4,238.44,953.76
10258,2965,123,2,235.89,471.78
10259,2965,158,4,479.14,1916.56
10260,2965,34,3,43.41,130.23
10261,2966,160,4,275.73,1102.92
10262,2966,142,4,45.22,180.88
10263,2966,168,4,316.03,1264.12
10264,2966,241,1,205.2,205.2
10265,2966,126,2,291.18,582.36
10266,2967,101,3,57.39,172.17
10267,2967,163,4,268.64,1074.56
10268,2967,88,1,347.53,347.53
10269,2967,246,3,307.14,921.42
10270,2967,190,2,378.5,757.0
10271,2967,229,2,165.02,330.04
10272,2968,35,4,404.22,1616.88
10273,2968,101,2,57.39,114.78
10274,2968,139,1,250.55,250.55
10275,2969,195,4,117.88,471.52
10276,2969,97,4,316.97,1267.88
10277,2969,213,2,266.98,533.96
10278,2969,69,2,297.02,594.04
10279,2969,77,1,377.42,377.42
10280,2969,93,3,296.33,888.99
10281,2970,32,2,610.06,1220.12
10282,2970,226,1,137.54,137.54
10283,2970,34,4,43.41,173.64
10284,2970,47,3,595.74,1787.22
10285,2970,137,3,205.25,615.75
10286,2971,68,2,188.28,376.56
10287,2971,189,1,603.72,603.72
10288,2971,215,4,238.44,953.76
10289,2971,165,2,235.2,470.4
10290,2972,96,2,541.36,1082.72
10291,2972,234,1,244.66,244.66
10292,2972,184,2,201.3,402.6
10293,2972,203,1,362.8,362.8
10294,2972,22,3,125.76,377.28
10295,2973,117,2,300.72,601.44
10296,2973,16,2,70.43,140.86
10297,2973,82,2,212.44,424.88
10298,2973,101,2,57.39,114.78
10299,2973,29,1,218.87,218.87
10300,2973,38,1,511.93,511.93
10301,2974,152,1,580.76,580.76
10302,2974,177,2,245.43,490.86
10303,2974,23,2,276.19,552.38
10304,2974,155,3,219.1,657.3
10305,2974,213,2,266.98,533.96
10306,2974,194,1,521.07,521.07
10307,2975,84,3,124.27,372.81
10308,2975,153,1,415.24,415.24
10309,2975,82,2,212.44,424.88
10310,2975,118,4,175.82,703.28
10311,2975,228,2,380.46,760.92
10312,2976,179,4,200.78,803.12
10313,2977,19,2,464.34,928.68
10314,2977,12,1,589.84,589.84
10315,2977,185,2,339.64,679.28
10316,2978,138,1,371.13,371.13
10317,2979,79,4,440.1,1760.4
10318,2979,158,1,479.14,479.14
10319,2979,112,3,186.06,558.18
10320,2979,148,3,497.64,1492.92
10321,2979,67,2,136.1,272.2
10322,2979,183,3,147.46,442.38
10323,2980,168,4,316.03,1264.12
10324,2981,244,1,423.65,423.65
10325,2981,75,3,256.79,770.37
10326,2981,220,4,168.03,672.12
10327,2981,4,3,352.75,1058.25
10328,2982,77,4,377.42,1509.68
10329,2982,41,4,245.1,980.4
10330,2982,132,1,330.55,330.55
10331,2982,179,1,200.78,200.78
10332,2982,25,2,277.57,555.14
10333,2983,16,1,70.43,70.43
10334,2983,71,4,594.55,2378.2
10335,2983,147,4,50.11,200.44
10336,2983,97,2,316.97,633.94
10337,2983,122,3,313.49,940.47
10338,2984,136,4,299.97,1199.88
10339,2985,49,4,529.8,2119.2
10340,2985,226,2,137.54,275.08
10341,2985,229,1,165.02,165.02
10342,2985,75,3,256.79,770.37
10343,2986,19,4,464.34,1857.36
10344,2986,132,4,330.55,1322.2
10345,2986,90,1,138.74,138.74
10346,2986,10,1,330.8,330.8
10347,2986,125,1,211.24,211.24
10348,2987,87,4,509.91,2039.64
10349,2987,62,1,185.84,185.84
10350,2988,41,2,245.1,490.2
10351,2988,226,2,137.54,275.08
10352,2988,11,2,312.03,624.06
10353,2988,156,2,234.14,468.28
10354,2988,9,3,553.14,1659.42
10355,2989,72,2,91.12,182.24
10356,2989,35,4,404.22,1616.88
10357,2990,219,1,383.42,383.42
10358,2991,179,1,200.78,200.78
10359,2992,140,3,359.22,1077.66
10360,2992,111,2,123.73,247.46
10361,2992,71,4,594.55,2378.2
10362,2992,171,4,242.88,971.52
10363,2992,96,1,541.36,541.36
10364,2992,141,4,133.58,534.32
10365,2993,180,3,394.23,1182.69
10366,2993,184,1,201.3,201.3
10367,2993,217,3,369.23,1107.69
10368,2993,108,4,378.79,1515.16
10369,2993,172,2,244.65,489.3
10370,2993,22,1,125.76,125.76
10371,2994,124,3,388.77,1166.31
10372,2994,24,3,28.9,86.7
10373,2995,139,3,250.55,751.65
10374,2996,219,3,383.42,1150.26
10375,2996,182,2,214.08,428.16
10376,2997,163,4,268.64,1074.56
10377,2998,176,2,405.74,811.48
10378,2998,59,1,395.91,395.91
10379,2999,112,1,186.06,186.06
10380,2999,26,4,478.23,1912.92
10381,3000,41,1,245.1,245.1
10382,3001,120,4,32.48,129.92
10383,3002,14,1,301.65,301.65
10384,3002,200,3,558.08,1674.24
10385,3003,185,4,339.64,1358.56
10386,3003,32,2,610.06,1220.12
10387,3003,69,1,297.02,297.02
10388,3003,222,2,81.41,162.82
10389,3003,112,2,186.06,372.12
10390,3003,200,1,558.08,558.08
10391,3004,107,2,233.92,467.84
10392,3004,238,2,262.67,525.34
10393,3004,59,4,395.91,1583.64
10394,3004,168,4,316.03,1264.12
10395,3005,169,2,382.14,764.28
10396,3005,171,2,242.88,485.76
10397,3005,78,1,302.79,302.79
10398,3005,203,3,362.8,1088.4
10399,3006,244,1,423.65,423.65
10400,3006,164,2,320.2,640.4
10401,3007,183,1,147.46,147.46
10402,3007,204,1,207.96,207.96
10403,3007,136,1,299.97,299.97
10404,3008,104,4,287.63,1150.52
10405,3008,192,3,183.66,550.98
10406,3008,87,3,509.91,1529.73
10407,3008,239,1,38.46,38.46
10408,3008,152,2,580.76,1161.52
10409,3009,25,3,277.57,832.71
10410,3010,170,3,287.23,861.69
10411,3010,221,3,627.82,1883.46
10412,3010,115,3,235.12,705.36
10413,3010,185,2,339.64,679.28
10414,3010,213,1,266.98,266.98
10415,3010,36,2,90.32,180.64
10416,3011,195,1,117.88,117.88
10417,3011,202,3,467.78,1403.34
10418,3012,87,1,509.91,509.91
10419,3013,128,4,197.5,790.0
10420,3013,170,3,287.23,861.69
10421,3014,77,1,377.42,377.42
10422,3014,30,2,247.82,495.64
10423,3015,224,3,79.62,238.86
10424,3016,27,1,238.78,238.78
10425,3017,22,2,125.76,251.52
10426,3017,60,3,556.59,1669.77
10427,3018,190,4,378.5,1514.0
10428,3018,41,1,245.1,245.1
10429,3018,76,3,450.31,1350.93
10430,3018,206,3,225.13,675.39
10431,3018,78,4,302.79,1211.16
10432,3018,209,2,101.66,203.32
10433,3019,149,1,212.48,212.48
10434,3019,92,3,411.95,1235.85
10435,3019,176,1,405.74,405.74
10436,3019,124,3,388.77,1166.31
10437,3019,224,1,79.62,79.62
10438,3019,118,1,175.82,175.82
10439,3020,114,2,270.25,540.5
10440,3020,215,1,238.44,238.44
10441,3021,101,1,57.39,57.39
10442,3021,82,1,212.44,212.44
10443,3021,32,1,610.06,610.06
10444,3021,127,4,240.8,963.2
10445,3021,239,2,38.46,76.92
10446,3021,131,3,21.58,64.74
10447,3022,74,2,355.67,711.34
10448,3022,247,3,32.63,97.89
10449,3022,165,3,235.2,705.6
10450,3022,126,3,291.18,873.54
10451,3022,142,2,45.22,90.44
10452,3023,90,3,138.74,416.22
10453,3023,182,1,214.08,214.08
10454,3023,149,3,212.48,637.44
10455,3023,28,3,434.23,1302.69
10456,3023,80,2,24.61,49.22
10457,3024,220,2,168.03,336.06
10458,3024,223,2,449.24,898.48
10459,3024,121,2,418.51,837.02
10460,3024,177,3,245.43,736.29
10461,3024,141,3,133.58,400.74
10462,3024,156,2,234.14,468.28
10463,3025,246,3,307.14,921.42
10464,3025,87,2,509.91,1019.82
10465,3025,180,4,394.23,1576.92
10466,3025,52,3,135.78,407.34
10467,3025,79,2,440.1,880.2
10468,3025,78,1,302.79,302.79
10469,3026,145,4,362.85,1451.4
10470,3026,225,2,242.67,485.34
10471,3026,150,4,377.06,1508.24
10472,3026,99,3,205.29,615.87
10473,3027,132,2,330.55,661.1
10474,3027,168,4,316.03,1264.12
10475,3028,46,4,188.18,752.72
10476,3028,132,3,330.55,991.65
10477,3028,115,3,235.12,705.36
10478,3028,213,4,266.98,1067.92
10479,3029,234,4,244.66,978.64
10480,3029,4,3,352.75,1058.25
10481,3030,233,3,275.42,826.26
10482,3030,235,3,172.77,518.31
10483,3031,148,3,497.64,1492.92
10484,3031,248,4,188.2,752.8
10485,3031,123,1,235.89,235.89
10486,3031,62,3,185.84,557.52
10487,3032,37,3,43.6,130.8
10488,3032,188,4,503.7,2014.8
10489,3033,126,2,291.18,582.36
10490,3033,238,3,262.67,788.01
10491,3033,236,3,58.2,174.6
10492,3033,66,1,87.24,87.24
10493,3033,78,3,302.79,908.37
10494,3033,133,3,310.77,932.31
10495,3034,151,4,72.21,288.84
10496,3034,193,4,164.42,657.68
10497,3034,137,2,205.25,410.5
10498,3034,19,2,464.34,928.68
10499,3035,242,1,131.89,131.89
10500,3036,32,4,610.06,2440.24
10501,3036,171,1,242.88,242.88
10502,3036,6,2,478.9,957.8
10503,3037,203,3,362.8,1088.4
10504,3037,140,1,359.22,359.22
10505,3037,45,2,118.21,236.42
10506,3037,79,3,440.1,1320.3
10507,3037,247,3,32.63,97.89
10508,3037,180,4,394.23,1576.92
10509,3038,196,4,450.47,1801.88
10510,3038,26,4,478.23,1912.92
10511,3038,154,1,342.09,342.09
10512,3038,190,2,378.5,757.0
10513,3039,26,1,478.23,478.23
10514,3039,60,3,556.59,1669.77
10515,3039,134,3,224.13,672.39
10516,3040,65,1,346.0,346.0
10517,3041,244,3,423.65,1270.95
10518,3041,131,2,21.58,43.16
10519,3041,77,2,377.42,754.84
10520,3041,82,1,212.44,212.44
10521,3042,162,2,386.04,772.08
10522,3042,150,2,377.06,754.12
10523,3043,205,1,383.07,383.07
10524,3044,157,4,28.92,115.68
10525,3044,52,1,135.78,135.78
10526,3044,221,1,627.82,627.82
10527,3044,182,2,214.08,428.16
10528,3045,31,1,499.38,499.38
10529,3045,19,4,464.34,1857.36
10530,3045,157,2,28.92,57.84
10531,3045,159,2,223.33,446.66
10532,3045,52,2,135.78,271.56
10533,3046,199,3,94.94,284.82
10534,3046,151,4,72.21,288.84
10535,3046,1,4,541.39,2165.56
10536,3047,61,1,374.3,374.3
10537,3047,117,2,300.72,601.44
10538,3047,192,4,183.66,734.64
10539,3047,14,3,301.65,904.95
10540,3048,79,4,440.1,1760.4
10541,3048,164,4,320.2,1280.8
10542,3048,131,1,21.58,21.58
10543,3049,75,4,256.79,1027.16
10544,3049,60,4,556.59,2226.36
10545,3049,93,2,296.33,592.66
10546,3050,185,2,339.64,679.28
10547,3050,169,1,382.14,382.14
10548,3050,26,3,478.23,1434.69
10549,3050,79,2,440.1,880.2
10550,3050,207,4,490.29,1961.16
10551,3051,125,3,211.24,633.72
10552,3052,186,1,232.01,232.01
10553,3052,190,2,378.5,757.0
10554,3052,229,3,165.02,495.06
10555,3052,250,4,34.9,139.6
10556,3052,13,2,249.16,498.32
10557,3053,192,4,183.66,734.64
10558,3053,211,3,556.48,1669.44
10559,3054,11,2,312.03,624.06
10560,3055,2,3,363.88,1091.64
10561,3055,158,3,479.14,1437.42
10562,3056,130,2,60.89,121.78
10563,3057,98,4,209.33,837.32
10564,3057,43,1,349.47,349.47
10565,3057,99,2,205.29,410.58
10566,3057,143,1,155.0,155.0
10567,3057,183,1,147.46,147.46
10568,3057,213,3,266.98,800.94
10569,3058,16,1,70.43,70.43
10570,3058,26,4,478.23,1912.92
10571,3059,61,3,374.3,1122.9
10572,3060,244,2,423.65,847.3
10573,3060,17,1,555.46,555.46
10574,3060,94,1,512.7,512.7
10575,3060,169,4,382.14,1528.56
10576,3061,139,1,250.55,250.55
10577,3061,209,2,101.66,203.32
10578,3061,135,4,298.38,1193.52
10579,3061,250,1,34.9,34.9
10580,3061,43,2,349.47,698.94
10581,3062,182,4,214.08,856.32
10582,3062,68,2,188.28,376.56
10583,3062,193,4,164.42,657.68
10584,3062,134,1,224.13,224.13
10585,3063,189,1,603.72,603.72
10586,3064,221,2,627.82,1255.64
10587,3064,59,2,395.91,791.82
10588,3065,130,3,60.89,182.67
10589,3065,56,4,238.95,955.8
10590,3065,46,3,188.18,564.54
10591,3065,167,4,74.71,298.84
10592,3066,62,4,185.84,743.36
10593,3067,169,2,382.14,764.28
10594,3067,37,1,43.6,43.6
10595,3067,210,1,141.37,141.37
10596,3068,107,2,233.92,467.84
10597,3069,31,1,499.38,499.38
10598,3069,196,4,450.47,1801.88
10599,3069,115,3,235.12,705.36
10600,3069,152,4,580.76,2323.04
10601,3069,189,4,603.72,2414.88
10602,3069,148,3,497.64,1492.92
10603,3070,94,4,512.7,2050.8
10604,3070,127,4,240.8,963.2
10605,3070,125,2,211.24,422.48
10606,3070,198,2,351.95,703.9
10607,3071,131,1,21.58,21.58
10608,3071,213,3,266.98,800.94
10609,3071,12,1,589.84,589.84
10610,3072,137,4,205.25,821.0
10611,3073,39,4,116.92,467.68
10612,3073,7,3,53.23,159.69
10613,3074,148,3,497.64,1492.92
10614,3074,200,4,558.08,2232.32
10615,3074,181,2,314.93,629.86
10616,3075,245,1,170.03,170.03
10617,3075,95,1,320.04,320.04
10618,3075,249,1,375.32,375.32
10619,3076,83,4,550.53,2202.12
10620,3077,199,3,94.94,284.82
10621,3077,190,3,378.5,1135.5
10622,3077,230,2,350.4,700.8
10623,3077,3,2,142.45,284.9
10624,3077,27,2,238.78,477.56
10625,3078,87,3,509.91,1529.73
10626,3078,7,3,53.23,159.69
10627,3078,114,3,270.25,810.75
10628,3078,26,4,478.23,1912.92
10629,3079,249,1,375.32,375.32
10630,3079,118,2,175.82,351.64
10631,3079,160,2,275.73,551.46
10632,3079,47,4,595.74,2382.96
10633,3079,87,1,509.91,509.91
10634,3080,173,4,303.56,1214.24
10635,3080,79,1,440.1,440.1
10636,3080,67,3,136.1,408.3
10637,3080,175,4,93.86,375.44
10638,3080,170,4,287.23,1148.92
10639,3081,186,3,232.01,696.03
10640,3081,227,1,454.43,454.43
10641,3082,96,1,541.36,541.36
10642,3082,49,4,529.8,2119.2
10643,3082,230,4,350.4,1401.6
10644,3082,165,1,235.2,235.2
10645,3082,90,1,138.74,138.74
10646,3083,49,1,529.8,529.8
10647,3083,121,4,418.51,1674.04
10648,3083,198,4,351.95,1407.8
10649,3084,156,2,234.14,468.28
10650,3084,224,2,79.62,159.24
10651,3084,159,2,223.33,446.66
10652,3085,231,3,265.93,797.79
10653,3085,20,2,605.41,1210.82
10654,3085,26,2,478.23,956.46
10655,3086,179,1,200.78,200.78
10656,3087,158,3,479.14,1437.42
10657,3087,235,1,172.77,172.77
10658,3087,250,3,34.9,104.7
10659,3088,25,1,277.57,277.57
10660,3088,67,3,136.1,408.3
10661,3089,203,4,362.8,1451.2
10662,3090,1,2,541.39,1082.78
10663,3090,26,2,478.23,956.46
10664,3090,61,1,374.3,374.3
10665,3090,140,2,359.22,718.44
10666,3090,17,4,555.46,2221.84
10667,3090,122,3,313.49,940.47
10668,3091,186,4,232.01,928.04
10669,3091,129,4,293.5,1174.0
10670,3091,156,2,234.14,468.28
10671,3091,103,2,234.96,469.92
10672,3092,183,4,147.46,589.84
10673,3093,207,4,490.29,1961.16
10674,3093,126,4,291.18,1164.72
10675,3093,155,4,219.1,876.4
10676,3094,150,1,377.06,377.06
10677,3095,139,3,250.55,751.65
10678,3095,135,4,298.38,1193.52
10679,3095,123,4,235.89,943.56
10680,3095,163,2,268.64,537.28
10681,3096,78,3,302.79,908.37
10682,3096,224,2,79.62,159.24
10683,3097,42,1,132.01,132.01
10684,3097,250,3,34.9,104.7
10685,3097,16,3,70.43,211.29
10686,3097,94,2,512.7,1025.4
10687,3097,19,1,464.34,464.34
10688,3098,82,2,212.44,424.88
10689,3098,198,1,351.95,351.95
10690,3099,218,3,126.69,380.07
10691,3099,103,3,234.96,704.88
10692,3099,190,3,378.5,1135.5
10693,3099,90,2,138.74,277.48
10694,3099,143,1,155.0,155.0
10695,3099,166,4,82.07,328.28
10696,3100,177,1,245.43,245.43
10697,3100,194,2,521.07,1042.14
10698,3100,219,1,383.42,383.42
10699,3100,200,3,558.08,1674.24
10700,3100,47,3,595.74,1787.22
10701,3101,128,4,197.5,790.0
10702,3102,172,1,244.65,244.65
10703,3102,141,3,133.58,400.74
10704,3102,181,2,314.93,629.86
10705,3103,8,2,427.33,854.66
10706,3104,16,3,70.43,211.29
10707,3104,91,4,187.63,750.52
10708,3104,225,4,242.67,970.68
10709,3105,48,1,355.11,355.11
10710,3106,155,1,219.1,219.1
10711,3106,202,3,467.78,1403.34
10712,3106,45,4,118.21,472.84
10713,3106,79,4,440.1,1760.4
10714,3107,240,3,253.55,760.65
10715,3107,174,1,460.49,460.49
10716,3108,133,2,310.77,621.54
10717,3108,81,3,51.32,153.96
10718,3108,155,2,219.1,438.2
10719,3108,115,4,235.12,940.48
10720,3108,160,3,275.73,827.19
10721,3109,108,1,378.79,378.79
10722,3109,247,3,32.63,97.89
10723,3109,194,3,521.07,1563.21
10724,3110,222,1,81.41,81.41
10725,3110,237,1,52.77,52.77
10726,3110,154,2,342.09,684.18
10727,3110,236,4,58.2,232.8
10728,3110,85,2,164.19,328.38
10729,3111,64,1,110.72,110.72
10730,3111,159,3,223.33,669.99
10731,3111,244,3,423.65,1270.95
10732,3111,138,2,371.13,742.26
10733,3112,47,3,595.74,1787.22
10734,3112,101,3,57.39,172.17
10735,3112,71,1,594.55,594.55
10736,3112,194,4,521.07,2084.28
10737,3113,163,4,268.64,1074.56
10738,3113,55,1,215.38,215.38
10739,3113,117,3,300.72,902.16
10740,3114,198,2,351.95,703.9
10741,3114,90,4,138.74,554.96
10742,3114,114,3,270.25,810.75
10743,3114,164,4,320.2,1280.8
10744,3114,127,1,240.8,240.8
10745,3115,37,2,43.6,87.2
10746,3115,11,4,312.03,1248.12
10747,3115,73,3,200.84,602.52
10748,3115,240,4,253.55,1014.2
10749,3116,39,2,116.92,233.84
10750,3116,174,3,460.49,1381.47
10751,3116,139,2,250.55,501.1
10752,3116,228,1,380.46,380.46
10753,3117,181,2,314.93,629.86
10754,3117,248,3,188.2,564.6
10755,3117,232,1,494.33,494.33
10756,3118,77,3,377.42,1132.26
10757,3118,85,2,164.19,328.38
10758,3118,207,3,490.29,1470.87
10759,3118,184,3,201.3,603.9
10760,3118,178,1,505.3,505.3
10761,3118,185,4,339.64,1358.56
10762,3119,64,2,110.72,221.44
10763,3119,77,2,377.42,754.84
10764,3119,84,1,124.27,124.27
10765,3119,149,1,212.48,212.48
10766,3119,110,1,524.57,524.57
10767,3119,15,1,578.04,578.04
10768,3120,160,4,275.73,1102.92
10769,3120,128,4,197.5,790.0
10770,3120,107,1,233.92,233.92
10771,3121,35,4,404.22,1616.88
10772,3121,69,1,297.02,297.02
10773,3122,91,2,187.63,375.26
10774,3122,42,1,132.01,132.01
10775,3122,156,1,234.14,234.14
10776,3122,208,2,350.34,700.68
10777,3122,216,1,101.25,101.25
10778,3122,157,4,28.92,115.68
10779,3123,91,3,187.63,562.89
10780,3123,193,2,164.42,328.84
10781,3123,183,1,147.46,147.46
10782,3123,17,1,555.46,555.46
10783,3123,189,1,603.72,603.72
10784,3123,137,4,205.25,821.0
10785,3124,15,4,578.04,2312.16
10786,3124,231,1,265.93,265.93
10787,3125,194,2,521.07,1042.14
10788,3125,199,4,94.94,379.76
10789,3125,131,2,21.58,43.16
10790,3126,219,4,383.42,1533.68
10791,3126,123,3,235.89,707.67
10792,3126,54,3,60.89,182.67
10793,3126,240,1,253.55,253.55
10794,3126,146,4,118.88,475.52
10795,3127,214,3,288.6,865.8
10796,3127,90,4,138.74,554.96
10797,3127,61,2,374.3,748.6
10798,3127,123,2,235.89,471.78
10799,3128,236,3,58.2,174.6
10800,3128,136,1,299.97,299.97
10801,3129,224,4,79.62,318.48
10802,3129,19,2,464.34,928.68
10803,3130,201,4,496.81,1987.24
10804,3131,222,3,81.41,244.23
10805,3131,85,1,164.19,164.19
10806,3131,141,3,133.58,400.74
10807,3131,81,2,51.32,102.64
10808,3132,204,3,207.96,623.88
10809,3132,227,4,454.43,1817.72
10810,3132,20,2,605.41,1210.82
10811,3132,109,4,383.43,1533.72
10812,3133,175,2,93.86,187.72
10813,3134,238,2,262.67,525.34
10814,3134,222,2,81.41,162.82
10815,3135,160,1,275.73,275.73
10816,3135,127,4,240.8,963.2
10817,3135,99,1,205.29,205.29
10818,3136,31,4,499.38,1997.52
10819,3136,209,1,101.66,101.66
10820,3136,247,2,32.63,65.26
10821,3136,39,1,116.92,116.92
10822,3137,33,2,102.45,204.9
10823,3137,16,4,70.43,281.72
10824,3137,62,2,185.84,371.68
10825,3137,87,3,509.91,1529.73
10826,3137,239,3,38.46,115.38
10827,3138,128,2,197.5,395.0
10828,3138,15,4,578.04,2312.16
10829,3138,204,2,207.96,415.92
10830,3138,75,4,256.79,1027.16
10831,3139,119,4,142.86,571.44
10832,3139,98,2,209.33,418.66
10833,3139,226,3,137.54,412.62
10834,3139,12,3,589.84,1769.52
10835,3140,179,4,200.78,803.12
10836,3140,206,4,225.13,900.52
10837,3140,174,4,460.49,1841.96
10838,3140,222,3,81.41,244.23
10839,3140,166,4,82.07,328.28
10840,3140,160,4,275.73,1102.92
10841,3141,143,4,155.0,620.0
10842,3141,79,2,440.1,880.2
10843,3141,48,2,355.11,710.22
10844,3141,123,2,235.89,471.78
10845,3142,189,1,603.72,603.72
10846,3142,212,4,454.26,1817.04
10847,3142,17,2,555.46,1110.92
10848,3142,249,2,375.32,750.64
10849,3142,55,4,215.38,861.52
10850,3142,13,1,249.16,249.16
10851,3143,7,3,53.23,159.69
10852,3143,70,3,473.53,1420.59
10853,3143,148,1,497.64,497.64
10854,3143,205,3,383.07,1149.21
10855,3143,216,2,101.25,202.5
10856,3144,227,1,454.43,454.43
10857,3144,132,3,330.55,991.65
10858,3144,197,4,297.44,1189.76
10859,3145,156,4,234.14,936.56
10860,3145,62,4,185.84,743.36
10861,3145,122,2,313.49,626.98
10862,3145,65,4,346.0,1384.0
10863,3145,211,4,556.48,2225.92
10864,3145,167,1,74.71,74.71
10865,3146,89,2,152.92,305.84
10866,3146,246,4,307.14,1228.56
10867,3146,120,3,32.48,97.44
10868,3147,100,1,340.15,340.15
10869,3147,167,2,74.71,149.42
10870,3147,168,1,316.03,316.03
10871,3147,77,3,377.42,1132.26
10872,3147,11,4,312.03,1248.12
10873,3148,106,2,162.6,325.2
10874,3148,192,3,183.66,550.98
10875,3149,131,2,21.58,43.16
10876,3149,48,4,355.11,1420.44
10877,3149,179,4,200.78,803.12
10878,3149,143,1,155.0,155.0
10879,3149,190,4,378.5,1514.0
10880,3149,44,1,19.48,19.48
10881,3150,87,3,509.91,1529.73
10882,3150,172,4,244.65,978.6
10883,3150,80,3,24.61,73.83
10884,3151,124,2,388.77,777.54
10885,3151,87,4,509.91,2039.64
10886,3151,33,2,102.45,204.9
10887,3152,87,4,509.91,2039.64
10888,3152,163,4,268.64,1074.56
10889,3152,51,4,555.78,2223.12
10890,3152,242,1,131.89,131.89
10891,3152,211,4,556.48,2225.92
10892,3152,4,1,352.75,352.75
10893,3153,1,1,541.39,541.39
10894,3153,61,1,374.3,374.3
10895,3153,36,4,90.32,361.28
10896,3153,165,1,235.2,235.2
10897,3154,56,1,238.95,238.95
10898,3154,213,4,266.98,1067.92
10899,3155,91,3,187.63,562.89
10900,3155,108,3,378.79,1136.37
10901,3156,122,2,313.49,626.98
10902,3156,86,3,431.1,1293.3
10903,3156,119,3,142.86,428.58
10904,3157,50,2,120.19,240.38
10905,3157,150,3,377.06,1131.18
10906,3158,58,3,307.4,922.2
10907,3158,125,2,211.24,422.48
10908,3158,184,1,201.3,201.3
10909,3158,3,2,142.45,284.9
10910,3158,226,2,137.54,275.08
10911,3158,227,4,454.43,1817.72
10912,3159,107,4,233.92,935.68
10913,3160,90,2,138.74,277.48
10914,3160,142,1,45.22,45.22
10915,3160,92,1,411.95,411.95
10916,3160,182,1,214.08,214.08
10917,3161,110,2,524.57,1049.14
10918,3161,40,2,450.37,900.74
10919,3161,87,1,509.91,509.91
10920,3162,3,2,142.45,284.9
10921,3163,135,3,298.38,895.14
10922,3163,214,3,288.6,865.8
10923,3163,114,3,270.25,810.75
10924,3163,49,1,529.8,529.8
10925,3163,219,3,383.42,1150.26
10926,3163,245,1,170.03,170.03
10927,3164,92,1,411.95,411.95
10928,3164,54,3,60.89,182.67
10929,3164,5,4,148.93,595.72
10930,3164,218,4,126.69,506.76
10931,3164,122,4,313.49,1253.96
10932,3165,18,2,55.2,110.4
10933,3166,158,3,479.14,1437.42
10934,3167,204,1,207.96,207.96
10935,3167,181,4,314.93,1259.72
10936,3167,27,2,238.78,477.56
10937,3167,141,1,133.58,133.58
10938,3168,37,4,43.6,174.4
10939,3168,244,3,423.65,1270.95
10940,3168,248,1,188.2,188.2
10941,3168,200,2,558.08,1116.16
10942,3168,113,4,411.77,1647.08
10943,3168,131,4,21.58,86.32
10944,3169,203,4,362.8,1451.2
10945,3170,219,3,383.42,1150.26
10946,3170,195,3,117.88,353.64
10947,3171,205,4,383.07,1532.28
10948,3171,182,1,214.08,214.08
10949,3171,70,4,473.53,1894.12
10950,3171,176,4,405.74,1622.96
10951,3172,18,2,55.2,110.4
10952,3172,126,1,291.18,291.18
10953,3172,51,2,555.78,1111.56
10954,3172,121,4,418.51,1674.04
10955,3172,32,4,610.06,2440.24
10956,3172,71,4,594.55,2378.2
10957,3173,36,1,90.32,90.32
10958,3173,226,2,137.54,275.08
10959,3173,223,3,449.24,1347.72
10960,3173,132,2,330.55,661.1
10961,3173,160,3,275.73,827.19
10962,3174,24,4,28.9,115.6
10963,3174,142,1,45.22,45.22
10964,3174,96,1,541.36,541.36
10965,3174,62,3,185.84,557.52
10966,3174,159,3,223.33,669.99
10967,3174,37,3,43.6,130.8
10968,3175,240,4,253.55,1014.2
10969,3175,142,4,45.22,180.88
10970,3175,13,3,249.16,747.48
10971,3176,118,1,175.82,175.82
10972,3176,128,3,197.5,592.5
10973,3176,224,4,79.62,318.48
10974,3176,50,4,120.19,480.76
10975,3177,190,1,378.5,378.5
10976,3177,46,4,188.18,752.72
10977,3177,109,4,383.43,1533.72
10978,3177,140,3,359.22,1077.66
10979,3177,223,1,449.24,449.24
10980,3177,246,4,307.14,1228.56
10981,3178,234,4,244.66,978.64
10982,3178,132,4,330.55,1322.2
10983,3178,209,2,101.66,203.32
10984,3178,173,3,303.56,910.68
10985,3179,52,2,135.78,271.56
10986,3179,110,3,524.57,1573.71
10987,3179,58,4,307.4,1229.6
10988,3179,237,2,52.77,105.54
10989,3180,177,1,245.43,245.43
10990,3180,84,4,124.27,497.08
10991,3180,180,1,394.23,394.23
10992,3180,78,2,302.79,605.58
10993,3180,226,1,137.54,137.54
10994,3181,197,4,297.44,1189.76
10995,3181,142,3,45.22,135.66
10996,3181,182,2,214.08,428.16
10997,3182,246,4,307.14,1228.56
10998,3182,242,1,131.89,131.89
10999,3182,173,3,303.56,910.68
11000,3182,18,3,55.2,165.6
11001,3182,20,4,605.41,2421.64
11002,3182,140,4,359.22,1436.88
11003,3183,111,3,123.73,371.19
11004,3183,79,1,440.1,440.1
11005,3183,122,2,313.49,626.98
11006,3184,2,3,363.88,1091.64
11007,3185,156,4,234.14,936.56
11008,3186,56,3,238.95,716.85
11009,3186,99,2,205.29,410.58
11010,3186,33,1,102.45,102.45
11011,3186,250,1,34.9,34.9
11012,3187,83,2,550.53,1101.06
11013,3187,114,1,270.25,270.25
11014,3187,235,3,172.77,518.31
11015,3187,48,1,355.11,355.11
11016,3188,143,4,155.0,620.0
11017,3188,160,3,275.73,827.19
11018,3188,248,3,188.2,564.6
11019,3188,32,3,610.06,1830.18
11020,3188,223,1,449.24,449.24
11021,3189,33,4,102.45,409.8
11022,3190,234,1,244.66,244.66
11023,3190,80,4,24.61,98.44
11024,3190,211,3,556.48,1669.44
11025,3191,118,2,175.82,351.64
11026,3191,90,2,138.74,277.48
11027,3191,81,1,51.32,51.32
11028,3191,70,1,473.53,473.53
11029,3192,155,1,219.1,219.1
11030,3192,230,2,350.4,700.8
11031,3193,117,2,300.72,601.44
11032,3194,243,1,358.78,358.78
11033,3194,74,3,355.67,1067.01
11034,3194,241,1,205.2,205.2
11035,3194,158,2,479.14,958.28
11036,3195,159,4,223.33,893.32
11037,3195,163,1,268.64,268.64
11038,3195,246,2,307.14,614.28
11039,3195,144,1,47.39,47.39
11040,3196,163,3,268.64,805.92
11041,3196,61,2,374.3,748.6
11042,3196,159,2,223.33,446.66
11043,3196,36,3,90.32,270.96
11044,3196,95,3,320.04,960.12
11045,3196,87,1,509.91,509.91
11046,3197,206,2,225.13,450.26
11047,3197,191,1,410.67,410.67
11048,3198,126,1,291.18,291.18
11049,3198,78,3,302.79,908.37
11050,3199,26,2,478.23,956.46
11051,3199,36,1,90.32,90.32
11052,3199,85,1,164.19,164.19
11053,3199,121,1,418.51,418.51
11054,3199,145,2,362.85,725.7
11055,3199,146,3,118.88,356.64
11056,3200,12,2,589.84,1179.68
11057,3200,126,1,291.18,291.18
11058,3200,129,2,293.5,587.0
11059,3200,127,4,240.8,963.2
11060,3200,140,4,359.22,1436.88
11061,3200,95,3,320.04,960.12
11062,3201,45,4,118.21,472.84
11063,3201,192,1,183.66,183.66
11064,3201,137,2,205.25,410.5
11065,3201,30,1,247.82,247.82
11066,3201,33,4,102.45,409.8
11067,3201,1,3,541.39,1624.17
11068,3202,146,4,118.88,475.52
11069,3202,202,3,467.78,1403.34
11070,3202,238,1,262.67,262.67
11071,3202,132,4,330.55,1322.2
11072,3202,186,1,232.01,232.01
11073,3203,71,1,594.55,594.55
11074,3203,47,2,595.74,1191.48
11075,3203,56,2,238.95,477.9
11076,3203,159,1,223.33,223.33
11077,3203,148,2,497.64,995.28
11078,3204,31,1,499.38,499.38
11079,3204,111,1,123.73,123.73
11080,3205,115,3,235.12,705.36
11081,3205,131,4,21.58,86.32
11082,3205,51,2,555.78,1111.56
11083,3205,208,4,350.34,1401.36
11084,3206,98,4,209.33,837.32
11085,3206,245,1,170.03,170.03
11086,3206,165,3,235.2,705.6
11087,3206,159,3,223.33,669.99
11088,3206,229,1,165.02,165.02
11089,3206,65,3,346.0,1038.0
11090,3207,149,1,212.48,212.48
11091,3207,192,4,183.66,734.64
11092,3207,11,4,312.03,1248.12
11093,3207,172,1,244.65,244.65
11094,3207,144,4,47.39,189.56
11095,3207,243,4,358.78,1435.12
11096,3208,30,2,247.82,495.64
11097,3209,141,3,133.58,400.74
11098,3209,225,3,242.67,728.01
11099,3209,117,2,300.72,601.44
11100,3209,80,2,24.61,49.22
11101,3210,243,3,358.78,1076.34
11102,3210,8,3,427.33,1281.99
11103,3211,236,1,58.2,58.2
11104,3211,28,1,434.23,434.23
11105,3211,75,2,256.79,513.58
11106,3211,134,1,224.13,224.13
11107,3212,242,2,131.89,263.78
11108,3212,231,1,265.93,265.93
11109,3212,196,4,450.47,1801.88
11110,3212,49,4,529.8,2119.2
11111,3213,182,2,214.08,428.16
11112,3214,55,2,215.38,430.76
11113,3214,116,1,108.97,108.97
11114,3214,95,3,320.04,960.12
11115,3215,73,2,200.84,401.68
11116,3215,21,3,574.25,1722.75
11117,3216,218,3,126.69,380.07
11118,3217,224,1,79.62,79.62
11119,3217,198,2,351.95,703.9
11120,3217,103,4,234.96,939.84
11121,3217,118,4,175.82,703.28
11122,3217,56,1,238.95,238.95
11123,3218,116,2,108.97,217.94
11124,3218,169,4,382.14,1528.56
11125,3218,126,1,291.18,291.18
11126,3219,245,4,170.03,680.12
11127,3219,55,2,215.38,430.76
11128,3219,193,4,164.42,657.68
11129,3219,127,3,240.8,722.4
11130,3219,35,4,404.22,1616.88
11131,3220,215,1,238.44,238.44
11132,3220,88,4,347.53,1390.12
11133,3220,118,3,175.82,527.46
11134,3220,24,3,28.9,86.7
11135,3221,35,3,404.22,1212.66
11136,3221,135,2,298.38,596.76
11137,3221,143,2,155.0,310.0
11138,3222,204,4,207.96,831.84
11139,3222,95,3,320.04,960.12
11140,3222,178,4,505.3,2021.2
11141,3222,128,1,197.5,197.5
11142,3222,238,2,262.67,525.34
11143,3222,223,1,449.24,449.24
11144,3223,30,4,247.82,991.28
11145,3223,210,3,141.37,424.11
11146,3223,46,3,188.18,564.54
11147,3223,205,4,383.07,1532.28
11148,3223,86,1,431.1,431.1
11149,3223,173,1,303.56,303.56
11150,3224,67,1,136.1,136.1
11151,3224,229,1,165.02,165.02
11152,3224,86,3,431.1,1293.3
11153,3224,247,2,32.63,65.26
11154,3224,125,2,211.24,422.48
11155,3224,130,3,60.89,182.67
11156,3225,240,4,253.55,1014.2
11157,3225,88,4,347.53,1390.12
11158,3225,89,2,152.92,305.84
11159,3225,222,2,81.41,162.82
11160,3226,165,4,235.2,940.8
11161,3227,30,2,247.82,495.64
11162,3227,196,2,450.47,900.94
11163,3228,169,1,382.14,382.14
11164,3228,20,3,605.41,1816.23
11165,3228,24,4,28.9,115.6
11166,3229,61,4,374.3,1497.2
11167,3229,147,3,50.11,150.33
11168,3229,8,2,427.33,854.66
11169,3229,133,2,310.77,621.54
11170,3229,233,1,275.42,275.42
11171,3230,4,3,352.75,1058.25
11172,3230,179,4,200.78,803.12
11173,3231,174,3,460.49,1381.47
11174,3232,173,1,303.56,303.56
11175,3232,71,4,594.55,2378.2
11176,3232,153,2,415.24,830.48
11177,3233,113,1,411.77,411.77
11178,3233,17,1,555.46,555.46
11179,3233,16,3,70.43,211.29
11180,3233,95,3,320.04,960.12
11181,3233,85,4,164.19,656.76
11182,3234,17,3,555.46,1666.38
11183,3234,105,1,58.11,58.11
11184,3234,111,4,123.73,494.92
11185,3234,218,1,126.69,126.69
11186,3234,223,1,449.24,449.24
11187,3234,52,3,135.78,407.34
11188,3235,133,3,310.77,932.31
11189,3235,145,2,362.85,725.7
11190,3235,45,1,118.21,118.21
11191,3235,110,4,524.57,2098.28
11192,3235,32,4,610.06,2440.24
11193,3236,74,1,355.67,355.67
11194,3237,123,4,235.89,943.56
11195,3237,117,4,300.72,1202.88
11196,3237,183,4,147.46,589.84
11197,3237,182,2,214.08,428.16
11198,3237,136,1,299.97,299.97
11199,3237,56,3,238.95,716.85
11200,3238,25,4,277.57,1110.28
11201,3238,180,3,394.23,1182.69
11202,3238,107,2,233.92,467.84
11203,3238,208,3,350.34,1051.02
11204,3238,96,4,541.36,2165.44
11205,3239,153,2,415.24,830.48
11206,3239,127,4,240.8,963.2
11207,3240,203,4,362.8,1451.2
11208,3240,194,2,521.07,1042.14
11209,3240,44,3,19.48,58.44
11210,3241,113,1,411.77,411.77
11211,3241,95,3,320.04,960.12
11212,3241,223,1,449.24,449.24
11213,3242,73,3,200.84,602.52
11214,3242,6,1,478.9,478.9
11215,3242,183,3,147.46,442.38
11216,3242,50,1,120.19,120.19
11217,3243,55,3,215.38,646.14
11218,3243,33,3,102.45,307.35
11219,3243,90,3,138.74,416.22
11220,3243,61,2,374.3,748.6
11221,3243,155,3,219.1,657.3
11222,3243,96,3,541.36,1624.08
11223,3244,229,4,165.02,660.08
11224,3245,93,3,296.33,888.99
11225,3246,100,2,340.15,680.3
11226,3247,81,2,51.32,102.64
11227,3247,101,3,57.39,172.17
11228,3247,189,3,603.72,1811.16
11229,3247,20,2,605.41,1210.82
11230,3247,219,1,383.42,383.42
11231,3248,129,2,293.5,587.0
11232,3248,199,2,94.94,189.88
11233,3248,167,4,74.71,298.84
11234,3249,199,4,94.94,379.76
11235,3249,179,2,200.78,401.56
11236,3249,114,1,270.25,270.25
11237,3249,18,3,55.2,165.6
11238,3249,90,2,138.74,277.48
11239,3249,183,1,147.46,147.46
11240,3250,45,2,118.21,236.42
11241,3250,59,4,395.91,1583.64
11242,3250,20,4,605.41,2421.64
11243,3251,246,3,307.14,921.42
11244,3251,71,4,594.55,2378.2
11245,3251,233,2,275.42,550.84
11246,3251,11,4,312.03,1248.12
11247,3252,205,2,383.07,766.14
11248,3252,33,1,102.45,102.45
11249,3252,239,2,38.46,76.92
11250,3252,13,2,249.16,498.32
11251,3252,122,4,313.49,1253.96
11252,3253,2,4,363.88,1455.52
11253,3253,50,2,120.19,240.38
11254,3253,94,4,512.7,2050.8
11255,3253,212,1,454.26,454.26
11256,3253,241,1,205.2,205.2
11257,3254,138,2,371.13,742.26
11258,3254,247,3,32.63,97.89
11259,3254,135,4,298.38,1193.52
11260,3254,129,1,293.5,293.5
11261,3254,65,2,346.0,692.0
11262,3254,180,2,394.23,788.46
11263,3255,198,1,351.95,351.95
11264,3255,156,3,234.14,702.42
11265,3255,141,4,133.58,534.32
11266,3256,185,3,339.64,1018.92
11267,3256,77,4,377.42,1509.68
11268,3256,59,4,395.91,1583.64
11269,3257,145,3,362.85,1088.55
11270,3257,150,4,377.06,1508.24
11271,3257,66,2,87.24,174.48
11272,3257,190,2,378.5,757.0
11273,3257,130,2,60.89,121.78
11274,3258,182,4,214.08,856.32
11275,3258,13,1,249.16,249.16
11276,3258,35,2,404.22,808.44
11277,3258,245,4,170.03,680.12
11278,3258,198,4,351.95,1407.8
11279,3259,151,4,72.21,288.84
11280,3259,86,1,431.1,431.1
11281,3259,163,4,268.64,1074.56
11282,3259,132,3,330.55,991.65
11283,3259,230,4,350.4,1401.6
11284,3260,125,4,211.24,844.96
11285,3260,152,3,580.76,1742.28
11286,3261,125,3,211.24,633.72
11287,3261,127,1,240.8,240.8
11288,3261,34,1,43.41,43.41
11289,3261,102,1,196.56,196.56
11290,3261,70,2,473.53,947.06
11291,3262,216,1,101.25,101.25
11292,3262,102,2,196.56,393.12
11293,3262,154,2,342.09,684.18
11294,3262,59,2,395.91,791.82
11295,3262,199,3,94.94,284.82
11296,3263,46,2,188.18,376.36
11297,3263,250,2,34.9,69.8
11298,3264,162,1,386.04,386.04
11299,3264,27,2,238.78,477.56
11300,3264,129,3,293.5,880.5
11301,3265,146,2,118.88,237.76
11302,3265,136,4,299.97,1199.88
11303,3265,230,3,350.4,1051.2
11304,3266,137,4,205.25,821.0
11305,3267,157,2,28.92,57.84
11306,3267,40,3,450.37,1351.11
11307,3267,60,1,556.59,556.59
11308,3267,77,3,377.42,1132.26
11309,3267,111,4,123.73,494.92
11310,3268,156,2,234.14,468.28
11311,3268,183,1,147.46,147.46
11312,3269,104,1,287.63,287.63
11313,3269,174,1,460.49,460.49
11314,3269,246,2,307.14,614.28
11315,3269,110,4,524.57,2098.28
11316,3269,11,4,312.03,1248.12
11317,3269,210,2,141.37,282.74
11318,3270,116,3,108.97,326.91
11319,3271,169,2,382.14,764.28
11320,3271,44,2,19.48,38.96
11321,3271,204,3,207.96,623.88
11322,3271,185,3,339.64,1018.92
11323,3271,168,3,316.03,948.09
11324,3272,170,3,287.23,861.69
11325,3272,70,3,473.53,1420.59
11326,3272,10,1,330.8,330.8
11327,3272,235,3,172.77,518.31
11328,3273,224,4,79.62,318.48
11329,3273,111,3,123.73,371.19
11330,3274,64,1,110.72,110.72
11331,3274,237,3,52.77,158.31
11332,3274,236,4,58.2,232.8
11333,3275,83,1,550.53,550.53
11334,3275,49,4,529.8,2119.2
11335,3275,245,4,170.03,680.12
11336,3275,143,1,155.0,155.0
11337,3276,45,2,118.21,236.42
11338,3277,109,2,383.43,766.86
11339,3277,40,2,450.37,900.74
11340,3277,45,4,118.21,472.84
11341,3277,76,1,450.31,450.31
11342,3277,69,2,297.02,594.04
11343,3278,74,3,355.67,1067.01
11344,3278,32,2,610.06,1220.12
11345,3278,198,2,351.95,703.9
11346,3278,248,1,188.2,188.2
11347,3278,209,4,101.66,406.64
11348,3278,239,1,38.46,38.46
11349,3279,247,3,32.63,97.89
11350,3280,208,3,350.34,1051.02
11351,3280,185,1,339.64,339.64
11352,3280,54,3,60.89,182.67
11353,3280,116,4,108.97,435.88
11354,3280,80,3,24.61,73.83
11355,3280,248,1,188.2,188.2
11356,3281,197,4,297.44,1189.76
11357,3281,142,2,45.22,90.44
11358,3282,172,3,244.65,733.95
11359,3282,174,3,460.49,1381.47
11360,3283,75,4,256.79,1027.16
11361,3283,249,3,375.32,1125.96
11362,3284,155,3,219.1,657.3
11363,3284,21,3,574.25,1722.75
11364,3284,101,2,57.39,114.78
11365,3284,84,4,124.27,497.08
11366,3284,199,1,94.94,94.94
11367,3284,177,1,245.43,245.43
11368,3285,76,3,450.31,1350.93
11369,3285,30,1,247.82,247.82
11370,3286,247,2,32.63,65.26
11371,3287,110,2,524.57,1049.14
11372,3287,247,3,32.63,97.89
11373,3287,228,4,380.46,1521.84
11374,3287,235,4,172.77,691.08
11375,3287,184,3,201.3,603.9
11376,3287,238,3,262.67,788.01
11377,3288,13,1,249.16,249.16
11378,3288,145,2,362.85,725.7
11379,3288,133,1,310.77,310.77
11380,3289,185,1,339.64,339.64
11381,3289,172,2,244.65,489.3
11382,3289,98,2,209.33,418.66
11383,3289,150,2,377.06,754.12
11384,3289,23,1,276.19,276.19
11385,3290,174,4,460.49,1841.96
11386,3291,247,2,32.63,65.26
11387,3291,139,1,250.55,250.55
11388,3291,199,4,94.94,379.76
11389,3291,20,1,605.41,605.41
11390,3291,235,4,172.77,691.08
11391,3291,60,4,556.59,2226.36
11392,3292,8,3,427.33,1281.99
11393,3292,177,2,245.43,490.86
11394,3292,89,1,152.92,152.92
11395,3292,189,1,603.72,603.72
11396,3292,220,3,168.03,504.09
11397,3293,198,2,351.95,703.9
11398,3293,180,4,394.23,1576.92
11399,3293,118,1,175.82,175.82
11400,3293,91,4,187.63,750.52
11401,3293,196,4,450.47,1801.88
11402,3294,240,3,253.55,760.65
11403,3294,155,1,219.1,219.1
11404,3294,47,1,595.74,595.74
11405,3295,84,4,124.27,497.08
11406,3295,54,3,60.89,182.67
11407,3295,46,4,188.18,752.72
11408,3295,174,1,460.49,460.49
11409,3296,15,2,578.04,1156.08
11410,3296,93,2,296.33,592.66
11411,3296,43,2,349.47,698.94
11412,3296,79,4,440.1,1760.4
11413,3296,119,4,142.86,571.44
11414,3297,14,2,301.65,603.3
11415,3297,182,1,214.08,214.08
11416,3298,83,1,550.53,550.53
11417,3298,110,1,524.57,524.57
11418,3298,73,1,200.84,200.84
11419,3298,112,4,186.06,744.24
11420,3298,106,3,162.6,487.8
11421,3298,50,4,120.19,480.76
11422,3299,34,4,43.41,173.64
11423,3299,57,3,128.38,385.14
11424,3299,89,2,152.92,305.84
11425,3299,209,1,101.66,101.66
11426,3299,229,2,165.02,330.04
11427,3300,222,3,81.41,244.23
11428,3300,190,3,378.5,1135.5
11429,3300,99,3,205.29,615.87
11430,3301,178,1,505.3,505.3
11431,3301,204,2,207.96,415.92
11432,3301,140,1,359.22,359.22
11433,3302,21,3,574.25,1722.75
11434,3302,228,2,380.46,760.92
11435,3302,206,3,225.13,675.39
11436,3302,100,2,340.15,680.3
11437,3302,222,3,81.41,244.23
11438,3303,162,3,386.04,1158.12
11439,3303,182,4,214.08,856.32
11440,3303,37,4,43.6,174.4
11441,3303,40,3,450.37,1351.11
11442,3303,111,3,123.73,371.19
11443,3303,139,2,250.55,501.1
11444,3304,133,2,310.77,621.54
11445,3304,24,4,28.9,115.6
11446,3305,55,2,215.38,430.76
11447,3305,213,3,266.98,800.94
11448,3305,233,4,275.42,1101.68
11449,3305,46,2,188.18,376.36
11450,3306,201,4,496.81,1987.24
11451,3306,174,1,460.49,460.49
11452,3306,154,1,342.09,342.09
11453,3306,130,2,60.89,121.78
11454,3307,141,3,133.58,400.74
11455,3307,126,2,291.18,582.36
11456,3307,156,3,234.14,702.42
11457,3307,210,4,141.37,565.48
11458,3308,98,3,209.33,627.99
11459,3308,234,3,244.66,733.98
11460,3309,155,2,219.1,438.2
11461,3309,242,4,131.89,527.56
11462,3309,148,4,497.64,1990.56
11463,3309,124,1,388.77,388.77
11464,3309,174,1,460.49,460.49
11465,3309,191,2,410.67,821.34
11466,3310,1,2,541.39,1082.78
11467,3310,184,2,201.3,402.6
11468,3310,130,3,60.89,182.67
11469,3310,249,3,375.32,1125.96
11470,3310,154,2,342.09,684.18
11471,3311,210,4,141.37,565.48
11472,3312,75,2,256.79,513.58
11473,3312,71,2,594.55,1189.1
11474,3313,26,1,478.23,478.23
11475,3313,145,3,362.85,1088.55
11476,3313,224,2,79.62,159.24
11477,3314,69,1,297.02,297.02
11478,3315,204,3,207.96,623.88
11479,3315,185,2,339.64,679.28
11480,3315,58,2,307.4,614.8
11481,3315,56,1,238.95,238.95
11482,3315,119,3,142.86,428.58
11483,3315,239,3,38.46,115.38
11484,3316,46,1,188.18,188.18
11485,3316,115,4,235.12,940.48
11486,3316,219,1,383.42,383.42
11487,3316,29,4,218.87,875.48
11488,3316,204,1,207.96,207.96
11489,3317,143,1,155.0,155.0
11490,3317,18,3,55.2,165.6
11491,3317,139,3,250.55,751.65
11492,3318,62,2,185.84,371.68
11493,3319,149,1,212.48,212.48
11494,3320,10,1,330.8,330.8
11495,3320,81,1,51.32,51.32
11496,3320,133,4,310.77,1243.08
11497,3320,191,2,410.67,821.34
11498,3321,100,3,340.15,1020.45
11499,3321,210,4,141.37,565.48
11500,3321,207,1,490.29,490.29
11501,3321,232,2,494.33,988.66
11502,3321,229,2,165.02,330.04
11503,3321,124,1,388.77,388.77
11504,3322,117,3,300.72,902.16
11505,3322,104,3,287.63,862.89
11506,3322,62,1,185.84,185.84
11507,3322,15,2,578.04,1156.08
11508,3323,126,1,291.18,291.18
11509,3323,233,3,275.42,826.26
11510,3323,231,3,265.93,797.79
11511,3323,200,4,558.08,2232.32
11512,3323,141,1,133.58,133.58
11513,3323,156,4,234.14,936.56
11514,3324,245,3,170.03,510.09
11515,3324,104,3,287.63,862.89
11516,3324,95,1,320.04,320.04
11517,3324,1,4,541.39,2165.56
11518,3324,28,4,434.23,1736.92
11519,3324,151,2,72.21,144.42
11520,3325,192,1,183.66,183.66
11521,3326,198,3,351.95,1055.85
11522,3327,202,3,467.78,1403.34
11523,3328,147,1,50.11,50.11
11524,3328,142,3,45.22,135.66
11525,3328,223,3,449.24,1347.72
11526,3328,58,4,307.4,1229.6
11527,3329,62,2,185.84,371.68
11528,3329,74,4,355.67,1422.68
11529,3330,89,1,152.92,152.92
11530,3331,41,2,245.1,490.2
11531,3331,77,2,377.42,754.84
11532,3331,241,2,205.2,410.4
11533,3331,32,2,610.06,1220.12
11534,3331,76,2,450.31,900.62
11535,3331,219,3,383.42,1150.26
11536,3332,218,3,126.69,380.07
11537,3332,18,1,55.2,55.2
11538,3332,139,3,250.55,751.65
11539,3333,123,1,235.89,235.89
11540,3333,28,1,434.23,434.23
11541,3333,164,1,320.2,320.2
11542,3334,98,2,209.33,418.66
11543,3334,190,4,378.5,1514.0
11544,3334,75,2,256.79,513.58
11545,3334,73,3,200.84,602.52
11546,3334,51,3,555.78,1667.34
11547,3335,131,1,21.58,21.58
11548,3335,122,1,313.49,313.49
11549,3335,26,1,478.23,478.23
11550,3335,249,2,375.32,750.64
11551,3335,202,4,467.78,1871.12
11552,3335,42,4,132.01,528.04
11553,3336,249,3,375.32,1125.96
11554,3336,114,4,270.25,1081.0
11555,3336,188,3,503.7,1511.1
11556,3337,147,2,50.11,100.22
11557,3337,104,3,287.63,862.89
11558,3337,174,4,460.49,1841.96
11559,3337,32,3,610.06,1830.18
11560,3338,222,2,81.41,162.82
11561,3338,121,4,418.51,1674.04
11562,3338,171,2,242.88,485.76
11563,3339,13,3,249.16,747.48
11564,3339,212,2,454.26,908.52
11565,3339,232,1,494.33,494.33
11566,3339,59,4,395.91,1583.64
11567,3339,151,1,72.21,72.21
11568,3340,162,2,386.04,772.08
11569,3340,14,4,301.65,1206.6
11570,3340,250,4,34.9,139.6
11571,3340,138,2,371.13,742.26
11572,3340,82,2,212.44,424.88
11573,3341,122,1,313.49,313.49
11574,3341,190,2,378.5,757.0
11575,3341,69,4,297.02,1188.08
11576,3341,4,4,352.75,1411.0
11577,3341,36,4,90.32,361.28
11578,3342,155,2,219.1,438.2
11579,3342,93,2,296.33,592.66
11580,3342,80,4,24.61,98.44
11581,3342,125,1,211.24,211.24
11582,3343,120,2,32.48,64.96
11583,3343,50,2,120.19,240.38
11584,3343,184,3,201.3,603.9
11585,3343,77,4,377.42,1509.68
11586,3343,183,1,147.46,147.46
11587,3344,16,3,70.43,211.29
11588,3344,15,1,578.04,578.04
11589,3344,217,3,369.23,1107.69
11590,3345,157,3,28.92,86.76
11591,3345,29,3,218.87,656.61
11592,3345,202,1,467.78,467.78
11593,3345,172,1,244.65,244.65
11594,3345,28,4,434.23,1736.92
11595,3345,86,2,431.1,862.2
11596,3346,74,1,355.67,355.67
11597,3346,208,3,350.34,1051.02
11598,3347,195,2,117.88,235.76
11599,3347,210,2,141.37,282.74
11600,3347,223,4,449.24,1796.96
11601,3347,245,2,170.03,340.06
11602,3347,189,4,603.72,2414.88
11603,3347,109,2,383.43,766.86
11604,3348,103,1,234.96,234.96
11605,3348,236,1,58.2,58.2
11606,3348,228,2,380.46,760.92
11607,3348,131,2,21.58,43.16
11608,3349,166,1,82.07,82.07
11609,3349,19,1,464.34,464.34
11610,3349,140,3,359.22,1077.66
11611,3349,121,4,418.51,1674.04
11612,3349,188,4,503.7,2014.8
11613,3349,160,4,275.73,1102.92
11614,3350,191,1,410.67,410.67
11615,3350,56,3,238.95,716.85
11616,3350,148,3,497.64,1492.92
11617,3350,131,2,21.58,43.16
11618,3351,61,2,374.3,748.6
11619,3352,42,2,132.01,264.02
11620,3352,157,2,28.92,57.84
11621,3352,202,1,467.78,467.78
11622,3352,132,2,330.55,661.1
11623,3352,102,4,196.56,786.24
11624,3352,64,1,110.72,110.72
11625,3353,75,2,256.79,513.58
11626,3353,94,3,512.7,1538.1
11627,3353,35,1,404.22,404.22
11628,3353,17,3,555.46,1666.38
11629,3353,186,4,232.01,928.04
11630,3354,52,3,135.78,407.34
11631,3354,97,2,316.97,633.94
11632,3354,195,4,117.88,471.52
11633,3354,206,4,225.13,900.52
11634,3354,36,4,90.32,361.28
11635,3355,226,3,137.54,412.62
11636,3355,223,4,449.24,1796.96
11637,3355,112,4,186.06,744.24
11638,3355,78,4,302.79,1211.16
11639,3355,32,2,610.06,1220.12
11640,3355,119,4,142.86,571.44
11641,3356,126,4,291.18,1164.72
11642,3356,96,4,541.36,2165.44
11643,3356,62,4,185.84,743.36
11644,3356,79,3,440.1,1320.3
11645,3357,202,4,467.78,1871.12
11646,3358,181,4,314.93,1259.72
11647,3359,212,4,454.26,1817.04
11648,3359,106,4,162.6,650.4
11649,3359,159,2,223.33,446.66
11650,3360,14,3,301.65,904.95
11651,3360,60,4,556.59,2226.36
11652,3360,41,3,245.1,735.3
11653,3361,21,4,574.25,2297.0
11654,3361,3,1,142.45,142.45
11655,3361,169,2,382.14,764.28
11656,3362,170,1,287.23,287.23
11657,3362,15,4,578.04,2312.16
11658,3362,4,3,352.75,1058.25
11659,3362,194,4,521.07,2084.28
11660,3362,52,2,135.78,271.56
11661,3362,233,3,275.42,826.26
11662,3363,20,2,605.41,1210.82
11663,3363,113,2,411.77,823.54
11664,3363,98,2,209.33,418.66
11665,3364,79,2,440.1,880.2
11666,3365,66,1,87.24,87.24
11667,3365,168,4,316.03,1264.12
11668,3365,224,4,79.62,318.48
11669,3366,84,4,124.27,497.08
11670,3366,121,2,418.51,837.02
11671,3366,228,3,380.46,1141.38
11672,3367,224,3,79.62,238.86
11673,3367,11,4,312.03,1248.12
11674,3367,34,2,43.41,86.82
11675,3368,95,1,320.04,320.04
11676,3368,179,1,200.78,200.78
11677,3369,9,1,553.14,553.14
11678,3369,141,4,133.58,534.32
11679,3369,103,2,234.96,469.92
11680,3370,11,4,312.03,1248.12
11681,3370,22,1,125.76,125.76
11682,3371,26,3,478.23,1434.69
11683,3371,20,1,605.41,605.41
11684,3371,194,3,521.07,1563.21
11685,3371,102,4,196.56,786.24
11686,3371,59,3,395.91,1187.73
11687,3371,70,2,473.53,947.06
11688,3372,67,3,136.1,408.3
11689,3372,242,2,131.89,263.78
11690,3372,6,1,478.9,478.9
11691,3373,247,4,32.63,130.52
11692,3373,103,1,234.96,234.96
11693,3373,123,4,235.89,943.56
11694,3373,126,2,291.18,582.36
11695,3373,34,4,43.41,173.64
11696,3373,10,2,330.8,661.6
11697,3374,55,2,215.38,430.76
11698,3374,206,4,225.13,900.52
11699,3374,178,4,505.3,2021.2
11700,3374,15,1,578.04,578.04
11701,3374,246,3,307.14,921.42
11702,3375,137,2,205.25,410.5
11703,3375,245,4,170.03,680.12
11704,3375,154,1,342.09,342.09
11705,3375,131,1,21.58,21.58
11706,3375,62,3,185.84,557.52
11707,3376,38,1,511.93,511.93
11708,3376,127,4,240.8,963.2
11709,3376,13,2,249.16,498.32
11710,3376,2,2,363.88,727.76
11711,3377,243,3,358.78,1076.34
11712,3377,186,2,232.01,464.02
11713,3377,200,3,558.08,1674.24
11714,3377,28,4,434.23,1736.92
11715,3377,175,3,93.86,281.58
11716,3377,228,3,380.46,1141.38
11717,3378,233,1,275.42,275.42
11718,3378,177,1,245.43,245.43
11719,3378,219,3,383.42,1150.26
11720,3379,151,4,72.21,288.84
11721,3379,192,2,183.66,367.32
11722,3379,139,2,250.55,501.1
11723,3380,89,1,152.92,152.92
11724,3381,78,1,302.79,302.79
11725,3381,185,4,339.64,1358.56
11726,3381,164,3,320.2,960.6
11727,3381,3,3,142.45,427.35
11728,3382,115,3,235.12,705.36
11729,3383,21,2,574.25,1148.5
11730,3383,71,4,594.55,2378.2
11731,3383,25,3,277.57,832.71
11732,3383,246,4,307.14,1228.56
11733,3384,127,1,240.8,240.8
11734,3384,85,3,164.19,492.57
11735,3384,157,4,28.92,115.68
11736,3385,179,3,200.78,602.34
11737,3385,137,2,205.25,410.5
11738,3385,152,2,580.76,1161.52
11739,3385,101,2,57.39,114.78
11740,3385,148,1,497.64,497.64
11741,3385,104,2,287.63,575.26
11742,3386,98,2,209.33,418.66
11743,3386,89,2,152.92,305.84
11744,3386,35,4,404.22,1616.88
11745,3386,150,3,377.06,1131.18
11746,3387,190,1,378.5,378.5
11747,3387,1,2,541.39,1082.78
11748,3387,58,3,307.4,922.2
11749,3387,188,2,503.7,1007.4
11750,3387,27,4,238.78,955.12
11751,3388,106,4,162.6,650.4
11752,3388,216,3,101.25,303.75
11753,3388,70,2,473.53,947.06
11754,3388,212,1,454.26,454.26
11755,3389,142,3,45.22,135.66
11756,3389,152,4,580.76,2323.04
11757,3389,185,1,339.64,339.64
11758,3389,19,4,464.34,1857.36
11759,3389,123,3,235.89,707.67
11760,3390,100,1,340.15,340.15
11761,3390,145,2,362.85,725.7
11762,3390,194,4,521.07,2084.28
11763,3390,106,2,162.6,325.2
11764,3390,203,1,362.8,362.8
11765,3391,150,4,377.06,1508.24
11766,3391,158,3,479.14,1437.42
11767,3391,100,3,340.15,1020.45
11768,3391,180,1,394.23,394.23
11769,3391,49,3,529.8,1589.4
11770,3391,62,1,185.84,185.84
11771,3392,79,2,440.1,880.2
11772,3392,172,4,244.65,978.6
11773,3393,128,4,197.5,790.0
11774,3393,190,3,378.5,1135.5
11775,3393,49,4,529.8,2119.2
11776,3393,163,4,268.64,1074.56
11777,3394,54,1,60.89,60.89
11778,3394,139,4,250.55,1002.2
11779,3394,148,3,497.64,1492.92
11780,3394,102,2,196.56,393.12
11781,3394,243,1,358.78,358.78
11782,3395,242,2,131.89,263.78
11783,3395,77,2,377.42,754.84
11784,3395,174,2,460.49,920.98
11785,3395,105,4,58.11,232.44
11786,3395,72,2,91.12,182.24
11787,3395,120,1,32.48,32.48
11788,3396,172,1,244.65,244.65
11789,3396,249,4,375.32,1501.28
11790,3396,241,2,205.2,410.4
11791,3396,130,3,60.89,182.67
11792,3397,227,1,454.43,454.43
11793,3397,138,4,371.13,1484.52
11794,3397,72,2,91.12,182.24
11795,3397,52,1,135.78,135.78
11796,3398,137,1,205.25,205.25
11797,3398,175,4,93.86,375.44
11798,3398,81,1,51.32,51.32
11799,3399,13,4,249.16,996.64
11800,3399,238,1,262.67,262.67
11801,3399,20,4,605.41,2421.64
11802,3399,61,3,374.3,1122.9
11803,3399,28,1,434.23,434.23
11804,3399,234,2,244.66,489.32
11805,3400,176,2,405.74,811.48
11806,3400,43,4,349.47,1397.88
11807,3400,196,3,450.47,1351.41
11808,3401,173,1,303.56,303.56
11809,3401,100,4,340.15,1360.6
11810,3401,101,1,57.39,57.39
11811,3402,81,4,51.32,205.28
11812,3402,43,1,349.47,349.47
11813,3402,29,2,218.87,437.74
11814,3402,5,3,148.93,446.79
11815,3402,140,3,359.22,1077.66
11816,3402,34,3,43.41,130.23
11817,3403,242,2,131.89,263.78
11818,3404,226,4,137.54,550.16
11819,3404,118,3,175.82,527.46
11820,3404,156,3,234.14,702.42
11821,3404,87,4,509.91,2039.64
11822,3405,34,2,43.41,86.82
11823,3406,86,2,431.1,862.2
11824,3406,199,1,94.94,94.94
11825,3406,88,1,347.53,347.53
11826,3406,127,1,240.8,240.8
11827,3407,114,2,270.25,540.5
11828,3407,165,2,235.2,470.4
11829,3408,86,3,431.1,1293.3
11830,3408,90,4,138.74,554.96
11831,3408,191,3,410.67,1232.01
11832,3408,96,1,541.36,541.36
11833,3408,22,2,125.76,251.52
11834,3409,247,3,32.63,97.89
11835,3409,182,3,214.08,642.24
11836,3409,132,4,330.55,1322.2
11837,3409,108,2,378.79,757.58
11838,3409,169,4,382.14,1528.56
11839,3410,44,2,19.48,38.96
11840,3410,221,2,627.82,1255.64
11841,3410,29,2,218.87,437.74
11842,3410,166,1,82.07,82.07
11843,3410,43,1,349.47,349.47
11844,3411,44,3,19.48,58.44
11845,3411,205,3,383.07,1149.21
11846,3411,153,4,415.24,1660.96
11847,3412,18,2,55.2,110.4
11848,3412,135,2,298.38,596.76
11849,3412,83,4,550.53,2202.12
11850,3413,84,2,124.27,248.54
11851,3413,22,1,125.76,125.76
11852,3413,232,3,494.33,1482.99
11853,3413,34,3,43.41,130.23
11854,3413,162,4,386.04,1544.16
11855,3414,250,3,34.9,104.7
11856,3415,184,4,201.3,805.2
11857,3416,47,4,595.74,2382.96
11858,3416,227,2,454.43,908.86
11859,3417,155,3,219.1,657.3
11860,3418,66,2,87.24,174.48
11861,3418,137,2,205.25,410.5
11862,3419,112,4,186.06,744.24
11863,3419,243,2,358.78,717.56
11864,3419,75,1,256.79,256.79
11865,3419,241,2,205.2,410.4
11866,3420,107,2,233.92,467.84
11867,3420,127,1,240.8,240.8
11868,3420,47,2,595.74,1191.48
11869,3420,227,3,454.43,1363.29
11870,3420,88,3,347.53,1042.59
11871,3420,66,1,87.24,87.24
11872,3421,123,1,235.89,235.89
11873,3421,241,2,205.2,410.4
11874,3422,230,1,350.4,350.4
11875,3422,193,1,164.42,164.42
11876,3422,43,2,349.47,698.94
11877,3422,250,3,34.9,104.7
11878,3422,130,1,60.89,60.89
11879,3423,225,1,242.67,242.67
11880,3423,226,1,137.54,137.54
11881,3424,237,4,52.77,211.08
11882,3424,101,4,57.39,229.56
11883,3424,181,4,314.93,1259.72
11884,3424,140,2,359.22,718.44
11885,3425,206,1,225.13,225.13
11886,3425,170,3,287.23,861.69
11887,3425,207,1,490.29,490.29
11888,3425,62,2,185.84,371.68
11889,3425,240,2,253.55,507.1
11890,3425,162,1,386.04,386.04
11891,3426,61,1,374.3,374.3
11892,3426,171,1,242.88,242.88
11893,3426,52,4,135.78,543.12
11894,3427,124,4,388.77,1555.08
11895,3427,120,1,32.48,32.48
11896,3427,173,1,303.56,303.56
11897,3428,129,1,293.5,293.5
11898,3428,124,2,388.77,777.54
11899,3429,94,3,512.7,1538.1
11900,3429,37,1,43.6,43.6
11901,3429,146,4,118.88,475.52
11902,3429,228,4,380.46,1521.84
11903,3429,174,2,460.49,920.98
11904,3430,144,4,47.39,189.56
11905,3430,218,3,126.69,380.07
11906,3431,32,1,610.06,610.06
11907,3431,141,2,133.58,267.16
11908,3432,188,4,503.7,2014.8
11909,3432,111,2,123.73,247.46
11910,3432,191,3,410.67,1232.01
11911,3432,71,3,594.55,1783.65
11912,3433,224,3,79.62,238.86
11913,3433,129,3,293.5,880.5
11914,3433,165,2,235.2,470.4
11915,3433,182,1,214.08,214.08
11916,3433,227,1,454.43,454.43
11917,3434,225,2,242.67,485.34
11918,3435,27,3,238.78,716.34
11919,3435,175,2,93.86,187.72
11920,3435,205,4,383.07,1532.28
11921,3435,157,2,28.92,57.84
11922,3435,12,2,589.84,1179.68
11923,3436,147,2,50.11,100.22
11924,3436,229,3,165.02,495.06
11925,3436,213,3,266.98,800.94
11926,3437,30,4,247.82,991.28
11927,3437,190,1,378.5,378.5
11928,3437,38,3,511.93,1535.79
11929,3437,25,1,277.57,277.57
11930,3437,107,3,233.92,701.76
11931,3438,233,3,275.42,826.26
11932,3438,152,4,580.76,2323.04
11933,3438,213,4,266.98,1067.92
11934,3438,237,2,52.77,105.54
11935,3439,246,1,307.14,307.14
11936,3439,90,3,138.74,416.22
11937,3439,135,2,298.38,596.76
11938,3439,16,2,70.43,140.86
11939,3439,176,3,405.74,1217.22
11940,3440,143,3,155.0,465.0
11941,3441,83,3,550.53,1651.59
11942,3442,155,3,219.1,657.3
11943,3442,80,4,24.61,98.44
11944,3442,205,3,383.07,1149.21
11945,3442,184,2,201.3,402.6
11946,3442,136,2,299.97,599.94
11947,3442,49,4,529.8,2119.2
11948,3443,2,3,363.88,1091.64
11949,3443,156,2,234.14,468.28
11950,3443,71,2,594.55,1189.1
11951,3443,24,2,28.9,57.8
11952,3444,97,3,316.97,950.91
11953,3444,175,2,93.86,187.72
11954,3444,95,2,320.04,640.08
11955,3444,157,2,28.92,57.84
11956,3444,127,2,240.8,481.6
11957,3444,106,4,162.6,650.4
11958,3445,39,3,116.92,350.76
11959,3445,105,4,58.11,232.44
11960,3445,229,2,165.02,330.04
11961,3445,154,1,342.09,342.09
11962,3445,56,2,238.95,477.9
11963,3446,8,2,427.33,854.66
11964,3446,48,2,355.11,710.22
11965,3446,93,2,296.33,592.66
11966,3446,80,1,24.61,24.61
11967,3446,136,2,299.97,599.94
11968,3447,60,3,556.59,1669.77
11969,3447,213,2,266.98,533.96
11970,3447,128,2,197.5,395.0
11971,3447,171,1,242.88,242.88
11972,3447,102,3,196.56,589.68
11973,3447,165,4,235.2,940.8
11974,3448,67,1,136.1,136.1
11975,3448,33,4,102.45,409.8
11976,3448,168,3,316.03,948.09
11977,3449,120,3,32.48,97.44
11978,3449,19,2,464.34,928.68
11979,3450,236,4,58.2,232.8
11980,3450,85,2,164.19,328.38
11981,3450,37,3,43.6,130.8
11982,3450,50,1,120.19,120.19
11983,3450,86,1,431.1,431.1
11984,3450,30,2,247.82,495.64
11985,3451,230,3,350.4,1051.2
11986,3451,174,1,460.49,460.49
11987,3451,117,3,300.72,902.16
11988,3451,191,4,410.67,1642.68
11989,3452,100,2,340.15,680.3
11990,3452,142,3,45.22,135.66
11991,3453,212,4,454.26,1817.04
11992,3453,4,4,352.75,1411.0
11993,3454,182,3,214.08,642.24
11994,3454,129,1,293.5,293.5
11995,3454,121,4,418.51,1674.04
11996,3454,60,2,556.59,1113.18
11997,3454,155,4,219.1,876.4
11998,3454,54,2,60.89,121.78
11999,3455,196,3,450.47,1351.41
12000,3455,38,3,511.93,1535.79
12001,3455,163,2,268.64,537.28
12002,3455,19,4,464.34,1857.36
12003,3455,141,3,133.58,400.74
12004,3456,102,3,196.56,589.68
12005,3456,163,3,268.64,805.92
12006,3456,67,4,136.1,544.4
12007,3457,58,2,307.4,614.8
12008,3457,202,1,467.78,467.78
12009,3457,242,2,131.89,263.78
12010,3457,128,4,197.5,790.0
12011,3457,110,3,524.57,1573.71
12012,3458,133,4,310.77,1243.08
12013,3458,249,4,375.32,1501.28
12014,3458,223,2,449.24,898.48
12015,3458,132,1,330.55,330.55
12016,3459,157,3,28.92,86.76
12017,3459,140,1,359.22,359.22
12018,3459,190,4,378.5,1514.0
12019,3459,54,2,60.89,121.78
12020,3460,91,2,187.63,375.26
12021,3460,77,4,377.42,1509.68
12022,3460,15,2,578.04,1156.08
12023,3460,198,3,351.95,1055.85
12024,3461,190,3,378.5,1135.5
12025,3462,164,2,320.2,640.4
12026,3462,236,1,58.2,58.2
12027,3463,50,4,120.19,480.76
12028,3463,198,1,351.95,351.95
12029,3463,125,1,211.24,211.24
12030,3463,229,2,165.02,330.04
12031,3463,171,1,242.88,242.88
12032,3463,185,4,339.64,1358.56
12033,3464,152,1,580.76,580.76
12034,3464,31,4,499.38,1997.52
12035,3464,107,3,233.92,701.76
12036,3464,96,2,541.36,1082.72
12037,3464,192,2,183.66,367.32
12038,3465,246,3,307.14,921.42
12039,3465,215,3,238.44,715.32
12040,3465,176,1,405.74,405.74
12041,3465,94,2,512.7,1025.4
12042,3466,153,2,415.24,830.48
12043,3466,92,4,411.95,1647.8
12044,3467,129,3,293.5,880.5
12045,3467,237,1,52.77,52.77
12046,3467,42,1,132.01,132.01
12047,3467,176,1,405.74,405.74
12048,3467,46,4,188.18,752.72
12049,3468,6,4,478.9,1915.6
12050,3468,26,3,478.23,1434.69
12051,3468,80,3,24.61,73.83
12052,3469,147,4,50.11,200.44
12053,3469,242,4,131.89,527.56
12054,3469,227,1,454.43,454.43
12055,3469,55,4,215.38,861.52
12056,3469,93,4,296.33,1185.32
12057,3469,197,4,297.44,1189.76
12058,3470,30,1,247.82,247.82
12059,3471,110,2,524.57,1049.14
12060,3471,49,3,529.8,1589.4
12061,3471,195,2,117.88,235.76
12062,3472,215,4,238.44,953.76
12063,3472,44,3,19.48,58.44
12064,3473,50,1,120.19,120.19
12065,3473,135,2,298.38,596.76
12066,3473,82,1,212.44,212.44
12067,3474,211,1,556.48,556.48
12068,3474,228,4,380.46,1521.84
12069,3474,78,3,302.79,908.37
12070,3474,177,1,245.43,245.43
12071,3474,19,1,464.34,464.34
12072,3475,155,3,219.1,657.3
12073,3475,137,2,205.25,410.5
12074,3475,181,1,314.93,314.93
12075,3475,45,2,118.21,236.42
12076,3475,17,3,555.46,1666.38
12077,3476,43,4,349.47,1397.88
12078,3476,224,2,79.62,159.24
12079,3477,209,3,101.66,304.98
12080,3477,156,2,234.14,468.28
12081,3477,97,3,316.97,950.91
12082,3478,11,2,312.03,624.06
12083,3479,35,2,404.22,808.44
12084,3479,124,4,388.77,1555.08
12085,3480,29,4,218.87,875.48
12086,3480,69,2,297.02,594.04
12087,3480,80,3,24.61,73.83
12088,3480,114,4,270.25,1081.0
12089,3481,103,4,234.96,939.84
12090,3481,104,1,287.63,287.63
12091,3481,225,4,242.67,970.68
12092,3482,7,2,53.23,106.46
12093,3482,116,1,108.97,108.97
12094,3482,247,1,32.63,32.63
12095,3482,20,1,605.41,605.41
12096,3482,118,2,175.82,351.64
12097,3483,6,2,478.9,957.8
12098,3483,68,2,188.28,376.56
12099,3483,230,2,350.4,700.8
12100,3483,249,2,375.32,750.64
12101,3483,137,1,205.25,205.25
12102,3484,102,2,196.56,393.12
12103,3484,213,3,266.98,800.94
12104,3484,38,2,511.93,1023.86
12105,3485,25,4,277.57,1110.28
12106,3485,225,4,242.67,970.68
12107,3486,45,2,118.21,236.42
12108,3486,212,2,454.26,908.52
12109,3487,234,3,244.66,733.98
12110,3488,233,1,275.42,275.42
12111,3488,139,3,250.55,751.65
12112,3488,49,3,529.8,1589.4
12113,3489,177,2,245.43,490.86
12114,3489,35,2,404.22,808.44
12115,3489,184,2,201.3,402.6
12116,3490,75,2,256.79,513.58
12117,3490,139,1,250.55,250.55
12118,3490,168,1,316.03,316.03
12119,3491,181,1,314.93,314.93
12120,3492,38,1,511.93,511.93
12121,3493,120,4,32.48,129.92
12122,3493,175,1,93.86,93.86
12123,3493,128,3,197.5,592.5
12124,3493,70,3,473.53,1420.59
12125,3493,228,2,380.46,760.92
12126,3494,86,2,431.1,862.2
12127,3494,202,3,467.78,1403.34
12128,3494,135,3,298.38,895.14
12129,3494,134,1,224.13,224.13
12130,3495,77,1,377.42,377.42
12131,3495,185,4,339.64,1358.56
12132,3495,219,1,383.42,383.42
12133,3495,132,2,330.55,661.1
12134,3495,156,4,234.14,936.56
12135,3496,197,2,297.44,594.88
12136,3496,223,1,449.24,449.24
12137,3496,159,4,223.33,893.32
12138,3497,125,3,211.24,633.72
12139,3497,165,3,235.2,705.6
12140,3498,95,3,320.04,960.12
12141,3498,132,1,330.55,330.55
12142,3498,196,3,450.47,1351.41
12143,3499,120,4,32.48,129.92
12144,3499,6,4,478.9,1915.6
12145,3499,175,3,93.86,281.58
12146,3499,98,1,209.33,209.33
12147,3500,126,2,291.18,582.36
12148,3500,135,2,298.38,596.76
12149,3501,46,4,188.18,752.72
12150,3501,225,3,242.67,728.01
12151,3501,142,3,45.22,135.66
12152,3501,27,1,238.78,238.78
12153,3501,173,1,303.56,303.56
12154,3502,167,1,74.71,74.71
12155,3502,241,1,205.2,205.2
12156,3503,156,3,234.14,702.42
12157,3503,205,1,383.07,383.07
12158,3503,39,2,116.92,233.84
12159,3503,30,4,247.82,991.28
12160,3503,58,1,307.4,307.4
12161,3503,248,2,188.2,376.4
12162,3504,6,3,478.9,1436.7
12163,3504,136,3,299.97,899.91
12164,3504,42,4,132.01,528.04
12165,3504,171,3,242.88,728.64
12166,3504,167,1,74.71,74.71
12167,3504,23,2,276.19,552.38
12168,3505,37,2,43.6,87.2
12169,3505,144,3,47.39,142.17
12170,3505,92,3,411.95,1235.85
12171,3505,41,1,245.1,245.1
12172,3506,58,4,307.4,1229.6
12173,3507,166,1,82.07,82.07
12174,3507,81,3,51.32,153.96
12175,3507,218,4,126.69,506.76
12176,3507,240,1,253.55,253.55
12177,3508,67,3,136.1,408.3
12178,3509,219,3,383.42,1150.26
12179,3509,97,2,316.97,633.94
12180,3509,61,2,374.3,748.6
12181,3509,58,3,307.4,922.2
12182,3509,249,1,375.32,375.32
12183,3509,119,1,142.86,142.86
12184,3510,50,3,120.19,360.57
12185,3510,26,4,478.23,1912.92
12186,3510,52,1,135.78,135.78
12187,3511,137,1,205.25,205.25
12188,3511,102,4,196.56,786.24
12189,3511,38,1,511.93,511.93
12190,3511,55,2,215.38,430.76
12191,3511,24,3,28.9,86.7
12192,3512,106,4,162.6,650.4
12193,3512,25,3,277.57,832.71
12194,3512,4,1,352.75,352.75
12195,3513,120,1,32.48,32.48
12196,3513,40,2,450.37,900.74
12197,3513,194,3,521.07,1563.21
12198,3513,146,3,118.88,356.64
12199,3513,25,1,277.57,277.57
12200,3514,28,2,434.23,868.46
12201,3514,72,1,91.12,91.12
12202,3514,47,2,595.74,1191.48
12203,3515,249,4,375.32,1501.28
12204,3516,175,1,93.86,93.86
12205,3516,35,2,404.22,808.44
12206,3516,78,2,302.79,605.58
12207,3516,204,3,207.96,623.88
12208,3516,88,3,347.53,1042.59
12209,3516,155,4,219.1,876.4
12210,3517,234,4,244.66,978.64
12211,3517,55,4,215.38,861.52
12212,3517,88,3,347.53,1042.59
12213,3518,120,1,32.48,32.48
12214,3518,172,4,244.65,978.6
12215,3518,237,2,52.77,105.54
12216,3518,113,4,411.77,1647.08
12217,3518,115,3,235.12,705.36
12218,3518,140,3,359.22,1077.66
12219,3519,83,1,550.53,550.53
12220,3519,13,1,249.16,249.16
12221,3520,48,1,355.11,355.11
12222,3520,93,4,296.33,1185.32
12223,3520,202,2,467.78,935.56
12224,3520,217,2,369.23,738.46
12225,3520,35,1,404.22,404.22
12226,3520,47,4,595.74,2382.96
12227,3521,30,4,247.82,991.28
12228,3521,20,1,605.41,605.41
12229,3521,16,2,70.43,140.86
12230,3521,134,2,224.13,448.26
12231,3521,221,3,627.82,1883.46
12232,3521,41,2,245.1,490.2
12233,3522,152,4,580.76,2323.04
12234,3522,85,1,164.19,164.19
12235,3522,166,1,82.07,82.07
12236,3522,140,4,359.22,1436.88
12237,3522,71,2,594.55,1189.1
12238,3522,34,4,43.41,173.64
12239,3523,156,4,234.14,936.56
12240,3523,21,1,574.25,574.25
12241,3523,141,1,133.58,133.58
12242,3524,229,4,165.02,660.08
12243,3524,238,2,262.67,525.34
12244,3524,35,3,404.22,1212.66
12245,3524,1,3,541.39,1624.17
12246,3524,227,1,454.43,454.43
12247,3525,116,2,108.97,217.94
12248,3526,223,3,449.24,1347.72
12249,3526,194,4,521.07,2084.28
12250,3527,162,4,386.04,1544.16
12251,3527,122,3,313.49,940.47
12252,3528,24,2,28.9,57.8
12253,3528,186,3,232.01,696.03
12254,3529,167,4,74.71,298.84
12255,3529,95,4,320.04,1280.16
12256,3529,43,3,349.47,1048.41
12257,3529,21,3,574.25,1722.75
12258,3530,109,3,383.43,1150.29
12259,3530,59,2,395.91,791.82
12260,3530,21,3,574.25,1722.75
12261,3530,65,2,346.0,692.0
12262,3530,94,2,512.7,1025.4
12263,3530,200,2,558.08,1116.16
12264,3531,172,4,244.65,978.6
12265,3532,23,3,276.19,828.57
12266,3532,35,2,404.22,808.44
12267,3532,96,3,541.36,1624.08
12268,3532,57,1,128.38,128.38
12269,3533,2,1,363.88,363.88
12270,3534,44,3,19.48,58.44
12271,3534,172,4,244.65,978.6
12272,3534,105,1,58.11,58.11
12273,3534,13,2,249.16,498.32
12274,3534,183,2,147.46,294.92
12275,3534,200,1,558.08,558.08
12276,3535,81,3,51.32,153.96
12277,3536,148,2,497.64,995.28
12278,3536,54,4,60.89,243.56
12279,3537,250,1,34.9,34.9
12280,3537,165,3,235.2,705.6
12281,3537,191,4,410.67,1642.68
12282,3537,189,4,603.72,2414.88
12283,3537,12,3,589.84,1769.52
12284,3538,141,3,133.58,400.74
12285,3538,117,3,300.72,902.16
12286,3538,175,2,93.86,187.72
12287,3538,156,1,234.14,234.14
12288,3539,100,1,340.15,340.15
12289,3539,159,3,223.33,669.99
12290,3539,169,3,382.14,1146.42
12291,3539,219,4,383.42,1533.68
12292,3540,104,2,287.63,575.26
12293,3540,116,2,108.97,217.94
12294,3540,148,4,497.64,1990.56
12295,3540,238,4,262.67,1050.68
12296,3540,143,3,155.0,465.0
12297,3540,49,3,529.8,1589.4
12298,3541,127,1,240.8,240.8
12299,3541,220,2,168.03,336.06
12300,3541,240,1,253.55,253.55
12301,3541,126,3,291.18,873.54
12302,3541,15,2,578.04,1156.08
12303,3542,47,2,595.74,1191.48
12304,3542,191,2,410.67,821.34
12305,3542,8,3,427.33,1281.99
12306,3542,167,4,74.71,298.84
12307,3542,143,3,155.0,465.0
12308,3543,11,2,312.03,624.06
12309,3543,97,2,316.97,633.94
12310,3543,111,4,123.73,494.92
12311,3543,201,2,496.81,993.62
12312,3544,200,3,558.08,1674.24
12313,3544,66,1,87.24,87.24
12314,3544,86,1,431.1,431.1
12315,3544,169,4,382.14,1528.56
12316,3545,147,3,50.11,150.33
12317,3545,173,1,303.56,303.56
12318,3545,99,1,205.29,205.29
12319,3545,232,4,494.33,1977.32
12320,3546,152,3,580.76,1742.28
12321,3546,37,3,43.6,130.8
12322,3546,104,3,287.63,862.89
12323,3546,19,1,464.34,464.34
12324,3546,197,2,297.44,594.88
12325,3547,107,3,233.92,701.76
12326,3547,95,1,320.04,320.04
12327,3547,33,2,102.45,204.9
12328,3547,123,2,235.89,471.78
12329,3547,172,4,244.65,978.6
12330,3548,226,3,137.54,412.62
12331,3548,52,2,135.78,271.56
12332,3548,141,4,133.58,534.32
12333,3548,34,2,43.41,86.82
12334,3548,134,3,224.13,672.39
12335,3549,229,3,165.02,495.06
12336,3549,158,2,479.14,958.28
12337,3550,127,3,240.8,722.4
12338,3550,12,4,589.84,2359.36
12339,3550,179,2,200.78,401.56
12340,3551,177,2,245.43,490.86
12341,3551,194,1,521.07,521.07
12342,3551,214,2,288.6,577.2
12343,3551,244,1,423.65,423.65
12344,3552,76,1,450.31,450.31
12345,3552,69,3,297.02,891.06
12346,3552,39,1,116.92,116.92
12347,3553,182,1,214.08,214.08
12348,3553,151,4,72.21,288.84
12349,3554,143,2,155.0,310.0
12350,3554,241,4,205.2,820.8
12351,3554,4,4,352.75,1411.0
12352,3555,93,1,296.33,296.33
12353,3556,215,2,238.44,476.88
12354,3557,240,1,253.55,253.55
12355,3558,150,1,377.06,377.06
12356,3558,169,4,382.14,1528.56
12357,3558,171,1,242.88,242.88
12358,3558,61,3,374.3,1122.9
12359,3559,143,1,155.0,155.0
12360,3559,111,2,123.73,247.46
12361,3559,214,3,288.6,865.8
12362,3559,240,1,253.55,253.55
12363,3560,238,3,262.67,788.01
12364,3560,231,4,265.93,1063.72
12365,3560,64,4,110.72,442.88
12366,3560,89,1,152.92,152.92
12367,3560,46,4,188.18,752.72
12368,3561,8,1,427.33,427.33
12369,3562,56,2,238.95,477.9
12370,3562,43,1,349.47,349.47
12371,3562,171,4,242.88,971.52
12372,3563,153,2,415.24,830.48
12373,3564,90,4,138.74,554.96
12374,3564,243,4,358.78,1435.12
12375,3564,3,3,142.45,427.35
12376,3564,246,1,307.14,307.14
12377,3565,90,1,138.74,138.74
12378,3566,212,1,454.26,454.26
12379,3567,228,3,380.46,1141.38
12380,3568,119,4,142.86,571.44
12381,3568,167,2,74.71,149.42
12382,3568,239,2,38.46,76.92
12383,3569,152,3,580.76,1742.28
12384,3570,142,3,45.22,135.66
12385,3570,31,3,499.38,1498.14
12386,3571,185,4,339.64,1358.56
12387,3571,106,4,162.6,650.4
12388,3571,249,2,375.32,750.64
12389,3571,28,1,434.23,434.23
12390,3571,250,3,34.9,104.7
12391,3571,226,3,137.54,412.62
12392,3572,92,2,411.95,823.9
12393,3572,24,2,28.9,57.8
12394,3572,154,2,342.09,684.18
12395,3572,190,2,378.5,757.0
12396,3573,207,1,490.29,490.29
12397,3573,1,4,541.39,2165.56
12398,3573,81,2,51.32,102.64
12399,3573,206,1,225.13,225.13
12400,3573,126,4,291.18,1164.72
12401,3573,125,2,211.24,422.48
12402,3574,127,3,240.8,722.4
12403,3574,196,2,450.47,900.94
12404,3574,50,1,120.19,120.19
12405,3575,230,4,350.4,1401.6
12406,3575,243,1,358.78,358.78
12407,3575,222,3,81.41,244.23
12408,3575,88,1,347.53,347.53
12409,3576,72,3,91.12,273.36
12410,3577,141,1,133.58,133.58
12411,3577,72,3,91.12,273.36
12412,3577,78,3,302.79,908.37
12413,3577,171,3,242.88,728.64
12414,3578,99,2,205.29,410.58
12415,3578,219,2,383.42,766.84
12416,3578,179,1,200.78,200.78
12417,3579,36,3,90.32,270.96
12418,3579,226,2,137.54,275.08
12419,3579,176,2,405.74,811.48
12420,3579,64,4,110.72,442.88
12421,3579,1,1,541.39,541.39
12422,3579,56,1,238.95,238.95
12423,3580,6,4,478.9,1915.6
12424,3580,234,1,244.66,244.66
12425,3580,107,4,233.92,935.68
12426,3580,59,3,395.91,1187.73
12427,3580,135,2,298.38,596.76
12428,3581,129,3,293.5,880.5
12429,3581,20,4,605.41,2421.64
12430,3581,4,3,352.75,1058.25
12431,3581,206,2,225.13,450.26
12432,3581,113,3,411.77,1235.31
12433,3581,191,2,410.67,821.34
12434,3582,109,1,383.43,383.43
12435,3582,249,3,375.32,1125.96
12436,3582,210,1,141.37,141.37
12437,3583,48,3,355.11,1065.33
12438,3583,159,4,223.33,893.32
12439,3583,54,3,60.89,182.67
12440,3583,241,4,205.2,820.8
12441,3583,88,3,347.53,1042.59
12442,3584,189,4,603.72,2414.88
12443,3584,30,2,247.82,495.64
12444,3584,218,1,126.69,126.69
12445,3584,40,1,450.37,450.37
12446,3585,35,2,404.22,808.44
12447,3585,108,1,378.79,378.79
12448,3586,148,1,497.64,497.64
12449,3587,133,2,310.77,621.54
12450,3587,155,3,219.1,657.3
12451,3587,243,4,358.78,1435.12
12452,3587,71,4,594.55,2378.2
12453,3587,87,1,509.91,509.91
12454,3587,10,4,330.8,1323.2
12455,3588,97,1,316.97,316.97
12456,3588,62,2,185.84,371.68
12457,3588,250,1,34.9,34.9
12458,3588,6,1,478.9,478.9
12459,3588,85,1,164.19,164.19
12460,3589,103,4,234.96,939.84
12461,3589,8,4,427.33,1709.32
12462,3589,155,3,219.1,657.3
12463,3590,216,4,101.25,405.0
12464,3590,30,2,247.82,495.64
12465,3591,141,3,133.58,400.74
12466,3591,60,1,556.59,556.59
12467,3591,205,1,383.07,383.07
12468,3592,41,3,245.1,735.3
12469,3592,154,2,342.09,684.18
12470,3592,173,1,303.56,303.56
12471,3592,69,3,297.02,891.06
12472,3592,140,3,359.22,1077.66
12473,3592,81,4,51.32,205.28
12474,3593,54,4,60.89,243.56
12475,3594,123,4,235.89,943.56
12476,3595,72,1,91.12,91.12
12477,3595,71,1,594.55,594.55
12478,3596,47,2,595.74,1191.48
12479,3596,121,2,418.51,837.02
12480,3596,234,2,244.66,489.32
12481,3596,109,4,383.43,1533.72
12482,3597,188,4,503.7,2014.8
12483,3597,57,4,128.38,513.52
12484,3597,140,3,359.22,1077.66
12485,3597,160,4,275.73,1102.92
12486,3597,6,3,478.9,1436.7
12487,3597,141,4,133.58,534.32
12488,3598,177,4,245.43,981.72
12489,3598,150,3,377.06,1131.18
12490,3598,19,4,464.34,1857.36
12491,3599,95,3,320.04,960.12
12492,3599,233,3,275.42,826.26
12493,3600,229,3,165.02,495.06
12494,3600,242,1,131.89,131.89
12495,3600,75,2,256.79,513.58
12496,3601,81,4,51.32,205.28
12497,3601,73,4,200.84,803.36
12498,3601,218,2,126.69,253.38
12499,3601,96,4,541.36,2165.44
12500,3601,29,4,218.87,875.48
12501,3602,203,4,362.8,1451.2
12502,3602,213,3,266.98,800.94
12503,3602,51,4,555.78,2223.12
12504,3602,119,3,142.86,428.58
12505,3602,214,3,288.6,865.8
12506,3603,76,1,450.31,450.31
12507,3603,194,1,521.07,521.07
12508,3603,33,2,102.45,204.9
12509,3603,46,4,188.18,752.72
12510,3603,85,2,164.19,328.38
12511,3603,136,1,299.97,299.97
12512,3604,128,4,197.5,790.0
12513,3605,134,3,224.13,672.39
12514,3606,115,2,235.12,470.24
12515,3606,165,4,235.2,940.8
12516,3606,139,4,250.55,1002.2
12517,3606,224,1,79.62,79.62
12518,3606,37,1,43.6,43.6
12519,3607,28,1,434.23,434.23
12520,3607,41,3,245.1,735.3
12521,3607,58,3,307.4,922.2
12522,3608,204,4,207.96,831.84
12523,3608,80,2,24.61,49.22
12524,3608,207,2,490.29,980.58
12525,3608,227,2,454.43,908.86
12526,3608,51,4,555.78,2223.12
12527,3609,51,4,555.78,2223.12
12528,3609,104,1,287.63,287.63
12529,3609,69,4,297.02,1188.08
12530,3609,126,3,291.18,873.54
12531,3610,73,3,200.84,602.52
12532,3610,27,3,238.78,716.34
12533,3611,212,4,454.26,1817.04
12534,3611,193,1,164.42,164.42
12535,3611,19,2,464.34,928.68
12536,3611,68,3,188.28,564.84
12537,3611,183,2,147.46,294.92
12538,3611,159,4,223.33,893.32
12539,3612,100,3,340.15,1020.45
12540,3613,136,4,299.97,1199.88
12541,3613,69,2,297.02,594.04
12542,3614,130,2,60.89,121.78
12543,3614,195,3,117.88,353.64
12544,3614,184,3,201.3,603.9
12545,3614,163,2,268.64,537.28
12546,3614,20,1,605.41,605.41
12547,3615,235,1,172.77,172.77
12548,3615,182,3,214.08,642.24
12549,3616,250,4,34.9,139.6
12550,3617,150,3,377.06,1131.18
12551,3617,174,3,460.49,1381.47
12552,3617,148,4,497.64,1990.56
12553,3618,38,3,511.93,1535.79
12554,3618,32,3,610.06,1830.18
12555,3618,18,3,55.2,165.6
12556,3618,4,4,352.75,1411.0
12557,3619,216,1,101.25,101.25
12558,3619,147,3,50.11,150.33
12559,3619,211,4,556.48,2225.92
12560,3620,25,2,277.57,555.14
12561,3621,54,2,60.89,121.78
12562,3621,123,3,235.89,707.67
12563,3621,178,3,505.3,1515.9
12564,3621,205,1,383.07,383.07
12565,3621,213,1,266.98,266.98
12566,3622,142,3,45.22,135.66
12567,3622,239,1,38.46,38.46
12568,3622,135,3,298.38,895.14
12569,3622,230,1,350.4,350.4
12570,3622,65,4,346.0,1384.0
12571,3622,185,4,339.64,1358.56
12572,3623,199,1,94.94,94.94
12573,3623,92,1,411.95,411.95
12574,3623,86,4,431.1,1724.4
12575,3623,246,3,307.14,921.42
12576,3623,236,3,58.2,174.6
12577,3624,68,1,188.28,188.28
12578,3624,88,4,347.53,1390.12
12579,3625,12,4,589.84,2359.36
12580,3626,96,4,541.36,2165.44
12581,3626,142,4,45.22,180.88
12582,3626,57,4,128.38,513.52
12583,3626,242,2,131.89,263.78
12584,3626,225,3,242.67,728.01
12585,3626,244,3,423.65,1270.95
12586,3627,235,3,172.77,518.31
12587,3627,89,2,152.92,305.84
12588,3627,17,4,555.46,2221.84
12589,3627,12,4,589.84,2359.36
12590,3627,33,3,102.45,307.35
12591,3628,192,3,183.66,550.98
12592,3629,115,1,235.12,235.12
12593,3629,149,1,212.48,212.48
12594,3629,55,1,215.38,215.38
12595,3629,66,1,87.24,87.24
12596,3629,47,3,595.74,1787.22
12597,3629,105,4,58.11,232.44
12598,3630,72,2,91.12,182.24
12599,3630,234,2,244.66,489.32
12600,3630,126,2,291.18,582.36
12601,3630,189,1,603.72,603.72
12602,3630,207,2,490.29,980.58
12603,3631,141,3,133.58,400.74
12604,3631,92,3,411.95,1235.85
12605,3631,38,2,511.93,1023.86
12606,3631,231,1,265.93,265.93
12607,3631,175,1,93.86,93.86
12608,3632,17,1,555.46,555.46
12609,3632,198,3,351.95,1055.85
12610,3633,248,2,188.2,376.4
12611,3633,29,4,218.87,875.48
12612,3633,197,3,297.44,892.32
12613,3634,90,2,138.74,277.48
12614,3634,48,3,355.11,1065.33
12615,3634,159,3,223.33,669.99
12616,3634,128,4,197.5,790.0
12617,3635,39,1,116.92,116.92
12618,3635,220,4,168.03,672.12
12619,3635,1,1,541.39,541.39
12620,3636,212,2,454.26,908.52
12621,3636,172,1,244.65,244.65
12622,3637,134,1,224.13,224.13
12623,3638,204,4,207.96,831.84
12624,3638,107,2,233.92,467.84
12625,3639,69,4,297.02,1188.08
12626,3639,32,3,610.06,1830.18
12627,3639,29,2,218.87,437.74
12628,3639,36,4,90.32,361.28
12629,3640,37,2,43.6,87.2
12630,3640,173,1,303.56,303.56
12631,3641,201,4,496.81,1987.24
12632,3641,142,2,45.22,90.44
12633,3641,113,1,411.77,411.77
12634,3641,33,1,102.45,102.45
12635,3642,88,1,347.53,347.53
12636,3642,82,2,212.44,424.88
12637,3642,163,3,268.64,805.92
12638,3642,229,3,165.02,495.06
12639,3643,96,4,541.36,2165.44
12640,3643,185,3,339.64,1018.92
12641,3644,95,1,320.04,320.04
12642,3645,134,4,224.13,896.52
12643,3645,124,3,388.77,1166.31
12644,3645,225,1,242.67,242.67
12645,3645,50,3,120.19,360.57
12646,3645,111,2,123.73,247.46
12647,3645,20,4,605.41,2421.64
12648,3646,132,4,330.55,1322.2
12649,3646,138,1,371.13,371.13
12650,3646,46,2,188.18,376.36
12651,3647,15,3,578.04,1734.12
12652,3647,27,2,238.78,477.56
12653,3647,246,3,307.14,921.42
12654,3647,117,3,300.72,902.16
12655,3648,101,2,57.39,114.78
12656,3648,149,3,212.48,637.44
12657,3648,170,2,287.23,574.46
12658,3649,217,2,369.23,738.46
12659,3649,75,2,256.79,513.58
12660,3649,52,3,135.78,407.34
12661,3649,241,3,205.2,615.6
12662,3650,239,2,38.46,76.92
12663,3651,205,4,383.07,1532.28
12664,3651,153,4,415.24,1660.96
12665,3651,137,3,205.25,615.75
12666,3651,1,3,541.39,1624.17
12667,3651,206,1,225.13,225.13
12668,3651,170,1,287.23,287.23
12669,3652,107,3,233.92,701.76
12670,3652,145,1,362.85,362.85
12671,3652,117,1,300.72,300.72
12672,3652,58,4,307.4,1229.6
12673,3653,81,2,51.32,102.64
12674,3653,194,2,521.07,1042.14
12675,3654,55,1,215.38,215.38
12676,3654,147,2,50.11,100.22
12677,3654,179,2,200.78,401.56
12678,3654,139,3,250.55,751.65
12679,3655,5,3,148.93,446.79
12680,3655,191,3,410.67,1232.01
12681,3655,106,3,162.6,487.8
12682,3655,75,4,256.79,1027.16
12683,3655,177,1,245.43,245.43
12684,3655,219,1,383.42,383.42
12685,3656,25,4,277.57,1110.28
12686,3656,98,4,209.33,837.32
12687,3656,39,3,116.92,350.76
12688,3656,172,1,244.65,244.65
12689,3656,27,1,238.78,238.78
12690,3656,78,1,302.79,302.79
12691,3657,82,1,212.44,212.44
12692,3658,163,1,268.64,268.64
12693,3658,167,3,74.71,224.13
12694,3658,4,2,352.75,705.5
12695,3658,243,4,358.78,1435.12
12696,3659,136,3,299.97,899.91
12697,3659,56,3,238.95,716.85
12698,3660,248,4,188.2,752.8
12699,3660,227,2,454.43,908.86
12700,3660,89,4,152.92,611.68
12701,3660,52,1,135.78,135.78
12702,3660,28,1,434.23,434.23
12703,3660,165,3,235.2,705.6
12704,3661,174,3,460.49,1381.47
12705,3661,146,3,118.88,356.64
12706,3661,169,1,382.14,382.14
12707,3661,101,2,57.39,114.78
12708,3661,245,1,170.03,170.03
12709,3662,138,4,371.13,1484.52
12710,3662,73,2,200.84,401.68
12711,3662,154,3,342.09,1026.27
12712,3663,142,2,45.22,90.44
12713,3663,193,4,164.42,657.68
12714,3663,51,2,555.78,1111.56
12715,3663,138,1,371.13,371.13
12716,3664,246,1,307.14,307.14
12717,3664,185,3,339.64,1018.92
12718,3664,233,4,275.42,1101.68
12719,3664,215,2,238.44,476.88
12720,3665,162,2,386.04,772.08
12721,3665,47,1,595.74,595.74
12722,3665,121,1,418.51,418.51
12723,3665,57,2,128.38,256.76
12724,3665,135,4,298.38,1193.52
12725,3666,86,4,431.1,1724.4
12726,3666,20,2,605.41,1210.82
12727,3667,113,1,411.77,411.77
12728,3667,64,2,110.72,221.44
12729,3667,146,2,118.88,237.76
12730,3668,208,3,350.34,1051.02
12731,3668,40,1,450.37,450.37
12732,3668,37,4,43.6,174.4
12733,3669,57,3,128.38,385.14
12734,3669,154,4,342.09,1368.36
12735,3669,147,3,50.11,150.33
12736,3669,157,1,28.92,28.92
12737,3669,201,3,496.81,1490.43
12738,3670,29,1,218.87,218.87
12739,3670,59,4,395.91,1583.64
12740,3671,29,2,218.87,437.74
12741,3671,174,2,460.49,920.98
12742,3671,51,4,555.78,2223.12
12743,3671,103,4,234.96,939.84
12744,3671,194,2,521.07,1042.14
12745,3671,162,4,386.04,1544.16
12746,3672,152,2,580.76,1161.52
12747,3672,7,4,53.23,212.92
12748,3672,125,1,211.24,211.24
12749,3672,81,1,51.32,51.32
12750,3673,149,4,212.48,849.92
12751,3673,87,1,509.91,509.91
12752,3673,125,3,211.24,633.72
12753,3674,90,2,138.74,277.48
12754,3674,165,4,235.2,940.8
12755,3675,240,3,253.55,760.65
12756,3675,165,3,235.2,705.6
12757,3675,40,4,450.37,1801.48
12758,3675,68,1,188.28,188.28
12759,3675,13,3,249.16,747.48
12760,3676,114,4,270.25,1081.0
12761,3677,62,4,185.84,743.36
12762,3677,180,1,394.23,394.23
12763,3677,52,4,135.78,543.12
12764,3677,243,3,358.78,1076.34
12765,3677,202,1,467.78,467.78
12766,3677,190,1,378.5,378.5
12767,3678,191,3,410.67,1232.01
12768,3678,249,2,375.32,750.64
12769,3679,226,1,137.54,137.54
12770,3679,168,2,316.03,632.06
12771,3679,158,3,479.14,1437.42
12772,3680,110,3,524.57,1573.71
12773,3680,177,1,245.43,245.43
12774,3680,9,3,553.14,1659.42
12775,3681,121,3,418.51,1255.53
12776,3681,223,1,449.24,449.24
12777,3682,129,3,293.5,880.5
12778,3682,124,4,388.77,1555.08
12779,3683,49,1,529.8,529.8
12780,3684,184,3,201.3,603.9
12781,3684,69,1,297.02,297.02
12782,3684,124,4,388.77,1555.08
12783,3685,43,1,349.47,349.47
12784,3685,195,4,117.88,471.52
12785,3685,205,2,383.07,766.14
12786,3686,96,2,541.36,1082.72
12787,3686,147,1,50.11,50.11
12788,3686,180,2,394.23,788.46
12789,3686,128,1,197.5,197.5
12790,3686,77,1,377.42,377.42
12791,3686,105,4,58.11,232.44
12792,3687,78,2,302.79,605.58
12793,3687,8,1,427.33,427.33
12794,3688,61,1,374.3,374.3
12795,3688,84,3,124.27,372.81
12796,3689,1,2,541.39,1082.78
12797,3690,214,3,288.6,865.8
12798,3690,179,4,200.78,803.12
12799,3690,216,2,101.25,202.5
12800,3691,192,2,183.66,367.32
12801,3691,24,4,28.9,115.6
12802,3692,159,1,223.33,223.33
12803,3692,4,4,352.75,1411.0
12804,3692,56,1,238.95,238.95
12805,3693,113,3,411.77,1235.31
12806,3693,55,1,215.38,215.38
12807,3693,120,1,32.48,32.48
12808,3693,185,4,339.64,1358.56
12809,3693,39,1,116.92,116.92
12810,3694,134,1,224.13,224.13
12811,3694,13,2,249.16,498.32
12812,3694,190,2,378.5,757.0
12813,3694,222,1,81.41,81.41
12814,3695,22,2,125.76,251.52
12815,3695,89,2,152.92,305.84
12816,3696,201,3,496.81,1490.43
12817,3697,47,1,595.74,595.74
12818,3697,248,1,188.2,188.2
12819,3698,174,2,460.49,920.98
12820,3699,22,3,125.76,377.28
12821,3699,221,2,627.82,1255.64
12822,3699,222,3,81.41,244.23
12823,3700,103,3,234.96,704.88
12824,3701,155,1,219.1,219.1
12825,3701,205,2,383.07,766.14
12826,3701,107,4,233.92,935.68
12827,3702,195,2,117.88,235.76
12828,3702,58,1,307.4,307.4
12829,3702,224,4,79.62,318.48
12830,3702,152,3,580.76,1742.28
12831,3702,151,3,72.21,216.63
12832,3703,170,1,287.23,287.23
12833,3703,190,2,378.5,757.0
12834,3703,50,3,120.19,360.57
12835,3703,213,4,266.98,1067.92
12836,3703,42,3,132.01,396.03
12837,3703,181,2,314.93,629.86
12838,3704,207,1,490.29,490.29
12839,3704,149,2,212.48,424.96
12840,3704,203,1,362.8,362.8
12841,3704,81,1,51.32,51.32
12842,3704,172,3,244.65,733.95
12843,3704,29,4,218.87,875.48
12844,3705,189,4,603.72,2414.88
12845,3705,59,3,395.91,1187.73
12846,3705,21,4,574.25,2297.0
12847,3706,31,1,499.38,499.38
12848,3706,114,2,270.25,540.5
12849,3706,111,1,123.73,123.73
12850,3706,69,2,297.02,594.04
12851,3707,97,1,316.97,316.97
12852,3707,77,4,377.42,1509.68
12853,3707,79,4,440.1,1760.4
12854,3708,132,3,330.55,991.65
12855,3708,51,1,555.78,555.78
12856,3708,146,1,118.88,118.88
12857,3708,172,4,244.65,978.6
12858,3708,57,1,128.38,128.38
12859,3708,208,1,350.34,350.34
12860,3709,67,2,136.1,272.2
12861,3709,125,3,211.24,633.72
12862,3709,108,1,378.79,378.79
12863,3709,14,4,301.65,1206.6
12864,3709,250,3,34.9,104.7
12865,3710,135,3,298.38,895.14
12866,3710,59,1,395.91,395.91
12867,3710,70,2,473.53,947.06
12868,3710,90,2,138.74,277.48
12869,3710,172,2,244.65,489.3
12870,3710,15,1,578.04,578.04
12871,3711,79,3,440.1,1320.3
12872,3711,217,3,369.23,1107.69
12873,3711,26,2,478.23,956.46
12874,3711,14,1,301.65,301.65
12875,3712,192,2,183.66,367.32
12876,3712,236,2,58.2,116.4
12877,3712,155,1,219.1,219.1
12878,3712,43,4,349.47,1397.88
12879,3712,136,4,299.97,1199.88
12880,3713,26,2,478.23,956.46
12881,3713,61,2,374.3,748.6
12882,3713,13,3,249.16,747.48
12883,3713,181,2,314.93,629.86
12884,3714,215,1,238.44,238.44
12885,3714,239,2,38.46,76.92
12886,3715,74,4,355.67,1422.68
12887,3715,186,2,232.01,464.02
12888,3715,191,1,410.67,410.67
12889,3715,92,3,411.95,1235.85
12890,3716,39,2,116.92,233.84
12891,3716,36,3,90.32,270.96
12892,3716,30,3,247.82,743.46
12893,3716,91,4,187.63,750.52
12894,3716,10,1,330.8,330.8
12895,3716,61,1,374.3,374.3
12896,3717,102,3,196.56,589.68
12897,3717,229,4,165.02,660.08
12898,3717,164,4,320.2,1280.8
12899,3717,203,4,362.8,1451.2
12900,3717,189,4,603.72,2414.88
12901,3717,145,1,362.85,362.85
12902,3718,48,1,355.11,355.11
12903,3718,1,1,541.39,541.39
12904,3719,42,4,132.01,528.04
12905,3719,49,4,529.8,2119.2
12906,3719,19,2,464.34,928.68
12907,3720,153,4,415.24,1660.96
12908,3720,91,4,187.63,750.52
12909,3720,249,3,375.32,1125.96
12910,3720,130,3,60.89,182.67
12911,3720,220,3,168.03,504.09
12912,3720,240,1,253.55,253.55
12913,3721,55,1,215.38,215.38
12914,3721,194,2,521.07,1042.14
12915,3722,127,2,240.8,481.6
12916,3723,246,2,307.14,614.28
12917,3723,8,2,427.33,854.66
12918,3723,158,3,479.14,1437.42
12919,3724,115,4,235.12,940.48
12920,3724,26,4,478.23,1912.92
12921,3724,223,3,449.24,1347.72
12922,3725,210,4,141.37,565.48
12923,3726,229,2,165.02,330.04
12924,3726,65,4,346.0,1384.0
12925,3726,137,2,205.25,410.5
12926,3726,156,1,234.14,234.14
12927,3726,175,4,93.86,375.44
12928,3727,173,3,303.56,910.68
12929,3728,12,4,589.84,2359.36
12930,3728,78,3,302.79,908.37
12931,3728,134,4,224.13,896.52
12932,3728,90,1,138.74,138.74
12933,3729,189,2,603.72,1207.44
12934,3729,56,1,238.95,238.95
12935,3730,81,1,51.32,51.32
12936,3730,137,1,205.25,205.25
12937,3730,177,4,245.43,981.72
12938,3730,39,4,116.92,467.68
12939,3730,47,1,595.74,595.74
12940,3730,88,2,347.53,695.06
12941,3731,102,1,196.56,196.56
12942,3731,167,4,74.71,298.84
12943,3732,209,4,101.66,406.64
12944,3732,67,1,136.1,136.1
12945,3732,148,4,497.64,1990.56
12946,3733,123,3,235.89,707.67
12947,3733,3,3,142.45,427.35
12948,3734,13,2,249.16,498.32
12949,3734,77,1,377.42,377.42
12950,3734,219,1,383.42,383.42
12951,3735,86,4,431.1,1724.4
12952,3735,160,3,275.73,827.19
12953,3735,102,3,196.56,589.68
12954,3735,6,3,478.9,1436.7
12955,3735,92,4,411.95,1647.8
12956,3735,196,4,450.47,1801.88
12957,3736,174,2,460.49,920.98
12958,3737,29,1,218.87,218.87
12959,3738,245,2,170.03,340.06
12960,3738,70,4,473.53,1894.12
12961,3738,159,4,223.33,893.32
12962,3738,54,4,60.89,243.56
12963,3739,96,1,541.36,541.36
12964,3740,222,1,81.41,81.41
12965,3740,22,4,125.76,503.04
12966,3740,67,4,136.1,544.4
12967,3741,146,3,118.88,356.64
12968,3742,223,3,449.24,1347.72
12969,3743,128,4,197.5,790.0
12970,3743,88,4,347.53,1390.12
12971,3743,159,4,223.33,893.32
12972,3744,191,1,410.67,410.67
12973,3744,78,4,302.79,1211.16
12974,3745,74,3,355.67,1067.01
12975,3745,240,4,253.55,1014.2
12976,3746,10,2,330.8,661.6
12977,3746,127,2,240.8,481.6
12978,3747,206,4,225.13,900.52
12979,3747,174,1,460.49,460.49
12980,3747,34,1,43.41,43.41
12981,3748,125,1,211.24,211.24
12982,3748,243,1,358.78,358.78
12983,3748,162,2,386.04,772.08
12984,3748,31,1,499.38,499.38
12985,3748,68,1,188.28,188.28
12986,3748,92,4,411.95,1647.8
12987,3749,245,1,170.03,170.03
12988,3750,62,4,185.84,743.36
12989,3750,124,1,388.77,388.77
12990,3750,204,3,207.96,623.88
12991,3750,51,3,555.78,1667.34
12992,3750,46,3,188.18,564.54
12993,3750,74,1,355.67,355.67
12994,3751,148,1,497.64,497.64
12995,3751,80,2,24.61,49.22
12996,3751,160,3,275.73,827.19
12997,3751,138,1,371.13,371.13
12998,3751,115,2,235.12,470.24
12999,3752,223,4,449.24,1796.96
13000,3752,133,4,310.77,1243.08
13001,3752,125,1,211.24,211.24
13002,3752,199,2,94.94,189.88
13003,3752,41,4,245.1,980.4
13004,3752,227,2,454.43,908.86
13005,3753,216,3,101.25,303.75
13006,3753,222,4,81.41,325.64
13007,3753,124,2,388.77,777.54
13008,3754,220,2,168.03,336.06
13009,3755,73,3,200.84,602.52
13010,3755,178,3,505.3,1515.9
13011,3755,201,4,496.81,1987.24
13012,3755,77,3,377.42,1132.26
13013,3755,21,2,574.25,1148.5
13014,3756,47,1,595.74,595.74
13015,3756,169,1,382.14,382.14
13016,3756,111,1,123.73,123.73
13017,3756,45,2,118.21,236.42
13018,3756,28,3,434.23,1302.69
13019,3757,200,3,558.08,1674.24
13020,3758,93,2,296.33,592.66
13021,3758,108,2,378.79,757.58
13022,3758,149,1,212.48,212.48
13023,3758,39,3,116.92,350.76
13024,3758,75,1,256.79,256.79
13025,3759,51,1,555.78,555.78
13026,3759,232,2,494.33,988.66
13027,3760,209,1,101.66,101.66
13028,3760,26,2,478.23,956.46
13029,3761,197,2,297.44,594.88
13030,3762,142,1,45.22,45.22
13031,3762,233,1,275.42,275.42
13032,3762,62,1,185.84,185.84
13033,3762,7,4,53.23,212.92
13034,3763,238,4,262.67,1050.68
13035,3763,222,2,81.41,162.82
13036,3764,21,2,574.25,1148.5
13037,3764,89,2,152.92,305.84
13038,3764,85,3,164.19,492.57
13039,3764,76,2,450.31,900.62
13040,3765,36,1,90.32,90.32
13041,3766,31,3,499.38,1498.14
13042,3766,232,3,494.33,1482.99
13043,3766,87,1,509.91,509.91
13044,3766,178,1,505.3,505.3
13045,3766,77,4,377.42,1509.68
13046,3766,213,2,266.98,533.96
13047,3767,234,2,244.66,489.32
13048,3767,58,4,307.4,1229.6
13049,3767,171,2,242.88,485.76
13050,3768,154,1,342.09,342.09
13051,3768,135,3,298.38,895.14
13052,3768,123,1,235.89,235.89
13053,3768,245,4,170.03,680.12
13054,3769,133,1,310.77,310.77
13055,3769,157,4,28.92,115.68
13056,3769,136,1,299.97,299.97
13057,3769,245,3,170.03,510.09
13058,3769,214,3,288.6,865.8
13059,3769,54,1,60.89,60.89
13060,3770,72,3,91.12,273.36
13061,3770,135,2,298.38,596.76
13062,3770,24,4,28.9,115.6
13063,3771,158,4,479.14,1916.56
13064,3771,91,1,187.63,187.63
13065,3771,128,2,197.5,395.0
13066,3771,223,2,449.24,898.48
13067,3771,100,2,340.15,680.3
13068,3771,3,2,142.45,284.9
13069,3772,159,4,223.33,893.32
13070,3773,101,2,57.39,114.78
13071,3773,9,2,553.14,1106.28
13072,3773,235,1,172.77,172.77
13073,3774,178,2,505.3,1010.6
13074,3774,227,4,454.43,1817.72
13075,3775,47,1,595.74,595.74
13076,3775,224,2,79.62,159.24
13077,3775,183,2,147.46,294.92
13078,3775,131,1,21.58,21.58
13079,3776,156,3,234.14,702.42
13080,3776,106,2,162.6,325.2
13081,3776,94,4,512.7,2050.8
13082,3776,238,3,262.67,788.01
13083,3776,11,3,312.03,936.09
13084,3777,106,1,162.6,162.6
13085,3777,194,1,521.07,521.07
13086,3777,188,1,503.7,503.7
13087,3777,13,3,249.16,747.48
13088,3777,149,1,212.48,212.48
13089,3778,100,4,340.15,1360.6
13090,3778,55,3,215.38,646.14
13091,3778,205,2,383.07,766.14
13092,3778,223,2,449.24,898.48
13093,3778,45,4,118.21,472.84
13094,3778,65,2,346.0,692.0
13095,3779,188,1,503.7,503.7
13096,3779,100,1,340.15,340.15
13097,3779,72,4,91.12,364.48
13098,3780,16,2,70.43,140.86
13099,3780,124,2,388.77,777.54
13100,3780,218,1,126.69,126.69
13101,3781,35,3,404.22,1212.66
13102,3781,28,2,434.23,868.46
13103,3781,199,4,94.94,379.76
13104,3782,139,1,250.55,250.55
13105,3782,199,1,94.94,94.94
13106,3782,236,3,58.2,174.6
13107,3783,81,2,51.32,102.64
13108,3784,215,2,238.44,476.88
13109,3784,43,3,349.47,1048.41
13110,3784,125,2,211.24,422.48
13111,3784,238,1,262.67,262.67
13112,3785,67,1,136.1,136.1
13113,3786,177,1,245.43,245.43
13114,3787,115,4,235.12,940.48
13115,3788,58,2,307.4,614.8
13116,3788,12,1,589.84,589.84
13117,3788,4,3,352.75,1058.25
13118,3789,176,3,405.74,1217.22
13119,3789,13,1,249.16,249.16
13120,3789,4,3,352.75,1058.25
13121,3789,23,4,276.19,1104.76
13122,3790,185,4,339.64,1358.56
13123,3790,182,4,214.08,856.32
13124,3791,142,4,45.22,180.88
13125,3791,174,1,460.49,460.49
13126,3791,144,1,47.39,47.39
13127,3791,235,1,172.77,172.77
13128,3792,182,1,214.08,214.08
13129,3792,201,1,496.81,496.81
13130,3792,198,1,351.95,351.95
13131,3792,186,2,232.01,464.02
13132,3793,185,4,339.64,1358.56
13133,3793,76,2,450.31,900.62
13134,3793,223,1,449.24,449.24
13135,3793,42,1,132.01,132.01
13136,3793,105,4,58.11,232.44
13137,3794,182,3,214.08,642.24
13138,3794,146,3,118.88,356.64
13139,3794,102,1,196.56,196.56
13140,3794,132,4,330.55,1322.2
13141,3794,120,1,32.48,32.48
13142,3795,186,3,232.01,696.03
13143,3795,180,4,394.23,1576.92
13144,3795,116,4,108.97,435.88
13145,3796,250,2,34.9,69.8
13146,3796,103,3,234.96,704.88
13147,3796,166,4,82.07,328.28
13148,3796,165,4,235.2,940.8
13149,3796,116,3,108.97,326.91
13150,3797,167,4,74.71,298.84
13151,3798,237,1,52.77,52.77
13152,3798,10,2,330.8,661.6
13153,3798,128,4,197.5,790.0
13154,3798,142,2,45.22,90.44
13155,3798,94,2,512.7,1025.4
13156,3798,82,4,212.44,849.76
13157,3799,41,4,245.1,980.4
13158,3799,4,4,352.75,1411.0
13159,3799,85,3,164.19,492.57
13160,3800,71,4,594.55,2378.2
13161,3800,52,1,135.78,135.78
13162,3800,31,2,499.38,998.76
13163,3801,179,4,200.78,803.12
13164,3801,99,4,205.29,821.16
13165,3801,32,4,610.06,2440.24
13166,3801,169,4,382.14,1528.56
13167,3801,165,3,235.2,705.6
13168,3801,211,2,556.48,1112.96
13169,3802,168,3,316.03,948.09
13170,3802,49,1,529.8,529.8
13171,3803,196,4,450.47,1801.88
13172,3803,85,4,164.19,656.76
13173,3803,69,1,297.02,297.02
13174,3804,38,1,511.93,511.93
13175,3804,164,3,320.2,960.6
13176,3804,158,2,479.14,958.28
13177,3804,208,1,350.34,350.34
13178,3804,173,2,303.56,607.12
13179,3804,225,1,242.67,242.67
13180,3805,159,2,223.33,446.66
13181,3805,211,3,556.48,1669.44
13182,3805,7,3,53.23,159.69
13183,3805,233,2,275.42,550.84
13184,3806,78,1,302.79,302.79
13185,3806,242,3,131.89,395.67
13186,3806,243,3,358.78,1076.34
13187,3806,69,2,297.02,594.04
13188,3806,92,2,411.95,823.9
13189,3807,97,1,316.97,316.97
13190,3807,219,2,383.42,766.84
13191,3807,146,4,118.88,475.52
13192,3807,182,1,214.08,214.08
13193,3807,58,3,307.4,922.2
13194,3808,134,4,224.13,896.52
13195,3808,26,4,478.23,1912.92
13196,3808,137,1,205.25,205.25
13197,3808,199,4,94.94,379.76
13198,3808,9,2,553.14,1106.28
13199,3808,79,4,440.1,1760.4
13200,3809,74,3,355.67,1067.01
13201,3809,24,4,28.9,115.6
13202,3809,147,1,50.11,50.11
13203,3809,204,1,207.96,207.96
13204,3809,77,4,377.42,1509.68
13205,3809,174,3,460.49,1381.47
13206,3810,2,1,363.88,363.88
13207,3810,34,2,43.41,86.82
13208,3811,15,1,578.04,578.04
13209,3811,190,3,378.5,1135.5
13210,3812,183,3,147.46,442.38
13211,3812,101,2,57.39,114.78
13212,3812,168,3,316.03,948.09
13213,3812,186,2,232.01,464.02
13214,3813,18,2,55.2,110.4
13215,3813,73,2,200.84,401.68
13216,3813,82,2,212.44,424.88
13217,3813,132,3,330.55,991.65
13218,3814,89,3,152.92,458.76
13219,3814,157,1,28.92,28.92
13220,3814,199,4,94.94,379.76
13221,3814,193,1,164.42,164.42
13222,3815,62,2,185.84,371.68
13223,3815,3,3,142.45,427.35
13224,3815,47,3,595.74,1787.22
13225,3816,92,2,411.95,823.9
13226,3817,84,4,124.27,497.08
13227,3817,35,3,404.22,1212.66
13228,3817,70,2,473.53,947.06
13229,3818,49,2,529.8,1059.6
13230,3818,221,1,627.82,627.82
13231,3818,135,2,298.38,596.76
13232,3818,54,4,60.89,243.56
13233,3818,52,1,135.78,135.78
13234,3818,41,3,245.1,735.3
13235,3819,26,4,478.23,1912.92
13236,3819,212,1,454.26,454.26
13237,3820,169,2,382.14,764.28
13238,3821,217,4,369.23,1476.92
13239,3821,124,4,388.77,1555.08
13240,3821,216,1,101.25,101.25
13241,3821,116,2,108.97,217.94
13242,3821,104,4,287.63,1150.52
13243,3822,84,1,124.27,124.27
13244,3823,145,2,362.85,725.7
13245,3824,79,2,440.1,880.2
13246,3824,226,3,137.54,412.62
13247,3824,83,1,550.53,550.53
13248,3824,166,4,82.07,328.28
13249,3825,93,4,296.33,1185.32
13250,3825,36,4,90.32,361.28
13251,3825,165,3,235.2,705.6
13252,3825,228,2,380.46,760.92
13253,3825,90,4,138.74,554.96
13254,3826,206,2,225.13,450.26
13255,3826,24,2,28.9,57.8
13256,3826,152,3,580.76,1742.28
13257,3826,227,4,454.43,1817.72
13258,3826,97,4,316.97,1267.88
13259,3827,23,3,276.19,828.57
13260,3827,154,2,342.09,684.18
13261,3828,114,2,270.25,540.5
13262,3828,27,2,238.78,477.56
13263,3828,250,3,34.9,104.7
13264,3828,112,1,186.06,186.06
13265,3829,49,3,529.8,1589.4
13266,3829,199,4,94.94,379.76
13267,3829,71,1,594.55,594.55
13268,3829,125,3,211.24,633.72
13269,3829,239,3,38.46,115.38
13270,3829,211,3,556.48,1669.44
13271,3830,73,2,200.84,401.68
13272,3830,79,4,440.1,1760.4
13273,3830,182,1,214.08,214.08
13274,3831,130,2,60.89,121.78
13275,3831,62,3,185.84,557.52
13276,3831,96,4,541.36,2165.44
13277,3831,228,1,380.46,380.46
13278,3832,171,2,242.88,485.76
13279,3832,1,4,541.39,2165.56
13280,3832,98,2,209.33,418.66
13281,3832,237,3,52.77,158.31
13282,3832,41,2,245.1,490.2
13283,3832,46,3,188.18,564.54
13284,3833,19,2,464.34,928.68
13285,3834,173,1,303.56,303.56
13286,3834,198,1,351.95,351.95
13287,3834,157,2,28.92,57.84
13288,3834,1,1,541.39,541.39
13289,3834,8,1,427.33,427.33
13290,3834,5,3,148.93,446.79
13291,3835,94,1,512.7,512.7
13292,3835,106,1,162.6,162.6
13293,3835,185,2,339.64,679.28
13294,3835,68,3,188.28,564.84
13295,3835,10,1,330.8,330.8
13296,3836,67,3,136.1,408.3
13297,3836,15,4,578.04,2312.16
13298,3836,52,1,135.78,135.78
13299,3837,186,1,232.01,232.01
13300,3837,78,3,302.79,908.37
13301,3837,68,1,188.28,188.28
13302,3837,11,1,312.03,312.03
13303,3837,175,3,93.86,281.58
13304,3838,4,3,352.75,1058.25
13305,3838,244,2,423.65,847.3
13306,3838,27,4,238.78,955.12
13307,3838,175,1,93.86,93.86
13308,3839,108,4,378.79,1515.16
13309,3839,80,2,24.61,49.22
13310,3839,237,3,52.77,158.31
13311,3839,210,2,141.37,282.74
13312,3840,216,1,101.25,101.25
13313,3840,86,4,431.1,1724.4
13314,3840,101,1,57.39,57.39
13315,3840,43,2,349.47,698.94
13316,3840,177,2,245.43,490.86
13317,3841,78,2,302.79,605.58
13318,3841,249,2,375.32,750.64
13319,3841,52,1,135.78,135.78
13320,3842,20,4,605.41,2421.64
13321,3842,203,2,362.8,725.6
13322,3842,208,3,350.34,1051.02
13323,3842,241,4,205.2,820.8
13324,3842,212,3,454.26,1362.78
13325,3842,199,1,94.94,94.94
13326,3843,191,2,410.67,821.34
13327,3844,85,1,164.19,164.19
13328,3844,16,3,70.43,211.29
13329,3845,104,4,287.63,1150.52
13330,3845,149,3,212.48,637.44
13331,3845,124,3,388.77,1166.31
13332,3845,215,4,238.44,953.76
13333,3845,60,4,556.59,2226.36
13334,3846,38,4,511.93,2047.72
13335,3847,107,1,233.92,233.92
13336,3847,110,2,524.57,1049.14
13337,3847,242,2,131.89,263.78
13338,3847,197,1,297.44,297.44
13339,3847,128,2,197.5,395.0
13340,3847,47,2,595.74,1191.48
13341,3848,17,1,555.46,555.46
13342,3848,42,1,132.01,132.01
13343,3848,88,1,347.53,347.53
13344,3848,24,2,28.9,57.8
13345,3848,86,1,431.1,431.1
13346,3848,204,4,207.96,831.84
13347,3849,196,2,450.47,900.94
13348,3849,35,3,404.22,1212.66
13349,3849,66,3,87.24,261.72
13350,3849,97,1,316.97,316.97
13351,3849,17,1,555.46,555.46
13352,3849,239,3,38.46,115.38
13353,3850,65,4,346.0,1384.0
13354,3850,7,2,53.23,106.46
13355,3850,18,3,55.2,165.6
13356,3850,85,3,164.19,492.57
13357,3850,180,4,394.23,1576.92
13358,3851,48,1,355.11,355.11
13359,3851,21,2,574.25,1148.5
13360,3851,112,4,186.06,744.24
13361,3852,2,3,363.88,1091.64
13362,3852,244,4,423.65,1694.6
13363,3852,101,4,57.39,229.56
13364,3852,9,3,553.14,1659.42
13365,3853,160,3,275.73,827.19
13366,3853,68,4,188.28,753.12
13367,3853,172,4,244.65,978.6
13368,3853,65,2,346.0,692.0
13369,3853,89,2,152.92,305.84
13370,3854,206,1,225.13,225.13
13371,3854,74,3,355.67,1067.01
13372,3854,165,1,235.2,235.2
13373,3854,205,4,383.07,1532.28
13374,3854,26,1,478.23,478.23
13375,3854,75,1,256.79,256.79
13376,3855,141,1,133.58,133.58
13377,3855,74,4,355.67,1422.68
13378,3855,82,3,212.44,637.32
13379,3856,202,4,467.78,1871.12
13380,3856,171,4,242.88,971.52
13381,3856,35,1,404.22,404.22
13382,3856,231,1,265.93,265.93
13383,3857,193,4,164.42,657.68
13384,3857,205,2,383.07,766.14
13385,3857,177,1,245.43,245.43
13386,3857,219,1,383.42,383.42
13387,3858,225,2,242.67,485.34
13388,3858,83,3,550.53,1651.59
13389,3858,175,4,93.86,375.44
13390,3858,78,3,302.79,908.37
13391,3858,245,1,170.03,170.03
13392,3858,243,3,358.78,1076.34
13393,3859,100,1,340.15,340.15
13394,3859,28,4,434.23,1736.92
13395,3859,97,2,316.97,633.94
13396,3860,62,3,185.84,557.52
13397,3860,125,2,211.24,422.48
13398,3861,202,3,467.78,1403.34
13399,3861,72,1,91.12,91.12
13400,3861,130,2,60.89,121.78
13401,3861,174,3,460.49,1381.47
13402,3861,44,2,19.48,38.96
13403,3862,101,2,57.39,114.78
13404,3862,7,4,53.23,212.92
13405,3862,190,2,378.5,757.0
13406,3862,230,2,350.4,700.8
13407,3862,228,2,380.46,760.92
13408,3862,39,2,116.92,233.84
13409,3863,1,2,541.39,1082.78
13410,3863,142,1,45.22,45.22
13411,3863,152,1,580.76,580.76
13412,3864,188,4,503.7,2014.8
13413,3864,242,2,131.89,263.78
13414,3864,48,3,355.11,1065.33
13415,3864,33,1,102.45,102.45
13416,3864,35,3,404.22,1212.66
13417,3864,214,2,288.6,577.2
13418,3865,9,4,553.14,2212.56
13419,3865,176,2,405.74,811.48
13420,3865,11,4,312.03,1248.12
13421,3866,166,3,82.07,246.21
13422,3866,85,1,164.19,164.19
13423,3867,218,4,126.69,506.76
13424,3868,203,1,362.8,362.8
13425,3868,127,4,240.8,963.2
13426,3868,214,4,288.6,1154.4
13427,3869,216,4,101.25,405.0
13428,3870,179,1,200.78,200.78
13429,3870,98,2,209.33,418.66
13430,3870,224,4,79.62,318.48
13431,3870,8,4,427.33,1709.32
13432,3870,135,4,298.38,1193.52
13433,3870,165,2,235.2,470.4
13434,3871,132,2,330.55,661.1
13435,3871,174,2,460.49,920.98
13436,3871,220,3,168.03,504.09
13437,3872,160,2,275.73,551.46
13438,3872,240,3,253.55,760.65
13439,3872,140,3,359.22,1077.66
13440,3872,165,2,235.2,470.4
13441,3872,36,4,90.32,361.28
13442,3872,88,4,347.53,1390.12
13443,3873,150,2,377.06,754.12
13444,3873,130,3,60.89,182.67
13445,3873,227,2,454.43,908.86
13446,3873,149,1,212.48,212.48
13447,3874,176,2,405.74,811.48
13448,3874,22,1,125.76,125.76
13449,3874,107,4,233.92,935.68
13450,3874,247,4,32.63,130.52
13451,3874,227,2,454.43,908.86
13452,3875,248,1,188.2,188.2
13453,3875,32,3,610.06,1830.18
13454,3875,219,2,383.42,766.84
13455,3876,230,1,350.4,350.4
13456,3876,47,4,595.74,2382.96
13457,3877,56,3,238.95,716.85
13458,3877,174,3,460.49,1381.47
13459,3877,43,1,349.47,349.47
13460,3877,42,4,132.01,528.04
13461,3877,250,3,34.9,104.7
13462,3877,142,4,45.22,180.88
13463,3878,80,1,24.61,24.61
13464,3878,124,2,388.77,777.54
13465,3878,197,3,297.44,892.32
13466,3878,59,1,395.91,395.91
13467,3878,249,4,375.32,1501.28
13468,3878,83,3,550.53,1651.59
13469,3879,109,3,383.43,1150.29
13470,3879,15,3,578.04,1734.12
13471,3880,215,1,238.44,238.44
13472,3880,79,3,440.1,1320.3
13473,3880,169,4,382.14,1528.56
13474,3881,215,1,238.44,238.44
13475,3881,35,3,404.22,1212.66
13476,3881,139,4,250.55,1002.2
13477,3881,166,1,82.07,82.07
13478,3882,55,3,215.38,646.14
13479,3882,12,1,589.84,589.84
13480,3882,71,1,594.55,594.55
13481,3882,242,1,131.89,131.89
13482,3882,67,3,136.1,408.3
13483,3883,178,4,505.3,2021.2
13484,3883,126,4,291.18,1164.72
13485,3883,22,3,125.76,377.28
13486,3884,84,2,124.27,248.54
13487,3885,164,2,320.2,640.4
13488,3886,208,1,350.34,350.34
13489,3887,117,4,300.72,1202.88
13490,3887,203,1,362.8,362.8
13491,3887,65,2,346.0,692.0
13492,3887,110,2,524.57,1049.14
13493,3887,2,4,363.88,1455.52
13494,3887,99,4,205.29,821.16
13495,3888,73,1,200.84,200.84
13496,3889,24,4,28.9,115.6
13497,3890,155,3,219.1,657.3
13498,3890,248,4,188.2,752.8
13499,3890,8,4,427.33,1709.32
13500,3891,38,2,511.93,1023.86
13501,3891,122,2,313.49,626.98
13502,3891,247,1,32.63,32.63
13503,3891,173,3,303.56,910.68
13504,3891,162,3,386.04,1158.12
13505,3892,68,4,188.28,753.12
13506,3892,61,3,374.3,1122.9
13507,3892,37,2,43.6,87.2
13508,3893,239,4,38.46,153.84
13509,3893,238,1,262.67,262.67
13510,3894,65,4,346.0,1384.0
13511,3894,101,2,57.39,114.78
13512,3894,233,1,275.42,275.42
13513,3894,238,2,262.67,525.34
13514,3894,246,1,307.14,307.14
13515,3894,51,4,555.78,2223.12
13516,3895,127,1,240.8,240.8
13517,3896,208,1,350.34,350.34
13518,3896,125,4,211.24,844.96
13519,3896,107,2,233.92,467.84
13520,3897,84,4,124.27,497.08
13521,3897,163,3,268.64,805.92
13522,3897,96,4,541.36,2165.44
13523,3897,61,3,374.3,1122.9
13524,3898,111,4,123.73,494.92
13525,3898,57,1,128.38,128.38
13526,3898,38,2,511.93,1023.86
13527,3898,133,1,310.77,310.77
13528,3899,117,1,300.72,300.72
13529,3899,142,4,45.22,180.88
13530,3899,182,3,214.08,642.24
13531,3899,87,1,509.91,509.91
13532,3899,194,3,521.07,1563.21
13533,3900,10,2,330.8,661.6
13534,3900,250,1,34.9,34.9
13535,3900,55,2,215.38,430.76
13536,3900,112,2,186.06,372.12
13537,3900,193,1,164.42,164.42
13538,3901,209,1,101.66,101.66
13539,3901,226,4,137.54,550.16
13540,3901,71,2,594.55,1189.1
13541,3901,250,3,34.9,104.7
13542,3901,186,2,232.01,464.02
13543,3902,248,3,188.2,564.6
13544,3902,238,1,262.67,262.67
13545,3902,88,4,347.53,1390.12
13546,3902,121,1,418.51,418.51
13547,3902,183,1,147.46,147.46
13548,3902,216,4,101.25,405.0
13549,3903,120,2,32.48,64.96
13550,3904,171,1,242.88,242.88
13551,3904,62,3,185.84,557.52
13552,3904,83,3,550.53,1651.59
13553,3904,57,1,128.38,128.38
13554,3904,211,4,556.48,2225.92
13555,3904,42,1,132.01,132.01
13556,3905,250,3,34.9,104.7
13557,3905,132,2,330.55,661.1
13558,3905,113,4,411.77,1647.08
13559,3905,25,3,277.57,832.71
13560,3906,24,1,28.9,28.9
13561,3906,190,3,378.5,1135.5
13562,3906,27,2,238.78,477.56
13563,3906,224,2,79.62,159.24
13564,3906,133,4,310.77,1243.08
13565,3907,234,2,244.66,489.32
13566,3907,210,3,141.37,424.11
13567,3907,140,1,359.22,359.22
13568,3908,139,2,250.55,501.1
13569,3908,204,3,207.96,623.88
13570,3908,178,4,505.3,2021.2
13571,3909,1,2,541.39,1082.78
13572,3909,60,3,556.59,1669.77
13573,3909,109,4,383.43,1533.72
13574,3909,149,3,212.48,637.44
13575,3910,54,2,60.89,121.78
13576,3911,130,2,60.89,121.78
13577,3911,241,1,205.2,205.2
13578,3911,202,4,467.78,1871.12
13579,3912,244,3,423.65,1270.95
13580,3912,176,4,405.74,1622.96
13581,3912,11,2,312.03,624.06
13582,3912,126,3,291.18,873.54
13583,3912,165,1,235.2,235.2
13584,3912,174,4,460.49,1841.96
13585,3913,101,1,57.39,57.39
13586,3913,66,2,87.24,174.48
13587,3913,32,3,610.06,1830.18
13588,3913,228,2,380.46,760.92
13589,3913,167,3,74.71,224.13
13590,3914,86,4,431.1,1724.4
13591,3914,45,2,118.21,236.42
13592,3914,159,3,223.33,669.99
13593,3914,25,2,277.57,555.14
13594,3914,212,2,454.26,908.52
13595,3915,105,4,58.11,232.44
13596,3915,250,3,34.9,104.7
13597,3915,116,3,108.97,326.91
13598,3915,204,3,207.96,623.88
13599,3916,121,2,418.51,837.02
13600,3917,128,1,197.5,197.5
13601,3917,38,3,511.93,1535.79
13602,3917,186,1,232.01,232.01
13603,3917,154,3,342.09,1026.27
13604,3917,209,2,101.66,203.32
13605,3918,28,3,434.23,1302.69
13606,3919,2,2,363.88,727.76
13607,3919,119,3,142.86,428.58
13608,3919,185,3,339.64,1018.92
13609,3919,228,4,380.46,1521.84
13610,3919,33,1,102.45,102.45
13611,3920,117,1,300.72,300.72
13612,3920,202,3,467.78,1403.34
13613,3920,2,2,363.88,727.76
13614,3920,54,2,60.89,121.78
13615,3920,38,3,511.93,1535.79
13616,3920,171,4,242.88,971.52
13617,3921,69,4,297.02,1188.08
13618,3921,30,1,247.82,247.82
13619,3921,55,4,215.38,861.52
13620,3921,100,1,340.15,340.15
13621,3921,92,4,411.95,1647.8
13622,3922,45,1,118.21,118.21
13623,3922,127,3,240.8,722.4
13624,3923,86,2,431.1,862.2
13625,3923,21,2,574.25,1148.5
13626,3924,58,2,307.4,614.8
13627,3925,138,3,371.13,1113.39
13628,3925,234,4,244.66,978.64
13629,3925,89,2,152.92,305.84
13630,3926,114,1,270.25,270.25
13631,3926,147,1,50.11,50.11
13632,3926,195,4,117.88,471.52
13633,3926,150,2,377.06,754.12
13634,3926,69,4,297.02,1188.08
13635,3926,58,1,307.4,307.4
13636,3927,123,1,235.89,235.89
13637,3927,22,1,125.76,125.76
13638,3927,176,2,405.74,811.48
13639,3927,133,1,310.77,310.77
13640,3928,154,4,342.09,1368.36
13641,3929,152,3,580.76,1742.28
13642,3929,222,4,81.41,325.64
13643,3929,165,4,235.2,940.8
13644,3930,214,3,288.6,865.8
13645,3930,136,2,299.97,599.94
13646,3931,49,3,529.8,1589.4
13647,3931,73,1,200.84,200.84
13648,3932,179,2,200.78,401.56
13649,3932,107,4,233.92,935.68
13650,3932,41,4,245.1,980.4
13651,3933,67,1,136.1,136.1
13652,3933,86,3,431.1,1293.3
13653,3933,30,4,247.82,991.28
13654,3933,14,1,301.65,301.65
13655,3933,115,4,235.12,940.48
13656,3933,231,1,265.93,265.93
13657,3934,92,3,411.95,1235.85
13658,3935,115,1,235.12,235.12
13659,3935,9,1,553.14,553.14
13660,3936,186,1,232.01,232.01
13661,3936,194,2,521.07,1042.14
13662,3936,145,4,362.85,1451.4
13663,3937,64,1,110.72,110.72
13664,3937,94,2,512.7,1025.4
13665,3937,144,3,47.39,142.17
13666,3938,111,3,123.73,371.19
13667,3938,104,3,287.63,862.89
13668,3938,117,1,300.72,300.72
13669,3938,96,4,541.36,2165.44
13670,3939,38,2,511.93,1023.86
13671,3939,181,1,314.93,314.93
13672,3939,135,2,298.38,596.76
13673,3940,51,3,555.78,1667.34
13674,3940,167,3,74.71,224.13
13675,3940,176,1,405.74,405.74
13676,3940,148,1,497.64,497.64
13677,3941,145,4,362.85,1451.4
13678,3941,189,3,603.72,1811.16
13679,3941,199,2,94.94,189.88
13680,3941,178,2,505.3,1010.6
13681,3941,18,1,55.2,55.2
13682,3942,30,3,247.82,743.46
13683,3942,143,1,155.0,155.0
13684,3942,125,2,211.24,422.48
13685,3942,51,2,555.78,1111.56
13686,3943,48,4,355.11,1420.44
13687,3943,183,3,147.46,442.38
13688,3943,72,4,91.12,364.48
13689,3943,171,2,242.88,485.76
13690,3944,39,1,116.92,116.92
13691,3944,123,1,235.89,235.89
13692,3944,79,3,440.1,1320.3
13693,3945,69,1,297.02,297.02
13694,3946,143,3,155.0,465.0
13695,3946,182,3,214.08,642.24
13696,3946,125,3,211.24,633.72
13697,3947,194,2,521.07,1042.14
13698,3947,103,4,234.96,939.84
13699,3947,132,2,330.55,661.1
13700,3947,229,1,165.02,165.02
13701,3947,89,3,152.92,458.76
13702,3947,152,4,580.76,2323.04
13703,3948,227,1,454.43,454.43
13704,3948,108,2,378.79,757.58
13705,3949,91,4,187.63,750.52
13706,3949,115,1,235.12,235.12
13707,3950,208,1,350.34,350.34
13708,3950,220,4,168.03,672.12
13709,3950,193,4,164.42,657.68
13710,3950,183,4,147.46,589.84
13711,3950,7,1,53.23,53.23
13712,3951,230,4,350.4,1401.6
13713,3951,40,2,450.37,900.74
13714,3951,6,3,478.9,1436.7
13715,3952,120,4,32.48,129.92
13716,3952,75,2,256.79,513.58
13717,3952,175,3,93.86,281.58
13718,3952,98,2,209.33,418.66
13719,3953,218,4,126.69,506.76
13720,3954,249,3,375.32,1125.96
13721,3954,243,3,358.78,1076.34
13722,3954,59,1,395.91,395.91
13723,3954,204,3,207.96,623.88
13724,3955,246,2,307.14,614.28
13725,3955,219,3,383.42,1150.26
13726,3956,38,4,511.93,2047.72
13727,3956,169,1,382.14,382.14
13728,3956,16,2,70.43,140.86
13729,3956,52,2,135.78,271.56
13730,3957,227,4,454.43,1817.72
13731,3958,219,3,383.42,1150.26
13732,3958,28,3,434.23,1302.69
13733,3958,183,3,147.46,442.38
13734,3958,218,1,126.69,126.69
13735,3958,112,3,186.06,558.18
13736,3958,57,1,128.38,128.38
13737,3959,58,4,307.4,1229.6
13738,3959,246,2,307.14,614.28
13739,3959,224,4,79.62,318.48
13740,3959,81,1,51.32,51.32
13741,3959,154,3,342.09,1026.27
13742,3959,155,2,219.1,438.2
13743,3960,227,2,454.43,908.86
13744,3960,120,4,32.48,129.92
13745,3960,180,1,394.23,394.23
13746,3960,146,3,118.88,356.64
13747,3961,13,1,249.16,249.16
13748,3961,249,1,375.32,375.32
13749,3961,51,3,555.78,1667.34
13750,3961,36,1,90.32,90.32
13751,3961,181,2,314.93,629.86
13752,3962,242,1,131.89,131.89
13753,3962,162,4,386.04,1544.16
13754,3962,124,4,388.77,1555.08
13755,3963,4,3,352.75,1058.25
13756,3964,40,1,450.37,450.37
13757,3965,108,4,378.79,1515.16
13758,3966,212,2,454.26,908.52
13759,3966,145,1,362.85,362.85
13760,3966,147,3,50.11,150.33
13761,3966,90,3,138.74,416.22
13762,3967,146,1,118.88,118.88
13763,3967,3,4,142.45,569.8
13764,3967,87,2,509.91,1019.82
13765,3967,107,2,233.92,467.84
13766,3967,142,1,45.22,45.22
13767,3968,93,1,296.33,296.33
13768,3968,174,3,460.49,1381.47
13769,3968,85,1,164.19,164.19
13770,3968,1,4,541.39,2165.56
13771,3969,73,1,200.84,200.84
13772,3969,52,4,135.78,543.12
13773,3969,27,1,238.78,238.78
13774,3969,94,2,512.7,1025.4
13775,3970,102,3,196.56,589.68
13776,3970,10,2,330.8,661.6
13777,3970,82,4,212.44,849.76
13778,3970,173,2,303.56,607.12
13779,3971,5,1,148.93,148.93
13780,3971,246,1,307.14,307.14
13781,3971,175,1,93.86,93.86
13782,3971,23,2,276.19,552.38
13783,3971,160,2,275.73,551.46
13784,3971,30,2,247.82,495.64
13785,3972,176,3,405.74,1217.22
13786,3972,113,3,411.77,1235.31
13787,3972,243,3,358.78,1076.34
13788,3972,82,2,212.44,424.88
13789,3973,233,3,275.42,826.26
13790,3973,194,3,521.07,1563.21
13791,3973,50,3,120.19,360.57
13792,3973,81,2,51.32,102.64
13793,3973,234,1,244.66,244.66
13794,3974,125,4,211.24,844.96
13795,3974,65,4,346.0,1384.0
13796,3974,91,2,187.63,375.26
13797,3974,45,4,118.21,472.84
13798,3974,190,1,378.5,378.5
13799,3975,95,1,320.04,320.04
13800,3975,14,4,301.65,1206.6
13801,3975,71,2,594.55,1189.1
13802,3975,104,3,287.63,862.89
13803,3975,30,1,247.82,247.82
13804,3975,173,3,303.56,910.68
13805,3976,169,3,382.14,1146.42
13806,3976,50,2,120.19,240.38
13807,3976,14,3,301.65,904.95
13808,3976,91,1,187.63,187.63
13809,3977,67,3,136.1,408.3
13810,3977,125,4,211.24,844.96
13811,3977,96,4,541.36,2165.44
13812,3977,176,1,405.74,405.74
13813,3978,228,3,380.46,1141.38
13814,3979,127,2,240.8,481.6
13815,3979,113,2,411.77,823.54
13816,3979,75,1,256.79,256.79
13817,3980,13,3,249.16,747.48
13818,3981,240,1,253.55,253.55
13819,3981,181,1,314.93,314.93
13820,3981,23,2,276.19,552.38
13821,3981,29,2,218.87,437.74
13822,3981,70,4,473.53,1894.12
13823,3981,200,2,558.08,1116.16
13824,3982,73,4,200.84,803.36
13825,3982,89,3,152.92,458.76
13826,3982,11,4,312.03,1248.12
13827,3982,35,3,404.22,1212.66
13828,3982,163,4,268.64,1074.56
13829,3982,247,2,32.63,65.26
13830,3983,127,1,240.8,240.8
13831,3983,227,3,454.43,1363.29
13832,3983,46,1,188.18,188.18
13833,3983,137,1,205.25,205.25
13834,3983,114,1,270.25,270.25
13835,3983,229,4,165.02,660.08
13836,3984,188,3,503.7,1511.1
13837,3984,93,2,296.33,592.66
13838,3985,203,3,362.8,1088.4
13839,3985,152,3,580.76,1742.28
13840,3986,214,1,288.6,288.6
13841,3986,4,3,352.75,1058.25
13842,3986,237,1,52.77,52.77
13843,3987,3,1,142.45,142.45
13844,3987,33,1,102.45,102.45
13845,3987,227,3,454.43,1363.29
13846,3987,51,1,555.78,555.78
13847,3988,213,1,266.98,266.98
13848,3988,107,2,233.92,467.84
13849,3988,154,3,342.09,1026.27
13850,3989,243,1,358.78,358.78
13851,3990,133,3,310.77,932.31
13852,3990,181,4,314.93,1259.72
13853,3990,224,4,79.62,318.48
13854,3990,184,4,201.3,805.2
13855,3990,202,3,467.78,1403.34
13856,3990,193,2,164.42,328.84
13857,3991,226,1,137.54,137.54
13858,3991,60,2,556.59,1113.18
13859,3992,217,4,369.23,1476.92
13860,3993,76,3,450.31,1350.93
13861,3993,208,2,350.34,700.68
13862,3993,247,3,32.63,97.89
13863,3993,176,1,405.74,405.74
13864,3994,127,3,240.8,722.4
13865,3994,15,2,578.04,1156.08
13866,3994,163,1,268.64,268.64
13867,3994,189,4,603.72,2414.88
13868,3994,48,1,355.11,355.11
13869,3994,37,2,43.6,87.2
13870,3995,228,2,380.46,760.92
13871,3995,102,3,196.56,589.68
13872,3995,59,1,395.91,395.91
13873,3995,24,2,28.9,57.8
13874,3995,103,2,234.96,469.92
13875,3995,85,1,164.19,164.19
13876,3996,199,3,94.94,284.82
13877,3996,99,4,205.29,821.16
13878,3997,83,4,550.53,2202.12
13879,3997,209,3,101.66,304.98
13880,3997,222,3,81.41,244.23
13881,3997,128,3,197.5,592.5
13882,3998,54,1,60.89,60.89
13883,3998,180,2,394.23,788.46
13884,3998,108,2,378.79,757.58
13885,3999,93,1,296.33,296.33
13886,3999,189,1,603.72,603.72
13887,3999,58,2,307.4,614.8
13888,3999,202,4,467.78,1871.12
13889,3999,164,3,320.2,960.6
13890,4000,216,2,101.25,202.5
13891,4000,64,1,110.72,110.72
13892,4000,233,3,275.42,826.26
13893,4000,215,1,238.44,238.44
13894,4000,83,3,550.53,1651.59
13895,4000,236,4,58.2,232.8
13896,4001,204,1,207.96,207.96
13897,4001,138,3,371.13,1113.39
13898,4001,118,4,175.82,703.28
13899,4001,25,3,277.57,832.71
13900,4001,49,2,529.8,1059.6
13901,4002,148,3,497.64,1492.92
13902,4002,207,1,490.29,490.29
13903,4002,118,4,175.82,703.28
13904,4002,60,1,556.59,556.59
13905,4002,4,2,352.75,705.5
13906,4002,3,1,142.45,142.45
13907,4003,108,1,378.79,378.79
13908,4003,250,3,34.9,104.7
13909,4003,68,1,188.28,188.28
13910,4003,153,1,415.24,415.24
13911,4003,17,1,555.46,555.46
13912,4003,213,1,266.98,266.98
13913,4004,126,3,291.18,873.54
13914,4004,90,3,138.74,416.22
13915,4004,99,4,205.29,821.16
13916,4004,175,1,93.86,93.86
13917,4004,11,1,312.03,312.03
13918,4005,43,2,349.47,698.94
13919,4005,160,2,275.73,551.46
13920,4005,145,4,362.85,1451.4
13921,4006,204,1,207.96,207.96
13922,4007,181,3,314.93,944.79
13923,4007,196,2,450.47,900.94
13924,4007,116,2,108.97,217.94
13925,4007,176,1,405.74,405.74
13926,4008,228,3,380.46,1141.38
13927,4008,77,3,377.42,1132.26
13928,4008,177,1,245.43,245.43
13929,4008,106,4,162.6,650.4
13930,4008,8,3,427.33,1281.99
13931,4009,196,2,450.47,900.94
13932,4009,143,3,155.0,465.0
13933,4009,103,4,234.96,939.84
13934,4009,247,1,32.63,32.63
13935,4009,220,3,168.03,504.09
13936,4009,134,4,224.13,896.52
13937,4010,108,3,378.79,1136.37
13938,4011,228,2,380.46,760.92
13939,4011,119,3,142.86,428.58
13940,4011,97,4,316.97,1267.88
13941,4011,244,1,423.65,423.65
13942,4011,62,1,185.84,185.84
13943,4012,234,4,244.66,978.64
13944,4012,81,1,51.32,51.32
13945,4012,39,1,116.92,116.92
13946,4013,131,2,21.58,43.16
13947,4013,153,1,415.24,415.24
13948,4013,18,1,55.2,55.2
13949,4014,242,2,131.89,263.78
13950,4014,120,1,32.48,32.48
13951,4014,202,3,467.78,1403.34
13952,4015,145,2,362.85,725.7
13953,4015,112,2,186.06,372.12
13954,4015,65,3,346.0,1038.0
13955,4015,132,4,330.55,1322.2
13956,4015,221,4,627.82,2511.28
13957,4015,220,1,168.03,168.03
13958,4016,234,4,244.66,978.64
13959,4016,174,2,460.49,920.98
13960,4016,88,3,347.53,1042.59
13961,4016,45,3,118.21,354.63
13962,4016,199,4,94.94,379.76
13963,4017,172,2,244.65,489.3
13964,4017,194,3,521.07,1563.21
13965,4017,248,4,188.2,752.8
13966,4017,89,2,152.92,305.84
13967,4018,64,2,110.72,221.44
13968,4018,52,3,135.78,407.34
13969,4018,111,4,123.73,494.92
13970,4018,71,2,594.55,1189.1
13971,4018,224,4,79.62,318.48
13972,4019,207,4,490.29,1961.16
13973,4020,196,4,450.47,1801.88
13974,4020,210,4,141.37,565.48
13975,4020,48,3,355.11,1065.33
13976,4021,108,1,378.79,378.79
13977,4021,176,3,405.74,1217.22
13978,4021,155,3,219.1,657.3
13979,4021,59,4,395.91,1583.64
13980,4021,60,3,556.59,1669.77
13981,4022,123,1,235.89,235.89
13982,4022,216,4,101.25,405.0
13983,4023,61,2,374.3,748.6
13984,4023,122,1,313.49,313.49
13985,4023,90,4,138.74,554.96
13986,4023,74,3,355.67,1067.01
13987,4024,99,2,205.29,410.58
13988,4024,158,1,479.14,479.14
13989,4024,246,4,307.14,1228.56
13990,4025,38,1,511.93,511.93
13991,4025,183,1,147.46,147.46
13992,4026,129,3,293.5,880.5
13993,4026,237,1,52.77,52.77
13994,4026,212,1,454.26,454.26
13995,4027,44,3,19.48,58.44
13996,4027,54,2,60.89,121.78
13997,4027,113,1,411.77,411.77
13998,4028,131,4,21.58,86.32
13999,4028,227,2,454.43,908.86
14000,4028,216,3,101.25,303.75
14001,4029,7,4,53.23,212.92
14002,4030,69,4,297.02,1188.08
14003,4030,125,3,211.24,633.72
14004,4030,11,4,312.03,1248.12
14005,4030,74,3,355.67,1067.01
14006,4030,147,2,50.11,100.22
14007,4030,1,4,541.39,2165.56
14008,4031,52,3,135.78,407.34
14009,4031,101,1,57.39,57.39
14010,4031,111,4,123.73,494.92
14011,4031,242,2,131.89,263.78
14012,4031,150,2,377.06,754.12
14013,4031,127,2,240.8,481.6
14014,4032,148,1,497.64,497.64
14015,4032,188,3,503.7,1511.1
14016,4032,111,2,123.73,247.46
14017,4032,113,4,411.77,1647.08
14018,4032,84,3,124.27,372.81
14019,4032,40,4,450.37,1801.48
14020,4033,201,1,496.81,496.81
14021,4033,203,1,362.8,362.8
14022,4034,25,2,277.57,555.14
14023,4035,42,2,132.01,264.02
14024,4035,56,1,238.95,238.95
14025,4035,211,1,556.48,556.48
14026,4035,122,1,313.49,313.49
14027,4036,76,3,450.31,1350.93
14028,4037,242,4,131.89,527.56
14029,4037,40,1,450.37,450.37
14030,4037,8,1,427.33,427.33
14031,4037,105,1,58.11,58.11
14032,4037,247,3,32.63,97.89
14033,4038,83,2,550.53,1101.06
14034,4038,154,4,342.09,1368.36
14035,4039,244,3,423.65,1270.95
14036,4039,163,3,268.64,805.92
14037,4039,241,1,205.2,205.2
14038,4039,211,1,556.48,556.48
14039,4039,128,2,197.5,395.0
14040,4040,222,3,81.41,244.23
14041,4040,231,1,265.93,265.93
14042,4040,146,3,118.88,356.64
14043,4040,107,1,233.92,233.92
14044,4040,237,4,52.77,211.08
14045,4040,218,1,126.69,126.69
14046,4041,193,2,164.42,328.84
14047,4042,44,4,19.48,77.92
14048,4042,90,1,138.74,138.74
14049,4043,243,4,358.78,1435.12
14050,4043,51,4,555.78,2223.12
14051,4043,185,2,339.64,679.28
14052,4043,85,2,164.19,328.38
14053,4044,13,3,249.16,747.48
14054,4044,42,1,132.01,132.01
14055,4044,221,4,627.82,2511.28
14056,4044,45,1,118.21,118.21
14057,4045,82,4,212.44,849.76
14058,4045,37,4,43.6,174.4
14059,4045,172,2,244.65,489.3
14060,4046,214,3,288.6,865.8
14061,4046,165,2,235.2,470.4
14062,4047,201,1,496.81,496.81
14063,4047,37,2,43.6,87.2
14064,4047,21,4,574.25,2297.0
14065,4048,228,1,380.46,380.46
14066,4048,120,1,32.48,32.48
14067,4048,50,1,120.19,120.19
14068,4048,92,1,411.95,411.95
14069,4048,146,2,118.88,237.76
14070,4049,172,4,244.65,978.6
14071,4050,15,3,578.04,1734.12
14072,4050,171,2,242.88,485.76
14073,4051,105,1,58.11,58.11
14074,4051,41,3,245.1,735.3
14075,4052,32,2,610.06,1220.12
14076,4052,224,4,79.62,318.48
14077,4053,214,2,288.6,577.2
14078,4053,95,1,320.04,320.04
14079,4053,115,3,235.12,705.36
14080,4053,108,4,378.79,1515.16
14081,4053,41,4,245.1,980.4
14082,4054,176,3,405.74,1217.22
14083,4054,108,4,378.79,1515.16
14084,4054,215,3,238.44,715.32
14085,4055,71,3,594.55,1783.65
14086,4055,10,1,330.8,330.8
14087,4055,151,3,72.21,216.63
14088,4055,56,1,238.95,238.95
14089,4055,140,3,359.22,1077.66
14090,4055,240,3,253.55,760.65
14091,4056,237,4,52.77,211.08
14092,4056,72,1,91.12,91.12
14093,4056,88,2,347.53,695.06
14094,4056,44,1,19.48,19.48
14095,4057,72,3,91.12,273.36
14096,4057,20,4,605.41,2421.64
14097,4057,162,2,386.04,772.08
14098,4057,107,2,233.92,467.84
14099,4058,118,2,175.82,351.64
14100,4058,235,2,172.77,345.54
14101,4058,213,2,266.98,533.96
14102,4059,209,2,101.66,203.32
14103,4059,249,2,375.32,750.64
14104,4059,76,2,450.31,900.62
14105,4059,100,3,340.15,1020.45
14106,4060,65,1,346.0,346.0
14107,4060,250,3,34.9,104.7
14108,4060,52,3,135.78,407.34
14109,4060,85,3,164.19,492.57
14110,4060,243,4,358.78,1435.12
14111,4061,56,1,238.95,238.95
14112,4061,179,4,200.78,803.12
14113,4062,62,1,185.84,185.84
14114,4062,28,1,434.23,434.23
14115,4063,198,2,351.95,703.9
14116,4063,101,3,57.39,172.17
14117,4063,45,3,118.21,354.63
14118,4063,169,1,382.14,382.14
14119,4064,1,1,541.39,541.39
14120,4064,214,3,288.6,865.8
14121,4064,147,2,50.11,100.22
14122,4064,116,2,108.97,217.94
14123,4064,67,2,136.1,272.2
14124,4064,14,3,301.65,904.95
14125,4065,67,4,136.1,544.4
14126,4066,78,4,302.79,1211.16
14127,4066,242,2,131.89,263.78
14128,4067,183,4,147.46,589.84
14129,4068,149,1,212.48,212.48
14130,4068,40,3,450.37,1351.11
14131,4069,61,4,374.3,1497.2
14132,4069,7,1,53.23,53.23
14133,4069,67,1,136.1,136.1
14134,4070,136,2,299.97,599.94
14135,4070,177,3,245.43,736.29
14136,4070,5,3,148.93,446.79
14137,4070,160,2,275.73,551.46
14138,4071,175,4,93.86,375.44
14139,4071,102,1,196.56,196.56
14140,4071,160,4,275.73,1102.92
14141,4072,126,1,291.18,291.18
14142,4072,219,2,383.42,766.84
14143,4073,25,3,277.57,832.71
14144,4073,8,2,427.33,854.66
14145,4074,49,4,529.8,2119.2
14146,4075,80,1,24.61,24.61
14147,4076,95,2,320.04,640.08
14148,4076,168,4,316.03,1264.12
14149,4077,62,4,185.84,743.36
14150,4078,6,4,478.9,1915.6
14151,4078,129,4,293.5,1174.0
14152,4079,90,1,138.74,138.74
14153,4079,105,4,58.11,232.44
14154,4080,104,1,287.63,287.63
14155,4080,159,3,223.33,669.99
14156,4080,92,4,411.95,1647.8
14157,4080,207,3,490.29,1470.87
14158,4080,80,2,24.61,49.22
14159,4080,17,1,555.46,555.46
14160,4081,152,2,580.76,1161.52
14161,4081,51,4,555.78,2223.12
14162,4081,6,3,478.9,1436.7
14163,4082,127,1,240.8,240.8
14164,4082,170,1,287.23,287.23
14165,4082,43,2,349.47,698.94
14166,4082,130,3,60.89,182.67
14167,4082,106,2,162.6,325.2
14168,4083,94,2,512.7,1025.4
14169,4083,38,4,511.93,2047.72
14170,4083,220,3,168.03,504.09
14171,4083,201,4,496.81,1987.24
14172,4083,124,1,388.77,388.77
14173,4084,233,1,275.42,275.42
14174,4084,37,1,43.6,43.6
14175,4084,16,2,70.43,140.86
14176,4084,14,4,301.65,1206.6
14177,4084,225,1,242.67,242.67
14178,4084,64,1,110.72,110.72
14179,4085,68,4,188.28,753.12
14180,4085,85,2,164.19,328.38
14181,4085,230,4,350.4,1401.6
14182,4085,239,3,38.46,115.38
14183,4085,107,1,233.92,233.92
14184,4085,173,4,303.56,1214.24
14185,4086,96,4,541.36,2165.44
14186,4087,20,3,605.41,1816.23
14187,4087,221,3,627.82,1883.46
14188,4087,146,2,118.88,237.76
14189,4087,2,4,363.88,1455.52
14190,4087,247,1,32.63,32.63
14191,4087,105,2,58.11,116.22
14192,4088,142,3,45.22,135.66
14193,4088,220,2,168.03,336.06
14194,4088,148,1,497.64,497.64
14195,4089,208,1,350.34,350.34
14196,4089,141,4,133.58,534.32
14197,4089,235,3,172.77,518.31
14198,4089,70,1,473.53,473.53
14199,4089,142,1,45.22,45.22
14200,4090,86,3,431.1,1293.3
14201,4090,134,4,224.13,896.52
14202,4090,245,2,170.03,340.06
14203,4090,71,4,594.55,2378.2
14204,4091,75,3,256.79,770.37
14205,4091,94,1,512.7,512.7
14206,4092,91,3,187.63,562.89
14207,4092,224,3,79.62,238.86
14208,4092,166,2,82.07,164.14
14209,4092,245,2,170.03,340.06
14210,4093,16,2,70.43,140.86
14211,4094,184,3,201.3,603.9
14212,4094,246,1,307.14,307.14
14213,4094,194,3,521.07,1563.21
14214,4094,88,1,347.53,347.53
14215,4094,156,1,234.14,234.14
14216,4095,75,2,256.79,513.58
14217,4096,80,1,24.61,24.61
14218,4096,81,1,51.32,51.32
14219,4097,111,1,123.73,123.73
14220,4097,156,3,234.14,702.42
14221,4097,92,2,411.95,823.9
14222,4097,186,3,232.01,696.03
14223,4097,59,4,395.91,1583.64
14224,4097,10,4,330.8,1323.2
14225,4098,231,1,265.93,265.93
14226,4099,154,1,342.09,342.09
14227,4100,148,3,497.64,1492.92
14228,4100,106,3,162.6,487.8
14229,4100,127,1,240.8,240.8
14230,4100,233,4,275.42,1101.68
14231,4100,6,2,478.9,957.8
14232,4101,174,4,460.49,1841.96
14233,4101,204,2,207.96,415.92
14234,4101,119,1,142.86,142.86
14235,4102,109,1,383.43,383.43
14236,4102,186,4,232.01,928.04
14237,4102,141,1,133.58,133.58
14238,4102,204,1,207.96,207.96
14239,4103,76,4,450.31,1801.24
14240,4103,142,1,45.22,45.22
14241,4103,184,2,201.3,402.6
14242,4103,193,3,164.42,493.26
14243,4104,250,3,34.9,104.7
14244,4104,120,2,32.48,64.96
14245,4104,86,3,431.1,1293.3
14246,4105,146,1,118.88,118.88
14247,4105,155,2,219.1,438.2
14248,4105,46,1,188.18,188.18
14249,4106,135,3,298.38,895.14
14250,4106,131,4,21.58,86.32
14251,4107,108,1,378.79,378.79
14252,4107,43,1,349.47,349.47
14253,4108,48,3,355.11,1065.33
14254,4108,185,2,339.64,679.28
14255,4109,163,1,268.64,268.64
14256,4109,167,1,74.71,74.71
14257,4109,238,2,262.67,525.34
14258,4109,33,2,102.45,204.9
14259,4110,28,3,434.23,1302.69
14260,4110,170,1,287.23,287.23
14261,4111,179,1,200.78,200.78
14262,4111,151,3,72.21,216.63
14263,4111,47,1,595.74,595.74
14264,4112,85,2,164.19,328.38
14265,4112,141,2,133.58,267.16
14266,4112,164,4,320.2,1280.8
14267,4112,18,1,55.2,55.2
14268,4112,113,4,411.77,1647.08
14269,4113,64,2,110.72,221.44
14270,4114,126,2,291.18,582.36
14271,4114,114,4,270.25,1081.0
14272,4114,188,3,503.7,1511.1
14273,4115,93,2,296.33,592.66
14274,4116,13,4,249.16,996.64
14275,4116,19,2,464.34,928.68
14276,4116,78,2,302.79,605.58
14277,4117,200,2,558.08,1116.16
14278,4117,89,1,152.92,152.92
14279,4117,17,4,555.46,2221.84
14280,4117,159,1,223.33,223.33
14281,4118,240,1,253.55,253.55
14282,4118,54,4,60.89,243.56
14283,4118,217,1,369.23,369.23
14284,4119,214,1,288.6,288.6
14285,4119,152,1,580.76,580.76
14286,4120,149,3,212.48,637.44
14287,4120,15,4,578.04,2312.16
14288,4120,32,2,610.06,1220.12
14289,4120,44,1,19.48,19.48
14290,4120,166,3,82.07,246.21
14291,4120,90,2,138.74,277.48
14292,4121,196,4,450.47,1801.88
14293,4121,110,4,524.57,2098.28
14294,4121,51,3,555.78,1667.34
14295,4121,80,2,24.61,49.22
14296,4121,65,1,346.0,346.0
14297,4121,171,2,242.88,485.76
14298,4122,233,3,275.42,826.26
14299,4123,157,4,28.92,115.68
14300,4123,106,4,162.6,650.4
14301,4123,15,2,578.04,1156.08
14302,4123,160,2,275.73,551.46
14303,4123,234,1,244.66,244.66
14304,4123,52,1,135.78,135.78
14305,4124,76,2,450.31,900.62
14306,4124,128,3,197.5,592.5
14307,4124,207,1,490.29,490.29
14308,4124,189,3,603.72,1811.16
14309,4124,49,1,529.8,529.8
14310,4125,72,2,91.12,182.24
14311,4125,45,4,118.21,472.84
14312,4125,178,1,505.3,505.3
14313,4125,65,3,346.0,1038.0
14314,4126,87,4,509.91,2039.64
14315,4126,109,3,383.43,1150.29
14316,4127,13,3,249.16,747.48
14317,4127,181,4,314.93,1259.72
14318,4127,174,3,460.49,1381.47
14319,4127,248,4,188.2,752.8
14320,4127,67,1,136.1,136.1
14321,4128,220,3,168.03,504.09
14322,4128,64,1,110.72,110.72
14323,4128,16,4,70.43,281.72
14324,4129,132,3,330.55,991.65
14325,4129,211,1,556.48,556.48
14326,4129,67,2,136.1,272.2
14327,4129,25,1,277.57,277.57
14328,4129,225,1,242.67,242.67
14329,4130,106,4,162.6,650.4
14330,4130,110,3,524.57,1573.71
14331,4130,98,4,209.33,837.32
14332,4130,215,2,238.44,476.88
14333,4130,185,1,339.64,339.64
14334,4130,99,4,205.29,821.16
14335,4131,228,4,380.46,1521.84
14336,4131,67,1,136.1,136.1
14337,4131,25,4,277.57,1110.28
14338,4131,235,4,172.77,691.08
14339,4132,220,1,168.03,168.03
14340,4133,242,1,131.89,131.89
14341,4133,154,1,342.09,342.09
14342,4133,113,3,411.77,1235.31
14343,4133,176,2,405.74,811.48
14344,4133,77,3,377.42,1132.26
14345,4134,184,1,201.3,201.3
14346,4134,20,1,605.41,605.41
14347,4135,37,4,43.6,174.4
14348,4135,18,4,55.2,220.8
14349,4135,160,2,275.73,551.46
14350,4135,107,2,233.92,467.84
14351,4135,195,4,117.88,471.52
14352,4136,52,4,135.78,543.12
14353,4136,126,4,291.18,1164.72
14354,4137,62,3,185.84,557.52
14355,4137,22,4,125.76,503.04
14356,4137,124,2,388.77,777.54
14357,4137,180,2,394.23,788.46
14358,4137,208,3,350.34,1051.02
14359,4138,132,4,330.55,1322.2
14360,4138,200,1,558.08,558.08
14361,4139,81,2,51.32,102.64
14362,4139,97,2,316.97,633.94
14363,4139,25,4,277.57,1110.28
14364,4140,137,3,205.25,615.75
14365,4140,111,2,123.73,247.46
14366,4140,138,4,371.13,1484.52
14367,4140,205,4,383.07,1532.28
14368,4140,192,4,183.66,734.64
14369,4141,131,1,21.58,21.58
14370,4141,240,1,253.55,253.55
14371,4142,35,2,404.22,808.44
14372,4142,141,3,133.58,400.74
14373,4142,26,4,478.23,1912.92
14374,4142,97,4,316.97,1267.88
14375,4143,22,4,125.76,503.04
14376,4143,203,4,362.8,1451.2
14377,4143,10,3,330.8,992.4
14378,4144,204,3,207.96,623.88
14379,4144,142,4,45.22,180.88
14380,4144,128,1,197.5,197.5
14381,4144,25,4,277.57,1110.28
14382,4145,47,3,595.74,1787.22
14383,4145,108,1,378.79,378.79
14384,4145,123,3,235.89,707.67
14385,4145,160,2,275.73,551.46
14386,4146,114,4,270.25,1081.0
14387,4146,193,3,164.42,493.26
14388,4146,158,4,479.14,1916.56
14389,4146,25,1,277.57,277.57
14390,4146,168,2,316.03,632.06
14391,4146,89,3,152.92,458.76
14392,4147,191,4,410.67,1642.68
14393,4147,26,3,478.23,1434.69
14394,4147,163,1,268.64,268.64
14395,4147,222,1,81.41,81.41
14396,4148,104,1,287.63,287.63
14397,4148,107,3,233.92,701.76
14398,4148,23,1,276.19,276.19
14399,4148,206,3,225.13,675.39
14400,4148,217,4,369.23,1476.92
14401,4149,198,2,351.95,703.9
14402,4149,129,4,293.5,1174.0
14403,4149,135,4,298.38,1193.52
14404,4150,128,4,197.5,790.0
14405,4150,89,4,152.92,611.68
14406,4150,3,4,142.45,569.8
14407,4150,34,4,43.41,173.64
14408,4150,13,4,249.16,996.64
14409,4151,16,4,70.43,281.72
14410,4152,142,1,45.22,45.22
14411,4153,159,1,223.33,223.33
14412,4153,152,4,580.76,2323.04
14413,4154,170,3,287.23,861.69
14414,4154,41,2,245.1,490.2
14415,4154,101,3,57.39,172.17
14416,4154,233,3,275.42,826.26
14417,4154,116,4,108.97,435.88
14418,4154,250,4,34.9,139.6
14419,4155,169,4,382.14,1528.56
14420,4155,28,2,434.23,868.46
14421,4155,27,1,238.78,238.78
14422,4156,104,1,287.63,287.63
14423,4157,210,1,141.37,141.37
14424,4157,140,2,359.22,718.44
14425,4157,196,1,450.47,450.47
14426,4157,83,3,550.53,1651.59
14427,4157,183,4,147.46,589.84
14428,4158,135,3,298.38,895.14
14429,4158,16,2,70.43,140.86
14430,4158,154,2,342.09,684.18
14431,4158,119,2,142.86,285.72
14432,4158,157,3,28.92,86.76
14433,4158,162,4,386.04,1544.16
14434,4159,66,3,87.24,261.72
14435,4159,167,4,74.71,298.84
14436,4159,215,3,238.44,715.32
14437,4159,89,1,152.92,152.92
14438,4159,227,1,454.43,454.43
14439,4159,125,3,211.24,633.72
14440,4160,244,1,423.65,423.65
14441,4160,62,3,185.84,557.52
14442,4160,112,2,186.06,372.12
14443,4161,160,4,275.73,1102.92
14444,4161,218,2,126.69,253.38
14445,4161,67,1,136.1,136.1
14446,4161,131,2,21.58,43.16
14447,4161,230,1,350.4,350.4
14448,4161,211,1,556.48,556.48
14449,4162,146,2,118.88,237.76
14450,4162,144,1,47.39,47.39
14451,4163,239,2,38.46,76.92
14452,4163,207,3,490.29,1470.87
14453,4163,13,1,249.16,249.16
14454,4163,65,4,346.0,1384.0
14455,4163,45,2,118.21,236.42
14456,4164,223,1,449.24,449.24
14457,4164,151,3,72.21,216.63
14458,4164,183,1,147.46,147.46
14459,4164,189,4,603.72,2414.88
14460,4164,250,4,34.9,139.6
14461,4164,117,1,300.72,300.72
14462,4165,85,1,164.19,164.19
14463,4166,106,2,162.6,325.2
14464,4166,5,4,148.93,595.72
14465,4167,218,4,126.69,506.76
14466,4167,141,4,133.58,534.32
14467,4168,25,2,277.57,555.14
14468,4168,224,2,79.62,159.24
14469,4168,1,4,541.39,2165.56
14470,4169,102,4,196.56,786.24
14471,4170,177,1,245.43,245.43
14472,4170,57,3,128.38,385.14
14473,4170,65,3,346.0,1038.0
14474,4170,210,4,141.37,565.48
14475,4170,12,4,589.84,2359.36
14476,4171,22,3,125.76,377.28
14477,4171,52,2,135.78,271.56
14478,4171,217,1,369.23,369.23
14479,4171,95,2,320.04,640.08
14480,4171,6,1,478.9,478.9
14481,4171,133,2,310.77,621.54
14482,4172,136,2,299.97,599.94
14483,4172,106,2,162.6,325.2
14484,4172,188,3,503.7,1511.1
14485,4173,191,3,410.67,1232.01
14486,4173,13,4,249.16,996.64
14487,4173,169,3,382.14,1146.42
14488,4174,198,3,351.95,1055.85
14489,4174,169,2,382.14,764.28
14490,4174,24,2,28.9,57.8
14491,4174,84,1,124.27,124.27
14492,4174,116,2,108.97,217.94
14493,4174,93,1,296.33,296.33
14494,4175,70,4,473.53,1894.12
14495,4175,9,4,553.14,2212.56
14496,4175,57,2,128.38,256.76
14497,4175,170,2,287.23,574.46
14498,4175,203,1,362.8,362.8
14499,4175,8,2,427.33,854.66
14500,4176,9,1,553.14,553.14
14501,4176,183,3,147.46,442.38
14502,4177,171,3,242.88,728.64
14503,4177,28,2,434.23,868.46
14504,4178,17,2,555.46,1110.92
14505,4178,127,3,240.8,722.4
14506,4178,37,4,43.6,174.4
14507,4179,217,2,369.23,738.46
14508,4180,242,3,131.89,395.67
14509,4180,190,4,378.5,1514.0
14510,4180,100,2,340.15,680.3
14511,4181,207,3,490.29,1470.87
14512,4181,203,2,362.8,725.6
14513,4181,37,2,43.6,87.2
14514,4182,213,3,266.98,800.94
14515,4182,16,4,70.43,281.72
14516,4182,190,4,378.5,1514.0
14517,4182,212,3,454.26,1362.78
14518,4183,32,4,610.06,2440.24
14519,4183,166,2,82.07,164.14
14520,4184,182,1,214.08,214.08
14521,4184,145,3,362.85,1088.55
14522,4184,202,2,467.78,935.56
14523,4185,178,3,505.3,1515.9
14524,4185,131,2,21.58,43.16
14525,4185,110,4,524.57,2098.28
14526,4185,134,3,224.13,672.39
14527,4186,220,1,168.03,168.03
14528,4186,14,3,301.65,904.95
14529,4187,182,1,214.08,214.08
14530,4187,142,4,45.22,180.88
14531,4188,245,4,170.03,680.12
14532,4188,219,3,383.42,1150.26
14533,4188,138,4,371.13,1484.52
14534,4188,54,4,60.89,243.56
14535,4188,76,2,450.31,900.62
14536,4189,215,1,238.44,238.44
14537,4190,228,3,380.46,1141.38
14538,4190,157,3,28.92,86.76
14539,4190,205,3,383.07,1149.21
14540,4190,43,2,349.47,698.94
14541,4190,245,1,170.03,170.03
14542,4191,78,2,302.79,605.58
14543,4191,123,1,235.89,235.89
14544,4191,144,1,47.39,47.39
14545,4191,67,1,136.1,136.1
14546,4191,80,4,24.61,98.44
14547,4191,169,1,382.14,382.14
14548,4192,78,2,302.79,605.58
14549,4192,60,1,556.59,556.59
14550,4192,205,2,383.07,766.14
14551,4192,74,4,355.67,1422.68
14552,4192,140,2,359.22,718.44
14553,4193,190,2,378.5,757.0
14554,4193,70,1,473.53,473.53
14555,4193,36,1,90.32,90.32
14556,4193,239,1,38.46,38.46
14557,4194,177,1,245.43,245.43
14558,4194,231,3,265.93,797.79
14559,4194,99,4,205.29,821.16
14560,4194,69,2,297.02,594.04
14561,4194,248,1,188.2,188.2
14562,4194,249,2,375.32,750.64
14563,4195,48,2,355.11,710.22
14564,4195,64,4,110.72,442.88
14565,4195,181,4,314.93,1259.72
14566,4195,47,1,595.74,595.74
14567,4195,103,2,234.96,469.92
14568,4196,249,1,375.32,375.32
14569,4196,181,1,314.93,314.93
14570,4196,116,3,108.97,326.91
14571,4196,183,2,147.46,294.92
14572,4196,134,3,224.13,672.39
14573,4197,28,1,434.23,434.23
14574,4197,116,2,108.97,217.94
14575,4197,131,2,21.58,43.16
14576,4198,239,2,38.46,76.92
14577,4198,46,1,188.18,188.18
14578,4198,93,2,296.33,592.66
14579,4198,136,3,299.97,899.91
14580,4199,155,4,219.1,876.4
14581,4199,243,2,358.78,717.56
14582,4199,80,1,24.61,24.61
14583,4199,7,1,53.23,53.23
14584,4200,192,2,183.66,367.32
14585,4201,107,4,233.92,935.68
14586,4201,77,4,377.42,1509.68
14587,4202,38,4,511.93,2047.72
14588,4202,89,4,152.92,611.68
14589,4202,75,1,256.79,256.79
14590,4202,224,2,79.62,159.24
14591,4203,52,3,135.78,407.34
14592,4203,247,3,32.63,97.89
14593,4203,122,4,313.49,1253.96
14594,4203,180,1,394.23,394.23
14595,4203,109,4,383.43,1533.72
14596,4204,54,3,60.89,182.67
14597,4204,44,2,19.48,38.96
14598,4204,84,4,124.27,497.08
14599,4204,45,1,118.21,118.21
14600,4204,33,1,102.45,102.45
14601,4204,217,3,369.23,1107.69
14602,4205,86,1,431.1,431.1
14603,4206,21,2,574.25,1148.5
14604,4206,155,2,219.1,438.2
14605,4206,223,3,449.24,1347.72
14606,4206,47,1,595.74,595.74
14607,4207,71,4,594.55,2378.2
14608,4207,86,4,431.1,1724.4
14609,4207,155,3,219.1,657.3
14610,4207,246,1,307.14,307.14
14611,4207,132,1,330.55,330.55
14612,4207,88,2,347.53,695.06
14613,4208,7,1,53.23,53.23
14614,4209,76,2,450.31,900.62
14615,4209,66,3,87.24,261.72
14616,4209,190,2,378.5,757.0
14617,4209,11,1,312.03,312.03
14618,4210,235,4,172.77,691.08
14619,4210,69,1,297.02,297.02
14620,4210,225,1,242.67,242.67
14621,4210,189,4,603.72,2414.88
14622,4211,147,1,50.11,50.11
14623,4211,164,1,320.2,320.2
14624,4211,24,2,28.9,57.8
14625,4212,100,2,340.15,680.3
14626,4212,188,4,503.7,2014.8
14627,4212,70,2,473.53,947.06
14628,4212,21,4,574.25,2297.0
14629,4212,62,3,185.84,557.52
14630,4212,58,1,307.4,307.4
14631,4213,46,3,188.18,564.54
14632,4213,1,1,541.39,541.39
14633,4213,209,2,101.66,203.32
14634,4214,217,3,369.23,1107.69
14635,4214,193,1,164.42,164.42
14636,4214,41,4,245.1,980.4
14637,4214,125,1,211.24,211.24
14638,4214,62,4,185.84,743.36
14639,4215,143,3,155.0,465.0
14640,4215,74,3,355.67,1067.01
14641,4215,60,1,556.59,556.59
14642,4216,116,3,108.97,326.91
14643,4216,100,2,340.15,680.3
14644,4216,111,2,123.73,247.46
14645,4216,14,2,301.65,603.3
14646,4216,45,3,118.21,354.63
14647,4216,132,2,330.55,661.1
14648,4217,55,3,215.38,646.14
14649,4218,155,3,219.1,657.3
14650,4218,222,4,81.41,325.64
14651,4218,73,1,200.84,200.84
14652,4218,11,2,312.03,624.06
14653,4219,208,1,350.34,350.34
14654,4219,88,3,347.53,1042.59
14655,4219,22,4,125.76,503.04
14656,4220,208,4,350.34,1401.36
14657,4220,17,4,555.46,2221.84
14658,4220,132,2,330.55,661.1
14659,4220,150,4,377.06,1508.24
14660,4221,114,4,270.25,1081.0
14661,4221,195,3,117.88,353.64
14662,4222,122,3,313.49,940.47
14663,4222,218,4,126.69,506.76
14664,4222,209,2,101.66,203.32
14665,4222,78,3,302.79,908.37
14666,4222,48,4,355.11,1420.44
14667,4222,44,4,19.48,77.92
14668,4223,139,3,250.55,751.65
14669,4223,183,4,147.46,589.84
14670,4223,128,3,197.5,592.5
14671,4223,191,4,410.67,1642.68
14672,4224,114,4,270.25,1081.0
14673,4224,140,4,359.22,1436.88
14674,4224,167,4,74.71,298.84
14675,4224,31,4,499.38,1997.52
14676,4224,245,2,170.03,340.06
14677,4224,238,3,262.67,788.01
14678,4225,82,2,212.44,424.88
14679,4226,132,3,330.55,991.65
14680,4226,3,2,142.45,284.9
14681,4226,210,1,141.37,141.37
14682,4227,39,4,116.92,467.68
14683,4227,26,3,478.23,1434.69
14684,4227,18,4,55.2,220.8
14685,4227,69,3,297.02,891.06
14686,4228,250,4,34.9,139.6
14687,4228,111,2,123.73,247.46
14688,4228,31,4,499.38,1997.52
14689,4228,188,1,503.7,503.7
14690,4229,96,4,541.36,2165.44
14691,4229,143,4,155.0,620.0
14692,4229,78,3,302.79,908.37
14693,4229,193,1,164.42,164.42
14694,4229,128,3,197.5,592.5
14695,4230,83,2,550.53,1101.06
14696,4230,248,3,188.2,564.6
14697,4231,23,3,276.19,828.57
14698,4232,60,1,556.59,556.59
14699,4232,211,4,556.48,2225.92
14700,4232,134,1,224.13,224.13
14701,4232,204,1,207.96,207.96
14702,4232,55,2,215.38,430.76
14703,4232,169,3,382.14,1146.42
14704,4233,92,3,411.95,1235.85
14705,4233,152,3,580.76,1742.28
14706,4233,219,2,383.42,766.84
14707,4234,51,3,555.78,1667.34
14708,4234,66,3,87.24,261.72
14709,4235,98,3,209.33,627.99
14710,4235,220,2,168.03,336.06
14711,4235,46,1,188.18,188.18
14712,4235,94,4,512.7,2050.8
14713,4236,196,2,450.47,900.94
14714,4236,129,3,293.5,880.5
14715,4237,62,3,185.84,557.52
14716,4237,61,2,374.3,748.6
14717,4238,85,4,164.19,656.76
14718,4238,65,4,346.0,1384.0
14719,4238,69,3,297.02,891.06
14720,4238,107,1,233.92,233.92
14721,4239,220,3,168.03,504.09
14722,4239,212,3,454.26,1362.78
14723,4239,106,1,162.6,162.6
14724,4239,114,2,270.25,540.5
14725,4239,108,2,378.79,757.58
14726,4240,158,1,479.14,479.14
14727,4240,74,4,355.67,1422.68
14728,4240,240,4,253.55,1014.2
14729,4241,185,2,339.64,679.28
14730,4241,55,2,215.38,430.76
14731,4242,192,3,183.66,550.98
14732,4242,149,3,212.48,637.44
14733,4243,87,1,509.91,509.91
14734,4244,18,3,55.2,165.6
14735,4244,216,2,101.25,202.5
14736,4245,213,1,266.98,266.98
14737,4245,98,4,209.33,837.32
14738,4245,113,2,411.77,823.54
14739,4245,81,1,51.32,51.32
14740,4245,198,3,351.95,1055.85
14741,4246,105,3,58.11,174.33
14742,4246,165,3,235.2,705.6
14743,4246,127,1,240.8,240.8
14744,4246,60,1,556.59,556.59
14745,4247,39,4,116.92,467.68
14746,4247,54,4,60.89,243.56
14747,4247,22,3,125.76,377.28
14748,4247,165,1,235.2,235.2
14749,4247,173,3,303.56,910.68
14750,4247,156,1,234.14,234.14
14751,4248,133,1,310.77,310.77
14752,4249,5,4,148.93,595.72
14753,4250,242,4,131.89,527.56
14754,4250,179,1,200.78,200.78
14755,4250,81,1,51.32,51.32
14756,4250,8,2,427.33,854.66
14757,4250,235,4,172.77,691.08
14758,4250,79,3,440.1,1320.3
14759,4251,44,1,19.48,19.48
14760,4251,203,2,362.8,725.6
14761,4252,124,3,388.77,1166.31
14762,4252,179,1,200.78,200.78
14763,4252,164,1,320.2,320.2
14764,4252,208,2,350.34,700.68
14765,4252,136,4,299.97,1199.88
14766,4252,188,4,503.7,2014.8
14767,4253,172,2,244.65,489.3
14768,4254,34,1,43.41,43.41
14769,4255,199,3,94.94,284.82
14770,4255,13,1,249.16,249.16
14771,4255,171,1,242.88,242.88
14772,4256,206,3,225.13,675.39
14773,4256,130,4,60.89,243.56
14774,4256,12,1,589.84,589.84
14775,4256,8,2,427.33,854.66
14776,4257,78,2,302.79,605.58
14777,4258,44,1,19.48,19.48
14778,4258,25,3,277.57,832.71
14779,4258,218,2,126.69,253.38
14780,4258,35,3,404.22,1212.66
14781,4258,75,2,256.79,513.58
14782,4259,196,1,450.47,450.47
14783,4259,230,1,350.4,350.4
14784,4259,226,4,137.54,550.16
14785,4259,124,4,388.77,1555.08
14786,4260,245,4,170.03,680.12
14787,4260,9,2,553.14,1106.28
14788,4261,98,1,209.33,209.33
14789,4261,119,4,142.86,571.44
14790,4261,238,3,262.67,788.01
14791,4261,137,4,205.25,821.0
14792,4261,75,4,256.79,1027.16
14793,4261,174,3,460.49,1381.47
14794,4262,98,4,209.33,837.32
14795,4262,78,1,302.79,302.79
14796,4263,58,1,307.4,307.4
14797,4264,67,3,136.1,408.3
14798,4264,181,4,314.93,1259.72
14799,4265,220,1,168.03,168.03
14800,4265,131,2,21.58,43.16
14801,4265,162,3,386.04,1158.12
14802,4265,150,4,377.06,1508.24
14803,4265,21,3,574.25,1722.75
14804,4265,31,4,499.38,1997.52
14805,4266,185,4,339.64,1358.56
14806,4266,105,4,58.11,232.44
14807,4266,21,4,574.25,2297.0
14808,4266,96,2,541.36,1082.72
14809,4266,49,2,529.8,1059.6
14810,4267,27,1,238.78,238.78
14811,4267,241,4,205.2,820.8
14812,4267,243,4,358.78,1435.12
14813,4267,57,3,128.38,385.14
14814,4267,98,1,209.33,209.33
14815,4267,83,2,550.53,1101.06
14816,4268,126,2,291.18,582.36
14817,4269,5,4,148.93,595.72
14818,4269,82,1,212.44,212.44
14819,4269,34,4,43.41,173.64
14820,4270,250,2,34.9,69.8
14821,4270,177,2,245.43,490.86
14822,4270,158,1,479.14,479.14
14823,4270,221,1,627.82,627.82
14824,4270,159,3,223.33,669.99
14825,4271,11,1,312.03,312.03
14826,4271,38,3,511.93,1535.79
14827,4271,237,4,52.77,211.08
14828,4271,64,2,110.72,221.44
14829,4271,99,1,205.29,205.29
14830,4272,249,1,375.32,375.32
14831,4272,105,4,58.11,232.44
14832,4272,227,4,454.43,1817.72
14833,4272,114,4,270.25,1081.0
14834,4273,225,1,242.67,242.67
14835,4274,40,2,450.37,900.74
14836,4274,250,4,34.9,139.6
14837,4274,139,1,250.55,250.55
14838,4274,21,3,574.25,1722.75
14839,4274,191,3,410.67,1232.01
14840,4274,183,1,147.46,147.46
14841,4275,112,2,186.06,372.12
14842,4275,80,3,24.61,73.83
14843,4275,194,3,521.07,1563.21
14844,4275,228,4,380.46,1521.84
14845,4276,128,3,197.5,592.5
14846,4276,192,2,183.66,367.32
14847,4276,140,2,359.22,718.44
14848,4276,79,4,440.1,1760.4
14849,4276,96,3,541.36,1624.08
14850,4277,10,1,330.8,330.8
14851,4278,2,3,363.88,1091.64
14852,4278,19,3,464.34,1393.02
14853,4278,29,4,218.87,875.48
14854,4278,156,4,234.14,936.56
14855,4278,75,2,256.79,513.58
14856,4278,48,1,355.11,355.11
14857,4279,226,1,137.54,137.54
14858,4279,232,4,494.33,1977.32
14859,4280,178,3,505.3,1515.9
14860,4280,47,4,595.74,2382.96
14861,4280,230,4,350.4,1401.6
14862,4280,89,3,152.92,458.76
14863,4281,106,1,162.6,162.6
14864,4282,186,3,232.01,696.03
14865,4282,190,3,378.5,1135.5
14866,4282,97,1,316.97,316.97
14867,4283,70,4,473.53,1894.12
14868,4283,107,3,233.92,701.76
14869,4283,125,3,211.24,633.72
14870,4283,154,4,342.09,1368.36
14871,4283,191,2,410.67,821.34
14872,4283,17,1,555.46,555.46
14873,4284,127,1,240.8,240.8
14874,4284,2,1,363.88,363.88
14875,4284,138,2,371.13,742.26
14876,4285,221,4,627.82,2511.28
14877,4285,205,3,383.07,1149.21
14878,4286,155,4,219.1,876.4
14879,4287,126,1,291.18,291.18
14880,4287,50,4,120.19,480.76
14881,4288,181,2,314.93,629.86
14882,4289,139,2,250.55,501.1
14883,4289,31,4,499.38,1997.52
14884,4289,147,2,50.11,100.22
14885,4289,246,2,307.14,614.28
14886,4290,211,2,556.48,1112.96
14887,4290,188,2,503.7,1007.4
14888,4291,116,3,108.97,326.91
14889,4291,207,1,490.29,490.29
14890,4291,99,3,205.29,615.87
14891,4291,184,1,201.3,201.3
14892,4291,51,3,555.78,1667.34
14893,4292,119,4,142.86,571.44
14894,4292,155,2,219.1,438.2
14895,4292,237,4,52.77,211.08
14896,4292,210,1,141.37,141.37
14897,4292,239,3,38.46,115.38
14898,4292,229,3,165.02,495.06
14899,4293,90,4,138.74,554.96
14900,4294,236,2,58.2,116.4
14901,4294,185,3,339.64,1018.92
14902,4294,38,4,511.93,2047.72
14903,4294,39,1,116.92,116.92
14904,4294,164,4,320.2,1280.8
14905,4294,191,3,410.67,1232.01
14906,4295,228,3,380.46,1141.38
14907,4295,32,1,610.06,610.06
14908,4295,123,3,235.89,707.67
14909,4295,143,3,155.0,465.0
14910,4295,164,4,320.2,1280.8
14911,4296,128,4,197.5,790.0
14912,4296,118,4,175.82,703.28
14913,4296,104,2,287.63,575.26
14914,4296,26,4,478.23,1912.92
14915,4297,194,4,521.07,2084.28
14916,4297,50,2,120.19,240.38
14917,4297,123,2,235.89,471.78
14918,4297,102,3,196.56,589.68
14919,4297,235,4,172.77,691.08
14920,4297,23,1,276.19,276.19
14921,4298,39,4,116.92,467.68
14922,4298,203,4,362.8,1451.2
14923,4298,29,2,218.87,437.74
14924,4299,234,2,244.66,489.32
14925,4299,95,3,320.04,960.12
14926,4299,243,3,358.78,1076.34
14927,4299,223,4,449.24,1796.96
14928,4299,169,4,382.14,1528.56
14929,4299,115,2,235.12,470.24
14930,4300,19,2,464.34,928.68
14931,4300,28,3,434.23,1302.69
14932,4300,132,4,330.55,1322.2
14933,4300,239,3,38.46,115.38
14934,4301,13,4,249.16,996.64
14935,4302,64,3,110.72,332.16
14936,4302,231,2,265.93,531.86
14937,4303,30,3,247.82,743.46
14938,4304,118,3,175.82,527.46
14939,4304,246,1,307.14,307.14
14940,4304,52,4,135.78,543.12
14941,4304,146,2,118.88,237.76
14942,4304,73,2,200.84,401.68
14943,4304,50,1,120.19,120.19
14944,4305,36,1,90.32,90.32
14945,4305,35,1,404.22,404.22
14946,4306,25,2,277.57,555.14
14947,4306,204,1,207.96,207.96
14948,4306,18,4,55.2,220.8
14949,4306,59,3,395.91,1187.73
14950,4307,57,3,128.38,385.14
14951,4307,137,2,205.25,410.5
14952,4307,75,3,256.79,770.37
14953,4307,175,2,93.86,187.72
14954,4307,8,4,427.33,1709.32
14955,4308,215,3,238.44,715.32
14956,4309,141,1,133.58,133.58
14957,4309,216,4,101.25,405.0
14958,4310,140,3,359.22,1077.66
14959,4310,220,2,168.03,336.06
14960,4310,42,2,132.01,264.02
14961,4310,128,3,197.5,592.5
14962,4310,66,1,87.24,87.24
14963,4310,182,3,214.08,642.24
14964,4311,218,4,126.69,506.76
14965,4311,225,1,242.67,242.67
14966,4311,148,3,497.64,1492.92
14967,4311,52,4,135.78,543.12
14968,4312,54,2,60.89,121.78
14969,4312,52,3,135.78,407.34
14970,4312,85,2,164.19,328.38
14971,4312,149,1,212.48,212.48
14972,4313,128,3,197.5,592.5
14973,4313,180,2,394.23,788.46
14974,4313,55,1,215.38,215.38
14975,4313,157,1,28.92,28.92
14976,4313,150,4,377.06,1508.24
14977,4313,67,2,136.1,272.2
14978,4314,51,4,555.78,2223.12
14979,4315,150,3,377.06,1131.18
14980,4315,51,3,555.78,1667.34
14981,4315,102,4,196.56,786.24
14982,4316,225,4,242.67,970.68
14983,4316,116,1,108.97,108.97
14984,4316,132,3,330.55,991.65
14985,4317,62,2,185.84,371.68
14986,4317,19,4,464.34,1857.36
14987,4317,119,4,142.86,571.44
14988,4317,103,2,234.96,469.92
14989,4317,216,1,101.25,101.25
14990,4318,57,1,128.38,128.38
14991,4318,15,4,578.04,2312.16
14992,4318,48,2,355.11,710.22
14993,4318,34,4,43.41,173.64
14994,4318,107,4,233.92,935.68
14995,4318,149,1,212.48,212.48
14996,4319,34,4,43.41,173.64
14997,4319,8,2,427.33,854.66
14998,4320,128,3,197.5,592.5
14999,4320,156,1,234.14,234.14
15000,4320,193,4,164.42,657.68
15001,4320,41,3,245.1,735.3
15002,4320,222,3,81.41,244.23
15003,4320,232,4,494.33,1977.32
15004,4321,43,3,349.47,1048.41
15005,4321,212,2,454.26,908.52
15006,4322,101,2,57.39,114.78
15007,4322,189,2,603.72,1207.44
15008,4322,241,4,205.2,820.8
15009,4322,29,2,218.87,437.74
15010,4322,247,4,32.63,130.52
15011,4323,247,3,32.63,97.89
15012,4323,28,3,434.23,1302.69
15013,4324,229,1,165.02,165.02
15014,4324,223,4,449.24,1796.96
15015,4324,13,3,249.16,747.48
15016,4324,184,2,201.3,402.6
15017,4325,51,1,555.78,555.78
15018,4325,82,2,212.44,424.88
15019,4325,146,1,118.88,118.88
15020,4325,246,1,307.14,307.14
15021,4326,201,2,496.81,993.62
15022,4326,65,3,346.0,1038.0
15023,4326,109,2,383.43,766.86
15024,4326,21,2,574.25,1148.5
15025,4327,176,3,405.74,1217.22
15026,4327,184,3,201.3,603.9
15027,4327,54,4,60.89,243.56
15028,4327,141,3,133.58,400.74
15029,4327,249,2,375.32,750.64
15030,4328,205,2,383.07,766.14
15031,4328,193,1,164.42,164.42
15032,4328,147,2,50.11,100.22
15033,4328,196,4,450.47,1801.88
15034,4329,108,4,378.79,1515.16
15035,4329,57,4,128.38,513.52
15036,4329,105,4,58.11,232.44
15037,4329,24,2,28.9,57.8
15038,4330,85,2,164.19,328.38
15039,4330,88,4,347.53,1390.12
15040,4330,195,3,117.88,353.64
15041,4330,229,2,165.02,330.04
15042,4330,45,4,118.21,472.84
15043,4331,87,2,509.91,1019.82
15044,4331,40,3,450.37,1351.11
15045,4331,126,1,291.18,291.18
15046,4331,69,2,297.02,594.04
15047,4331,195,3,117.88,353.64
15048,4332,46,1,188.18,188.18
15049,4332,13,3,249.16,747.48
15050,4333,36,2,90.32,180.64
15051,4333,105,3,58.11,174.33
15052,4333,181,2,314.93,629.86
15053,4333,149,4,212.48,849.92
15054,4333,131,2,21.58,43.16
15055,4333,184,1,201.3,201.3
15056,4334,163,1,268.64,268.64
15057,4334,43,3,349.47,1048.41
15058,4335,150,3,377.06,1131.18
15059,4335,55,3,215.38,646.14
15060,4335,193,4,164.42,657.68
15061,4335,103,4,234.96,939.84
15062,4335,176,2,405.74,811.48
15063,4336,177,2,245.43,490.86
15064,4337,250,3,34.9,104.7
15065,4338,138,3,371.13,1113.39
15066,4338,75,1,256.79,256.79
15067,4339,231,1,265.93,265.93
15068,4340,84,1,124.27,124.27
15069,4340,110,4,524.57,2098.28
15070,4340,76,1,450.31,450.31
15071,4340,60,4,556.59,2226.36
15072,4340,37,3,43.6,130.8
15073,4341,169,4,382.14,1528.56
15074,4341,99,3,205.29,615.87
15075,4342,243,1,358.78,358.78
15076,4342,203,3,362.8,1088.4
15077,4342,92,1,411.95,411.95
15078,4343,218,2,126.69,253.38
15079,4343,52,2,135.78,271.56
15080,4343,217,2,369.23,738.46
15081,4343,62,4,185.84,743.36
15082,4344,72,4,91.12,364.48
15083,4344,66,4,87.24,348.96
15084,4344,92,2,411.95,823.9
15085,4345,75,1,256.79,256.79
15086,4345,226,1,137.54,137.54
15087,4345,50,3,120.19,360.57
15088,4345,92,3,411.95,1235.85
15089,4345,110,4,524.57,2098.28
15090,4346,110,4,524.57,2098.28
15091,4346,15,1,578.04,578.04
15092,4346,93,1,296.33,296.33
15093,4346,134,3,224.13,672.39
15094,4347,176,3,405.74,1217.22
15095,4347,151,4,72.21,288.84
15096,4347,8,2,427.33,854.66
15097,4347,80,1,24.61,24.61
15098,4347,55,2,215.38,430.76
15099,4347,210,4,141.37,565.48
15100,4348,80,4,24.61,98.44
15101,4348,177,1,245.43,245.43
15102,4348,208,1,350.34,350.34
15103,4348,172,2,244.65,489.3
15104,4349,94,1,512.7,512.7
15105,4349,6,2,478.9,957.8
15106,4349,41,4,245.1,980.4
15107,4350,152,4,580.76,2323.04
15108,4350,209,3,101.66,304.98
15109,4350,83,1,550.53,550.53
15110,4350,184,3,201.3,603.9
15111,4350,93,4,296.33,1185.32
15112,4351,44,4,19.48,77.92
15113,4351,131,1,21.58,21.58
15114,4351,66,1,87.24,87.24
15115,4352,115,1,235.12,235.12
15116,4353,143,2,155.0,310.0
15117,4353,243,3,358.78,1076.34
15118,4353,120,1,32.48,32.48
15119,4354,180,1,394.23,394.23
15120,4354,91,3,187.63,562.89
15121,4354,110,4,524.57,2098.28
15122,4355,223,3,449.24,1347.72
15123,4356,74,3,355.67,1067.01
15124,4356,33,3,102.45,307.35
15125,4356,3,4,142.45,569.8
15126,4356,197,2,297.44,594.88
15127,4356,194,4,521.07,2084.28
15128,4357,200,4,558.08,2232.32
15129,4358,43,1,349.47,349.47
15130,4359,67,1,136.1,136.1
15131,4360,3,2,142.45,284.9
15132,4360,248,2,188.2,376.4
15133,4360,207,2,490.29,980.58
15134,4360,24,3,28.9,86.7
15135,4360,122,2,313.49,626.98
15136,4361,139,3,250.55,751.65
15137,4361,99,3,205.29,615.87
15138,4361,5,1,148.93,148.93
15139,4361,236,1,58.2,58.2
15140,4362,101,1,57.39,57.39
15141,4362,98,1,209.33,209.33
15142,4362,58,3,307.4,922.2
15143,4362,128,2,197.5,395.0
15144,4363,25,1,277.57,277.57
15145,4363,1,4,541.39,2165.56
15146,4363,239,1,38.46,38.46
15147,4363,219,4,383.42,1533.68
15148,4364,69,4,297.02,1188.08
15149,4365,180,3,394.23,1182.69
15150,4365,99,3,205.29,615.87
15151,4365,115,3,235.12,705.36
15152,4365,174,2,460.49,920.98
15153,4365,204,3,207.96,623.88
15154,4366,134,4,224.13,896.52
15155,4366,223,4,449.24,1796.96
15156,4366,59,3,395.91,1187.73
15157,4366,159,2,223.33,446.66
15158,4366,105,2,58.11,116.22
15159,4367,181,2,314.93,629.86
15160,4367,142,4,45.22,180.88
15161,4367,220,3,168.03,504.09
15162,4367,37,3,43.6,130.8
15163,4368,233,3,275.42,826.26
15164,4368,207,1,490.29,490.29
15165,4368,40,1,450.37,450.37
15166,4368,220,2,168.03,336.06
15167,4369,166,2,82.07,164.14
15168,4369,167,3,74.71,224.13
15169,4370,107,2,233.92,467.84
15170,4370,8,3,427.33,1281.99
15171,4370,129,3,293.5,880.5
15172,4370,235,2,172.77,345.54
15173,4370,151,1,72.21,72.21
15174,4371,85,2,164.19,328.38
15175,4372,22,2,125.76,251.52
15176,4372,159,2,223.33,446.66
15177,4372,197,4,297.44,1189.76
15178,4372,7,4,53.23,212.92
15179,4372,74,1,355.67,355.67
15180,4373,41,4,245.1,980.4
15181,4373,21,3,574.25,1722.75
15182,4373,68,3,188.28,564.84
15183,4373,138,2,371.13,742.26
15184,4374,14,3,301.65,904.95
15185,4374,31,1,499.38,499.38
15186,4374,197,2,297.44,594.88
15187,4374,160,3,275.73,827.19
15188,4374,3,2,142.45,284.9
15189,4375,126,1,291.18,291.18
15190,4375,210,2,141.37,282.74
15191,4376,27,2,238.78,477.56
15192,4377,100,1,340.15,340.15
15193,4377,118,1,175.82,175.82
15194,4377,149,4,212.48,849.92
15195,4377,99,2,205.29,410.58
15196,4378,164,2,320.2,640.4
15197,4378,183,2,147.46,294.92
15198,4378,169,3,382.14,1146.42
15199,4378,226,2,137.54,275.08
15200,4379,119,4,142.86,571.44
15201,4379,234,2,244.66,489.32
15202,4379,250,4,34.9,139.6
15203,4379,201,1,496.81,496.81
15204,4379,22,2,125.76,251.52
15205,4380,103,4,234.96,939.84
15206,4380,237,1,52.77,52.77
15207,4380,209,3,101.66,304.98
15208,4380,73,3,200.84,602.52
15209,4380,210,1,141.37,141.37
15210,4381,209,4,101.66,406.64
15211,4381,105,3,58.11,174.33
15212,4381,14,2,301.65,603.3
15213,4381,90,2,138.74,277.48
15214,4381,241,4,205.2,820.8
15215,4381,152,1,580.76,580.76
15216,4382,247,1,32.63,32.63
15217,4382,197,1,297.44,297.44
15218,4382,16,4,70.43,281.72
15219,4382,3,4,142.45,569.8
15220,4382,218,4,126.69,506.76
15221,4382,79,1,440.1,440.1
15222,4383,245,2,170.03,340.06
15223,4383,180,3,394.23,1182.69
15224,4384,80,4,24.61,98.44
15225,4384,213,1,266.98,266.98
15226,4384,163,1,268.64,268.64
15227,4385,202,1,467.78,467.78
15228,4386,151,2,72.21,144.42
15229,4386,200,4,558.08,2232.32
15230,4386,127,3,240.8,722.4
15231,4386,40,3,450.37,1351.11
15232,4386,7,4,53.23,212.92
15233,4386,77,3,377.42,1132.26
15234,4387,61,1,374.3,374.3
15235,4387,54,2,60.89,121.78
15236,4387,107,3,233.92,701.76
15237,4387,151,1,72.21,72.21
15238,4387,243,2,358.78,717.56
15239,4387,9,2,553.14,1106.28
15240,4388,178,3,505.3,1515.9
15241,4388,138,4,371.13,1484.52
15242,4388,200,1,558.08,558.08
15243,4388,228,3,380.46,1141.38
15244,4388,168,1,316.03,316.03
15245,4389,185,3,339.64,1018.92
15246,4389,16,1,70.43,70.43
15247,4389,234,3,244.66,733.98
15248,4390,47,3,595.74,1787.22
15249,4390,218,2,126.69,253.38
15250,4390,204,1,207.96,207.96
15251,4390,70,4,473.53,1894.12
15252,4390,228,2,380.46,760.92
15253,4391,130,1,60.89,60.89
15254,4392,5,2,148.93,297.86
15255,4392,84,2,124.27,248.54
15256,4392,30,3,247.82,743.46
15257,4392,120,4,32.48,129.92
15258,4393,215,4,238.44,953.76
15259,4393,189,2,603.72,1207.44
15260,4393,27,4,238.78,955.12
15261,4393,242,1,131.89,131.89
15262,4394,86,4,431.1,1724.4
15263,4394,129,2,293.5,587.0
15264,4394,158,1,479.14,479.14
15265,4394,42,4,132.01,528.04
15266,4394,45,3,118.21,354.63
15267,4394,194,4,521.07,2084.28
15268,4395,250,3,34.9,104.7
15269,4395,151,4,72.21,288.84
15270,4395,201,4,496.81,1987.24
15271,4395,18,1,55.2,55.2
15272,4395,172,1,244.65,244.65
15273,4395,184,2,201.3,402.6
15274,4396,141,3,133.58,400.74
15275,4396,57,2,128.38,256.76
15276,4396,44,4,19.48,77.92
15277,4397,59,3,395.91,1187.73
15278,4397,231,1,265.93,265.93
15279,4398,152,4,580.76,2323.04
15280,4398,158,1,479.14,479.14
15281,4399,185,2,339.64,679.28
15282,4399,223,1,449.24,449.24
15283,4399,197,2,297.44,594.88
15284,4399,162,1,386.04,386.04
15285,4399,12,3,589.84,1769.52
15286,4400,232,4,494.33,1977.32
15287,4400,215,4,238.44,953.76
15288,4400,240,3,253.55,760.65
15289,4401,60,2,556.59,1113.18
15290,4401,170,4,287.23,1148.92
15291,4401,181,2,314.93,629.86
15292,4401,120,2,32.48,64.96
15293,4402,157,1,28.92,28.92
15294,4402,10,1,330.8,330.8
15295,4402,61,4,374.3,1497.2
15296,4403,200,4,558.08,2232.32
15297,4403,155,3,219.1,657.3
15298,4404,203,1,362.8,362.8
15299,4404,69,3,297.02,891.06
15300,4404,202,3,467.78,1403.34
15301,4404,26,1,478.23,478.23
15302,4404,82,3,212.44,637.32
15303,4404,191,3,410.67,1232.01
15304,4405,67,3,136.1,408.3
15305,4405,94,2,512.7,1025.4
15306,4405,203,1,362.8,362.8
15307,4405,34,3,43.41,130.23
15308,4406,241,4,205.2,820.8
15309,4406,108,4,378.79,1515.16
15310,4407,234,2,244.66,489.32
15311,4407,72,1,91.12,91.12
15312,4407,243,1,358.78,358.78
15313,4407,45,3,118.21,354.63
15314,4408,133,3,310.77,932.31
15315,4409,125,2,211.24,422.48
15316,4409,15,1,578.04,578.04
15317,4409,206,4,225.13,900.52
15318,4409,222,1,81.41,81.41
15319,4410,118,2,175.82,351.64
15320,4411,67,4,136.1,544.4
15321,4411,77,3,377.42,1132.26
15322,4411,194,4,521.07,2084.28
15323,4411,31,3,499.38,1498.14
15324,4411,68,4,188.28,753.12
15325,4412,92,3,411.95,1235.85
15326,4412,120,1,32.48,32.48
15327,4412,179,3,200.78,602.34
15328,4412,245,4,170.03,680.12
15329,4412,102,4,196.56,786.24
15330,4413,8,3,427.33,1281.99
15331,4413,174,2,460.49,920.98
15332,4413,114,1,270.25,270.25
15333,4414,175,2,93.86,187.72
15334,4414,23,3,276.19,828.57
15335,4414,11,4,312.03,1248.12
15336,4414,93,4,296.33,1185.32
15337,4415,243,4,358.78,1435.12
15338,4415,102,2,196.56,393.12
15339,4415,67,3,136.1,408.3
15340,4415,60,3,556.59,1669.77
15341,4415,132,4,330.55,1322.2
15342,4415,54,3,60.89,182.67
15343,4416,100,4,340.15,1360.6
15344,4416,225,1,242.67,242.67
15345,4416,191,2,410.67,821.34
15346,4416,149,1,212.48,212.48
15347,4416,16,4,70.43,281.72
15348,4416,70,2,473.53,947.06
15349,4417,47,3,595.74,1787.22
15350,4417,112,3,186.06,558.18
15351,4417,87,4,509.91,2039.64
15352,4417,70,2,473.53,947.06
15353,4418,148,4,497.64,1990.56
15354,4418,71,2,594.55,1189.1
15355,4418,164,4,320.2,1280.8
15356,4418,108,3,378.79,1136.37
15357,4419,157,4,28.92,115.68
15358,4419,10,3,330.8,992.4
15359,4420,68,4,188.28,753.12
15360,4420,164,2,320.2,640.4
15361,4420,96,3,541.36,1624.08
15362,4421,129,1,293.5,293.5
15363,4421,108,4,378.79,1515.16
15364,4421,16,2,70.43,140.86
15365,4422,92,2,411.95,823.9
15366,4423,129,4,293.5,1174.0
15367,4423,206,4,225.13,900.52
15368,4424,234,2,244.66,489.32
15369,4424,208,2,350.34,700.68
15370,4425,21,1,574.25,574.25
15371,4425,66,4,87.24,348.96
15372,4425,48,1,355.11,355.11
15373,4425,36,4,90.32,361.28
15374,4426,170,1,287.23,287.23
15375,4426,216,1,101.25,101.25
15376,4426,96,4,541.36,2165.44
15377,4426,203,2,362.8,725.6
15378,4426,43,2,349.47,698.94
15379,4426,180,1,394.23,394.23
15380,4427,171,1,242.88,242.88
15381,4428,23,3,276.19,828.57
15382,4428,25,3,277.57,832.71
15383,4428,198,1,351.95,351.95
15384,4428,149,1,212.48,212.48
15385,4428,95,3,320.04,960.12
15386,4428,107,4,233.92,935.68
15387,4429,81,4,51.32,205.28
15388,4430,48,1,355.11,355.11
15389,4430,41,1,245.1,245.1
15390,4430,245,1,170.03,170.03
15391,4430,160,1,275.73,275.73
15392,4430,46,1,188.18,188.18
15393,4430,242,1,131.89,131.89
15394,4431,90,4,138.74,554.96
15395,4431,162,3,386.04,1158.12
15396,4431,158,4,479.14,1916.56
15397,4431,73,1,200.84,200.84
15398,4432,37,1,43.6,43.6
15399,4432,143,3,155.0,465.0
15400,4432,70,1,473.53,473.53
15401,4433,103,2,234.96,469.92
15402,4433,209,2,101.66,203.32
15403,4434,141,2,133.58,267.16
15404,4435,215,2,238.44,476.88
15405,4435,164,4,320.2,1280.8
15406,4436,100,2,340.15,680.3
15407,4436,142,2,45.22,90.44
15408,4436,20,4,605.41,2421.64
15409,4436,103,3,234.96,704.88
15410,4436,211,2,556.48,1112.96
15411,4437,247,3,32.63,97.89
15412,4437,16,1,70.43,70.43
15413,4437,109,2,383.43,766.86
15414,4438,47,1,595.74,595.74
15415,4438,168,3,316.03,948.09
15416,4438,119,3,142.86,428.58
15417,4438,33,1,102.45,102.45
15418,4439,159,4,223.33,893.32
15419,4439,8,4,427.33,1709.32
15420,4439,215,1,238.44,238.44
15421,4440,54,1,60.89,60.89
15422,4440,80,4,24.61,98.44
15423,4440,45,1,118.21,118.21
15424,4440,134,2,224.13,448.26
15425,4440,91,4,187.63,750.52
15426,4440,158,4,479.14,1916.56
15427,4441,76,2,450.31,900.62
15428,4442,31,1,499.38,499.38
15429,4442,175,4,93.86,375.44
15430,4442,40,1,450.37,450.37
15431,4442,250,4,34.9,139.6
15432,4442,12,2,589.84,1179.68
15433,4443,174,2,460.49,920.98
15434,4443,137,1,205.25,205.25
15435,4443,245,3,170.03,510.09
15436,4444,155,3,219.1,657.3
15437,4444,224,1,79.62,79.62
15438,4444,15,2,578.04,1156.08
15439,4444,211,2,556.48,1112.96
15440,4445,43,2,349.47,698.94
15441,4446,62,3,185.84,557.52
15442,4446,9,3,553.14,1659.42
15443,4447,208,4,350.34,1401.36
15444,4447,26,1,478.23,478.23
15445,4448,215,4,238.44,953.76
15446,4448,49,3,529.8,1589.4
15447,4448,202,4,467.78,1871.12
15448,4448,192,1,183.66,183.66
15449,4448,143,1,155.0,155.0
15450,4448,126,3,291.18,873.54
15451,4449,230,3,350.4,1051.2
15452,4449,160,2,275.73,551.46
15453,4449,186,4,232.01,928.04
15454,4450,4,4,352.75,1411.0
15455,4450,126,3,291.18,873.54
15456,4450,139,2,250.55,501.1
15457,4450,184,1,201.3,201.3
15458,4450,1,4,541.39,2165.56
15459,4451,107,3,233.92,701.76
15460,4451,70,4,473.53,1894.12
15461,4451,124,2,388.77,777.54
15462,4452,48,4,355.11,1420.44
15463,4453,180,4,394.23,1576.92
15464,4453,213,3,266.98,800.94
15465,4454,229,2,165.02,330.04
15466,4454,141,2,133.58,267.16
15467,4454,12,1,589.84,589.84
15468,4454,65,2,346.0,692.0
15469,4455,116,1,108.97,108.97
15470,4455,50,3,120.19,360.57
15471,4455,118,1,175.82,175.82
15472,4455,221,2,627.82,1255.64
15473,4456,175,4,93.86,375.44
15474,4456,106,1,162.6,162.6
15475,4456,101,1,57.39,57.39
15476,4457,240,2,253.55,507.1
15477,4457,66,1,87.24,87.24
15478,4457,12,3,589.84,1769.52
15479,4457,8,1,427.33,427.33
15480,4458,54,3,60.89,182.67
15481,4458,174,3,460.49,1381.47
15482,4458,86,3,431.1,1293.3
15483,4458,48,2,355.11,710.22
15484,4459,249,2,375.32,750.64
15485,4459,139,1,250.55,250.55
15486,4459,28,3,434.23,1302.69
15487,4459,27,2,238.78,477.56
15488,4459,206,3,225.13,675.39
15489,4459,55,4,215.38,861.52
15490,4460,247,3,32.63,97.89
15491,4460,104,1,287.63,287.63
15492,4460,139,4,250.55,1002.2
15493,4460,159,2,223.33,446.66
15494,4460,220,4,168.03,672.12
15495,4460,197,1,297.44,297.44
15496,4461,42,2,132.01,264.02
15497,4461,25,4,277.57,1110.28
15498,4461,84,1,124.27,124.27
15499,4461,144,2,47.39,94.78
15500,4462,124,2,388.77,777.54
15501,4462,36,3,90.32,270.96
15502,4462,130,3,60.89,182.67
15503,4463,19,4,464.34,1857.36
15504,4463,240,3,253.55,760.65
15505,4463,91,1,187.63,187.63
15506,4463,216,1,101.25,101.25
15507,4464,236,1,58.2,58.2
15508,4464,50,3,120.19,360.57
15509,4464,36,4,90.32,361.28
15510,4464,100,4,340.15,1360.6
15511,4464,25,4,277.57,1110.28
15512,4465,143,3,155.0,465.0
15513,4465,69,1,297.02,297.02
15514,4466,244,2,423.65,847.3
15515,4467,196,3,450.47,1351.41
15516,4467,197,4,297.44,1189.76
15517,4467,52,4,135.78,543.12
15518,4467,213,1,266.98,266.98
15519,4467,57,1,128.38,128.38
15520,4468,207,1,490.29,490.29
15521,4469,232,1,494.33,494.33
15522,4469,11,1,312.03,312.03
15523,4470,146,2,118.88,237.76
15524,4470,172,4,244.65,978.6
15525,4471,28,2,434.23,868.46
15526,4471,249,4,375.32,1501.28
15527,4471,180,3,394.23,1182.69
15528,4471,106,2,162.6,325.2
15529,4471,3,1,142.45,142.45
15530,4472,115,3,235.12,705.36
15531,4473,212,1,454.26,454.26
15532,4473,79,1,440.1,440.1
15533,4473,90,1,138.74,138.74
15534,4473,91,4,187.63,750.52
15535,4473,92,1,411.95,411.95
15536,4473,222,4,81.41,325.64
15537,4474,66,2,87.24,174.48
15538,4474,219,3,383.42,1150.26
15539,4474,98,1,209.33,209.33
15540,4474,39,2,116.92,233.84
15541,4474,61,4,374.3,1497.2
15542,4475,152,1,580.76,580.76
15543,4476,190,2,378.5,757.0
15544,4476,23,2,276.19,552.38
15545,4476,198,4,351.95,1407.8
15546,4477,174,4,460.49,1841.96
15547,4477,43,1,349.47,349.47
15548,4477,212,1,454.26,454.26
15549,4477,46,2,188.18,376.36
15550,4478,125,3,211.24,633.72
15551,4478,76,2,450.31,900.62
15552,4478,5,3,148.93,446.79
15553,4479,87,1,509.91,509.91
15554,4479,181,1,314.93,314.93
15555,4480,212,1,454.26,454.26
15556,4481,105,3,58.11,174.33
15557,4481,216,1,101.25,101.25
15558,4482,59,4,395.91,1583.64
15559,4482,14,2,301.65,603.3
15560,4482,24,2,28.9,57.8
15561,4483,18,1,55.2,55.2
15562,4484,189,1,603.72,603.72
15563,4484,2,4,363.88,1455.52
15564,4484,228,1,380.46,380.46
15565,4484,115,3,235.12,705.36
15566,4484,84,3,124.27,372.81
15567,4484,209,3,101.66,304.98
15568,4485,226,1,137.54,137.54
15569,4485,206,4,225.13,900.52
15570,4485,189,3,603.72,1811.16
15571,4486,238,3,262.67,788.01
15572,4486,119,2,142.86,285.72
15573,4486,1,1,541.39,541.39
15574,4487,148,1,497.64,497.64
15575,4487,95,3,320.04,960.12
15576,4487,54,2,60.89,121.78
15577,4488,171,2,242.88,485.76
15578,4488,32,1,610.06,610.06
15579,4488,18,1,55.2,55.2
15580,4488,30,2,247.82,495.64
15581,4489,194,4,521.07,2084.28
15582,4489,102,2,196.56,393.12
15583,4490,181,1,314.93,314.93
15584,4490,131,4,21.58,86.32
15585,4490,166,3,82.07,246.21
15586,4490,25,4,277.57,1110.28
15587,4490,169,2,382.14,764.28
15588,4491,20,2,605.41,1210.82
15589,4491,172,3,244.65,733.95
15590,4492,115,2,235.12,470.24
15591,4492,138,4,371.13,1484.52
15592,4492,56,3,238.95,716.85
15593,4493,154,3,342.09,1026.27
15594,4493,117,4,300.72,1202.88
15595,4493,13,2,249.16,498.32
15596,4493,34,2,43.41,86.82
15597,4494,101,4,57.39,229.56
15598,4494,157,4,28.92,115.68
15599,4494,149,3,212.48,637.44
15600,4494,186,4,232.01,928.04
15601,4494,109,2,383.43,766.86
15602,4495,117,2,300.72,601.44
15603,4495,66,4,87.24,348.96
15604,4496,26,4,478.23,1912.92
15605,4496,57,2,128.38,256.76
15606,4497,32,3,610.06,1830.18
15607,4497,2,3,363.88,1091.64
15608,4497,18,1,55.2,55.2
15609,4498,106,3,162.6,487.8
15610,4498,8,4,427.33,1709.32
15611,4498,13,1,249.16,249.16
15612,4498,7,2,53.23,106.46
15613,4498,222,3,81.41,244.23
15614,4498,205,4,383.07,1532.28
15615,4499,88,2,347.53,695.06
15616,4499,246,2,307.14,614.28
15617,4499,216,1,101.25,101.25
15618,4500,179,1,200.78,200.78
15619,4500,23,2,276.19,552.38
15620,4500,209,2,101.66,203.32
15621,4500,2,1,363.88,363.88
15622,4500,201,1,496.81,496.81
15623,4500,188,1,503.7,503.7
15624,4501,209,2,101.66,203.32
15625,4501,113,3,411.77,1235.31
15626,4501,153,2,415.24,830.48
15627,4501,55,4,215.38,861.52
15628,4502,15,1,578.04,578.04
15629,4502,198,2,351.95,703.9
15630,4502,235,1,172.77,172.77
15631,4502,76,4,450.31,1801.24
15632,4502,145,1,362.85,362.85
15633,4502,43,1,349.47,349.47
15634,4503,100,2,340.15,680.3
15635,4503,186,3,232.01,696.03
15636,4503,50,1,120.19,120.19
15637,4504,188,4,503.7,2014.8
15638,4504,154,1,342.09,342.09
15639,4504,180,3,394.23,1182.69
15640,4504,171,3,242.88,728.64
15641,4505,97,4,316.97,1267.88
15642,4505,196,1,450.47,450.47
15643,4505,118,1,175.82,175.82
15644,4506,46,1,188.18,188.18
15645,4506,164,4,320.2,1280.8
15646,4506,207,2,490.29,980.58
15647,4506,77,2,377.42,754.84
15648,4506,188,4,503.7,2014.8
15649,4506,99,4,205.29,821.16
15650,4507,11,4,312.03,1248.12
15651,4507,89,4,152.92,611.68
15652,4508,89,4,152.92,611.68
15653,4508,150,4,377.06,1508.24
15654,4509,71,1,594.55,594.55
15655,4509,91,2,187.63,375.26
15656,4510,74,4,355.67,1422.68
15657,4510,133,4,310.77,1243.08
15658,4510,172,2,244.65,489.3
15659,4510,188,2,503.7,1007.4
15660,4510,100,4,340.15,1360.6
15661,4510,235,2,172.77,345.54
15662,4511,109,2,383.43,766.86
15663,4511,75,4,256.79,1027.16
15664,4511,189,1,603.72,603.72
15665,4511,228,4,380.46,1521.84
15666,4511,82,1,212.44,212.44
15667,4511,149,3,212.48,637.44
15668,4512,246,4,307.14,1228.56
15669,4512,157,2,28.92,57.84
15670,4512,242,2,131.89,263.78
15671,4512,117,3,300.72,902.16
15672,4512,89,2,152.92,305.84
15673,4512,95,1,320.04,320.04
15674,4513,146,1,118.88,118.88
15675,4513,140,2,359.22,718.44
15676,4513,199,2,94.94,189.88
15677,4514,212,3,454.26,1362.78
15678,4514,209,3,101.66,304.98
15679,4514,206,3,225.13,675.39
15680,4514,80,4,24.61,98.44
15681,4514,113,3,411.77,1235.31
15682,4514,210,4,141.37,565.48
15683,4515,40,2,450.37,900.74
15684,4515,66,4,87.24,348.96
15685,4515,101,4,57.39,229.56
15686,4516,95,4,320.04,1280.16
15687,4516,172,2,244.65,489.3
15688,4516,62,4,185.84,743.36
15689,4516,108,4,378.79,1515.16
15690,4516,181,1,314.93,314.93
15691,4516,192,2,183.66,367.32
15692,4517,29,2,218.87,437.74
15693,4517,123,1,235.89,235.89
15694,4517,13,4,249.16,996.64
15695,4518,19,4,464.34,1857.36
15696,4518,198,4,351.95,1407.8
15697,4519,86,4,431.1,1724.4
15698,4519,222,1,81.41,81.41
15699,4519,144,4,47.39,189.56
15700,4519,189,3,603.72,1811.16
15701,4519,133,1,310.77,310.77
15702,4520,191,1,410.67,410.67
15703,4520,139,4,250.55,1002.2
15704,4520,130,4,60.89,243.56
15705,4520,217,1,369.23,369.23
15706,4520,105,2,58.11,116.22
15707,4520,30,2,247.82,495.64
15708,4521,120,3,32.48,97.44
15709,4521,196,1,450.47,450.47
15710,4521,49,2,529.8,1059.6
15711,4521,10,1,330.8,330.8
15712,4521,221,3,627.82,1883.46
15713,4521,46,4,188.18,752.72
15714,4522,167,3,74.71,224.13
15715,4523,7,3,53.23,159.69
15716,4523,184,1,201.3,201.3
15717,4523,222,4,81.41,325.64
15718,4524,146,1,118.88,118.88
15719,4524,43,4,349.47,1397.88
15720,4525,153,3,415.24,1245.72
15721,4525,12,2,589.84,1179.68
15722,4525,159,1,223.33,223.33
15723,4525,59,4,395.91,1583.64
15724,4526,151,2,72.21,144.42
15725,4526,244,4,423.65,1694.6
15726,4526,67,4,136.1,544.4
15727,4526,33,4,102.45,409.8
15728,4527,163,3,268.64,805.92
15729,4527,209,4,101.66,406.64
15730,4527,64,3,110.72,332.16
15731,4527,178,2,505.3,1010.6
15732,4527,93,3,296.33,888.99
15733,4527,122,2,313.49,626.98
15734,4528,100,2,340.15,680.3
15735,4529,249,2,375.32,750.64
15736,4529,2,1,363.88,363.88
15737,4529,33,1,102.45,102.45
15738,4529,185,4,339.64,1358.56
15739,4529,7,2,53.23,106.46
15740,4529,172,4,244.65,978.6
15741,4530,184,2,201.3,402.6
15742,4530,203,3,362.8,1088.4
15743,4530,154,2,342.09,684.18
15744,4531,2,3,363.88,1091.64
15745,4531,73,1,200.84,200.84
15746,4531,214,4,288.6,1154.4
15747,4531,95,1,320.04,320.04
15748,4531,167,1,74.71,74.71
15749,4532,163,4,268.64,1074.56
15750,4532,69,2,297.02,594.04
15751,4532,127,4,240.8,963.2
15752,4532,117,2,300.72,601.44
15753,4533,165,2,235.2,470.4
15754,4533,11,2,312.03,624.06
15755,4533,245,4,170.03,680.12
15756,4533,23,4,276.19,1104.76
15757,4533,216,2,101.25,202.5
15758,4533,118,4,175.82,703.28
15759,4534,240,1,253.55,253.55
15760,4534,208,1,350.34,350.34
15761,4535,16,3,70.43,211.29
15762,4535,236,1,58.2,58.2
15763,4535,232,2,494.33,988.66
15764,4535,47,1,595.74,595.74
15765,4535,55,3,215.38,646.14
15766,4535,164,1,320.2,320.2
15767,4536,168,1,316.03,316.03
15768,4536,128,3,197.5,592.5
15769,4536,74,4,355.67,1422.68
15770,4537,34,4,43.41,173.64
15771,4537,196,4,450.47,1801.88
15772,4537,89,1,152.92,152.92
15773,4537,236,2,58.2,116.4
15774,4537,212,2,454.26,908.52
15775,4538,107,2,233.92,467.84
15776,4538,150,4,377.06,1508.24
15777,4538,105,2,58.11,116.22
15778,4538,202,3,467.78,1403.34
15779,4539,222,2,81.41,162.82
15780,4539,62,4,185.84,743.36
15781,4539,35,2,404.22,808.44
15782,4539,151,3,72.21,216.63
15783,4539,123,1,235.89,235.89
15784,4540,39,2,116.92,233.84
15785,4540,1,1,541.39,541.39
15786,4540,137,3,205.25,615.75
15787,4540,142,3,45.22,135.66
15788,4541,131,4,21.58,86.32
15789,4541,221,2,627.82,1255.64
15790,4541,198,4,351.95,1407.8
15791,4541,243,3,358.78,1076.34
15792,4541,33,1,102.45,102.45
15793,4541,16,3,70.43,211.29
15794,4542,3,2,142.45,284.9
15795,4542,72,2,91.12,182.24
15796,4542,185,2,339.64,679.28
15797,4542,8,1,427.33,427.33
15798,4542,25,2,277.57,555.14
15799,4543,136,4,299.97,1199.88
15800,4543,12,2,589.84,1179.68
15801,4543,109,4,383.43,1533.72
15802,4543,105,3,58.11,174.33
15803,4543,196,4,450.47,1801.88
15804,4544,81,3,51.32,153.96
15805,4544,77,4,377.42,1509.68
15806,4544,220,1,168.03,168.03
15807,4544,96,3,541.36,1624.08
15808,4544,70,1,473.53,473.53
15809,4545,177,1,245.43,245.43
15810,4545,121,4,418.51,1674.04
15811,4545,231,1,265.93,265.93
15812,4546,121,3,418.51,1255.53
15813,4546,55,1,215.38,215.38
15814,4546,65,2,346.0,692.0
15815,4547,197,1,297.44,297.44
15816,4547,168,2,316.03,632.06
15817,4547,80,3,24.61,73.83
15818,4548,157,3,28.92,86.76
15819,4549,236,2,58.2,116.4
15820,4549,80,2,24.61,49.22
15821,4550,236,2,58.2,116.4
15822,4550,240,4,253.55,1014.2
15823,4550,195,2,117.88,235.76
15824,4550,139,2,250.55,501.1
15825,4550,35,4,404.22,1616.88
15826,4551,72,3,91.12,273.36
15827,4551,71,1,594.55,594.55
15828,4551,174,4,460.49,1841.96
15829,4551,130,3,60.89,182.67
15830,4551,145,1,362.85,362.85
15831,4552,222,3,81.41,244.23
15832,4552,239,1,38.46,38.46
15833,4552,245,3,170.03,510.09
15834,4552,178,4,505.3,2021.2
15835,4552,228,3,380.46,1141.38
15836,4553,130,3,60.89,182.67
15837,4553,12,1,589.84,589.84
15838,4554,31,1,499.38,499.38
15839,4555,4,4,352.75,1411.0
15840,4555,103,1,234.96,234.96
15841,4555,144,1,47.39,47.39
15842,4555,90,2,138.74,277.48
15843,4555,163,3,268.64,805.92
15844,4555,146,2,118.88,237.76
15845,4556,136,2,299.97,599.94
15846,4556,244,2,423.65,847.3
15847,4557,196,1,450.47,450.47
15848,4557,61,1,374.3,374.3
15849,4558,141,2,133.58,267.16
15850,4558,191,4,410.67,1642.68
15851,4559,14,2,301.65,603.3
15852,4559,127,3,240.8,722.4
15853,4560,101,4,57.39,229.56
15854,4561,77,4,377.42,1509.68
15855,4561,179,3,200.78,602.34
15856,4561,226,1,137.54,137.54
15857,4561,11,1,312.03,312.03
15858,4561,178,4,505.3,2021.2
15859,4561,46,2,188.18,376.36
15860,4562,215,3,238.44,715.32
15861,4562,35,4,404.22,1616.88
15862,4562,56,4,238.95,955.8
15863,4562,204,2,207.96,415.92
15864,4563,184,1,201.3,201.3
15865,4564,51,1,555.78,555.78
15866,4564,97,1,316.97,316.97
15867,4565,64,4,110.72,442.88
15868,4565,128,1,197.5,197.5
15869,4565,142,1,45.22,45.22
15870,4565,136,2,299.97,599.94
15871,4565,65,1,346.0,346.0
15872,4566,99,3,205.29,615.87
15873,4567,94,1,512.7,512.7
15874,4567,84,4,124.27,497.08
15875,4568,180,4,394.23,1576.92
15876,4568,77,4,377.42,1509.68
15877,4568,186,4,232.01,928.04
15878,4568,143,3,155.0,465.0
15879,4569,140,3,359.22,1077.66
15880,4569,175,4,93.86,375.44
15881,4569,142,1,45.22,45.22
15882,4569,57,4,128.38,513.52
15883,4570,87,4,509.91,2039.64
15884,4570,66,1,87.24,87.24
15885,4570,102,3,196.56,589.68
15886,4571,136,2,299.97,599.94
15887,4571,23,3,276.19,828.57
15888,4571,10,4,330.8,1323.2
15889,4571,89,4,152.92,611.68
15890,4572,128,1,197.5,197.5
15891,4572,174,4,460.49,1841.96
15892,4572,6,4,478.9,1915.6
15893,4572,233,2,275.42,550.84
15894,4573,125,4,211.24,844.96
15895,4573,11,1,312.03,312.03
15896,4573,247,1,32.63,32.63
15897,4574,76,2,450.31,900.62
15898,4574,37,4,43.6,174.4
15899,4574,1,4,541.39,2165.56
15900,4575,88,3,347.53,1042.59
15901,4575,236,4,58.2,232.8
15902,4575,30,4,247.82,991.28
15903,4576,152,2,580.76,1161.52
15904,4576,203,4,362.8,1451.2
15905,4576,38,4,511.93,2047.72
15906,4576,80,1,24.61,24.61
15907,4576,149,1,212.48,212.48
15908,4577,210,1,141.37,141.37
15909,4577,195,1,117.88,117.88
15910,4577,16,2,70.43,140.86
15911,4577,72,1,91.12,91.12
15912,4578,225,2,242.67,485.34
15913,4578,43,1,349.47,349.47
15914,4579,176,1,405.74,405.74
15915,4579,214,1,288.6,288.6
15916,4579,42,3,132.01,396.03
15917,4579,6,4,478.9,1915.6
15918,4580,4,2,352.75,705.5
15919,4580,209,4,101.66,406.64
15920,4581,164,2,320.2,640.4
15921,4581,195,2,117.88,235.76
15922,4581,113,2,411.77,823.54
15923,4581,95,4,320.04,1280.16
15924,4581,23,2,276.19,552.38
15925,4582,144,2,47.39,94.78
15926,4582,168,2,316.03,632.06
15927,4583,122,3,313.49,940.47
15928,4583,102,2,196.56,393.12
15929,4583,9,1,553.14,553.14
15930,4583,38,4,511.93,2047.72
15931,4584,11,3,312.03,936.09
15932,4584,156,3,234.14,702.42
15933,4584,70,1,473.53,473.53
15934,4585,206,3,225.13,675.39
15935,4585,28,2,434.23,868.46
15936,4585,200,2,558.08,1116.16
15937,4586,17,3,555.46,1666.38
15938,4586,87,1,509.91,509.91
15939,4586,120,3,32.48,97.44
15940,4587,215,3,238.44,715.32
15941,4587,211,3,556.48,1669.44
15942,4587,145,4,362.85,1451.4
15943,4588,117,4,300.72,1202.88
15944,4588,103,1,234.96,234.96
15945,4588,245,1,170.03,170.03
15946,4589,72,1,91.12,91.12
15947,4589,14,4,301.65,1206.6
15948,4589,97,4,316.97,1267.88
15949,4590,243,4,358.78,1435.12
15950,4591,2,1,363.88,363.88
15951,4591,190,4,378.5,1514.0
15952,4591,91,2,187.63,375.26
15953,4591,201,3,496.81,1490.43
15954,4591,62,4,185.84,743.36
15955,4592,242,2,131.89,263.78
15956,4592,7,1,53.23,53.23
15957,4593,206,4,225.13,900.52
15958,4593,179,3,200.78,602.34
15959,4593,239,4,38.46,153.84
15960,4593,125,2,211.24,422.48
15961,4593,243,1,358.78,358.78
15962,4594,204,4,207.96,831.84
15963,4595,113,4,411.77,1647.08
15964,4595,239,1,38.46,38.46
15965,4596,193,2,164.42,328.84
15966,4596,25,3,277.57,832.71
15967,4597,17,4,555.46,2221.84
15968,4598,60,1,556.59,556.59
15969,4598,149,1,212.48,212.48
15970,4599,174,1,460.49,460.49
15971,4599,158,3,479.14,1437.42
15972,4599,54,3,60.89,182.67
15973,4599,217,1,369.23,369.23
15974,4599,76,2,450.31,900.62
15975,4599,30,3,247.82,743.46
15976,4600,166,4,82.07,328.28
15977,4600,116,4,108.97,435.88
15978,4601,35,2,404.22,808.44
15979,4601,231,4,265.93,1063.72
15980,4601,26,1,478.23,478.23
15981,4602,82,2,212.44,424.88
15982,4602,80,4,24.61,98.44
15983,4602,139,2,250.55,501.1
15984,4602,163,3,268.64,805.92
15985,4603,113,3,411.77,1235.31
15986,4604,12,1,589.84,589.84
15987,4604,23,3,276.19,828.57
15988,4604,162,2,386.04,772.08
15989,4605,131,1,21.58,21.58
15990,4606,47,2,595.74,1191.48
15991,4606,17,3,555.46,1666.38
15992,4607,130,2,60.89,121.78
15993,4607,68,1,188.28,188.28
15994,4607,156,3,234.14,702.42
15995,4607,128,4,197.5,790.0
15996,4607,111,1,123.73,123.73
15997,4608,193,1,164.42,164.42
15998,4608,4,2,352.75,705.5
15999,4608,102,2,196.56,393.12
16000,4608,133,2,310.77,621.54
16001,4608,163,4,268.64,1074.56
16002,4608,85,4,164.19,656.76
16003,4609,17,4,555.46,2221.84
16004,4610,42,4,132.01,528.04
16005,4610,176,2,405.74,811.48
16006,4610,126,1,291.18,291.18
16007,4610,114,1,270.25,270.25
16008,4610,44,1,19.48,19.48
16009,4611,122,1,313.49,313.49
16010,4611,193,1,164.42,164.42
16011,4611,235,3,172.77,518.31
16012,4611,239,2,38.46,76.92
16013,4611,153,1,415.24,415.24
16014,4612,42,2,132.01,264.02
16015,4612,134,3,224.13,672.39
16016,4612,120,1,32.48,32.48
16017,4612,138,2,371.13,742.26
16018,4612,39,3,116.92,350.76
16019,4612,110,4,524.57,2098.28
16020,4613,120,2,32.48,64.96
16021,4613,153,3,415.24,1245.72
16022,4613,250,2,34.9,69.8
16023,4613,186,3,232.01,696.03
16024,4614,189,1,603.72,603.72
16025,4615,180,3,394.23,1182.69
16026,4616,52,1,135.78,135.78
16027,4616,174,2,460.49,920.98
16028,4616,202,3,467.78,1403.34
16029,4616,42,1,132.01,132.01
16030,4616,28,2,434.23,868.46
16031,4616,219,1,383.42,383.42
16032,4617,208,2,350.34,700.68
16033,4618,180,4,394.23,1576.92
16034,4619,41,1,245.1,245.1
16035,4619,206,3,225.13,675.39
16036,4619,8,2,427.33,854.66
16037,4619,89,1,152.92,152.92
16038,4620,217,2,369.23,738.46
16039,4620,113,3,411.77,1235.31
16040,4620,103,4,234.96,939.84
16041,4620,232,3,494.33,1482.99
16042,4620,237,3,52.77,158.31
16043,4620,100,2,340.15,680.3
16044,4621,203,3,362.8,1088.4
16045,4622,78,2,302.79,605.58
16046,4622,113,2,411.77,823.54
16047,4622,149,1,212.48,212.48
16048,4622,104,2,287.63,575.26
16049,4623,204,2,207.96,415.92
16050,4623,229,1,165.02,165.02
16051,4623,47,2,595.74,1191.48
16052,4623,37,2,43.6,87.2
16053,4623,171,2,242.88,485.76
16054,4623,4,1,352.75,352.75
16055,4624,57,4,128.38,513.52
16056,4624,238,3,262.67,788.01
16057,4625,8,2,427.33,854.66
16058,4626,152,1,580.76,580.76
16059,4626,199,4,94.94,379.76
16060,4626,27,3,238.78,716.34
16061,4627,168,2,316.03,632.06
16062,4627,101,4,57.39,229.56
16063,4627,79,1,440.1,440.1
16064,4627,201,3,496.81,1490.43
16065,4628,194,4,521.07,2084.28
16066,4628,236,3,58.2,174.6
16067,4628,201,1,496.81,496.81
16068,4628,193,2,164.42,328.84
16069,4628,234,1,244.66,244.66
16070,4629,28,2,434.23,868.46
16071,4629,101,1,57.39,57.39
16072,4629,71,4,594.55,2378.2
16073,4629,113,4,411.77,1647.08
16074,4629,33,1,102.45,102.45
16075,4630,28,1,434.23,434.23
16076,4630,136,4,299.97,1199.88
16077,4630,244,3,423.65,1270.95
16078,4631,219,3,383.42,1150.26
16079,4631,69,2,297.02,594.04
16080,4631,72,2,91.12,182.24
16081,4631,101,2,57.39,114.78
16082,4631,109,3,383.43,1150.29
16083,4632,145,3,362.85,1088.55
16084,4632,159,1,223.33,223.33
16085,4632,165,1,235.2,235.2
16086,4632,171,2,242.88,485.76
16087,4632,224,2,79.62,159.24
16088,4632,232,3,494.33,1482.99
16089,4633,30,1,247.82,247.82
16090,4634,170,4,287.23,1148.92
16091,4634,147,1,50.11,50.11
16092,4634,167,4,74.71,298.84
16093,4635,231,4,265.93,1063.72
16094,4636,113,2,411.77,823.54
16095,4636,149,3,212.48,637.44
16096,4636,83,2,550.53,1101.06
16097,4637,195,2,117.88,235.76
16098,4637,41,1,245.1,245.1
16099,4637,180,4,394.23,1576.92
16100,4638,230,3,350.4,1051.2
16101,4638,140,4,359.22,1436.88
16102,4639,47,4,595.74,2382.96
16103,4639,138,2,371.13,742.26
16104,4639,242,1,131.89,131.89
16105,4639,146,4,118.88,475.52
16106,4639,5,4,148.93,595.72
16107,4639,22,3,125.76,377.28
16108,4640,95,4,320.04,1280.16
16109,4640,76,1,450.31,450.31
16110,4640,96,4,541.36,2165.44
16111,4640,191,3,410.67,1232.01
16112,4641,226,1,137.54,137.54
16113,4641,173,4,303.56,1214.24
16114,4641,168,4,316.03,1264.12
16115,4642,232,3,494.33,1482.99
16116,4642,38,3,511.93,1535.79
16117,4642,57,4,128.38,513.52
16118,4642,203,1,362.8,362.8
16119,4643,137,3,205.25,615.75
16120,4643,170,1,287.23,287.23
16121,4643,41,2,245.1,490.2
16122,4643,192,3,183.66,550.98
16123,4644,247,2,32.63,65.26
16124,4645,244,1,423.65,423.65
16125,4645,132,1,330.55,330.55
16126,4645,250,3,34.9,104.7
16127,4646,205,1,383.07,383.07
16128,4646,165,4,235.2,940.8
16129,4646,240,3,253.55,760.65
16130,4647,211,2,556.48,1112.96
16131,4647,14,1,301.65,301.65
16132,4647,191,2,410.67,821.34
16133,4647,156,3,234.14,702.42
16134,4647,123,4,235.89,943.56
16135,4648,183,2,147.46,294.92
16136,4648,175,1,93.86,93.86
16137,4649,154,2,342.09,684.18
16138,4649,199,1,94.94,94.94
16139,4650,18,1,55.2,55.2
16140,4650,136,4,299.97,1199.88
16141,4650,164,2,320.2,640.4
16142,4650,50,1,120.19,120.19
16143,4651,70,1,473.53,473.53
16144,4651,60,1,556.59,556.59
16145,4651,71,3,594.55,1783.65
16146,4652,250,4,34.9,139.6
16147,4653,174,2,460.49,920.98
16148,4653,143,2,155.0,310.0
16149,4653,222,3,81.41,244.23
16150,4653,25,2,277.57,555.14
16151,4653,132,2,330.55,661.1
16152,4653,188,1,503.7,503.7
16153,4654,120,1,32.48,32.48
16154,4654,222,3,81.41,244.23
16155,4654,86,3,431.1,1293.3
16156,4655,148,4,497.64,1990.56
16157,4655,89,1,152.92,152.92
16158,4655,84,1,124.27,124.27
16159,4655,37,1,43.6,43.6
16160,4655,173,4,303.56,1214.24
16161,4656,21,3,574.25,1722.75
16162,4656,207,4,490.29,1961.16
16163,4656,163,4,268.64,1074.56
16164,4656,189,2,603.72,1207.44
16165,4656,183,3,147.46,442.38
16166,4656,116,1,108.97,108.97
16167,4657,201,3,496.81,1490.43
16168,4658,229,3,165.02,495.06
16169,4658,59,2,395.91,791.82
16170,4658,60,1,556.59,556.59
16171,4658,89,1,152.92,152.92
16172,4659,71,1,594.55,594.55
16173,4659,126,3,291.18,873.54
16174,4659,98,1,209.33,209.33
16175,4660,156,2,234.14,468.28
16176,4660,162,1,386.04,386.04
16177,4660,108,3,378.79,1136.37
16178,4660,234,1,244.66,244.66
16179,4660,206,3,225.13,675.39
16180,4661,16,4,70.43,281.72
16181,4661,169,4,382.14,1528.56
16182,4661,106,2,162.6,325.2
16183,4661,67,4,136.1,544.4
16184,4661,201,3,496.81,1490.43
16185,4661,164,4,320.2,1280.8
16186,4662,192,3,183.66,550.98
16187,4662,57,2,128.38,256.76
16188,4662,31,1,499.38,499.38
16189,4662,174,2,460.49,920.98
16190,4663,122,2,313.49,626.98
16191,4663,184,4,201.3,805.2
16192,4663,206,4,225.13,900.52
16193,4663,228,2,380.46,760.92
16194,4663,57,4,128.38,513.52
16195,4663,176,4,405.74,1622.96
16196,4664,128,4,197.5,790.0
16197,4664,101,3,57.39,172.17
16198,4664,223,1,449.24,449.24
16199,4664,105,1,58.11,58.11
16200,4664,104,4,287.63,1150.52
16201,4664,181,2,314.93,629.86
16202,4665,97,2,316.97,633.94
16203,4665,178,2,505.3,1010.6
16204,4665,124,1,388.77,388.77
16205,4666,48,4,355.11,1420.44
16206,4666,5,4,148.93,595.72
16207,4666,243,1,358.78,358.78
16208,4666,193,3,164.42,493.26
16209,4666,85,1,164.19,164.19
16210,4666,62,3,185.84,557.52
16211,4667,2,2,363.88,727.76
16212,4668,47,3,595.74,1787.22
16213,4668,221,2,627.82,1255.64
16214,4668,159,3,223.33,669.99
16215,4668,64,4,110.72,442.88
16216,4668,51,1,555.78,555.78
16217,4669,183,2,147.46,294.92
16218,4669,208,1,350.34,350.34
16219,4670,226,1,137.54,137.54
16220,4670,240,1,253.55,253.55
16221,4670,212,3,454.26,1362.78
16222,4670,124,3,388.77,1166.31
16223,4670,233,3,275.42,826.26
16224,4671,174,1,460.49,460.49
16225,4671,124,1,388.77,388.77
16226,4671,227,4,454.43,1817.72
16227,4672,77,4,377.42,1509.68
16228,4673,201,4,496.81,1987.24
16229,4673,165,4,235.2,940.8
16230,4674,112,2,186.06,372.12
16231,4674,96,4,541.36,2165.44
16232,4674,14,2,301.65,603.3
16233,4675,124,4,388.77,1555.08
16234,4675,203,3,362.8,1088.4
16235,4675,135,1,298.38,298.38
16236,4675,244,4,423.65,1694.6
16237,4675,191,3,410.67,1232.01
16238,4675,11,3,312.03,936.09
16239,4676,178,4,505.3,2021.2
16240,4677,48,2,355.11,710.22
16241,4677,209,3,101.66,304.98
16242,4677,224,2,79.62,159.24
16243,4677,87,2,509.91,1019.82
16244,4677,232,4,494.33,1977.32
16245,4677,31,2,499.38,998.76
16246,4678,100,1,340.15,340.15
16247,4678,51,2,555.78,1111.56
16248,4678,202,3,467.78,1403.34
16249,4678,184,2,201.3,402.6
16250,4678,48,2,355.11,710.22
16251,4679,35,2,404.22,808.44
16252,4679,189,4,603.72,2414.88
16253,4680,59,4,395.91,1583.64
16254,4680,224,1,79.62,79.62
16255,4680,136,4,299.97,1199.88
16256,4680,198,3,351.95,1055.85
16257,4680,38,4,511.93,2047.72
16258,4680,60,3,556.59,1669.77
16259,4681,124,3,388.77,1166.31
16260,4682,108,2,378.79,757.58
16261,4683,148,4,497.64,1990.56
16262,4683,71,2,594.55,1189.1
16263,4683,232,1,494.33,494.33
16264,4683,163,1,268.64,268.64
16265,4684,8,4,427.33,1709.32
16266,4684,215,3,238.44,715.32
16267,4684,109,2,383.43,766.86
16268,4684,125,4,211.24,844.96
16269,4685,23,3,276.19,828.57
16270,4685,75,4,256.79,1027.16
16271,4685,188,4,503.7,2014.8
16272,4685,150,4,377.06,1508.24
16273,4685,172,3,244.65,733.95
16274,4686,210,2,141.37,282.74
16275,4687,30,1,247.82,247.82
16276,4687,241,4,205.2,820.8
16277,4687,212,1,454.26,454.26
16278,4687,43,2,349.47,698.94
16279,4688,244,1,423.65,423.65
16280,4688,164,2,320.2,640.4
16281,4688,180,4,394.23,1576.92
16282,4689,250,2,34.9,69.8
16283,4689,46,2,188.18,376.36
16284,4689,1,2,541.39,1082.78
16285,4689,221,3,627.82,1883.46
16286,4689,21,2,574.25,1148.5
16287,4689,16,3,70.43,211.29
16288,4690,61,3,374.3,1122.9
16289,4690,222,4,81.41,325.64
16290,4690,127,1,240.8,240.8
16291,4690,1,4,541.39,2165.56
16292,4690,193,1,164.42,164.42
16293,4690,240,2,253.55,507.1
16294,4691,179,3,200.78,602.34
16295,4692,173,4,303.56,1214.24
16296,4693,178,1,505.3,505.3
16297,4694,205,2,383.07,766.14
16298,4694,101,4,57.39,229.56
16299,4695,168,3,316.03,948.09
16300,4695,149,2,212.48,424.96
16301,4695,228,2,380.46,760.92
16302,4695,125,1,211.24,211.24
16303,4695,67,2,136.1,272.2
16304,4695,167,3,74.71,224.13
16305,4696,206,3,225.13,675.39
16306,4696,64,2,110.72,221.44
16307,4696,220,3,168.03,504.09
16308,4696,244,3,423.65,1270.95
16309,4697,229,4,165.02,660.08
16310,4697,6,4,478.9,1915.6
16311,4697,74,1,355.67,355.67
16312,4698,117,4,300.72,1202.88
16313,4698,238,4,262.67,1050.68
16314,4698,23,3,276.19,828.57
16315,4698,198,1,351.95,351.95
16316,4698,56,3,238.95,716.85
16317,4698,138,1,371.13,371.13
16318,4699,83,4,550.53,2202.12
16319,4699,15,1,578.04,578.04
16320,4699,2,1,363.88,363.88
16321,4699,29,3,218.87,656.61
16322,4699,174,3,460.49,1381.47
16323,4700,188,3,503.7,1511.1
16324,4700,2,4,363.88,1455.52
16325,4700,64,1,110.72,110.72
16326,4700,125,2,211.24,422.48
16327,4701,108,3,378.79,1136.37
16328,4701,216,1,101.25,101.25
16329,4702,208,4,350.34,1401.36
16330,4703,40,4,450.37,1801.48
16331,4703,182,4,214.08,856.32
16332,4704,64,4,110.72,442.88
16333,4704,94,3,512.7,1538.1
16334,4705,150,4,377.06,1508.24
16335,4705,107,2,233.92,467.84
16336,4705,104,3,287.63,862.89
16337,4705,82,1,212.44,212.44
16338,4705,41,2,245.1,490.2
16339,4705,135,4,298.38,1193.52
16340,4706,1,4,541.39,2165.56
16341,4706,48,4,355.11,1420.44
16342,4706,198,1,351.95,351.95
16343,4706,47,2,595.74,1191.48
16344,4706,2,1,363.88,363.88
16345,4706,64,1,110.72,110.72
16346,4707,166,1,82.07,82.07
16347,4707,118,1,175.82,175.82
16348,4707,23,3,276.19,828.57
16349,4708,180,2,394.23,788.46
16350,4709,156,3,234.14,702.42
16351,4709,58,1,307.4,307.4
16352,4709,69,4,297.02,1188.08
16353,4709,162,2,386.04,772.08
16354,4710,138,3,371.13,1113.39
16355,4710,84,1,124.27,124.27
16356,4710,105,2,58.11,116.22
16357,4711,113,4,411.77,1647.08
16358,4711,105,1,58.11,58.11
16359,4711,28,1,434.23,434.23
16360,4711,172,3,244.65,733.95
16361,4712,172,4,244.65,978.6
16362,4712,70,1,473.53,473.53
16363,4712,19,1,464.34,464.34
16364,4712,35,1,404.22,404.22
16365,4713,82,3,212.44,637.32
16366,4713,134,4,224.13,896.52
16367,4713,186,2,232.01,464.02
16368,4714,223,1,449.24,449.24
16369,4714,116,3,108.97,326.91
16370,4714,112,1,186.06,186.06
16371,4714,110,3,524.57,1573.71
16372,4715,77,1,377.42,377.42
16373,4716,214,3,288.6,865.8
16374,4716,62,3,185.84,557.52
16375,4716,23,2,276.19,552.38
16376,4717,33,4,102.45,409.8
16377,4717,31,3,499.38,1498.14
16378,4718,22,1,125.76,125.76
16379,4718,141,4,133.58,534.32
16380,4718,41,2,245.1,490.2
16381,4719,5,4,148.93,595.72
16382,4719,48,3,355.11,1065.33
16383,4720,139,2,250.55,501.1
16384,4721,52,2,135.78,271.56
16385,4721,36,4,90.32,361.28
16386,4722,120,2,32.48,64.96
16387,4723,54,3,60.89,182.67
16388,4723,180,3,394.23,1182.69
16389,4723,149,3,212.48,637.44
16390,4723,30,1,247.82,247.82
16391,4723,123,2,235.89,471.78
16392,4723,21,3,574.25,1722.75
16393,4724,70,4,473.53,1894.12
16394,4724,234,4,244.66,978.64
16395,4724,8,3,427.33,1281.99
16396,4724,134,4,224.13,896.52
16397,4724,196,2,450.47,900.94
16398,4725,11,1,312.03,312.03
16399,4725,6,1,478.9,478.9
16400,4725,101,2,57.39,114.78
16401,4725,19,3,464.34,1393.02
16402,4725,194,4,521.07,2084.28
16403,4725,92,4,411.95,1647.8
16404,4726,12,4,589.84,2359.36
16405,4726,185,2,339.64,679.28
16406,4727,110,4,524.57,2098.28
16407,4727,144,3,47.39,142.17
16408,4727,79,4,440.1,1760.4
16409,4727,35,1,404.22,404.22
16410,4727,125,1,211.24,211.24
16411,4728,247,3,32.63,97.89
16412,4728,117,1,300.72,300.72
16413,4728,171,1,242.88,242.88
16414,4728,224,2,79.62,159.24
16415,4728,207,2,490.29,980.58
16416,4728,132,1,330.55,330.55
16417,4729,156,4,234.14,936.56
16418,4729,11,1,312.03,312.03
16419,4729,206,1,225.13,225.13
16420,4729,130,2,60.89,121.78
16421,4730,65,1,346.0,346.0
16422,4730,250,2,34.9,69.8
16423,4730,23,4,276.19,1104.76
16424,4730,16,2,70.43,140.86
16425,4731,235,1,172.77,172.77
16426,4731,61,2,374.3,748.6
16427,4731,147,1,50.11,50.11
16428,4731,17,2,555.46,1110.92
16429,4732,81,2,51.32,102.64
16430,4732,27,1,238.78,238.78
16431,4732,186,1,232.01,232.01
16432,4732,207,1,490.29,490.29
16433,4732,197,3,297.44,892.32
16434,4732,200,4,558.08,2232.32
16435,4733,13,1,249.16,249.16
16436,4734,182,2,214.08,428.16
16437,4734,129,4,293.5,1174.0
16438,4734,32,4,610.06,2440.24
16439,4734,95,1,320.04,320.04
16440,4735,147,1,50.11,50.11
16441,4736,137,3,205.25,615.75
16442,4736,200,1,558.08,558.08
16443,4736,140,2,359.22,718.44
16444,4736,202,2,467.78,935.56
16445,4737,196,4,450.47,1801.88
16446,4738,129,1,293.5,293.5
16447,4738,209,2,101.66,203.32
16448,4738,235,1,172.77,172.77
16449,4738,203,1,362.8,362.8
16450,4739,208,3,350.34,1051.02
16451,4739,61,4,374.3,1497.2
16452,4739,207,1,490.29,490.29
16453,4740,158,1,479.14,479.14
16454,4740,12,4,589.84,2359.36
16455,4740,145,1,362.85,362.85
16456,4740,90,2,138.74,277.48
16457,4740,6,2,478.9,957.8
16458,4741,180,2,394.23,788.46
16459,4741,150,2,377.06,754.12
16460,4741,183,2,147.46,294.92
16461,4741,14,1,301.65,301.65
16462,4741,203,1,362.8,362.8
16463,4741,62,2,185.84,371.68
16464,4742,211,2,556.48,1112.96
16465,4742,100,4,340.15,1360.6
16466,4742,250,4,34.9,139.6
16467,4742,60,4,556.59,2226.36
16468,4742,186,2,232.01,464.02
16469,4742,42,4,132.01,528.04
16470,4743,229,3,165.02,495.06
16471,4743,75,1,256.79,256.79
16472,4743,16,2,70.43,140.86
16473,4744,164,3,320.2,960.6
16474,4744,95,1,320.04,320.04
16475,4745,102,1,196.56,196.56
16476,4745,140,2,359.22,718.44
16477,4746,142,1,45.22,45.22
16478,4746,18,3,55.2,165.6
16479,4746,28,4,434.23,1736.92
16480,4746,215,3,238.44,715.32
16481,4747,50,4,120.19,480.76
16482,4747,130,4,60.89,243.56
16483,4747,11,4,312.03,1248.12
16484,4747,143,3,155.0,465.0
16485,4748,166,1,82.07,82.07
16486,4749,245,4,170.03,680.12
16487,4749,76,3,450.31,1350.93
16488,4749,73,1,200.84,200.84
16489,4749,101,4,57.39,229.56
16490,4750,57,4,128.38,513.52
16491,4750,83,1,550.53,550.53
16492,4750,179,1,200.78,200.78
16493,4750,176,4,405.74,1622.96
16494,4751,102,2,196.56,393.12
16495,4751,4,4,352.75,1411.0
16496,4751,152,1,580.76,580.76
16497,4751,22,2,125.76,251.52
16498,4751,86,1,431.1,431.1
16499,4751,247,4,32.63,130.52
16500,4752,124,1,388.77,388.77
16501,4752,243,4,358.78,1435.12
16502,4752,2,1,363.88,363.88
16503,4753,185,3,339.64,1018.92
16504,4754,116,2,108.97,217.94
16505,4755,127,2,240.8,481.6
16506,4756,194,1,521.07,521.07
16507,4757,76,4,450.31,1801.24
16508,4757,234,4,244.66,978.64
16509,4758,205,4,383.07,1532.28
16510,4758,149,1,212.48,212.48
16511,4758,147,3,50.11,150.33
16512,4758,2,2,363.88,727.76
16513,4758,236,1,58.2,58.2
16514,4759,120,4,32.48,129.92
16515,4760,33,1,102.45,102.45
16516,4760,245,4,170.03,680.12
16517,4760,129,1,293.5,293.5
16518,4760,164,2,320.2,640.4
16519,4760,179,1,200.78,200.78
16520,4760,43,3,349.47,1048.41
16521,4761,235,4,172.77,691.08
16522,4761,190,3,378.5,1135.5
16523,4762,197,4,297.44,1189.76
16524,4763,64,4,110.72,442.88
16525,4763,196,2,450.47,900.94
16526,4763,202,2,467.78,935.56
16527,4764,4,1,352.75,352.75
16528,4764,78,1,302.79,302.79
16529,4764,50,1,120.19,120.19
16530,4764,190,1,378.5,378.5
16531,4764,67,1,136.1,136.1
16532,4765,222,3,81.41,244.23
16533,4765,125,2,211.24,422.48
16534,4766,148,4,497.64,1990.56
16535,4766,231,3,265.93,797.79
16536,4766,144,3,47.39,142.17
16537,4766,98,4,209.33,837.32
16538,4767,237,1,52.77,52.77
16539,4767,223,4,449.24,1796.96
16540,4767,232,3,494.33,1482.99
16541,4767,26,4,478.23,1912.92
16542,4768,21,3,574.25,1722.75
16543,4769,188,4,503.7,2014.8
16544,4769,41,4,245.1,980.4
16545,4769,57,3,128.38,385.14
16546,4769,153,4,415.24,1660.96
16547,4770,163,4,268.64,1074.56
16548,4771,148,4,497.64,1990.56
16549,4772,147,1,50.11,50.11
16550,4772,5,3,148.93,446.79
16551,4773,19,3,464.34,1393.02
16552,4773,3,4,142.45,569.8
16553,4773,217,3,369.23,1107.69
16554,4773,184,3,201.3,603.9
16555,4773,25,3,277.57,832.71
16556,4774,92,1,411.95,411.95
16557,4774,220,4,168.03,672.12
16558,4774,9,3,553.14,1659.42
16559,4774,239,3,38.46,115.38
16560,4775,68,4,188.28,753.12
16561,4775,31,3,499.38,1498.14
16562,4776,104,3,287.63,862.89
16563,4776,51,1,555.78,555.78
16564,4776,44,3,19.48,58.44
16565,4776,222,1,81.41,81.41
16566,4777,62,4,185.84,743.36
16567,4777,174,1,460.49,460.49
16568,4778,123,4,235.89,943.56
16569,4778,204,1,207.96,207.96
16570,4778,61,2,374.3,748.6
16571,4778,216,3,101.25,303.75
16572,4778,197,2,297.44,594.88
16573,4779,198,4,351.95,1407.8
16574,4779,94,1,512.7,512.7
16575,4779,165,3,235.2,705.6
16576,4780,57,2,128.38,256.76
16577,4780,61,1,374.3,374.3
16578,4780,118,1,175.82,175.82
16579,4780,249,3,375.32,1125.96
16580,4780,112,1,186.06,186.06
16581,4780,217,2,369.23,738.46
16582,4781,98,3,209.33,627.99
16583,4781,100,3,340.15,1020.45
16584,4781,250,4,34.9,139.6
16585,4781,224,4,79.62,318.48
16586,4781,22,4,125.76,503.04
16587,4782,181,1,314.93,314.93
16588,4782,205,2,383.07,766.14
16589,4782,118,3,175.82,527.46
16590,4782,224,4,79.62,318.48
16591,4782,165,2,235.2,470.4
16592,4782,155,2,219.1,438.2
16593,4783,176,4,405.74,1622.96
16594,4783,210,1,141.37,141.37
16595,4784,163,1,268.64,268.64
16596,4784,185,2,339.64,679.28
16597,4785,178,1,505.3,505.3
16598,4785,182,1,214.08,214.08
16599,4785,208,1,350.34,350.34
16600,4785,124,1,388.77,388.77
16601,4786,86,1,431.1,431.1
16602,4786,59,2,395.91,791.82
16603,4787,49,3,529.8,1589.4
16604,4787,226,2,137.54,275.08
16605,4787,159,2,223.33,446.66
16606,4787,21,3,574.25,1722.75
16607,4787,61,2,374.3,748.6
16608,4787,151,2,72.21,144.42
16609,4788,175,1,93.86,93.86
16610,4788,91,2,187.63,375.26
16611,4788,207,4,490.29,1961.16
16612,4788,177,3,245.43,736.29
16613,4788,43,3,349.47,1048.41
16614,4789,48,1,355.11,355.11
16615,4790,231,1,265.93,265.93
16616,4790,121,3,418.51,1255.53
16617,4790,66,1,87.24,87.24
16618,4791,114,4,270.25,1081.0
16619,4792,136,4,299.97,1199.88
16620,4792,189,4,603.72,2414.88
16621,4792,114,3,270.25,810.75
16622,4792,60,2,556.59,1113.18
16623,4792,132,4,330.55,1322.2
16624,4793,14,2,301.65,603.3
16625,4793,117,1,300.72,300.72
16626,4793,218,2,126.69,253.38
16627,4793,121,4,418.51,1674.04
16628,4793,227,1,454.43,454.43
16629,4793,22,2,125.76,251.52
16630,4794,229,3,165.02,495.06
16631,4795,234,3,244.66,733.98
16632,4795,69,3,297.02,891.06
16633,4795,204,3,207.96,623.88
16634,4796,239,1,38.46,38.46
16635,4796,237,2,52.77,105.54
16636,4797,113,2,411.77,823.54
16637,4797,177,3,245.43,736.29
16638,4797,34,1,43.41,43.41
16639,4798,90,1,138.74,138.74
16640,4798,126,4,291.18,1164.72
16641,4798,46,4,188.18,752.72
16642,4798,12,2,589.84,1179.68
16643,4798,55,2,215.38,430.76
16644,4799,242,1,131.89,131.89
16645,4799,71,3,594.55,1783.65
16646,4799,130,4,60.89,243.56
16647,4800,49,1,529.8,529.8
16648,4800,180,4,394.23,1576.92
16649,4800,29,3,218.87,656.61
16650,4800,173,4,303.56,1214.24
16651,4800,154,2,342.09,684.18
16652,4801,106,3,162.6,487.8
16653,4801,196,4,450.47,1801.88
16654,4802,168,3,316.03,948.09
16655,4802,224,4,79.62,318.48
16656,4802,231,1,265.93,265.93
16657,4802,209,2,101.66,203.32
16658,4803,184,3,201.3,603.9
16659,4803,199,3,94.94,284.82
16660,4803,116,2,108.97,217.94
16661,4803,94,3,512.7,1538.1
16662,4803,194,1,521.07,521.07
16663,4803,228,2,380.46,760.92
16664,4804,27,2,238.78,477.56
16665,4804,119,2,142.86,285.72
16666,4804,90,3,138.74,416.22
16667,4804,160,4,275.73,1102.92
16668,4804,5,4,148.93,595.72
16669,4804,177,4,245.43,981.72
16670,4805,14,1,301.65,301.65
16671,4805,209,2,101.66,203.32
16672,4805,82,2,212.44,424.88
16673,4805,88,2,347.53,695.06
16674,4805,3,4,142.45,569.8
16675,4805,196,4,450.47,1801.88
16676,4806,37,1,43.6,43.6
16677,4806,241,3,205.2,615.6
16678,4806,129,3,293.5,880.5
16679,4807,123,3,235.89,707.67
16680,4808,116,2,108.97,217.94
16681,4808,34,2,43.41,86.82
16682,4808,149,3,212.48,637.44
16683,4808,88,1,347.53,347.53
16684,4808,1,4,541.39,2165.56
16685,4809,193,1,164.42,164.42
16686,4809,46,3,188.18,564.54
16687,4809,49,2,529.8,1059.6
16688,4810,89,2,152.92,305.84
16689,4810,100,4,340.15,1360.6
16690,4811,239,1,38.46,38.46
16691,4811,159,2,223.33,446.66
16692,4811,190,1,378.5,378.5
16693,4812,124,2,388.77,777.54
16694,4812,70,3,473.53,1420.59
16695,4812,87,4,509.91,2039.64
16696,4813,213,4,266.98,1067.92
16697,4813,67,4,136.1,544.4
16698,4813,232,4,494.33,1977.32
16699,4813,199,4,94.94,379.76
16700,4813,177,3,245.43,736.29
16701,4813,244,1,423.65,423.65
16702,4814,150,3,377.06,1131.18
16703,4814,71,3,594.55,1783.65
16704,4815,118,4,175.82,703.28
16705,4815,11,3,312.03,936.09
16706,4816,62,4,185.84,743.36
16707,4816,136,1,299.97,299.97
16708,4816,224,3,79.62,238.86
16709,4816,247,4,32.63,130.52
16710,4817,61,2,374.3,748.6
16711,4818,238,2,262.67,525.34
16712,4818,142,4,45.22,180.88
16713,4818,73,4,200.84,803.36
16714,4818,24,1,28.9,28.9
16715,4819,33,2,102.45,204.9
16716,4819,202,1,467.78,467.78
16717,4819,122,1,313.49,313.49
16718,4819,82,1,212.44,212.44
16719,4819,38,1,511.93,511.93
16720,4819,51,4,555.78,2223.12
16721,4820,77,2,377.42,754.84
16722,4820,6,2,478.9,957.8
16723,4821,180,2,394.23,788.46
16724,4821,243,2,358.78,717.56
16725,4821,231,2,265.93,531.86
16726,4822,189,3,603.72,1811.16
16727,4822,133,2,310.77,621.54
16728,4822,213,1,266.98,266.98
16729,4822,4,1,352.75,352.75
16730,4823,128,4,197.5,790.0
16731,4823,78,2,302.79,605.58
16732,4823,239,1,38.46,38.46
16733,4823,3,2,142.45,284.9
16734,4824,192,2,183.66,367.32
16735,4824,62,1,185.84,185.84
16736,4824,185,3,339.64,1018.92
16737,4825,204,2,207.96,415.92
16738,4825,18,4,55.2,220.8
16739,4825,73,3,200.84,602.52
16740,4825,80,2,24.61,49.22
16741,4826,84,3,124.27,372.81
16742,4826,215,4,238.44,953.76
16743,4827,220,4,168.03,672.12
16744,4827,11,3,312.03,936.09
16745,4827,86,3,431.1,1293.3
16746,4828,28,1,434.23,434.23
16747,4829,137,4,205.25,821.0
16748,4829,176,3,405.74,1217.22
16749,4829,80,3,24.61,73.83
16750,4829,233,1,275.42,275.42
16751,4830,59,3,395.91,1187.73
16752,4830,137,1,205.25,205.25
16753,4830,241,1,205.2,205.2
16754,4830,225,4,242.67,970.68
16755,4831,107,3,233.92,701.76
16756,4831,218,2,126.69,253.38
16757,4832,93,2,296.33,592.66
16758,4832,4,2,352.75,705.5
16759,4832,18,4,55.2,220.8
16760,4833,165,4,235.2,940.8
16761,4833,110,4,524.57,2098.28
16762,4833,238,1,262.67,262.67
16763,4833,5,1,148.93,148.93
16764,4834,203,1,362.8,362.8
16765,4834,66,1,87.24,87.24
16766,4834,117,4,300.72,1202.88
16767,4834,7,4,53.23,212.92
16768,4835,103,2,234.96,469.92
16769,4836,64,4,110.72,442.88
16770,4836,234,1,244.66,244.66
16771,4837,30,2,247.82,495.64
16772,4837,57,3,128.38,385.14
16773,4837,75,3,256.79,770.37
16774,4837,134,1,224.13,224.13
16775,4837,45,3,118.21,354.63
16776,4838,102,3,196.56,589.68
16777,4838,225,3,242.67,728.01
16778,4838,75,2,256.79,513.58
16779,4838,162,2,386.04,772.08
16780,4838,77,4,377.42,1509.68
16781,4838,58,3,307.4,922.2
16782,4839,227,3,454.43,1363.29
16783,4839,144,3,47.39,142.17
16784,4839,225,2,242.67,485.34
16785,4839,112,4,186.06,744.24
16786,4840,8,2,427.33,854.66
16787,4840,110,4,524.57,2098.28
16788,4840,129,2,293.5,587.0
16789,4840,235,4,172.77,691.08
16790,4840,26,3,478.23,1434.69
16791,4841,250,4,34.9,139.6
16792,4841,39,1,116.92,116.92
16793,4842,152,4,580.76,2323.04
16794,4842,58,3,307.4,922.2
16795,4842,230,1,350.4,350.4
16796,4843,89,3,152.92,458.76
16797,4843,83,4,550.53,2202.12
16798,4843,214,4,288.6,1154.4
16799,4843,107,2,233.92,467.84
16800,4844,236,1,58.2,58.2
16801,4844,150,2,377.06,754.12
16802,4844,146,4,118.88,475.52
16803,4844,90,4,138.74,554.96
16804,4845,148,1,497.64,497.64
16805,4846,77,3,377.42,1132.26
16806,4846,102,4,196.56,786.24
16807,4846,42,3,132.01,396.03
16808,4846,100,1,340.15,340.15
16809,4846,172,1,244.65,244.65
16810,4846,92,4,411.95,1647.8
16811,4847,1,4,541.39,2165.56
16812,4848,113,4,411.77,1647.08
16813,4848,170,4,287.23,1148.92
16814,4848,227,1,454.43,454.43
16815,4848,105,2,58.11,116.22
16816,4849,89,4,152.92,611.68
16817,4849,98,1,209.33,209.33
16818,4849,192,4,183.66,734.64
16819,4850,153,3,415.24,1245.72
16820,4850,40,1,450.37,450.37
16821,4850,13,2,249.16,498.32
16822,4850,16,3,70.43,211.29
16823,4850,226,2,137.54,275.08
16824,4850,23,4,276.19,1104.76
16825,4851,4,3,352.75,1058.25
16826,4851,91,3,187.63,562.89
16827,4852,227,3,454.43,1363.29
16828,4852,105,2,58.11,116.22
16829,4852,49,4,529.8,2119.2
16830,4852,167,4,74.71,298.84
16831,4853,194,1,521.07,521.07
16832,4854,126,2,291.18,582.36
16833,4855,36,3,90.32,270.96
16834,4855,126,1,291.18,291.18
16835,4855,95,4,320.04,1280.16
16836,4855,21,4,574.25,2297.0
16837,4855,210,2,141.37,282.74
16838,4856,98,3,209.33,627.99
16839,4856,29,3,218.87,656.61
16840,4856,210,2,141.37,282.74
16841,4856,127,2,240.8,481.6
16842,4857,23,4,276.19,1104.76
16843,4858,196,2,450.47,900.94
16844,4858,45,3,118.21,354.63
16845,4859,175,4,93.86,375.44
16846,4859,16,1,70.43,70.43
16847,4859,229,4,165.02,660.08
16848,4859,167,2,74.71,149.42
16849,4859,55,1,215.38,215.38
16850,4860,105,2,58.11,116.22
16851,4861,236,1,58.2,58.2
16852,4861,114,4,270.25,1081.0
16853,4861,140,3,359.22,1077.66
16854,4861,13,1,249.16,249.16
16855,4861,213,1,266.98,266.98
16856,4862,17,4,555.46,2221.84
16857,4862,8,3,427.33,1281.99
16858,4863,95,3,320.04,960.12
16859,4863,106,3,162.6,487.8
16860,4864,105,2,58.11,116.22
16861,4864,142,3,45.22,135.66
16862,4864,116,4,108.97,435.88
16863,4864,153,2,415.24,830.48
16864,4864,217,4,369.23,1476.92
16865,4865,40,4,450.37,1801.48
16866,4865,181,2,314.93,629.86
16867,4866,214,1,288.6,288.6
16868,4867,93,1,296.33,296.33
16869,4867,227,3,454.43,1363.29
16870,4867,246,4,307.14,1228.56
16871,4867,193,2,164.42,328.84
16872,4867,59,4,395.91,1583.64
16873,4868,110,3,524.57,1573.71
16874,4868,211,1,556.48,556.48
16875,4868,214,4,288.6,1154.4
16876,4868,100,3,340.15,1020.45
16877,4868,212,2,454.26,908.52
16878,4868,170,3,287.23,861.69
16879,4869,222,3,81.41,244.23
16880,4870,2,1,363.88,363.88
16881,4870,75,4,256.79,1027.16
16882,4870,183,4,147.46,589.84
16883,4871,173,3,303.56,910.68
16884,4871,35,4,404.22,1616.88
16885,4872,1,2,541.39,1082.78
16886,4872,98,2,209.33,418.66
16887,4872,171,1,242.88,242.88
16888,4873,120,3,32.48,97.44
16889,4873,101,1,57.39,57.39
16890,4873,116,4,108.97,435.88
16891,4873,96,3,541.36,1624.08
16892,4874,185,3,339.64,1018.92
16893,4874,27,1,238.78,238.78
16894,4874,194,3,521.07,1563.21
16895,4874,61,2,374.3,748.6
16896,4874,116,4,108.97,435.88
16897,4874,236,4,58.2,232.8
16898,4875,129,1,293.5,293.5
16899,4875,148,3,497.64,1492.92
16900,4875,50,1,120.19,120.19
16901,4875,137,3,205.25,615.75
16902,4876,190,1,378.5,378.5
16903,4876,170,4,287.23,1148.92
16904,4876,163,3,268.64,805.92
16905,4876,2,4,363.88,1455.52
16906,4876,21,2,574.25,1148.5
16907,4876,167,3,74.71,224.13
16908,4877,88,2,347.53,695.06
16909,4878,157,1,28.92,28.92
16910,4879,80,3,24.61,73.83
16911,4879,134,4,224.13,896.52
16912,4879,207,1,490.29,490.29
16913,4879,219,3,383.42,1150.26
16914,4880,159,2,223.33,446.66
16915,4881,153,2,415.24,830.48
16916,4881,58,4,307.4,1229.6
16917,4881,249,2,375.32,750.64
16918,4881,183,2,147.46,294.92
16919,4881,37,4,43.6,174.4
16920,4881,9,4,553.14,2212.56
16921,4882,172,3,244.65,733.95
16922,4882,17,2,555.46,1110.92
16923,4882,226,2,137.54,275.08
16924,4882,18,3,55.2,165.6
16925,4882,175,4,93.86,375.44
16926,4883,45,3,118.21,354.63
16927,4884,88,2,347.53,695.06
16928,4884,72,3,91.12,273.36
16929,4885,235,1,172.77,172.77
16930,4885,133,2,310.77,621.54
16931,4886,218,2,126.69,253.38
16932,4886,232,4,494.33,1977.32
16933,4886,104,3,287.63,862.89
16934,4886,61,3,374.3,1122.9
16935,4886,230,4,350.4,1401.6
16936,4886,180,1,394.23,394.23
16937,4887,179,1,200.78,200.78
16938,4887,247,3,32.63,97.89
16939,4887,16,3,70.43,211.29
16940,4888,183,2,147.46,294.92
16941,4888,96,3,541.36,1624.08
16942,4888,215,2,238.44,476.88
16943,4888,45,2,118.21,236.42
16944,4889,41,2,245.1,490.2
16945,4889,243,3,358.78,1076.34
16946,4890,155,2,219.1,438.2
16947,4890,228,2,380.46,760.92
16948,4890,237,2,52.77,105.54
16949,4890,245,3,170.03,510.09
16950,4891,33,3,102.45,307.35
16951,4891,123,4,235.89,943.56
16952,4891,15,3,578.04,1734.12
16953,4891,109,4,383.43,1533.72
16954,4891,159,4,223.33,893.32
16955,4891,92,3,411.95,1235.85
16956,4892,238,4,262.67,1050.68
16957,4892,191,1,410.67,410.67
16958,4892,98,4,209.33,837.32
16959,4893,98,4,209.33,837.32
16960,4893,132,2,330.55,661.1
16961,4893,145,1,362.85,362.85
16962,4893,164,1,320.2,320.2
16963,4894,156,3,234.14,702.42
16964,4895,162,1,386.04,386.04
16965,4895,94,3,512.7,1538.1
16966,4895,194,1,521.07,521.07
16967,4895,140,3,359.22,1077.66
16968,4895,137,3,205.25,615.75
16969,4896,61,1,374.3,374.3
16970,4896,195,2,117.88,235.76
16971,4896,234,4,244.66,978.64
16972,4896,109,1,383.43,383.43
16973,4896,218,4,126.69,506.76
16974,4896,22,1,125.76,125.76
16975,4897,126,1,291.18,291.18
16976,4897,207,1,490.29,490.29
16977,4897,243,2,358.78,717.56
16978,4897,60,3,556.59,1669.77
16979,4897,100,2,340.15,680.3
16980,4898,78,3,302.79,908.37
16981,4898,118,1,175.82,175.82
16982,4898,221,4,627.82,2511.28
16983,4898,11,2,312.03,624.06
16984,4898,199,3,94.94,284.82
16985,4898,173,2,303.56,607.12
16986,4899,200,2,558.08,1116.16
16987,4899,184,3,201.3,603.9
16988,4899,140,1,359.22,359.22
16989,4900,12,3,589.84,1769.52
16990,4901,160,2,275.73,551.46
16991,4901,208,1,350.34,350.34
16992,4901,250,3,34.9,104.7
16993,4901,78,2,302.79,605.58
16994,4901,144,2,47.39,94.78
16995,4902,247,3,32.63,97.89
16996,4902,40,1,450.37,450.37
16997,4902,198,2,351.95,703.9
16998,4902,48,3,355.11,1065.33
16999,4902,183,1,147.46,147.46
17000,4902,36,2,90.32,180.64
17001,4903,75,4,256.79,1027.16
17002,4903,206,3,225.13,675.39
17003,4903,136,3,299.97,899.91
17004,4903,3,3,142.45,427.35
17005,4904,120,1,32.48,32.48
17006,4905,168,2,316.03,632.06
17007,4905,137,2,205.25,410.5
17008,4905,66,2,87.24,174.48
17009,4905,176,4,405.74,1622.96
17010,4905,95,4,320.04,1280.16
17011,4906,158,4,479.14,1916.56
17012,4906,113,1,411.77,411.77
17013,4907,170,1,287.23,287.23
17014,4907,42,4,132.01,528.04
17015,4907,193,1,164.42,164.42
17016,4908,82,3,212.44,637.32
17017,4908,37,4,43.6,174.4
17018,4908,173,4,303.56,1214.24
17019,4908,248,1,188.2,188.2
17020,4909,138,1,371.13,371.13
17021,4909,110,1,524.57,524.57
17022,4909,243,4,358.78,1435.12
17023,4910,104,4,287.63,1150.52
17024,4910,78,2,302.79,605.58
17025,4910,248,3,188.2,564.6
17026,4911,109,1,383.43,383.43
17027,4911,203,3,362.8,1088.4
17028,4911,22,1,125.76,125.76
17029,4911,215,4,238.44,953.76
17030,4911,171,4,242.88,971.52
17031,4912,82,4,212.44,849.76
17032,4912,122,3,313.49,940.47
17033,4912,231,4,265.93,1063.72
17034,4912,99,1,205.29,205.29
17035,4912,163,3,268.64,805.92
17036,4913,185,2,339.64,679.28
17037,4913,130,1,60.89,60.89
17038,4914,244,4,423.65,1694.6
17039,4914,106,1,162.6,162.6
17040,4914,224,3,79.62,238.86
17041,4914,218,4,126.69,506.76
17042,4914,191,4,410.67,1642.68
17043,4914,10,4,330.8,1323.2
17044,4915,59,1,395.91,395.91
17045,4915,143,3,155.0,465.0
17046,4915,183,4,147.46,589.84
17047,4916,174,1,460.49,460.49
17048,4917,250,3,34.9,104.7
17049,4917,185,3,339.64,1018.92
17050,4917,54,4,60.89,243.56
17051,4917,164,3,320.2,960.6
17052,4917,89,4,152.92,611.68
17053,4918,3,4,142.45,569.8
17054,4919,6,1,478.9,478.9
17055,4919,110,4,524.57,2098.28
17056,4919,116,1,108.97,108.97
17057,4919,243,3,358.78,1076.34
17058,4919,77,3,377.42,1132.26
17059,4920,71,3,594.55,1783.65
17060,4921,145,4,362.85,1451.4
17061,4921,37,3,43.6,130.8
17062,4921,121,3,418.51,1255.53
17063,4921,223,1,449.24,449.24
17064,4921,89,3,152.92,458.76
17065,4921,130,2,60.89,121.78
17066,4922,70,3,473.53,1420.59
17067,4922,51,4,555.78,2223.12
17068,4922,126,4,291.18,1164.72
17069,4922,78,1,302.79,302.79
17070,4922,71,3,594.55,1783.65
17071,4922,233,2,275.42,550.84
17072,4923,80,1,24.61,24.61
17073,4923,205,4,383.07,1532.28
17074,4923,221,4,627.82,2511.28
17075,4924,79,2,440.1,880.2
17076,4924,44,1,19.48,19.48
17077,4925,213,1,266.98,266.98
17078,4925,47,2,595.74,1191.48
17079,4925,123,2,235.89,471.78
17080,4925,12,3,589.84,1769.52
17081,4925,217,3,369.23,1107.69
17082,4926,203,1,362.8,362.8
17083,4926,83,3,550.53,1651.59
17084,4926,204,3,207.96,623.88
17085,4926,106,2,162.6,325.2
17086,4926,228,1,380.46,380.46
17087,4927,56,3,238.95,716.85
17088,4928,247,2,32.63,65.26
17089,4929,199,1,94.94,94.94
17090,4929,234,1,244.66,244.66
17091,4929,9,1,553.14,553.14
17092,4929,60,4,556.59,2226.36
17093,4930,132,2,330.55,661.1
17094,4930,91,2,187.63,375.26
17095,4931,110,3,524.57,1573.71
17096,4931,74,1,355.67,355.67
17097,4932,125,1,211.24,211.24
17098,4933,49,1,529.8,529.8
17099,4933,209,2,101.66,203.32
17100,4933,100,3,340.15,1020.45
17101,4934,54,4,60.89,243.56
17102,4934,163,4,268.64,1074.56
17103,4934,247,3,32.63,97.89
17104,4935,164,4,320.2,1280.8
17105,4936,184,4,201.3,805.2
17106,4936,136,4,299.97,1199.88
17107,4936,177,2,245.43,490.86
17108,4936,197,2,297.44,594.88
17109,4936,141,3,133.58,400.74
17110,4937,208,3,350.34,1051.02
17111,4937,19,3,464.34,1393.02
17112,4937,112,1,186.06,186.06
17113,4937,240,2,253.55,507.1
17114,4938,122,2,313.49,626.98
17115,4938,57,3,128.38,385.14
17116,4938,175,2,93.86,187.72
17117,4939,105,1,58.11,58.11
17118,4939,201,2,496.81,993.62
17119,4939,241,3,205.2,615.6
17120,4939,181,1,314.93,314.93
17121,4939,185,3,339.64,1018.92
17122,4939,225,1,242.67,242.67
17123,4940,38,3,511.93,1535.79
17124,4940,151,1,72.21,72.21
17125,4940,186,1,232.01,232.01
17126,4940,109,2,383.43,766.86
17127,4940,170,4,287.23,1148.92
17128,4940,245,3,170.03,510.09
17129,4941,242,2,131.89,263.78
17130,4941,139,2,250.55,501.1
17131,4941,232,3,494.33,1482.99
17132,4941,95,4,320.04,1280.16
17133,4942,232,4,494.33,1977.32
17134,4943,181,1,314.93,314.93
17135,4944,201,2,496.81,993.62
17136,4944,250,3,34.9,104.7
17137,4944,104,3,287.63,862.89
17138,4944,221,2,627.82,1255.64
17139,4944,27,2,238.78,477.56
17140,4945,239,1,38.46,38.46
17141,4945,179,2,200.78,401.56
17142,4945,131,4,21.58,86.32
17143,4946,24,1,28.9,28.9
17144,4946,68,4,188.28,753.12
17145,4946,140,3,359.22,1077.66
17146,4946,213,4,266.98,1067.92
17147,4946,181,2,314.93,629.86
17148,4947,10,4,330.8,1323.2
17149,4947,243,1,358.78,358.78
17150,4948,71,1,594.55,594.55
17151,4948,131,4,21.58,86.32
17152,4949,73,2,200.84,401.68
17153,4949,74,2,355.67,711.34
17154,4949,183,4,147.46,589.84
17155,4949,87,2,509.91,1019.82
17156,4949,220,2,168.03,336.06
17157,4950,214,2,288.6,577.2
17158,4950,70,4,473.53,1894.12
17159,4950,164,4,320.2,1280.8
17160,4950,33,2,102.45,204.9
17161,4950,190,3,378.5,1135.5
17162,4951,81,2,51.32,102.64
17163,4951,235,4,172.77,691.08
17164,4951,28,3,434.23,1302.69
17165,4951,97,1,316.97,316.97
17166,4952,101,2,57.39,114.78
17167,4952,235,3,172.77,518.31
17168,4952,183,4,147.46,589.84
17169,4952,210,2,141.37,282.74
17170,4952,78,1,302.79,302.79
17171,4953,62,4,185.84,743.36
17172,4953,68,2,188.28,376.56
17173,4953,34,1,43.41,43.41
17174,4953,82,4,212.44,849.76
17175,4954,119,1,142.86,142.86
17176,4954,228,1,380.46,380.46
17177,4954,115,4,235.12,940.48
17178,4955,156,1,234.14,234.14
17179,4955,213,3,266.98,800.94
17180,4955,206,1,225.13,225.13
17181,4955,155,2,219.1,438.2
17182,4955,233,4,275.42,1101.68
17183,4956,179,2,200.78,401.56
17184,4957,143,4,155.0,620.0
17185,4957,146,2,118.88,237.76
17186,4957,166,3,82.07,246.21
17187,4957,210,4,141.37,565.48
17188,4958,73,2,200.84,401.68
17189,4958,225,1,242.67,242.67
17190,4958,192,4,183.66,734.64
17191,4958,184,3,201.3,603.9
17192,4959,212,1,454.26,454.26
17193,4959,102,2,196.56,393.12
17194,4959,237,2,52.77,105.54
17195,4959,177,2,245.43,490.86
17196,4960,144,4,47.39,189.56
17197,4960,205,4,383.07,1532.28
17198,4960,155,1,219.1,219.1
17199,4961,244,3,423.65,1270.95
17200,4961,249,1,375.32,375.32
17201,4961,245,4,170.03,680.12
17202,4962,108,2,378.79,757.58
17203,4962,125,3,211.24,633.72
17204,4962,54,3,60.89,182.67
17205,4962,239,3,38.46,115.38
17206,4962,60,1,556.59,556.59
17207,4962,207,1,490.29,490.29
17208,4963,243,4,358.78,1435.12
17209,4963,3,3,142.45,427.35
17210,4963,74,3,355.67,1067.01
17211,4963,13,3,249.16,747.48
17212,4963,192,2,183.66,367.32
17213,4963,42,3,132.01,396.03
17214,4964,127,3,240.8,722.4
17215,4964,46,2,188.18,376.36
17216,4965,46,2,188.18,376.36
17217,4965,185,1,339.64,339.64
17218,4965,14,3,301.65,904.95
17219,4966,239,1,38.46,38.46
17220,4967,241,1,205.2,205.2
17221,4967,139,3,250.55,751.65
17222,4967,170,2,287.23,574.46
17223,4967,42,3,132.01,396.03
17224,4968,174,2,460.49,920.98
17225,4968,201,4,496.81,1987.24
17226,4968,12,2,589.84,1179.68
17227,4968,122,4,313.49,1253.96
17228,4968,156,2,234.14,468.28
17229,4969,163,2,268.64,537.28
17230,4969,21,1,574.25,574.25
17231,4969,194,1,521.07,521.07
17232,4969,42,2,132.01,264.02
17233,4970,190,3,378.5,1135.5
17234,4970,198,1,351.95,351.95
17235,4970,172,3,244.65,733.95
17236,4970,73,2,200.84,401.68
17237,4970,98,3,209.33,627.99
17238,4970,48,2,355.11,710.22
17239,4971,105,4,58.11,232.44
17240,4972,22,3,125.76,377.28
17241,4973,185,1,339.64,339.64
17242,4973,57,2,128.38,256.76
17243,4973,243,3,358.78,1076.34
17244,4974,69,2,297.02,594.04
17245,4974,154,2,342.09,684.18
17246,4974,186,2,232.01,464.02
17247,4975,210,2,141.37,282.74
17248,4976,135,3,298.38,895.14
17249,4976,104,1,287.63,287.63
17250,4977,157,4,28.92,115.68
17251,4977,82,2,212.44,424.88
17252,4977,209,3,101.66,304.98
17253,4977,222,1,81.41,81.41
17254,4978,148,4,497.64,1990.56
17255,4978,249,4,375.32,1501.28
17256,4978,114,1,270.25,270.25
17257,4978,143,4,155.0,620.0
17258,4978,229,1,165.02,165.02
17259,4979,8,1,427.33,427.33
17260,4979,165,2,235.2,470.4
17261,4979,201,2,496.81,993.62
17262,4979,171,2,242.88,485.76
17263,4979,227,4,454.43,1817.72
17264,4980,83,4,550.53,2202.12
17265,4980,110,1,524.57,524.57
17266,4980,48,1,355.11,355.11
17267,4981,135,4,298.38,1193.52
17268,4981,49,4,529.8,2119.2
17269,4981,68,4,188.28,753.12
17270,4982,221,4,627.82,2511.28
17271,4983,182,2,214.08,428.16
17272,4983,219,4,383.42,1533.68
17273,4983,201,3,496.81,1490.43
17274,4983,139,1,250.55,250.55
17275,4983,245,4,170.03,680.12
17276,4984,114,2,270.25,540.5
17277,4984,45,4,118.21,472.84
17278,4984,32,4,610.06,2440.24
17279,4984,54,2,60.89,121.78
17280,4985,100,2,340.15,680.3
17281,4986,20,1,605.41,605.41
17282,4986,189,3,603.72,1811.16
17283,4986,154,4,342.09,1368.36
17284,4986,79,3,440.1,1320.3
17285,4986,12,4,589.84,2359.36
17286,4986,2,4,363.88,1455.52
17287,4987,129,4,293.5,1174.0
17288,4987,57,2,128.38,256.76
17289,4988,162,3,386.04,1158.12
17290,4988,17,4,555.46,2221.84
17291,4988,105,2,58.11,116.22
17292,4988,156,2,234.14,468.28
17293,4988,233,1,275.42,275.42
17294,4989,113,3,411.77,1235.31
17295,4990,36,1,90.32,90.32
17296,4990,227,1,454.43,454.43
17297,4990,106,1,162.6,162.6
17298,4991,137,3,205.25,615.75
17299,4991,232,3,494.33,1482.99
17300,4991,96,3,541.36,1624.08
17301,4991,216,4,101.25,405.0
17302,4991,105,3,58.11,174.33
17303,4992,136,3,299.97,899.91
17304,4992,128,3,197.5,592.5
17305,4992,243,4,358.78,1435.12
17306,4992,48,4,355.11,1420.44
17307,4992,236,4,58.2,232.8
17308,4992,202,2,467.78,935.56
17309,4993,58,1,307.4,307.4
17310,4993,76,2,450.31,900.62
17311,4994,218,3,126.69,380.07
17312,4994,48,3,355.11,1065.33
17313,4994,197,3,297.44,892.32
17314,4994,196,3,450.47,1351.41
17315,4994,20,3,605.41,1816.23
17316,4994,202,1,467.78,467.78
17317,4995,97,3,316.97,950.91
17318,4995,242,1,131.89,131.89
17319,4996,177,3,245.43,736.29
17320,4996,185,3,339.64,1018.92
17321,4996,179,2,200.78,401.56
17322,4996,75,4,256.79,1027.16
17323,4996,11,1,312.03,312.03
17324,4997,201,2,496.81,993.62
17325,4997,75,3,256.79,770.37
17326,4997,237,4,52.77,211.08
17327,4997,101,4,57.39,229.56
17328,4998,10,3,330.8,992.4
17329,4998,93,1,296.33,296.33
17330,4998,97,4,316.97,1267.88
17331,4998,189,4,603.72,2414.88
17332,4998,87,4,509.91,2039.64
17333,4999,153,2,415.24,830.48
17334,5000,125,1,211.24,211.24
17335,5000,40,2,450.37,900.74
17336,5000,185,3,339.64,1018.92
17337,5000,83,3,550.53,1651.59
17338,5001,117,2,300.72,601.44
17339,5001,218,1,126.69,126.69
17340,5001,156,3,234.14,702.42
17341,5001,12,3,589.84,1769.52
17342,5001,38,4,511.93,2047.72
17343,5002,40,1,450.37,450.37
17344,5002,18,1,55.2,55.2
17345,5002,119,2,142.86,285.72
17346,5002,138,4,371.13,1484.52
17347,5002,67,3,136.1,408.3
17348,5003,76,3,450.31,1350.93
17349,5004,32,3,610.06,1830.18
17350,5004,144,1,47.39,47.39
17351,5005,115,2,235.12,470.24
17352,5005,58,2,307.4,614.8
17353,5006,77,4,377.42,1509.68
17354,5006,220,4,168.03,672.12
17355,5006,21,3,574.25,1722.75
17356,5006,69,2,297.02,594.04
17357,5006,15,1,578.04,578.04
17358,5006,50,2,120.19,240.38
17359,5007,231,3,265.93,797.79
17360,5007,133,2,310.77,621.54
17361,5007,83,3,550.53,1651.59
17362,5007,226,4,137.54,550.16
17363,5008,103,1,234.96,234.96
17364,5008,147,1,50.11,50.11
17365,5008,198,4,351.95,1407.8
17366,5008,122,3,313.49,940.47
17367,5008,113,2,411.77,823.54
17368,5009,148,4,497.64,1990.56
17369,5009,233,3,275.42,826.26
17370,5010,58,1,307.4,307.4
17371,5010,104,1,287.63,287.63
17372,5010,233,3,275.42,826.26
17373,5010,179,4,200.78,803.12
17374,5010,6,1,478.9,478.9
17375,5011,203,3,362.8,1088.4
17376,5011,145,1,362.85,362.85
17377,5012,108,2,378.79,757.58
17378,5012,8,4,427.33,1709.32
17379,5013,22,3,125.76,377.28
17380,5013,226,4,137.54,550.16
17381,5014,95,4,320.04,1280.16
17382,5014,26,4,478.23,1912.92
17383,5014,175,4,93.86,375.44
17384,5014,124,3,388.77,1166.31
17385,5014,159,4,223.33,893.32
17386,5015,33,2,102.45,204.9
17387,5015,138,1,371.13,371.13
17388,5015,174,4,460.49,1841.96
17389,5015,215,1,238.44,238.44
17390,5015,30,2,247.82,495.64
17391,5015,165,4,235.2,940.8
17392,5016,219,1,383.42,383.42
17393,5016,50,4,120.19,480.76
17394,5016,130,3,60.89,182.67
17395,5017,204,1,207.96,207.96
17396,5017,218,3,126.69,380.07
17397,5017,184,2,201.3,402.6
17398,5017,62,4,185.84,743.36
17399,5017,172,4,244.65,978.6
17400,5018,109,3,383.43,1150.29
17401,5019,179,2,200.78,401.56
17402,5019,144,1,47.39,47.39
17403,5019,233,4,275.42,1101.68
17404,5020,38,3,511.93,1535.79
17405,5020,80,2,24.61,49.22
17406,5021,129,1,293.5,293.5
17407,5022,201,3,496.81,1490.43
17408,5022,11,1,312.03,312.03
17409,5022,100,3,340.15,1020.45
17410,5023,143,2,155.0,310.0
17411,5023,237,1,52.77,52.77
17412,5023,35,1,404.22,404.22
17413,5024,148,4,497.64,1990.56
17414,5025,96,4,541.36,2165.44
17415,5025,104,2,287.63,575.26
17416,5026,183,2,147.46,294.92
17417,5026,65,4,346.0,1384.0
17418,5026,186,1,232.01,232.01
17419,5026,115,2,235.12,470.24
17420,5027,19,2,464.34,928.68
17421,5027,54,1,60.89,60.89
17422,5027,55,1,215.38,215.38
17423,5027,92,1,411.95,411.95
17424,5027,75,1,256.79,256.79
17425,5027,146,4,118.88,475.52
17426,5028,210,3,141.37,424.11
17427,5028,82,2,212.44,424.88
17428,5028,105,4,58.11,232.44
17429,5028,174,2,460.49,920.98
17430,5028,81,3,51.32,153.96
17431,5029,34,4,43.41,173.64
17432,5029,9,1,553.14,553.14
17433,5029,246,1,307.14,307.14
17434,5029,108,2,378.79,757.58
17435,5029,105,1,58.11,58.11
17436,5030,70,4,473.53,1894.12
17437,5030,92,2,411.95,823.9
17438,5031,196,2,450.47,900.94
17439,5031,24,3,28.9,86.7
17440,5032,103,1,234.96,234.96
17441,5032,175,4,93.86,375.44
17442,5032,92,4,411.95,1647.8
17443,5032,193,2,164.42,328.84
17444,5033,126,2,291.18,582.36
17445,5033,101,1,57.39,57.39
17446,5034,92,1,411.95,411.95
17447,5035,156,1,234.14,234.14
17448,5035,14,4,301.65,1206.6
17449,5035,125,2,211.24,422.48
17450,5035,132,4,330.55,1322.2
17451,5036,2,4,363.88,1455.52
17452,5037,112,3,186.06,558.18
17453,5037,172,4,244.65,978.6
17454,5037,150,4,377.06,1508.24
17455,5037,211,1,556.48,556.48
17456,5038,105,2,58.11,116.22
17457,5038,113,1,411.77,411.77
17458,5039,94,4,512.7,2050.8
17459,5039,106,4,162.6,650.4
17460,5039,209,2,101.66,203.32
17461,5040,126,3,291.18,873.54
17462,5040,214,1,288.6,288.6
17463,5041,222,3,81.41,244.23
17464,5041,196,3,450.47,1351.41
17465,5041,157,1,28.92,28.92
17466,5041,214,1,288.6,288.6
17467,5042,146,4,118.88,475.52
17468,5042,36,4,90.32,361.28
17469,5042,232,2,494.33,988.66
17470,5042,57,2,128.38,256.76
17471,5042,241,4,205.2,820.8
17472,5043,153,1,415.24,415.24
17473,5043,132,2,330.55,661.1
17474,5043,23,3,276.19,828.57
17475,5043,118,1,175.82,175.82
17476,5043,11,3,312.03,936.09
17477,5043,236,2,58.2,116.4
17478,5044,210,1,141.37,141.37
17479,5044,5,3,148.93,446.79
17480,5044,9,2,553.14,1106.28
17481,5045,59,4,395.91,1583.64
17482,5045,183,1,147.46,147.46
17483,5045,95,3,320.04,960.12
17484,5045,158,4,479.14,1916.56
17485,5046,33,4,102.45,409.8
17486,5046,163,2,268.64,537.28
17487,5046,219,1,383.42,383.42
17488,5047,162,4,386.04,1544.16
17489,5047,9,4,553.14,2212.56
17490,5048,112,4,186.06,744.24
17491,5048,47,1,595.74,595.74
17492,5049,166,2,82.07,164.14
17493,5049,198,3,351.95,1055.85
17494,5049,98,2,209.33,418.66
17495,5049,108,2,378.79,757.58
17496,5049,2,3,363.88,1091.64
17497,5049,228,4,380.46,1521.84
17498,5050,134,1,224.13,224.13
17499,5050,234,3,244.66,733.98
17500,5051,201,3,496.81,1490.43
17501,5051,95,2,320.04,640.08
17502,5051,92,3,411.95,1235.85
17503,5051,174,1,460.49,460.49
17504,5052,137,3,205.25,615.75
17505,5052,237,3,52.77,158.31
17506,5052,171,3,242.88,728.64
17507,5052,41,2,245.1,490.2
17508,5053,131,4,21.58,86.32
17509,5054,120,2,32.48,64.96
17510,5054,46,3,188.18,564.54
17511,5054,16,3,70.43,211.29
17512,5055,21,4,574.25,2297.0
17513,5055,91,4,187.63,750.52
17514,5055,86,3,431.1,1293.3
17515,5055,88,3,347.53,1042.59
17516,5055,154,1,342.09,342.09
17517,5055,47,4,595.74,2382.96
17518,5056,94,1,512.7,512.7
17519,5057,61,1,374.3,374.3
17520,5057,239,1,38.46,38.46
17521,5058,158,2,479.14,958.28
17522,5058,241,3,205.2,615.6
17523,5058,113,1,411.77,411.77
17524,5058,217,3,369.23,1107.69
17525,5058,127,1,240.8,240.8
17526,5059,209,2,101.66,203.32
17527,5059,29,1,218.87,218.87
17528,5059,88,3,347.53,1042.59
17529,5060,191,4,410.67,1642.68
17530,5060,164,3,320.2,960.6
17531,5061,236,2,58.2,116.4
17532,5061,144,2,47.39,94.78
17533,5061,97,3,316.97,950.91
17534,5062,158,4,479.14,1916.56
17535,5062,89,2,152.92,305.84
17536,5062,96,1,541.36,541.36
17537,5063,9,2,553.14,1106.28
17538,5063,153,3,415.24,1245.72
17539,5063,200,2,558.08,1116.16
17540,5064,227,4,454.43,1817.72
17541,5064,204,4,207.96,831.84
17542,5064,179,1,200.78,200.78
17543,5065,117,3,300.72,902.16
17544,5065,145,3,362.85,1088.55
17545,5066,104,2,287.63,575.26
17546,5067,115,3,235.12,705.36
17547,5067,137,2,205.25,410.5
17548,5067,124,2,388.77,777.54
17549,5067,250,3,34.9,104.7
17550,5067,32,1,610.06,610.06
17551,5067,149,1,212.48,212.48
17552,5068,142,3,45.22,135.66
17553,5068,171,1,242.88,242.88
17554,5069,140,2,359.22,718.44
17555,5069,194,1,521.07,521.07
17556,5069,119,1,142.86,142.86
17557,5069,199,4,94.94,379.76
17558,5069,146,2,118.88,237.76
17559,5070,45,1,118.21,118.21
17560,5070,168,4,316.03,1264.12
17561,5070,223,3,449.24,1347.72
17562,5070,215,1,238.44,238.44
17563,5071,249,2,375.32,750.64
17564,5071,15,3,578.04,1734.12
17565,5071,166,4,82.07,328.28
17566,5072,175,3,93.86,281.58
17567,5072,152,4,580.76,2323.04
17568,5072,246,2,307.14,614.28
17569,5072,98,1,209.33,209.33
17570,5072,83,4,550.53,2202.12
17571,5073,250,2,34.9,69.8
17572,5073,226,4,137.54,550.16
17573,5073,102,1,196.56,196.56
17574,5074,93,3,296.33,888.99
17575,5075,78,1,302.79,302.79
17576,5075,64,3,110.72,332.16
17577,5075,71,3,594.55,1783.65
17578,5075,29,2,218.87,437.74
17579,5076,200,3,558.08,1674.24
17580,5076,96,4,541.36,2165.44
17581,5076,144,1,47.39,47.39
17582,5076,132,1,330.55,330.55
17583,5076,167,2,74.71,149.42
17584,5076,240,4,253.55,1014.2
17585,5077,1,1,541.39,541.39
17586,5078,179,2,200.78,401.56
17587,5078,190,2,378.5,757.0
17588,5078,135,3,298.38,895.14
17589,5078,44,3,19.48,58.44
17590,5079,30,4,247.82,991.28
17591,5079,72,2,91.12,182.24
17592,5079,86,4,431.1,1724.4
17593,5079,15,1,578.04,578.04
17594,5079,123,1,235.89,235.89
17595,5079,245,3,170.03,510.09
17596,5080,151,4,72.21,288.84
17597,5080,221,1,627.82,627.82
17598,5080,24,2,28.9,57.8
17599,5080,160,4,275.73,1102.92
17600,5080,196,4,450.47,1801.88
17601,5080,155,3,219.1,657.3
17602,5081,99,4,205.29,821.16
17603,5081,13,3,249.16,747.48
17604,5082,94,3,512.7,1538.1
17605,5082,115,2,235.12,470.24
17606,5082,32,3,610.06,1830.18
17607,5082,116,2,108.97,217.94
17608,5082,58,1,307.4,307.4
17609,5082,192,2,183.66,367.32
17610,5083,71,3,594.55,1783.65
17611,5083,213,1,266.98,266.98
17612,5084,136,3,299.97,899.91
17613,5084,85,1,164.19,164.19
17614,5084,235,4,172.77,691.08
17615,5084,71,2,594.55,1189.1
17616,5085,22,1,125.76,125.76
17617,5085,73,2,200.84,401.68
17618,5085,179,1,200.78,200.78
17619,5085,113,4,411.77,1647.08
17620,5086,209,3,101.66,304.98
17621,5086,71,3,594.55,1783.65
17622,5086,176,2,405.74,811.48
17623,5086,213,4,266.98,1067.92
17624,5086,207,4,490.29,1961.16
17625,5086,70,1,473.53,473.53
17626,5087,224,4,79.62,318.48
17627,5087,77,3,377.42,1132.26
17628,5088,210,1,141.37,141.37
17629,5089,142,2,45.22,90.44
17630,5089,22,4,125.76,503.04
17631,5090,68,3,188.28,564.84
17632,5090,66,3,87.24,261.72
17633,5091,46,2,188.18,376.36
17634,5091,236,2,58.2,116.4
17635,5091,215,3,238.44,715.32
17636,5092,40,3,450.37,1351.11
17637,5092,120,1,32.48,32.48
17638,5092,28,2,434.23,868.46
17639,5092,112,3,186.06,558.18
17640,5092,150,2,377.06,754.12
17641,5092,164,4,320.2,1280.8
17642,5093,153,4,415.24,1660.96
17643,5094,41,1,245.1,245.1
17644,5094,50,2,120.19,240.38
17645,5094,166,3,82.07,246.21
17646,5094,66,1,87.24,87.24
17647,5094,233,4,275.42,1101.68
17648,5095,237,3,52.77,158.31
17649,5095,186,3,232.01,696.03
17650,5095,153,4,415.24,1660.96
17651,5096,69,3,297.02,891.06
17652,5096,106,1,162.6,162.6
17653,5096,148,1,497.64,497.64
17654,5096,163,1,268.64,268.64
17655,5096,27,1,238.78,238.78
17656,5097,68,2,188.28,376.56
17657,5098,164,4,320.2,1280.8
17658,5098,185,3,339.64,1018.92
17659,5098,237,1,52.77,52.77
17660,5099,200,3,558.08,1674.24
17661,5099,70,1,473.53,473.53
17662,5099,37,4,43.6,174.4
17663,5099,38,3,511.93,1535.79
17664,5099,177,3,245.43,736.29
17665,5099,217,3,369.23,1107.69
17666,5100,125,2,211.24,422.48
17667,5100,143,4,155.0,620.0
17668,5100,218,1,126.69,126.69
17669,5100,99,4,205.29,821.16
17670,5100,177,4,245.43,981.72
17671,5100,86,1,431.1,431.1
17672,5101,157,4,28.92,115.68
17673,5101,75,4,256.79,1027.16
17674,5101,65,1,346.0,346.0
17675,5101,90,1,138.74,138.74
17676,5101,116,1,108.97,108.97
17677,5101,27,4,238.78,955.12
17678,5102,195,3,117.88,353.64
17679,5102,214,2,288.6,577.2
17680,5103,241,4,205.2,820.8
17681,5103,168,4,316.03,1264.12
17682,5103,48,1,355.11,355.11
17683,5103,150,4,377.06,1508.24
17684,5104,120,4,32.48,129.92
17685,5104,244,4,423.65,1694.6
17686,5104,134,1,224.13,224.13
17687,5104,180,4,394.23,1576.92
17688,5104,92,2,411.95,823.9
17689,5104,99,4,205.29,821.16
17690,5105,249,3,375.32,1125.96
17691,5106,23,4,276.19,1104.76
17692,5107,146,4,118.88,475.52
17693,5107,58,1,307.4,307.4
17694,5108,99,2,205.29,410.58
17695,5109,81,4,51.32,205.28
17696,5109,246,2,307.14,614.28
17697,5109,160,2,275.73,551.46
17698,5110,102,1,196.56,196.56
17699,5110,82,3,212.44,637.32
17700,5110,147,4,50.11,200.44
17701,5110,148,1,497.64,497.64
17702,5111,248,1,188.2,188.2
17703,5111,117,4,300.72,1202.88
17704,5111,61,4,374.3,1497.2
17705,5111,245,3,170.03,510.09
17706,5112,50,4,120.19,480.76
17707,5112,68,2,188.28,376.56
17708,5112,209,3,101.66,304.98
17709,5113,239,2,38.46,76.92
17710,5113,207,2,490.29,980.58
17711,5113,36,2,90.32,180.64
17712,5113,80,3,24.61,73.83
17713,5114,185,3,339.64,1018.92
17714,5114,37,2,43.6,87.2
17715,5115,203,1,362.8,362.8
17716,5115,72,4,91.12,364.48
17717,5116,196,3,450.47,1351.41
17718,5117,105,4,58.11,232.44
17719,5117,181,2,314.93,629.86
17720,5118,9,1,553.14,553.14
17721,5118,246,1,307.14,307.14
17722,5118,117,3,300.72,902.16
17723,5119,229,1,165.02,165.02
17724,5119,117,4,300.72,1202.88
17725,5119,185,2,339.64,679.28
17726,5120,49,2,529.8,1059.6
17727,5120,177,2,245.43,490.86
17728,5121,93,1,296.33,296.33
17729,5121,160,4,275.73,1102.92
17730,5121,196,3,450.47,1351.41
17731,5121,137,1,205.25,205.25
17732,5121,132,1,330.55,330.55
17733,5121,60,3,556.59,1669.77
17734,5122,160,2,275.73,551.46
17735,5122,136,4,299.97,1199.88
17736,5123,18,3,55.2,165.6
17737,5123,114,1,270.25,270.25
17738,5124,115,4,235.12,940.48
17739,5124,218,2,126.69,253.38
17740,5125,166,2,82.07,164.14
17741,5125,167,3,74.71,224.13
17742,5126,64,1,110.72,110.72
17743,5126,14,4,301.65,1206.6
17744,5127,2,1,363.88,363.88
17745,5127,26,4,478.23,1912.92
17746,5127,28,3,434.23,1302.69
17747,5128,16,2,70.43,140.86
17748,5128,39,4,116.92,467.68
17749,5129,41,4,245.1,980.4
17750,5129,241,3,205.2,615.6
17751,5129,48,1,355.11,355.11
17752,5129,116,4,108.97,435.88
17753,5130,236,4,58.2,232.8
17754,5130,176,2,405.74,811.48
17755,5130,66,1,87.24,87.24
17756,5130,143,1,155.0,155.0
17757,5131,207,3,490.29,1470.87
17758,5132,149,2,212.48,424.96
17759,5132,206,3,225.13,675.39
17760,5133,56,4,238.95,955.8
17761,5133,98,4,209.33,837.32
17762,5133,10,1,330.8,330.8
17763,5133,70,1,473.53,473.53
17764,5133,25,2,277.57,555.14
17765,5133,61,4,374.3,1497.2
17766,5134,155,4,219.1,876.4
17767,5134,226,2,137.54,275.08
17768,5134,129,1,293.5,293.5
17769,5134,57,4,128.38,513.52
17770,5134,90,3,138.74,416.22
17771,5134,14,4,301.65,1206.6
17772,5135,231,4,265.93,1063.72
17773,5135,172,2,244.65,489.3
17774,5136,92,4,411.95,1647.8
17775,5136,12,1,589.84,589.84
17776,5136,244,3,423.65,1270.95
17777,5136,177,1,245.43,245.43
17778,5136,211,4,556.48,2225.92
17779,5137,24,3,28.9,86.7
17780,5137,5,2,148.93,297.86
17781,5137,128,1,197.5,197.5
17782,5137,191,4,410.67,1642.68
17783,5137,20,1,605.41,605.41
17784,5137,145,3,362.85,1088.55
17785,5138,106,3,162.6,487.8
17786,5138,29,1,218.87,218.87
17787,5139,245,3,170.03,510.09
17788,5139,246,2,307.14,614.28
17789,5140,169,2,382.14,764.28
17790,5140,129,4,293.5,1174.0
17791,5140,113,1,411.77,411.77
17792,5140,147,3,50.11,150.33
17793,5141,243,2,358.78,717.56
17794,5141,139,4,250.55,1002.2
17795,5142,239,4,38.46,153.84
17796,5142,159,4,223.33,893.32
17797,5142,237,1,52.77,52.77
17798,5142,147,2,50.11,100.22
17799,5142,201,2,496.81,993.62
17800,5142,88,1,347.53,347.53
17801,5143,74,1,355.67,355.67
17802,5144,172,4,244.65,978.6
17803,5144,156,4,234.14,936.56
17804,5144,209,4,101.66,406.64
17805,5144,38,2,511.93,1023.86
17806,5144,25,2,277.57,555.14
17807,5144,185,1,339.64,339.64
17808,5145,185,1,339.64,339.64
17809,5146,117,2,300.72,601.44
17810,5146,51,1,555.78,555.78
17811,5146,73,2,200.84,401.68
17812,5146,13,4,249.16,996.64
17813,5147,112,1,186.06,186.06
17814,5147,188,2,503.7,1007.4
17815,5147,28,4,434.23,1736.92
17816,5148,167,1,74.71,74.71
17817,5148,54,1,60.89,60.89
17818,5148,42,4,132.01,528.04
17819,5149,106,4,162.6,650.4
17820,5149,108,3,378.79,1136.37
17821,5149,35,2,404.22,808.44
17822,5149,52,2,135.78,271.56
17823,5149,121,2,418.51,837.02
17824,5149,16,4,70.43,281.72
17825,5150,145,4,362.85,1451.4
17826,5150,139,3,250.55,751.65
17827,5151,174,4,460.49,1841.96
17828,5151,177,4,245.43,981.72
17829,5151,238,3,262.67,788.01
17830,5151,237,2,52.77,105.54
17831,5151,159,4,223.33,893.32
17832,5152,203,4,362.8,1451.2
17833,5152,177,3,245.43,736.29
17834,5152,104,3,287.63,862.89
17835,5153,197,4,297.44,1189.76
17836,5154,34,2,43.41,86.82
17837,5155,50,4,120.19,480.76
17838,5155,109,1,383.43,383.43
17839,5155,176,1,405.74,405.74
17840,5155,206,3,225.13,675.39
17841,5156,75,4,256.79,1027.16
17842,5156,233,1,275.42,275.42
17843,5156,186,4,232.01,928.04
17844,5156,126,1,291.18,291.18
17845,5156,119,2,142.86,285.72
17846,5157,130,4,60.89,243.56
17847,5157,160,3,275.73,827.19
17848,5157,198,1,351.95,351.95
17849,5158,146,2,118.88,237.76
17850,5158,44,3,19.48,58.44
17851,5158,139,2,250.55,501.1
17852,5159,109,3,383.43,1150.29
17853,5159,155,4,219.1,876.4
17854,5159,150,4,377.06,1508.24
17855,5159,22,3,125.76,377.28
17856,5160,203,3,362.8,1088.4
17857,5160,23,3,276.19,828.57
17858,5161,182,3,214.08,642.24
17859,5161,29,2,218.87,437.74
17860,5161,169,1,382.14,382.14
17861,5161,199,4,94.94,379.76
17862,5161,27,3,238.78,716.34
17863,5162,180,4,394.23,1576.92
17864,5162,136,4,299.97,1199.88
17865,5162,11,4,312.03,1248.12
17866,5162,18,2,55.2,110.4
17867,5162,120,3,32.48,97.44
17868,5163,47,3,595.74,1787.22
17869,5163,186,4,232.01,928.04
17870,5163,113,2,411.77,823.54
17871,5163,33,4,102.45,409.8
17872,5164,8,1,427.33,427.33
17873,5165,91,1,187.63,187.63
17874,5165,4,3,352.75,1058.25
17875,5165,150,3,377.06,1131.18
17876,5165,21,2,574.25,1148.5
17877,5165,1,2,541.39,1082.78
17878,5166,132,2,330.55,661.1
17879,5166,35,1,404.22,404.22
17880,5166,101,4,57.39,229.56
17881,5166,237,4,52.77,211.08
17882,5167,27,4,238.78,955.12
17883,5167,192,3,183.66,550.98
17884,5167,128,3,197.5,592.5
17885,5167,121,1,418.51,418.51
17886,5167,112,3,186.06,558.18
17887,5168,227,1,454.43,454.43
17888,5168,97,4,316.97,1267.88
17889,5168,25,2,277.57,555.14
17890,5168,6,1,478.9,478.9
17891,5169,157,4,28.92,115.68
17892,5169,147,2,50.11,100.22
17893,5169,91,3,187.63,562.89
17894,5169,4,4,352.75,1411.0
17895,5169,87,2,509.91,1019.82
17896,5170,212,2,454.26,908.52
17897,5170,215,2,238.44,476.88
17898,5170,147,4,50.11,200.44
17899,5171,218,2,126.69,253.38
17900,5171,200,3,558.08,1674.24
17901,5172,216,2,101.25,202.5
17902,5172,92,4,411.95,1647.8
17903,5173,77,2,377.42,754.84
17904,5173,48,4,355.11,1420.44
17905,5173,130,3,60.89,182.67
17906,5173,204,2,207.96,415.92
17907,5174,6,3,478.9,1436.7
17908,5174,121,2,418.51,837.02
17909,5175,100,3,340.15,1020.45
17910,5175,5,4,148.93,595.72
17911,5175,74,3,355.67,1067.01
17912,5175,207,4,490.29,1961.16
17913,5176,77,3,377.42,1132.26
17914,5176,134,4,224.13,896.52
17915,5176,71,3,594.55,1783.65
17916,5176,6,4,478.9,1915.6
17917,5176,84,1,124.27,124.27
17918,5177,44,3,19.48,58.44
17919,5177,203,2,362.8,725.6
17920,5178,249,4,375.32,1501.28
17921,5178,217,2,369.23,738.46
17922,5179,154,3,342.09,1026.27
17923,5179,6,4,478.9,1915.6
17924,5179,217,1,369.23,369.23
17925,5179,20,2,605.41,1210.82
17926,5179,248,4,188.2,752.8
17927,5180,74,3,355.67,1067.01
17928,5180,149,1,212.48,212.48
17929,5180,169,2,382.14,764.28
17930,5180,108,4,378.79,1515.16
17931,5181,201,2,496.81,993.62
17932,5181,142,1,45.22,45.22
17933,5181,66,4,87.24,348.96
17934,5181,232,4,494.33,1977.32
17935,5181,82,3,212.44,637.32
17936,5181,78,1,302.79,302.79
17937,5182,186,1,232.01,232.01
17938,5182,25,2,277.57,555.14
17939,5182,2,3,363.88,1091.64
17940,5182,113,2,411.77,823.54
17941,5183,175,2,93.86,187.72
17942,5183,57,1,128.38,128.38
17943,5183,121,3,418.51,1255.53
17944,5183,141,1,133.58,133.58
17945,5183,106,2,162.6,325.2
17946,5184,214,1,288.6,288.6
17947,5184,91,3,187.63,562.89
17948,5184,244,4,423.65,1694.6
17949,5184,138,2,371.13,742.26
17950,5184,243,1,358.78,358.78
17951,5185,129,1,293.5,293.5
17952,5185,121,3,418.51,1255.53
17953,5185,126,3,291.18,873.54
17954,5185,106,3,162.6,487.8
17955,5186,209,2,101.66,203.32
17956,5186,11,1,312.03,312.03
17957,5186,157,3,28.92,86.76
17958,5186,9,3,553.14,1659.42
17959,5186,56,1,238.95,238.95
17960,5186,107,1,233.92,233.92
17961,5187,135,4,298.38,1193.52
17962,5187,163,2,268.64,537.28
17963,5187,87,4,509.91,2039.64
17964,5187,204,3,207.96,623.88
17965,5187,7,4,53.23,212.92
17966,5188,118,4,175.82,703.28
17967,5189,65,3,346.0,1038.0
17968,5189,247,1,32.63,32.63
17969,5189,99,1,205.29,205.29
17970,5189,19,4,464.34,1857.36
17971,5189,107,2,233.92,467.84
17972,5189,180,4,394.23,1576.92
17973,5190,134,4,224.13,896.52
17974,5190,15,2,578.04,1156.08
17975,5190,60,4,556.59,2226.36
17976,5191,152,1,580.76,580.76
17977,5191,61,2,374.3,748.6
17978,5191,5,2,148.93,297.86
17979,5191,186,2,232.01,464.02
17980,5192,99,1,205.29,205.29
17981,5192,125,3,211.24,633.72
17982,5192,21,3,574.25,1722.75
17983,5193,157,4,28.92,115.68
17984,5193,115,2,235.12,470.24
17985,5194,30,1,247.82,247.82
17986,5194,48,4,355.11,1420.44
17987,5194,160,3,275.73,827.19
17988,5194,90,2,138.74,277.48
17989,5194,104,3,287.63,862.89
17990,5195,88,3,347.53,1042.59
17991,5195,237,2,52.77,105.54
17992,5195,168,1,316.03,316.03
17993,5196,25,4,277.57,1110.28
17994,5196,45,2,118.21,236.42
17995,5196,48,1,355.11,355.11
17996,5196,131,2,21.58,43.16
17997,5197,190,4,378.5,1514.0
17998,5198,31,1,499.38,499.38
17999,5198,49,1,529.8,529.8
18000,5198,140,4,359.22,1436.88
18001,5199,169,3,382.14,1146.42
18002,5199,165,3,235.2,705.6
18003,5199,190,2,378.5,757.0
18004,5199,172,4,244.65,978.6
18005,5199,186,1,232.01,232.01
18006,5199,206,4,225.13,900.52
18007,5200,222,4,81.41,325.64
18008,5201,121,4,418.51,1674.04
18009,5201,153,3,415.24,1245.72
18010,5201,59,3,395.91,1187.73
18011,5202,144,2,47.39,94.78
18012,5202,29,1,218.87,218.87
18013,5202,174,2,460.49,920.98
18014,5203,28,3,434.23,1302.69
18015,5204,131,1,21.58,21.58
18016,5204,153,3,415.24,1245.72
18017,5204,160,3,275.73,827.19
18018,5204,217,4,369.23,1476.92
18019,5204,168,1,316.03,316.03
18020,5204,167,2,74.71,149.42
18021,5205,4,1,352.75,352.75
18022,5205,8,4,427.33,1709.32
18023,5205,62,4,185.84,743.36
18024,5205,179,4,200.78,803.12
18025,5205,169,1,382.14,382.14
18026,5206,9,4,553.14,2212.56
18027,5207,228,3,380.46,1141.38
18028,5207,141,2,133.58,267.16
18029,5207,212,1,454.26,454.26
18030,5207,234,4,244.66,978.64
18031,5207,49,1,529.8,529.8
18032,5207,64,3,110.72,332.16
18033,5208,192,3,183.66,550.98
18034,5209,233,1,275.42,275.42
18035,5209,15,4,578.04,2312.16
18036,5210,111,1,123.73,123.73
18037,5210,183,1,147.46,147.46
18038,5210,67,2,136.1,272.2
18039,5210,140,3,359.22,1077.66
18040,5210,107,3,233.92,701.76
18041,5210,219,4,383.42,1533.68
18042,5211,192,1,183.66,183.66
18043,5211,154,2,342.09,684.18
18044,5211,39,2,116.92,233.84
18045,5211,107,1,233.92,233.92
18046,5211,242,4,131.89,527.56
18047,5211,133,1,310.77,310.77
18048,5212,225,2,242.67,485.34
18049,5212,56,1,238.95,238.95
18050,5212,188,2,503.7,1007.4
18051,5213,98,2,209.33,418.66
18052,5213,126,1,291.18,291.18
18053,5214,71,1,594.55,594.55
18054,5215,172,4,244.65,978.6
18055,5216,212,2,454.26,908.52
18056,5216,61,1,374.3,374.3
18057,5216,78,2,302.79,605.58
18058,5217,11,1,312.03,312.03
18059,5217,231,3,265.93,797.79
18060,5217,171,4,242.88,971.52
18061,5218,244,3,423.65,1270.95
18062,5218,32,4,610.06,2440.24
18063,5218,78,4,302.79,1211.16
18064,5218,128,3,197.5,592.5
18065,5218,54,3,60.89,182.67
18066,5218,125,2,211.24,422.48
18067,5219,245,4,170.03,680.12
18068,5219,227,3,454.43,1363.29
18069,5220,26,4,478.23,1912.92
18070,5220,146,2,118.88,237.76
18071,5221,33,2,102.45,204.9
18072,5221,35,2,404.22,808.44
18073,5221,158,4,479.14,1916.56
18074,5221,118,1,175.82,175.82
18075,5221,110,3,524.57,1573.71
18076,5221,230,4,350.4,1401.6
18077,5222,54,2,60.89,121.78
18078,5222,215,1,238.44,238.44
18079,5223,131,4,21.58,86.32
18080,5223,178,2,505.3,1010.6
18081,5224,79,4,440.1,1760.4
18082,5224,182,4,214.08,856.32
18083,5224,95,2,320.04,640.08
18084,5225,245,2,170.03,340.06
18085,5226,16,2,70.43,140.86
18086,5226,33,4,102.45,409.8
18087,5226,191,4,410.67,1642.68
18088,5226,233,4,275.42,1101.68
18089,5227,125,3,211.24,633.72
18090,5227,178,2,505.3,1010.6
18091,5227,149,4,212.48,849.92
18092,5227,222,2,81.41,162.82
18093,5227,64,2,110.72,221.44
18094,5227,243,4,358.78,1435.12
18095,5228,113,4,411.77,1647.08
18096,5228,149,3,212.48,637.44
18097,5228,182,2,214.08,428.16
18098,5228,162,3,386.04,1158.12
18099,5228,110,3,524.57,1573.71
18100,5229,97,3,316.97,950.91
18101,5229,246,3,307.14,921.42
18102,5229,104,2,287.63,575.26
18103,5229,240,3,253.55,760.65
18104,5229,42,2,132.01,264.02
18105,5230,195,4,117.88,471.52
18106,5230,232,1,494.33,494.33
18107,5230,217,1,369.23,369.23
18108,5230,218,3,126.69,380.07
18109,5230,82,2,212.44,424.88
18110,5230,120,4,32.48,129.92
18111,5231,69,1,297.02,297.02
18112,5231,61,3,374.3,1122.9
18113,5231,229,4,165.02,660.08
18114,5231,215,1,238.44,238.44
18115,5232,114,4,270.25,1081.0
18116,5232,8,1,427.33,427.33
18117,5232,154,1,342.09,342.09
18118,5232,206,2,225.13,450.26
18119,5232,190,3,378.5,1135.5
18120,5233,75,2,256.79,513.58
18121,5233,5,1,148.93,148.93
18122,5233,108,2,378.79,757.58
18123,5233,165,1,235.2,235.2
18124,5233,128,2,197.5,395.0
18125,5234,24,1,28.9,28.9
18126,5234,236,3,58.2,174.6
18127,5234,232,2,494.33,988.66
18128,5235,229,2,165.02,330.04
18129,5235,129,1,293.5,293.5
18130,5235,188,1,503.7,503.7
18131,5235,21,1,574.25,574.25
18132,5235,51,2,555.78,1111.56
18133,5235,237,4,52.77,211.08
18134,5236,80,1,24.61,24.61
18135,5236,196,3,450.47,1351.41
18136,5236,17,2,555.46,1110.92
18137,5237,164,4,320.2,1280.8
18138,5237,151,2,72.21,144.42
18139,5237,42,2,132.01,264.02
18140,5237,193,3,164.42,493.26
18141,5237,176,1,405.74,405.74
18142,5238,49,3,529.8,1589.4
18143,5238,171,1,242.88,242.88
18144,5238,36,2,90.32,180.64
18145,5238,97,1,316.97,316.97
18146,5239,7,4,53.23,212.92
18147,5239,13,3,249.16,747.48
18148,5239,188,2,503.7,1007.4
18149,5240,91,4,187.63,750.52
18150,5240,103,4,234.96,939.84
18151,5240,232,3,494.33,1482.99
18152,5240,105,2,58.11,116.22
18153,5240,230,4,350.4,1401.6
18154,5240,29,4,218.87,875.48
18155,5241,132,4,330.55,1322.2
18156,5241,150,1,377.06,377.06
18157,5241,170,3,287.23,861.69
18158,5241,205,3,383.07,1149.21
18159,5242,246,1,307.14,307.14
18160,5242,37,3,43.6,130.8
18161,5242,247,1,32.63,32.63
18162,5242,138,3,371.13,1113.39
18163,5242,102,3,196.56,589.68
18164,5243,39,3,116.92,350.76
18165,5243,134,2,224.13,448.26
18166,5243,4,2,352.75,705.5
18167,5244,132,2,330.55,661.1
18168,5244,58,3,307.4,922.2
18169,5244,68,1,188.28,188.28
18170,5245,54,4,60.89,243.56
18171,5245,190,4,378.5,1514.0
18172,5246,219,4,383.42,1533.68
18173,5247,48,4,355.11,1420.44
18174,5247,242,3,131.89,395.67
18175,5247,91,4,187.63,750.52
18176,5247,177,4,245.43,981.72
18177,5248,12,4,589.84,2359.36
18178,5249,74,2,355.67,711.34
18179,5250,9,1,553.14,553.14
18180,5250,83,2,550.53,1101.06
18181,5250,82,2,212.44,424.88
18182,5251,83,2,550.53,1101.06
18183,5251,82,4,212.44,849.76
18184,5251,242,4,131.89,527.56
18185,5251,49,3,529.8,1589.4
18186,5252,57,2,128.38,256.76
18187,5252,154,2,342.09,684.18
18188,5252,78,3,302.79,908.37
18189,5252,235,4,172.77,691.08
18190,5252,159,1,223.33,223.33
18191,5253,123,4,235.89,943.56
18192,5253,154,3,342.09,1026.27
18193,5253,144,3,47.39,142.17
18194,5253,98,3,209.33,627.99
18195,5253,180,1,394.23,394.23
18196,5254,126,2,291.18,582.36
18197,5254,154,4,342.09,1368.36
18198,5255,6,3,478.9,1436.7
18199,5255,207,2,490.29,980.58
18200,5255,9,3,553.14,1659.42
18201,5255,13,3,249.16,747.48
18202,5255,17,3,555.46,1666.38
18203,5255,217,2,369.23,738.46
18204,5256,109,2,383.43,766.86
18205,5256,146,4,118.88,475.52
18206,5256,246,2,307.14,614.28
18207,5256,191,2,410.67,821.34
18208,5256,139,2,250.55,501.1
18209,5257,190,4,378.5,1514.0
18210,5258,86,2,431.1,862.2
18211,5258,115,1,235.12,235.12
18212,5258,186,4,232.01,928.04
18213,5258,73,4,200.84,803.36
18214,5258,203,3,362.8,1088.4
18215,5258,241,3,205.2,615.6
18216,5259,225,4,242.67,970.68
18217,5259,224,3,79.62,238.86
18218,5260,193,3,164.42,493.26
18219,5260,142,3,45.22,135.66
18220,5260,230,3,350.4,1051.2
18221,5260,66,4,87.24,348.96
18222,5260,61,2,374.3,748.6
18223,5260,199,4,94.94,379.76
18224,5261,245,3,170.03,510.09
18225,5262,108,4,378.79,1515.16
18226,5262,231,3,265.93,797.79
18227,5262,77,1,377.42,377.42
18228,5263,199,2,94.94,189.88
18229,5263,15,3,578.04,1734.12
18230,5263,128,2,197.5,395.0
18231,5263,114,1,270.25,270.25
18232,5263,29,2,218.87,437.74
18233,5264,15,1,578.04,578.04
18234,5264,121,2,418.51,837.02
18235,5264,162,2,386.04,772.08
18236,5265,22,2,125.76,251.52
18237,5266,91,3,187.63,562.89
18238,5266,64,4,110.72,442.88
18239,5267,136,1,299.97,299.97
18240,5268,60,2,556.59,1113.18
18241,5269,130,4,60.89,243.56
18242,5269,97,1,316.97,316.97
18243,5269,34,3,43.41,130.23
18244,5269,54,1,60.89,60.89
18245,5269,49,1,529.8,529.8
18246,5269,207,1,490.29,490.29
18247,5270,31,2,499.38,998.76
18248,5270,111,2,123.73,247.46
18249,5271,27,3,238.78,716.34
18250,5271,1,1,541.39,541.39
18251,5271,78,1,302.79,302.79
18252,5271,229,4,165.02,660.08
18253,5271,127,4,240.8,963.2
18254,5272,164,1,320.2,320.2
18255,5272,27,1,238.78,238.78
18256,5273,89,4,152.92,611.68
18257,5274,14,1,301.65,301.65
18258,5275,227,4,454.43,1817.72
18259,5275,59,3,395.91,1187.73
18260,5275,72,4,91.12,364.48
18261,5275,225,3,242.67,728.01
18262,5276,61,2,374.3,748.6
18263,5276,208,2,350.34,700.68
18264,5276,122,4,313.49,1253.96
18265,5276,197,2,297.44,594.88
18266,5276,190,2,378.5,757.0
18267,5277,244,1,423.65,423.65
18268,5277,172,1,244.65,244.65
18269,5277,3,4,142.45,569.8
18270,5277,139,4,250.55,1002.2
18271,5277,11,3,312.03,936.09
18272,5277,198,1,351.95,351.95
18273,5278,8,1,427.33,427.33
18274,5278,228,3,380.46,1141.38
18275,5278,115,4,235.12,940.48
18276,5279,107,3,233.92,701.76
18277,5279,235,4,172.77,691.08
18278,5279,9,3,553.14,1659.42
18279,5279,83,4,550.53,2202.12
18280,5279,198,1,351.95,351.95
18281,5279,102,4,196.56,786.24
18282,5280,103,3,234.96,704.88
18283,5280,198,4,351.95,1407.8
18284,5281,173,4,303.56,1214.24
18285,5281,84,4,124.27,497.08
18286,5281,48,4,355.11,1420.44
18287,5281,27,3,238.78,716.34
18288,5282,186,1,232.01,232.01
18289,5282,209,3,101.66,304.98
18290,5282,116,4,108.97,435.88
18291,5283,75,3,256.79,770.37
18292,5283,182,1,214.08,214.08
18293,5283,202,4,467.78,1871.12
18294,5283,55,3,215.38,646.14
18295,5283,50,3,120.19,360.57
18296,5284,112,1,186.06,186.06
18297,5284,242,1,131.89,131.89
18298,5285,18,2,55.2,110.4
18299,5285,98,4,209.33,837.32
18300,5285,14,2,301.65,603.3
18301,5285,46,1,188.18,188.18
18302,5285,159,3,223.33,669.99
18303,5285,143,3,155.0,465.0
18304,5286,169,3,382.14,1146.42
18305,5286,5,4,148.93,595.72
18306,5286,77,4,377.42,1509.68
18307,5287,95,2,320.04,640.08
18308,5287,98,1,209.33,209.33
18309,5287,160,4,275.73,1102.92
18310,5287,18,2,55.2,110.4
18311,5288,96,2,541.36,1082.72
18312,5288,75,2,256.79,513.58
18313,5288,195,2,117.88,235.76
18314,5288,112,2,186.06,372.12
18315,5288,183,2,147.46,294.92
18316,5288,143,2,155.0,310.0
18317,5289,67,3,136.1,408.3
18318,5289,231,3,265.93,797.79
18319,5289,230,2,350.4,700.8
18320,5289,164,2,320.2,640.4
18321,5290,16,1,70.43,70.43
18322,5290,17,4,555.46,2221.84
18323,5290,246,1,307.14,307.14
18324,5291,192,3,183.66,550.98
18325,5291,177,2,245.43,490.86
18326,5291,4,1,352.75,352.75
18327,5291,179,3,200.78,602.34
18328,5292,29,2,218.87,437.74
18329,5292,215,2,238.44,476.88
18330,5292,32,2,610.06,1220.12
18331,5292,104,3,287.63,862.89
18332,5293,224,1,79.62,79.62
18333,5293,12,3,589.84,1769.52
18334,5293,214,1,288.6,288.6
18335,5294,246,2,307.14,614.28
18336,5294,175,2,93.86,187.72
18337,5294,228,2,380.46,760.92
18338,5295,159,2,223.33,446.66
18339,5295,134,4,224.13,896.52
18340,5295,37,1,43.6,43.6
18341,5296,188,2,503.7,1007.4
18342,5296,1,4,541.39,2165.56
18343,5296,119,3,142.86,428.58
18344,5297,20,4,605.41,2421.64
18345,5297,120,2,32.48,64.96
18346,5297,119,4,142.86,571.44
18347,5297,146,4,118.88,475.52
18348,5297,202,4,467.78,1871.12
18349,5298,132,1,330.55,330.55
18350,5298,241,3,205.2,615.6
18351,5299,73,1,200.84,200.84
18352,5299,176,1,405.74,405.74
18353,5299,88,3,347.53,1042.59
18354,5299,146,2,118.88,237.76
18355,5299,152,4,580.76,2323.04
18356,5299,24,3,28.9,86.7
18357,5300,99,3,205.29,615.87
18358,5301,33,3,102.45,307.35
18359,5301,130,1,60.89,60.89
18360,5301,43,3,349.47,1048.41
18361,5301,137,3,205.25,615.75
18362,5301,74,1,355.67,355.67
18363,5301,127,3,240.8,722.4
18364,5302,12,3,589.84,1769.52
18365,5303,183,4,147.46,589.84
18366,5303,229,1,165.02,165.02
18367,5303,145,4,362.85,1451.4
18368,5303,76,4,450.31,1801.24
18369,5304,10,4,330.8,1323.2
18370,5304,83,4,550.53,2202.12
18371,5304,45,1,118.21,118.21
18372,5304,211,3,556.48,1669.44
18373,5304,248,4,188.2,752.8
18374,5305,186,2,232.01,464.02
18375,5305,250,3,34.9,104.7
18376,5305,157,1,28.92,28.92
18377,5305,166,3,82.07,246.21
18378,5305,236,4,58.2,232.8
18379,5306,218,1,126.69,126.69
18380,5306,124,2,388.77,777.54
18381,5306,207,2,490.29,980.58
18382,5306,188,3,503.7,1511.1
18383,5307,120,4,32.48,129.92
18384,5307,128,4,197.5,790.0
18385,5308,139,3,250.55,751.65
18386,5308,135,4,298.38,1193.52
18387,5308,56,1,238.95,238.95
18388,5309,128,4,197.5,790.0
18389,5309,18,1,55.2,55.2
18390,5309,90,2,138.74,277.48
18391,5309,67,3,136.1,408.3
18392,5309,30,3,247.82,743.46
18393,5309,213,2,266.98,533.96
18394,5310,194,1,521.07,521.07
18395,5310,141,3,133.58,400.74
18396,5310,89,2,152.92,305.84
18397,5310,218,2,126.69,253.38
18398,5310,120,2,32.48,64.96
18399,5311,36,1,90.32,90.32
18400,5311,8,1,427.33,427.33
18401,5311,164,3,320.2,960.6
18402,5312,39,1,116.92,116.92
18403,5312,176,3,405.74,1217.22
18404,5312,234,1,244.66,244.66
18405,5312,103,3,234.96,704.88
18406,5312,94,1,512.7,512.7
18407,5312,223,2,449.24,898.48
18408,5313,135,4,298.38,1193.52
18409,5313,112,2,186.06,372.12
18410,5313,56,4,238.95,955.8
18411,5313,153,2,415.24,830.48
18412,5313,245,4,170.03,680.12
18413,5314,152,4,580.76,2323.04
18414,5314,17,4,555.46,2221.84
18415,5315,104,3,287.63,862.89
18416,5316,82,4,212.44,849.76
18417,5317,182,4,214.08,856.32
18418,5317,229,1,165.02,165.02
18419,5318,101,4,57.39,229.56
18420,5318,3,3,142.45,427.35
18421,5318,64,4,110.72,442.88
18422,5318,39,2,116.92,233.84
18423,5318,10,4,330.8,1323.2
18424,5318,52,1,135.78,135.78
18425,5319,138,2,371.13,742.26
18426,5319,1,2,541.39,1082.78
18427,5319,33,2,102.45,204.9
18428,5319,34,1,43.41,43.41
18429,5319,139,4,250.55,1002.2
18430,5320,157,1,28.92,28.92
18431,5320,32,2,610.06,1220.12
18432,5320,150,3,377.06,1131.18
18433,5321,30,4,247.82,991.28
18434,5322,86,2,431.1,862.2
18435,5322,217,1,369.23,369.23
18436,5322,245,3,170.03,510.09
18437,5322,75,3,256.79,770.37
18438,5322,158,2,479.14,958.28
18439,5322,73,3,200.84,602.52
18440,5323,156,2,234.14,468.28
18441,5324,112,2,186.06,372.12
18442,5324,248,1,188.2,188.2
18443,5325,26,2,478.23,956.46
18444,5325,131,4,21.58,86.32
18445,5325,175,1,93.86,93.86
18446,5325,24,3,28.9,86.7
18447,5325,44,2,19.48,38.96
18448,5325,18,3,55.2,165.6
18449,5326,133,1,310.77,310.77
18450,5326,81,4,51.32,205.28
18451,5326,166,3,82.07,246.21
18452,5327,33,1,102.45,102.45
18453,5327,6,3,478.9,1436.7
18454,5327,106,3,162.6,487.8
18455,5327,40,3,450.37,1351.11
18456,5327,182,1,214.08,214.08
18457,5327,5,2,148.93,297.86
18458,5328,250,3,34.9,104.7
18459,5328,61,4,374.3,1497.2
18460,5328,118,2,175.82,351.64
18461,5329,238,2,262.67,525.34
18462,5330,37,3,43.6,130.8
18463,5330,176,1,405.74,405.74
18464,5330,19,3,464.34,1393.02
18465,5331,25,3,277.57,832.71
18466,5332,21,3,574.25,1722.75
18467,5332,223,1,449.24,449.24
18468,5332,245,4,170.03,680.12
18469,5332,90,4,138.74,554.96
18470,5332,200,2,558.08,1116.16
18471,5332,214,1,288.6,288.6
18472,5333,118,1,175.82,175.82
18473,5333,225,2,242.67,485.34
18474,5333,96,2,541.36,1082.72
18475,5333,232,4,494.33,1977.32
18476,5333,119,4,142.86,571.44
18477,5333,16,2,70.43,140.86
18478,5334,207,2,490.29,980.58
18479,5334,44,2,19.48,38.96
18480,5334,168,2,316.03,632.06
18481,5335,121,1,418.51,418.51
18482,5335,233,3,275.42,826.26
18483,5336,250,3,34.9,104.7
18484,5337,199,3,94.94,284.82
18485,5337,29,2,218.87,437.74
18486,5337,46,3,188.18,564.54
18487,5337,103,4,234.96,939.84
18488,5337,228,1,380.46,380.46
18489,5337,176,3,405.74,1217.22
18490,5338,164,1,320.2,320.2
18491,5339,191,1,410.67,410.67
18492,5340,238,3,262.67,788.01
18493,5341,223,3,449.24,1347.72
18494,5342,113,2,411.77,823.54
18495,5342,14,4,301.65,1206.6
18496,5342,16,3,70.43,211.29
18497,5342,182,4,214.08,856.32
18498,5342,108,4,378.79,1515.16
18499,5342,158,4,479.14,1916.56
18500,5343,58,4,307.4,1229.6
18501,5343,26,2,478.23,956.46
18502,5343,87,2,509.91,1019.82
18503,5344,34,4,43.41,173.64
18504,5344,61,3,374.3,1122.9
18505,5344,189,2,603.72,1207.44
18506,5344,44,2,19.48,38.96
18507,5345,245,4,170.03,680.12
18508,5345,203,3,362.8,1088.4
18509,5345,28,1,434.23,434.23
18510,5346,144,4,47.39,189.56
18511,5346,130,1,60.89,60.89
18512,5346,84,2,124.27,248.54
18513,5346,29,1,218.87,218.87
18514,5347,219,3,383.42,1150.26
18515,5347,212,1,454.26,454.26
18516,5348,129,4,293.5,1174.0
18517,5348,101,2,57.39,114.78
18518,5348,36,2,90.32,180.64
18519,5348,46,3,188.18,564.54
18520,5348,40,2,450.37,900.74
18521,5349,61,4,374.3,1497.2
18522,5349,241,4,205.2,820.8
18523,5349,80,4,24.61,98.44
18524,5349,243,4,358.78,1435.12
18525,5349,176,3,405.74,1217.22
18526,5350,41,2,245.1,490.2
18527,5350,181,4,314.93,1259.72
18528,5351,210,3,141.37,424.11
18529,5352,45,4,118.21,472.84
18530,5353,125,4,211.24,844.96
18531,5353,4,3,352.75,1058.25
18532,5353,120,1,32.48,32.48
18533,5353,86,1,431.1,431.1
18534,5354,87,2,509.91,1019.82
18535,5354,132,1,330.55,330.55
18536,5354,49,4,529.8,2119.2
18537,5355,145,1,362.85,362.85
18538,5355,29,4,218.87,875.48
18539,5355,199,1,94.94,94.94
18540,5356,213,1,266.98,266.98
18541,5357,111,3,123.73,371.19
18542,5358,218,1,126.69,126.69
18543,5358,101,1,57.39,57.39
18544,5358,225,2,242.67,485.34
18545,5359,46,1,188.18,188.18
18546,5359,77,3,377.42,1132.26
18547,5359,1,4,541.39,2165.56
18548,5360,150,2,377.06,754.12
18549,5360,213,1,266.98,266.98
18550,5360,121,3,418.51,1255.53
18551,5361,133,2,310.77,621.54
18552,5361,92,2,411.95,823.9
18553,5361,220,3,168.03,504.09
18554,5361,178,1,505.3,505.3
18555,5362,62,1,185.84,185.84
18556,5362,212,2,454.26,908.52
18557,5362,32,4,610.06,2440.24
18558,5363,195,2,117.88,235.76
18559,5363,30,2,247.82,495.64
18560,5364,182,1,214.08,214.08
18561,5364,80,1,24.61,24.61
18562,5364,24,1,28.9,28.9
18563,5364,186,2,232.01,464.02
18564,5364,57,4,128.38,513.52
18565,5365,1,4,541.39,2165.56
18566,5365,233,3,275.42,826.26
18567,5365,96,4,541.36,2165.44
18568,5366,196,1,450.47,450.47
18569,5366,66,3,87.24,261.72
18570,5366,101,1,57.39,57.39
18571,5366,237,2,52.77,105.54
18572,5367,216,2,101.25,202.5
18573,5367,118,4,175.82,703.28
18574,5367,20,2,605.41,1210.82
18575,5367,162,3,386.04,1158.12
18576,5367,22,4,125.76,503.04
18577,5368,105,3,58.11,174.33
18578,5368,234,3,244.66,733.98
18579,5368,79,2,440.1,880.2
18580,5368,98,2,209.33,418.66
18581,5368,24,4,28.9,115.6
18582,5368,128,3,197.5,592.5
18583,5369,38,3,511.93,1535.79
18584,5369,245,2,170.03,340.06
18585,5369,173,3,303.56,910.68
18586,5369,110,3,524.57,1573.71
18587,5370,158,1,479.14,479.14
18588,5371,153,3,415.24,1245.72
18589,5371,78,4,302.79,1211.16
18590,5371,216,4,101.25,405.0
18591,5371,124,3,388.77,1166.31
18592,5372,104,1,287.63,287.63
18593,5372,153,4,415.24,1660.96
18594,5372,199,3,94.94,284.82
18595,5373,116,4,108.97,435.88
18596,5373,197,1,297.44,297.44
18597,5373,69,2,297.02,594.04
18598,5373,12,3,589.84,1769.52
18599,5373,93,3,296.33,888.99
18600,5373,45,2,118.21,236.42
18601,5374,4,1,352.75,352.75
18602,5374,86,2,431.1,862.2
18603,5374,55,2,215.38,430.76
18604,5374,49,3,529.8,1589.4
18605,5375,156,1,234.14,234.14
18606,5375,77,1,377.42,377.42
18607,5375,67,1,136.1,136.1
18608,5375,33,1,102.45,102.45
18609,5375,100,4,340.15,1360.6
18610,5375,246,4,307.14,1228.56
18611,5376,242,3,131.89,395.67
18612,5376,154,3,342.09,1026.27
18613,5376,128,4,197.5,790.0
18614,5376,60,3,556.59,1669.77
18615,5376,132,3,330.55,991.65
18616,5377,36,1,90.32,90.32
18617,5378,142,2,45.22,90.44
18618,5378,22,4,125.76,503.04
18619,5379,156,2,234.14,468.28
18620,5379,220,1,168.03,168.03
18621,5379,111,4,123.73,494.92
18622,5379,231,2,265.93,531.86
18623,5379,142,3,45.22,135.66
18624,5380,165,1,235.2,235.2
18625,5380,184,1,201.3,201.3
18626,5380,240,2,253.55,507.1
18627,5380,138,1,371.13,371.13
18628,5381,206,1,225.13,225.13
18629,5381,87,3,509.91,1529.73
18630,5381,176,1,405.74,405.74
18631,5381,195,3,117.88,353.64
18632,5382,49,1,529.8,529.8
18633,5382,28,2,434.23,868.46
18634,5382,178,3,505.3,1515.9
18635,5382,190,1,378.5,378.5
18636,5383,99,3,205.29,615.87
18637,5383,206,3,225.13,675.39
18638,5383,194,2,521.07,1042.14
18639,5383,176,3,405.74,1217.22
18640,5384,206,1,225.13,225.13
18641,5384,116,2,108.97,217.94
18642,5384,130,2,60.89,121.78
18643,5384,138,2,371.13,742.26
18644,5384,129,3,293.5,880.5
18645,5384,87,3,509.91,1529.73
18646,5385,51,2,555.78,1111.56
18647,5385,69,2,297.02,594.04
18648,5385,222,1,81.41,81.41
18649,5385,78,2,302.79,605.58
18650,5385,152,3,580.76,1742.28
18651,5385,71,2,594.55,1189.1
18652,5386,210,2,141.37,282.74
18653,5386,17,1,555.46,555.46
18654,5386,146,2,118.88,237.76
18655,5387,205,1,383.07,383.07
18656,5387,173,1,303.56,303.56
18657,5387,177,2,245.43,490.86
18658,5387,179,3,200.78,602.34
18659,5387,131,3,21.58,64.74
18660,5387,202,1,467.78,467.78
18661,5388,30,2,247.82,495.64
18662,5388,134,2,224.13,448.26
18663,5388,147,3,50.11,150.33
18664,5388,182,4,214.08,856.32
18665,5388,158,4,479.14,1916.56
18666,5388,112,3,186.06,558.18
18667,5389,118,4,175.82,703.28
18668,5389,51,2,555.78,1111.56
18669,5389,95,1,320.04,320.04
18670,5389,105,3,58.11,174.33
18671,5390,117,3,300.72,902.16
18672,5390,166,3,82.07,246.21
18673,5390,170,3,287.23,861.69
18674,5390,67,2,136.1,272.2
18675,5390,61,3,374.3,1122.9
18676,5390,214,4,288.6,1154.4
18677,5391,47,1,595.74,595.74
18678,5391,153,1,415.24,415.24
18679,5392,129,4,293.5,1174.0
18680,5392,207,4,490.29,1961.16
18681,5393,73,2,200.84,401.68
18682,5393,242,4,131.89,527.56
18683,5394,73,4,200.84,803.36
18684,5394,65,1,346.0,346.0
18685,5394,62,4,185.84,743.36
18686,5394,191,3,410.67,1232.01
18687,5394,64,2,110.72,221.44
18688,5395,182,2,214.08,428.16
18689,5395,240,2,253.55,507.1
18690,5395,129,4,293.5,1174.0
18691,5395,205,1,383.07,383.07
18692,5395,71,4,594.55,2378.2
18693,5396,103,3,234.96,704.88
18694,5396,146,3,118.88,356.64
18695,5397,64,2,110.72,221.44
18696,5397,223,2,449.24,898.48
18697,5397,155,4,219.1,876.4
18698,5398,137,2,205.25,410.5
18699,5398,86,2,431.1,862.2
18700,5398,77,3,377.42,1132.26
18701,5398,70,2,473.53,947.06
18702,5399,41,3,245.1,735.3
18703,5399,100,1,340.15,340.15
18704,5399,117,4,300.72,1202.88
18705,5399,30,2,247.82,495.64
18706,5399,32,2,610.06,1220.12
18707,5400,130,1,60.89,60.89
18708,5400,186,2,232.01,464.02
18709,5400,224,4,79.62,318.48
18710,5400,102,3,196.56,589.68
18711,5400,81,4,51.32,205.28
18712,5401,21,2,574.25,1148.5
18713,5401,155,4,219.1,876.4
18714,5402,188,4,503.7,2014.8
18715,5402,133,1,310.77,310.77
18716,5403,220,2,168.03,336.06
18717,5404,221,2,627.82,1255.64
18718,5405,23,4,276.19,1104.76
18719,5405,81,2,51.32,102.64
18720,5406,224,4,79.62,318.48
18721,5406,102,4,196.56,786.24
18722,5406,207,1,490.29,490.29
18723,5407,7,1,53.23,53.23
18724,5407,223,1,449.24,449.24
18725,5408,206,3,225.13,675.39
18726,5408,34,3,43.41,130.23
18727,5408,56,1,238.95,238.95
18728,5409,84,1,124.27,124.27
18729,5409,121,2,418.51,837.02
18730,5409,18,3,55.2,165.6
18731,5409,104,4,287.63,1150.52
18732,5410,224,3,79.62,238.86
18733,5410,233,3,275.42,826.26
18734,5410,6,3,478.9,1436.7
18735,5411,225,1,242.67,242.67
18736,5411,250,3,34.9,104.7
18737,5411,222,4,81.41,325.64
18738,5411,18,4,55.2,220.8
18739,5411,243,4,358.78,1435.12
18740,5411,130,3,60.89,182.67
18741,5412,46,3,188.18,564.54
18742,5412,234,3,244.66,733.98
18743,5412,210,3,141.37,424.11
18744,5412,177,4,245.43,981.72
18745,5413,241,1,205.2,205.2
18746,5413,229,3,165.02,495.06
18747,5413,83,4,550.53,2202.12
18748,5413,166,1,82.07,82.07
18749,5413,196,2,450.47,900.94
18750,5413,1,1,541.39,541.39
18751,5414,69,1,297.02,297.02
18752,5415,24,4,28.9,115.6
18753,5416,146,2,118.88,237.76
18754,5417,223,1,449.24,449.24
18755,5418,201,2,496.81,993.62
18756,5418,76,1,450.31,450.31
18757,5418,195,2,117.88,235.76
18758,5418,127,2,240.8,481.6
18759,5419,45,2,118.21,236.42
18760,5420,111,1,123.73,123.73
18761,5420,13,4,249.16,996.64
18762,5421,132,3,330.55,991.65
18763,5421,180,2,394.23,788.46
18764,5421,244,4,423.65,1694.6
18765,5421,158,4,479.14,1916.56
18766,5422,249,4,375.32,1501.28
18767,5422,57,1,128.38,128.38
18768,5423,247,4,32.63,130.52
18769,5424,218,4,126.69,506.76
18770,5424,184,2,201.3,402.6
18771,5424,121,2,418.51,837.02
18772,5424,57,2,128.38,256.76
18773,5425,124,2,388.77,777.54
18774,5425,62,4,185.84,743.36
18775,5425,114,4,270.25,1081.0
18776,5425,120,2,32.48,64.96
18777,5425,180,2,394.23,788.46
18778,5425,165,2,235.2,470.4
18779,5426,35,4,404.22,1616.88
18780,5426,134,2,224.13,448.26
18781,5426,222,1,81.41,81.41
18782,5426,93,4,296.33,1185.32
18783,5426,19,2,464.34,928.68
18784,5427,126,2,291.18,582.36
18785,5427,244,2,423.65,847.3
18786,5427,48,4,355.11,1420.44
18787,5427,20,2,605.41,1210.82
18788,5427,96,4,541.36,2165.44
18789,5427,136,3,299.97,899.91
18790,5428,16,1,70.43,70.43
18791,5429,171,3,242.88,728.64
18792,5430,219,4,383.42,1533.68
18793,5430,109,1,383.43,383.43
18794,5430,101,4,57.39,229.56
18795,5431,131,4,21.58,86.32
18796,5431,158,1,479.14,479.14
18797,5431,224,1,79.62,79.62
18798,5432,195,2,117.88,235.76
18799,5432,98,3,209.33,627.99
18800,5433,172,1,244.65,244.65
18801,5433,45,2,118.21,236.42
18802,5433,77,2,377.42,754.84
18803,5433,89,4,152.92,611.68
18804,5433,200,3,558.08,1674.24
18805,5434,21,2,574.25,1148.5
18806,5434,93,2,296.33,592.66
18807,5434,239,3,38.46,115.38
18808,5434,127,1,240.8,240.8
18809,5434,46,2,188.18,376.36
18810,5435,221,3,627.82,1883.46
18811,5435,134,4,224.13,896.52
18812,5435,101,4,57.39,229.56
18813,5435,115,4,235.12,940.48
18814,5435,238,2,262.67,525.34
18815,5435,202,1,467.78,467.78
18816,5436,162,4,386.04,1544.16
18817,5436,111,3,123.73,371.19
18818,5437,97,4,316.97,1267.88
18819,5437,115,2,235.12,470.24
18820,5438,236,3,58.2,174.6
18821,5438,121,2,418.51,837.02
18822,5439,176,1,405.74,405.74
18823,5439,27,4,238.78,955.12
18824,5440,8,4,427.33,1709.32
18825,5441,209,1,101.66,101.66
18826,5441,81,1,51.32,51.32
18827,5441,163,4,268.64,1074.56
18828,5442,14,1,301.65,301.65
18829,5442,134,4,224.13,896.52
18830,5442,69,2,297.02,594.04
18831,5443,178,3,505.3,1515.9
18832,5444,26,1,478.23,478.23
18833,5444,242,4,131.89,527.56
18834,5445,1,2,541.39,1082.78
18835,5445,166,2,82.07,164.14
18836,5445,198,1,351.95,351.95
18837,5445,206,4,225.13,900.52
18838,5446,38,1,511.93,511.93
18839,5447,229,1,165.02,165.02
18840,5447,82,4,212.44,849.76
18841,5447,193,4,164.42,657.68
18842,5448,6,3,478.9,1436.7
18843,5448,179,4,200.78,803.12
18844,5448,149,3,212.48,637.44
18845,5449,154,3,342.09,1026.27
18846,5450,112,4,186.06,744.24
18847,5450,97,2,316.97,633.94
18848,5450,59,3,395.91,1187.73
18849,5451,94,3,512.7,1538.1
18850,5451,25,1,277.57,277.57
18851,5451,171,4,242.88,971.52
18852,5451,88,4,347.53,1390.12
18853,5452,239,3,38.46,115.38
18854,5453,69,1,297.02,297.02
18855,5453,122,4,313.49,1253.96
18856,5453,170,4,287.23,1148.92
18857,5453,229,4,165.02,660.08
18858,5454,150,3,377.06,1131.18
18859,5454,107,4,233.92,935.68
18860,5454,13,3,249.16,747.48
18861,5454,48,1,355.11,355.11
18862,5455,174,3,460.49,1381.47
18863,5455,107,4,233.92,935.68
18864,5455,74,4,355.67,1422.68
18865,5456,105,1,58.11,58.11
18866,5456,59,3,395.91,1187.73
18867,5456,211,4,556.48,2225.92
18868,5457,68,2,188.28,376.56
18869,5457,224,3,79.62,238.86
18870,5457,177,3,245.43,736.29
18871,5457,83,2,550.53,1101.06
18872,5457,99,2,205.29,410.58
18873,5458,5,3,148.93,446.79
18874,5459,91,1,187.63,187.63
18875,5459,160,1,275.73,275.73
18876,5459,41,2,245.1,490.2
18877,5459,227,4,454.43,1817.72
18878,5459,105,1,58.11,58.11
18879,5460,247,4,32.63,130.52
18880,5461,176,4,405.74,1622.96
18881,5461,4,4,352.75,1411.0
18882,5461,15,4,578.04,2312.16
18883,5461,248,4,188.2,752.8
18884,5461,116,2,108.97,217.94
18885,5462,140,1,359.22,359.22
18886,5462,132,3,330.55,991.65
18887,5463,114,4,270.25,1081.0
18888,5463,10,4,330.8,1323.2
18889,5463,126,1,291.18,291.18
18890,5463,195,2,117.88,235.76
18891,5463,207,3,490.29,1470.87
18892,5464,113,1,411.77,411.77
18893,5464,192,4,183.66,734.64
18894,5465,56,3,238.95,716.85
18895,5465,134,2,224.13,448.26
18896,5465,88,4,347.53,1390.12
18897,5466,225,1,242.67,242.67
18898,5466,176,1,405.74,405.74
18899,5467,59,3,395.91,1187.73
18900,5467,109,3,383.43,1150.29
18901,5467,138,4,371.13,1484.52
18902,5467,195,2,117.88,235.76
18903,5467,143,1,155.0,155.0
18904,5467,44,2,19.48,38.96
18905,5468,132,3,330.55,991.65
18906,5469,60,4,556.59,2226.36
18907,5469,88,2,347.53,695.06
18908,5469,192,3,183.66,550.98
18909,5469,110,2,524.57,1049.14
18910,5469,248,1,188.2,188.2
18911,5470,209,3,101.66,304.98
18912,5471,50,1,120.19,120.19
18913,5471,154,3,342.09,1026.27
18914,5471,100,3,340.15,1020.45
18915,5471,32,1,610.06,610.06
18916,5471,16,2,70.43,140.86
18917,5472,209,4,101.66,406.64
18918,5472,30,3,247.82,743.46
18919,5472,121,2,418.51,837.02
18920,5472,242,3,131.89,395.67
18921,5472,19,1,464.34,464.34
18922,5472,138,4,371.13,1484.52
18923,5473,31,2,499.38,998.76
18924,5473,141,2,133.58,267.16
18925,5474,26,2,478.23,956.46
18926,5474,127,3,240.8,722.4
18927,5475,197,3,297.44,892.32
18928,5475,48,4,355.11,1420.44
18929,5476,208,3,350.34,1051.02
18930,5476,14,2,301.65,603.3
18931,5476,218,3,126.69,380.07
18932,5476,3,1,142.45,142.45
18933,5477,86,1,431.1,431.1
18934,5477,194,2,521.07,1042.14
18935,5477,73,3,200.84,602.52
18936,5477,197,1,297.44,297.44
18937,5477,176,1,405.74,405.74
18938,5477,201,1,496.81,496.81
18939,5478,202,1,467.78,467.78
18940,5478,209,3,101.66,304.98
18941,5478,94,1,512.7,512.7
18942,5479,110,1,524.57,524.57
18943,5479,235,1,172.77,172.77
18944,5479,65,1,346.0,346.0
18945,5480,67,4,136.1,544.4
18946,5480,21,4,574.25,2297.0
18947,5480,210,3,141.37,424.11
18948,5481,222,3,81.41,244.23
18949,5481,242,1,131.89,131.89
18950,5481,3,4,142.45,569.8
18951,5481,34,4,43.41,173.64
18952,5482,69,2,297.02,594.04
18953,5482,177,3,245.43,736.29
18954,5482,186,2,232.01,464.02
18955,5482,195,1,117.88,117.88
18956,5483,245,4,170.03,680.12
18957,5483,33,1,102.45,102.45
18958,5483,212,3,454.26,1362.78
18959,5484,193,1,164.42,164.42
18960,5484,34,2,43.41,86.82
18961,5484,126,4,291.18,1164.72
18962,5484,199,4,94.94,379.76
18963,5484,127,3,240.8,722.4
18964,5484,185,1,339.64,339.64
18965,5485,96,2,541.36,1082.72
18966,5485,238,1,262.67,262.67
18967,5486,122,3,313.49,940.47
18968,5486,5,4,148.93,595.72
18969,5486,116,4,108.97,435.88
18970,5487,123,4,235.89,943.56
18971,5487,38,4,511.93,2047.72
18972,5488,107,2,233.92,467.84
18973,5488,185,3,339.64,1018.92
18974,5488,93,4,296.33,1185.32
18975,5489,135,3,298.38,895.14
18976,5489,71,3,594.55,1783.65
18977,5489,45,4,118.21,472.84
18978,5489,89,1,152.92,152.92
18979,5490,151,2,72.21,144.42
18980,5490,40,3,450.37,1351.11
18981,5490,130,4,60.89,243.56
18982,5491,132,4,330.55,1322.2
18983,5491,242,1,131.89,131.89
18984,5492,56,3,238.95,716.85
18985,5492,210,2,141.37,282.74
18986,5492,226,2,137.54,275.08
18987,5492,85,3,164.19,492.57
18988,5493,125,1,211.24,211.24
18989,5493,172,4,244.65,978.6
18990,5493,135,2,298.38,596.76
18991,5494,100,1,340.15,340.15
18992,5494,201,4,496.81,1987.24
18993,5494,29,2,218.87,437.74
18994,5494,80,4,24.61,98.44
18995,5494,140,3,359.22,1077.66
18996,5494,91,4,187.63,750.52
18997,5495,109,4,383.43,1533.72
18998,5495,76,2,450.31,900.62
18999,5495,183,3,147.46,442.38
19000,5495,106,1,162.6,162.6
19001,5496,167,1,74.71,74.71
19002,5496,3,3,142.45,427.35
19003,5496,241,3,205.2,615.6
19004,5496,89,3,152.92,458.76
19005,5496,226,1,137.54,137.54
19006,5496,20,1,605.41,605.41
19007,5497,220,4,168.03,672.12
19008,5497,243,2,358.78,717.56
19009,5497,164,2,320.2,640.4
19010,5498,101,1,57.39,57.39
19011,5498,36,1,90.32,90.32
19012,5498,66,1,87.24,87.24
19013,5498,137,3,205.25,615.75
19014,5498,176,3,405.74,1217.22
19015,5499,101,1,57.39,57.39
19016,5500,93,3,296.33,888.99
19017,5500,39,2,116.92,233.84
19018,5500,85,4,164.19,656.76
19019,5501,116,4,108.97,435.88
19020,5501,55,3,215.38,646.14
19021,5501,153,3,415.24,1245.72
19022,5501,165,1,235.2,235.2
19023,5501,11,1,312.03,312.03
19024,5501,18,2,55.2,110.4
19025,5502,65,3,346.0,1038.0
19026,5503,106,2,162.6,325.2
19027,5503,174,2,460.49,920.98
19028,5504,140,1,359.22,359.22
19029,5505,163,3,268.64,805.92
19030,5506,239,1,38.46,38.46
19031,5506,34,1,43.41,43.41
19032,5506,173,1,303.56,303.56
19033,5506,216,3,101.25,303.75
19034,5506,242,1,131.89,131.89
19035,5507,189,2,603.72,1207.44
19036,5507,158,1,479.14,479.14
19037,5507,193,2,164.42,328.84
19038,5507,116,3,108.97,326.91
19039,5507,150,2,377.06,754.12
19040,5507,194,2,521.07,1042.14
19041,5508,111,1,123.73,123.73
19042,5508,185,2,339.64,679.28
19043,5509,176,4,405.74,1622.96
19044,5510,97,2,316.97,633.94
19045,5511,1,1,541.39,541.39
19046,5511,130,1,60.89,60.89
19047,5512,231,4,265.93,1063.72
19048,5512,196,1,450.47,450.47
19049,5512,111,3,123.73,371.19
19050,5512,136,2,299.97,599.94
19051,5513,198,3,351.95,1055.85
19052,5513,148,3,497.64,1492.92
19053,5513,173,2,303.56,607.12
19054,5513,106,4,162.6,650.4
19055,5513,135,1,298.38,298.38
19056,5514,195,3,117.88,353.64
19057,5514,45,4,118.21,472.84
19058,5514,79,2,440.1,880.2
19059,5514,72,3,91.12,273.36
19060,5514,94,2,512.7,1025.4
19061,5514,110,4,524.57,2098.28
19062,5515,238,4,262.67,1050.68
19063,5515,119,2,142.86,285.72
19064,5515,139,1,250.55,250.55
19065,5515,143,4,155.0,620.0
19066,5515,244,4,423.65,1694.6
19067,5515,6,4,478.9,1915.6
19068,5516,226,2,137.54,275.08
19069,5516,213,3,266.98,800.94
19070,5517,86,3,431.1,1293.3
19071,5517,133,3,310.77,932.31
19072,5517,192,1,183.66,183.66
19073,5517,249,2,375.32,750.64
19074,5518,88,4,347.53,1390.12
19075,5518,60,2,556.59,1113.18
19076,5518,132,4,330.55,1322.2
19077,5518,178,2,505.3,1010.6
19078,5518,216,4,101.25,405.0
19079,5519,245,1,170.03,170.03
19080,5519,31,4,499.38,1997.52
19081,5519,89,2,152.92,305.84
19082,5519,74,1,355.67,355.67
19083,5519,215,2,238.44,476.88
19084,5519,250,3,34.9,104.7
19085,5520,52,3,135.78,407.34
19086,5520,30,3,247.82,743.46
19087,5521,199,3,94.94,284.82
19088,5521,28,4,434.23,1736.92
19089,5522,232,4,494.33,1977.32
19090,5522,135,1,298.38,298.38
19091,5522,178,2,505.3,1010.6
19092,5523,170,2,287.23,574.46
19093,5523,4,1,352.75,352.75
19094,5523,163,4,268.64,1074.56
19095,5523,198,3,351.95,1055.85
19096,5523,174,3,460.49,1381.47
19097,5523,55,1,215.38,215.38
19098,5524,64,3,110.72,332.16
19099,5524,149,2,212.48,424.96
19100,5525,188,2,503.7,1007.4
19101,5525,236,2,58.2,116.4
19102,5525,192,4,183.66,734.64
19103,5525,154,3,342.09,1026.27
19104,5525,230,3,350.4,1051.2
19105,5526,57,4,128.38,513.52
19106,5526,92,4,411.95,1647.8
19107,5526,41,4,245.1,980.4
19108,5526,233,1,275.42,275.42
19109,5526,122,3,313.49,940.47
19110,5527,170,3,287.23,861.69
19111,5528,188,1,503.7,503.7
19112,5529,150,3,377.06,1131.18
19113,5529,105,1,58.11,58.11
19114,5529,236,2,58.2,116.4
19115,5529,43,4,349.47,1397.88
19116,5530,236,2,58.2,116.4
19117,5530,75,2,256.79,513.58
19118,5530,81,4,51.32,205.28
19119,5530,141,3,133.58,400.74
19120,5530,165,3,235.2,705.6
19121,5530,114,2,270.25,540.5
19122,5531,192,4,183.66,734.64
19123,5531,97,1,316.97,316.97
19124,5531,34,3,43.41,130.23
19125,5531,82,3,212.44,637.32
19126,5531,31,2,499.38,998.76
19127,5532,17,4,555.46,2221.84
19128,5532,116,3,108.97,326.91
19129,5533,159,2,223.33,446.66
19130,5533,152,4,580.76,2323.04
19131,5533,247,3,32.63,97.89
19132,5533,148,3,497.64,1492.92
19133,5533,5,1,148.93,148.93
19134,5533,114,3,270.25,810.75
19135,5534,52,3,135.78,407.34
19136,5535,201,4,496.81,1987.24
19137,5535,198,4,351.95,1407.8
19138,5536,175,4,93.86,375.44
19139,5536,173,4,303.56,1214.24
19140,5536,199,4,94.94,379.76
19141,5536,134,2,224.13,448.26
19142,5536,43,4,349.47,1397.88
19143,5537,170,1,287.23,287.23
19144,5537,152,3,580.76,1742.28
19145,5537,86,2,431.1,862.2
19146,5537,28,2,434.23,868.46
19147,5537,138,2,371.13,742.26
19148,5537,150,1,377.06,377.06
19149,5538,192,2,183.66,367.32
19150,5538,21,4,574.25,2297.0
19151,5538,182,1,214.08,214.08
19152,5538,3,2,142.45,284.9
19153,5538,64,3,110.72,332.16
19154,5539,226,3,137.54,412.62
19155,5539,112,3,186.06,558.18
19156,5539,245,4,170.03,680.12
19157,5539,89,2,152.92,305.84
19158,5539,73,1,200.84,200.84
19159,5539,222,2,81.41,162.82
19160,5540,108,2,378.79,757.58
19161,5540,235,4,172.77,691.08
19162,5540,122,1,313.49,313.49
19163,5540,18,2,55.2,110.4
19164,5541,104,3,287.63,862.89
19165,5541,180,2,394.23,788.46
19166,5541,106,3,162.6,487.8
19167,5542,48,2,355.11,710.22
19168,5542,226,1,137.54,137.54
19169,5542,21,3,574.25,1722.75
19170,5542,150,3,377.06,1131.18
19171,5542,188,3,503.7,1511.1
19172,5542,167,2,74.71,149.42
19173,5543,67,4,136.1,544.4
19174,5544,141,4,133.58,534.32
19175,5544,57,1,128.38,128.38
19176,5544,151,3,72.21,216.63
19177,5544,107,2,233.92,467.84
19178,5545,104,2,287.63,575.26
19179,5545,184,2,201.3,402.6
19180,5546,90,2,138.74,277.48
19181,5547,52,1,135.78,135.78
19182,5547,135,3,298.38,895.14
19183,5547,217,3,369.23,1107.69
19184,5547,145,4,362.85,1451.4
19185,5548,166,2,82.07,164.14
19186,5548,152,4,580.76,2323.04
19187,5548,207,1,490.29,490.29
19188,5548,29,1,218.87,218.87
19189,5549,99,1,205.29,205.29
19190,5549,43,1,349.47,349.47
19191,5549,206,4,225.13,900.52
19192,5550,70,3,473.53,1420.59
19193,5550,45,1,118.21,118.21
19194,5551,243,2,358.78,717.56
19195,5551,48,3,355.11,1065.33
19196,5551,240,4,253.55,1014.2
19197,5551,73,4,200.84,803.36
19198,5551,209,1,101.66,101.66
19199,5551,93,4,296.33,1185.32
19200,5552,221,4,627.82,2511.28
19201,5552,47,4,595.74,2382.96
19202,5552,72,4,91.12,364.48
19203,5552,218,4,126.69,506.76
19204,5552,210,4,141.37,565.48
19205,5553,199,2,94.94,189.88
19206,5553,4,2,352.75,705.5
19207,5553,23,1,276.19,276.19
19208,5553,10,3,330.8,992.4
19209,5553,51,3,555.78,1667.34
19210,5553,176,2,405.74,811.48
19211,5554,101,3,57.39,172.17
19212,5554,165,4,235.2,940.8
19213,5554,214,3,288.6,865.8
19214,5554,142,2,45.22,90.44
19215,5555,112,4,186.06,744.24
19216,5555,206,3,225.13,675.39
19217,5555,202,4,467.78,1871.12
19218,5555,94,1,512.7,512.7
19219,5555,250,2,34.9,69.8
19220,5555,55,2,215.38,430.76
19221,5556,247,3,32.63,97.89
19222,5556,203,2,362.8,725.6
19223,5556,35,1,404.22,404.22
19224,5556,68,4,188.28,753.12
19225,5556,180,2,394.23,788.46
19226,5556,159,4,223.33,893.32
19227,5557,210,4,141.37,565.48
19228,5558,75,4,256.79,1027.16
19229,5559,190,2,378.5,757.0
19230,5559,43,1,349.47,349.47
19231,5559,27,4,238.78,955.12
19232,5559,211,2,556.48,1112.96
19233,5559,48,2,355.11,710.22
19234,5560,212,1,454.26,454.26
19235,5560,181,1,314.93,314.93
19236,5560,196,1,450.47,450.47
19237,5560,206,4,225.13,900.52
19238,5560,38,3,511.93,1535.79
19239,5561,196,3,450.47,1351.41
19240,5561,144,4,47.39,189.56
19241,5561,43,4,349.47,1397.88
19242,5562,249,4,375.32,1501.28
19243,5562,125,3,211.24,633.72
19244,5562,140,2,359.22,718.44
19245,5562,136,3,299.97,899.91
19246,5562,224,4,79.62,318.48
19247,5563,188,4,503.7,2014.8
19248,5563,153,3,415.24,1245.72
19249,5563,118,2,175.82,351.64
19250,5564,24,3,28.9,86.7
19251,5564,159,2,223.33,446.66
19252,5564,207,3,490.29,1470.87
19253,5564,98,3,209.33,627.99
19254,5565,61,1,374.3,374.3
19255,5565,55,1,215.38,215.38
19256,5565,100,4,340.15,1360.6
19257,5566,43,2,349.47,698.94
19258,5566,49,4,529.8,2119.2
19259,5566,62,3,185.84,557.52
19260,5566,212,3,454.26,1362.78
19261,5566,111,1,123.73,123.73
19262,5566,55,4,215.38,861.52
19263,5567,121,4,418.51,1674.04
19264,5567,40,1,450.37,450.37
19265,5567,54,1,60.89,60.89
19266,5568,129,3,293.5,880.5
19267,5568,133,3,310.77,932.31
19268,5568,172,1,244.65,244.65
19269,5568,130,4,60.89,243.56
19270,5569,172,1,244.65,244.65
19271,5569,178,3,505.3,1515.9
19272,5569,250,3,34.9,104.7
19273,5569,170,3,287.23,861.69
19274,5570,155,3,219.1,657.3
19275,5570,126,4,291.18,1164.72
19276,5571,12,2,589.84,1179.68
19277,5571,173,1,303.56,303.56
19278,5571,150,3,377.06,1131.18
19279,5571,196,2,450.47,900.94
19280,5571,147,4,50.11,200.44
19281,5572,34,4,43.41,173.64
19282,5572,233,1,275.42,275.42
19283,5572,163,3,268.64,805.92
19284,5572,75,1,256.79,256.79
19285,5573,169,4,382.14,1528.56
19286,5573,196,2,450.47,900.94
19287,5573,145,2,362.85,725.7
19288,5574,142,2,45.22,90.44
19289,5574,228,2,380.46,760.92
19290,5574,33,2,102.45,204.9
19291,5575,230,3,350.4,1051.2
19292,5575,220,3,168.03,504.09
19293,5575,201,1,496.81,496.81
19294,5575,105,3,58.11,174.33
19295,5575,91,3,187.63,562.89
19296,5576,160,1,275.73,275.73
19297,5576,106,2,162.6,325.2
19298,5576,92,4,411.95,1647.8
19299,5576,39,1,116.92,116.92
19300,5576,99,3,205.29,615.87
19301,5576,129,1,293.5,293.5
19302,5577,79,2,440.1,880.2
19303,5577,52,4,135.78,543.12
19304,5577,6,1,478.9,478.9
19305,5577,151,1,72.21,72.21
19306,5577,76,2,450.31,900.62
19307,5578,182,3,214.08,642.24
19308,5579,12,4,589.84,2359.36
19309,5579,38,3,511.93,1535.79
19310,5579,138,3,371.13,1113.39
19311,5579,128,4,197.5,790.0
19312,5580,1,4,541.39,2165.56
19313,5580,119,3,142.86,428.58
19314,5580,212,3,454.26,1362.78
19315,5580,174,4,460.49,1841.96
19316,5580,147,1,50.11,50.11
19317,5581,26,3,478.23,1434.69
19318,5581,245,3,170.03,510.09
19319,5581,117,4,300.72,1202.88
19320,5581,78,3,302.79,908.37
19321,5582,202,2,467.78,935.56
19322,5583,212,4,454.26,1817.04
19323,5583,134,1,224.13,224.13
19324,5583,205,1,383.07,383.07
19325,5583,70,1,473.53,473.53
19326,5583,204,1,207.96,207.96
19327,5584,208,3,350.34,1051.02
19328,5584,15,1,578.04,578.04
19329,5584,143,3,155.0,465.0
19330,5584,37,1,43.6,43.6
19331,5584,190,4,378.5,1514.0
19332,5584,170,4,287.23,1148.92
19333,5585,175,4,93.86,375.44
19334,5585,247,3,32.63,97.89
19335,5585,110,4,524.57,2098.28
19336,5585,236,1,58.2,58.2
19337,5586,167,3,74.71,224.13
19338,5586,20,3,605.41,1816.23
19339,5586,38,3,511.93,1535.79
19340,5586,126,4,291.18,1164.72
19341,5586,81,2,51.32,102.64
19342,5587,7,4,53.23,212.92
19343,5587,117,4,300.72,1202.88
19344,5587,33,1,102.45,102.45
19345,5588,104,2,287.63,575.26
19346,5589,51,3,555.78,1667.34
19347,5589,14,3,301.65,904.95
19348,5589,7,3,53.23,159.69
19349,5590,168,2,316.03,632.06
19350,5591,108,1,378.79,378.79
19351,5591,10,4,330.8,1323.2
19352,5591,149,4,212.48,849.92
19353,5591,147,3,50.11,150.33
19354,5592,178,3,505.3,1515.9
19355,5593,91,3,187.63,562.89
19356,5593,193,1,164.42,164.42
19357,5593,131,4,21.58,86.32
19358,5594,178,3,505.3,1515.9
19359,5594,23,4,276.19,1104.76
19360,5594,203,2,362.8,725.6
19361,5595,125,1,211.24,211.24
19362,5595,105,3,58.11,174.33
19363,5595,25,2,277.57,555.14
19364,5595,241,2,205.2,410.4
19365,5595,57,1,128.38,128.38
19366,5596,202,4,467.78,1871.12
19367,5596,45,2,118.21,236.42
19368,5596,208,2,350.34,700.68
19369,5596,111,3,123.73,371.19
19370,5597,150,1,377.06,377.06
19371,5597,6,2,478.9,957.8
19372,5598,22,1,125.76,125.76
19373,5598,48,3,355.11,1065.33
19374,5598,217,4,369.23,1476.92
19375,5598,105,3,58.11,174.33
19376,5599,107,3,233.92,701.76
19377,5599,49,2,529.8,1059.6
19378,5600,189,3,603.72,1811.16
19379,5600,192,2,183.66,367.32
19380,5600,88,4,347.53,1390.12
19381,5600,245,3,170.03,510.09
19382,5600,183,1,147.46,147.46
19383,5601,84,1,124.27,124.27
19384,5601,97,3,316.97,950.91
19385,5601,183,2,147.46,294.92
19386,5601,48,1,355.11,355.11
19387,5601,176,1,405.74,405.74
19388,5601,90,1,138.74,138.74
19389,5602,55,3,215.38,646.14
19390,5602,149,1,212.48,212.48
19391,5602,178,4,505.3,2021.2
19392,5602,195,1,117.88,117.88
19393,5602,114,3,270.25,810.75
19394,5602,192,2,183.66,367.32
19395,5603,108,3,378.79,1136.37
19396,5604,207,2,490.29,980.58
19397,5604,123,1,235.89,235.89
19398,5604,121,4,418.51,1674.04
19399,5604,114,2,270.25,540.5
19400,5604,212,3,454.26,1362.78
19401,5604,30,2,247.82,495.64
19402,5605,169,2,382.14,764.28
19403,5605,203,3,362.8,1088.4
19404,5605,202,1,467.78,467.78
19405,5606,116,4,108.97,435.88
19406,5606,149,1,212.48,212.48
19407,5606,72,2,91.12,182.24
19408,5607,107,2,233.92,467.84
19409,5607,243,4,358.78,1435.12
19410,5608,242,3,131.89,395.67
19411,5608,151,2,72.21,144.42
19412,5608,60,1,556.59,556.59
19413,5608,227,4,454.43,1817.72
19414,5608,77,3,377.42,1132.26
19415,5609,153,1,415.24,415.24
19416,5609,181,3,314.93,944.79
19417,5609,247,2,32.63,65.26
19418,5610,99,4,205.29,821.16
19419,5610,61,1,374.3,374.3
19420,5611,44,1,19.48,19.48
19421,5611,122,1,313.49,313.49
19422,5611,45,1,118.21,118.21
19423,5612,249,1,375.32,375.32
19424,5612,234,3,244.66,733.98
19425,5613,204,3,207.96,623.88
19426,5613,61,2,374.3,748.6
19427,5613,160,4,275.73,1102.92
19428,5613,233,4,275.42,1101.68
19429,5614,103,2,234.96,469.92
19430,5614,237,1,52.77,52.77
19431,5614,123,2,235.89,471.78
19432,5614,17,4,555.46,2221.84
19433,5615,151,4,72.21,288.84
19434,5615,234,1,244.66,244.66
19435,5616,209,1,101.66,101.66
19436,5616,168,3,316.03,948.09
19437,5617,176,4,405.74,1622.96
19438,5617,42,1,132.01,132.01
19439,5617,162,2,386.04,772.08
19440,5618,1,2,541.39,1082.78
19441,5618,82,1,212.44,212.44
19442,5618,195,1,117.88,117.88
19443,5618,220,3,168.03,504.09
19444,5619,181,4,314.93,1259.72
19445,5619,119,1,142.86,142.86
19446,5619,37,2,43.6,87.2
19447,5620,149,1,212.48,212.48
19448,5621,163,3,268.64,805.92
19449,5621,122,2,313.49,626.98
19450,5621,216,2,101.25,202.5
19451,5622,116,3,108.97,326.91
19452,5622,101,3,57.39,172.17
19453,5622,166,4,82.07,328.28
19454,5622,15,3,578.04,1734.12
19455,5622,159,2,223.33,446.66
19456,5622,83,2,550.53,1101.06
19457,5623,207,4,490.29,1961.16
19458,5624,190,3,378.5,1135.5
19459,5625,174,3,460.49,1381.47
19460,5625,207,2,490.29,980.58
19461,5625,48,1,355.11,355.11
19462,5625,176,3,405.74,1217.22
19463,5625,6,1,478.9,478.9
19464,5626,92,3,411.95,1235.85
19465,5626,177,4,245.43,981.72
19466,5626,231,2,265.93,531.86
19467,5626,78,1,302.79,302.79
19468,5626,69,3,297.02,891.06
19469,5627,188,3,503.7,1511.1
19470,5628,206,2,225.13,450.26
19471,5628,54,1,60.89,60.89
19472,5628,156,4,234.14,936.56
19473,5628,102,4,196.56,786.24
19474,5629,179,3,200.78,602.34
19475,5630,250,4,34.9,139.6
19476,5630,52,4,135.78,543.12
19477,5630,49,2,529.8,1059.6
19478,5630,37,1,43.6,43.6
19479,5630,204,4,207.96,831.84
19480,5631,115,1,235.12,235.12
19481,5632,180,4,394.23,1576.92
19482,5633,1,3,541.39,1624.17
19483,5634,197,1,297.44,297.44
19484,5634,174,2,460.49,920.98
19485,5635,74,2,355.67,711.34
19486,5635,147,4,50.11,200.44
19487,5635,198,1,351.95,351.95
19488,5636,184,2,201.3,402.6
19489,5636,47,4,595.74,2382.96
19490,5636,22,2,125.76,251.52
19491,5637,220,4,168.03,672.12
19492,5637,116,4,108.97,435.88
19493,5637,81,2,51.32,102.64
19494,5637,233,1,275.42,275.42
19495,5637,176,2,405.74,811.48
19496,5637,160,2,275.73,551.46
19497,5638,57,3,128.38,385.14
19498,5639,92,4,411.95,1647.8
19499,5639,18,4,55.2,220.8
19500,5639,54,2,60.89,121.78
19501,5640,99,1,205.29,205.29
19502,5641,215,3,238.44,715.32
19503,5641,130,1,60.89,60.89
19504,5642,31,4,499.38,1997.52
19505,5642,149,2,212.48,424.96
19506,5642,221,1,627.82,627.82
19507,5642,47,4,595.74,2382.96
19508,5643,236,4,58.2,232.8
19509,5643,56,4,238.95,955.8
19510,5643,9,3,553.14,1659.42
19511,5643,214,2,288.6,577.2
19512,5644,46,3,188.18,564.54
19513,5645,217,2,369.23,738.46
19514,5645,158,4,479.14,1916.56
19515,5645,79,4,440.1,1760.4
19516,5646,66,3,87.24,261.72
19517,5647,234,2,244.66,489.32
19518,5647,245,1,170.03,170.03
19519,5647,14,1,301.65,301.65
19520,5647,95,2,320.04,640.08
19521,5647,152,3,580.76,1742.28
19522,5648,64,4,110.72,442.88
19523,5648,237,2,52.77,105.54
19524,5648,31,3,499.38,1498.14
19525,5648,58,3,307.4,922.2
19526,5648,207,4,490.29,1961.16
19527,5649,55,1,215.38,215.38
19528,5650,77,3,377.42,1132.26
19529,5650,40,3,450.37,1351.11
19530,5650,224,4,79.62,318.48
19531,5650,186,4,232.01,928.04
19532,5650,192,4,183.66,734.64
19533,5651,48,4,355.11,1420.44
19534,5651,157,3,28.92,86.76
19535,5651,193,3,164.42,493.26
19536,5651,126,4,291.18,1164.72
19537,5652,249,2,375.32,750.64
19538,5652,227,2,454.43,908.86
19539,5652,185,2,339.64,679.28
19540,5653,3,4,142.45,569.8
19541,5654,113,4,411.77,1647.08
19542,5654,138,4,371.13,1484.52
19543,5655,29,4,218.87,875.48
19544,5655,225,1,242.67,242.67
19545,5655,169,2,382.14,764.28
19546,5655,232,4,494.33,1977.32
19547,5656,104,4,287.63,1150.52
19548,5656,50,4,120.19,480.76
19549,5657,229,3,165.02,495.06
19550,5658,36,4,90.32,361.28
19551,5659,166,2,82.07,164.14
19552,5659,143,2,155.0,310.0
19553,5659,201,4,496.81,1987.24
19554,5659,243,1,358.78,358.78
19555,5660,132,3,330.55,991.65
19556,5660,57,4,128.38,513.52
19557,5660,192,1,183.66,183.66
19558,5660,95,1,320.04,320.04
19559,5660,101,3,57.39,172.17
19560,5660,36,1,90.32,90.32
19561,5661,23,1,276.19,276.19
19562,5662,113,1,411.77,411.77
19563,5662,195,3,117.88,353.64
19564,5662,62,3,185.84,557.52
19565,5662,67,1,136.1,136.1
19566,5662,221,3,627.82,1883.46
19567,5662,199,1,94.94,94.94
19568,5663,56,2,238.95,477.9
19569,5663,222,4,81.41,325.64
19570,5663,90,2,138.74,277.48
19571,5663,57,2,128.38,256.76
19572,5664,131,3,21.58,64.74
19573,5664,95,2,320.04,640.08
19574,5664,107,4,233.92,935.68
19575,5664,246,4,307.14,1228.56
19576,5665,49,1,529.8,529.8
19577,5665,81,1,51.32,51.32
19578,5665,243,3,358.78,1076.34
19579,5665,223,3,449.24,1347.72
19580,5665,148,4,497.64,1990.56
19581,5665,26,1,478.23,478.23
19582,5666,137,4,205.25,821.0
19583,5666,141,3,133.58,400.74
19584,5666,103,1,234.96,234.96
19585,5667,239,1,38.46,38.46
19586,5667,206,1,225.13,225.13
19587,5668,190,4,378.5,1514.0
19588,5669,174,1,460.49,460.49
19589,5669,244,4,423.65,1694.6
19590,5669,234,1,244.66,244.66
19591,5669,65,1,346.0,346.0
19592,5669,55,4,215.38,861.52
19593,5669,239,4,38.46,153.84
19594,5670,174,1,460.49,460.49
19595,5670,177,2,245.43,490.86
19596,5670,195,3,117.88,353.64
19597,5670,145,1,362.85,362.85
19598,5670,136,1,299.97,299.97
19599,5670,83,1,550.53,550.53
19600,5671,116,1,108.97,108.97
19601,5671,76,4,450.31,1801.24
19602,5671,247,4,32.63,130.52
19603,5671,111,3,123.73,371.19
19604,5671,29,1,218.87,218.87
19605,5671,148,2,497.64,995.28
19606,5672,90,2,138.74,277.48
19607,5672,140,3,359.22,1077.66
19608,5672,65,2,346.0,692.0
19609,5672,170,1,287.23,287.23
19610,5672,35,4,404.22,1616.88
19611,5672,89,3,152.92,458.76
19612,5673,131,3,21.58,64.74
19613,5673,85,4,164.19,656.76
19614,5673,147,2,50.11,100.22
19615,5673,158,3,479.14,1437.42
19616,5673,242,1,131.89,131.89
19617,5673,186,3,232.01,696.03
19618,5674,168,4,316.03,1264.12
19619,5674,131,2,21.58,43.16
19620,5674,33,3,102.45,307.35
19621,5674,249,1,375.32,375.32
19622,5674,41,1,245.1,245.1
19623,5675,131,1,21.58,21.58
19624,5676,137,3,205.25,615.75
19625,5676,156,4,234.14,936.56
19626,5676,34,3,43.41,130.23
19627,5676,133,4,310.77,1243.08
19628,5676,235,3,172.77,518.31
19629,5676,90,1,138.74,138.74
19630,5677,131,4,21.58,86.32
19631,5677,8,3,427.33,1281.99
19632,5677,48,3,355.11,1065.33
19633,5677,82,3,212.44,637.32
19634,5678,85,4,164.19,656.76
19635,5678,121,1,418.51,418.51
19636,5678,5,2,148.93,297.86
19637,5679,69,4,297.02,1188.08
19638,5679,127,2,240.8,481.6
19639,5679,192,2,183.66,367.32
19640,5680,178,1,505.3,505.3
19641,5680,138,2,371.13,742.26
19642,5681,163,4,268.64,1074.56
19643,5681,126,4,291.18,1164.72
19644,5681,143,1,155.0,155.0
19645,5681,9,4,553.14,2212.56
19646,5681,12,1,589.84,589.84
19647,5682,193,2,164.42,328.84
19648,5682,46,4,188.18,752.72
19649,5683,174,1,460.49,460.49
19650,5684,12,4,589.84,2359.36
19651,5684,56,2,238.95,477.9
19652,5684,192,3,183.66,550.98
19653,5684,200,1,558.08,558.08
19654,5685,79,2,440.1,880.2
19655,5685,215,3,238.44,715.32
19656,5685,143,2,155.0,310.0
19657,5685,227,4,454.43,1817.72
19658,5685,91,3,187.63,562.89
19659,5686,178,1,505.3,505.3
19660,5686,189,4,603.72,2414.88
19661,5687,13,1,249.16,249.16
19662,5687,121,4,418.51,1674.04
19663,5687,76,4,450.31,1801.24
19664,5687,218,4,126.69,506.76
19665,5687,186,2,232.01,464.02
19666,5687,112,4,186.06,744.24
19667,5688,124,2,388.77,777.54
19668,5688,103,2,234.96,469.92
19669,5688,91,4,187.63,750.52
19670,5688,133,3,310.77,932.31
19671,5688,142,1,45.22,45.22
19672,5689,24,1,28.9,28.9
19673,5689,220,3,168.03,504.09
19674,5690,88,2,347.53,695.06
19675,5690,15,2,578.04,1156.08
19676,5690,86,2,431.1,862.2
19677,5690,249,3,375.32,1125.96
19678,5690,100,4,340.15,1360.6
19679,5691,3,1,142.45,142.45
19680,5691,147,4,50.11,200.44
19681,5692,81,4,51.32,205.28
19682,5692,72,2,91.12,182.24
19683,5693,152,1,580.76,580.76
19684,5693,15,4,578.04,2312.16
19685,5694,83,2,550.53,1101.06
19686,5694,167,2,74.71,149.42
19687,5694,166,4,82.07,328.28
19688,5694,239,4,38.46,153.84
19689,5695,1,4,541.39,2165.56
19690,5695,47,1,595.74,595.74
19691,5695,234,1,244.66,244.66
19692,5695,213,3,266.98,800.94
19693,5695,225,1,242.67,242.67
19694,5696,32,1,610.06,610.06
19695,5697,21,2,574.25,1148.5
19696,5698,218,4,126.69,506.76
19697,5698,6,2,478.9,957.8
19698,5698,211,2,556.48,1112.96
19699,5699,201,1,496.81,496.81
19700,5699,90,3,138.74,416.22
19701,5699,22,2,125.76,251.52
19702,5699,125,4,211.24,844.96
19703,5700,237,4,52.77,211.08
19704,5700,121,3,418.51,1255.53
19705,5700,6,1,478.9,478.9
19706,5701,165,4,235.2,940.8
19707,5701,181,2,314.93,629.86
19708,5701,203,3,362.8,1088.4
19709,5702,4,4,352.75,1411.0
19710,5702,137,4,205.25,821.0
19711,5702,109,1,383.43,383.43
19712,5702,9,2,553.14,1106.28
19713,5702,152,3,580.76,1742.28
19714,5702,220,4,168.03,672.12
19715,5703,134,3,224.13,672.39
19716,5704,26,2,478.23,956.46
19717,5705,54,1,60.89,60.89
19718,5705,212,3,454.26,1362.78
19719,5705,238,3,262.67,788.01
19720,5706,39,3,116.92,350.76
19721,5706,19,3,464.34,1393.02
19722,5706,96,4,541.36,2165.44
19723,5706,49,3,529.8,1589.4
19724,5707,67,3,136.1,408.3
19725,5707,16,4,70.43,281.72
19726,5708,200,2,558.08,1116.16
19727,5708,73,3,200.84,602.52
19728,5709,41,2,245.1,490.2
19729,5709,221,2,627.82,1255.64
19730,5709,20,2,605.41,1210.82
19731,5709,74,1,355.67,355.67
19732,5709,16,3,70.43,211.29
19733,5710,167,3,74.71,224.13
19734,5711,122,1,313.49,313.49
19735,5711,1,2,541.39,1082.78
19736,5711,170,4,287.23,1148.92
19737,5711,39,3,116.92,350.76
19738,5711,88,1,347.53,347.53
19739,5712,49,2,529.8,1059.6
19740,5712,208,1,350.34,350.34
19741,5712,234,2,244.66,489.32
19742,5712,39,1,116.92,116.92
19743,5712,38,1,511.93,511.93
19744,5713,205,2,383.07,766.14
19745,5713,203,1,362.8,362.8
19746,5713,222,2,81.41,162.82
19747,5714,152,3,580.76,1742.28
19748,5714,244,2,423.65,847.3
19749,5714,70,2,473.53,947.06
19750,5714,66,3,87.24,261.72
19751,5714,157,3,28.92,86.76
19752,5715,91,3,187.63,562.89
19753,5715,82,1,212.44,212.44
19754,5715,58,4,307.4,1229.6
19755,5715,11,1,312.03,312.03
19756,5715,127,1,240.8,240.8
19757,5716,51,3,555.78,1667.34
19758,5716,246,2,307.14,614.28
19759,5716,199,2,94.94,189.88
19760,5716,54,3,60.89,182.67
19761,5716,25,2,277.57,555.14
19762,5717,54,1,60.89,60.89
19763,5717,45,1,118.21,118.21
19764,5718,20,2,605.41,1210.82
19765,5719,42,4,132.01,528.04
19766,5719,37,4,43.6,174.4
19767,5719,220,3,168.03,504.09
19768,5720,32,2,610.06,1220.12
19769,5720,164,2,320.2,640.4
19770,5721,190,2,378.5,757.0
19771,5722,226,1,137.54,137.54
19772,5722,24,2,28.9,57.8
19773,5722,16,3,70.43,211.29
19774,5722,8,2,427.33,854.66
19775,5723,106,2,162.6,325.2
19776,5723,104,1,287.63,287.63
19777,5723,189,3,603.72,1811.16
19778,5724,142,1,45.22,45.22
19779,5724,59,1,395.91,395.91
19780,5724,58,4,307.4,1229.6
19781,5724,29,1,218.87,218.87
19782,5724,185,4,339.64,1358.56
19783,5725,153,2,415.24,830.48
19784,5725,22,3,125.76,377.28
19785,5725,2,4,363.88,1455.52
19786,5725,155,3,219.1,657.3
19787,5725,249,4,375.32,1501.28
19788,5726,183,2,147.46,294.92
19789,5726,218,1,126.69,126.69
19790,5726,132,4,330.55,1322.2
19791,5726,45,2,118.21,236.42
19792,5727,151,3,72.21,216.63
19793,5727,207,3,490.29,1470.87
19794,5727,158,1,479.14,479.14
19795,5727,250,3,34.9,104.7
19796,5727,102,4,196.56,786.24
19797,5727,166,1,82.07,82.07
19798,5728,110,3,524.57,1573.71
19799,5728,153,2,415.24,830.48
19800,5728,160,1,275.73,275.73
19801,5729,66,4,87.24,348.96
19802,5729,25,3,277.57,832.71
19803,5729,171,3,242.88,728.64
19804,5729,175,4,93.86,375.44
19805,5730,237,4,52.77,211.08
19806,5730,193,4,164.42,657.68
19807,5730,66,3,87.24,261.72
19808,5730,40,1,450.37,450.37
19809,5730,27,2,238.78,477.56
19810,5730,118,3,175.82,527.46
19811,5731,46,1,188.18,188.18
19812,5731,114,4,270.25,1081.0
19813,5731,27,4,238.78,955.12
19814,5731,194,4,521.07,2084.28
19815,5731,144,1,47.39,47.39
19816,5732,207,2,490.29,980.58
19817,5732,225,4,242.67,970.68
19818,5733,108,1,378.79,378.79
19819,5733,250,4,34.9,139.6
19820,5733,50,2,120.19,240.38
19821,5733,82,3,212.44,637.32
19822,5733,77,2,377.42,754.84
19823,5734,46,1,188.18,188.18
19824,5734,85,1,164.19,164.19
19825,5734,174,4,460.49,1841.96
19826,5735,174,3,460.49,1381.47
19827,5735,52,3,135.78,407.34
19828,5736,242,3,131.89,395.67
19829,5736,150,2,377.06,754.12
19830,5736,239,4,38.46,153.84
19831,5736,148,3,497.64,1492.92
19832,5736,45,2,118.21,236.42
19833,5737,209,4,101.66,406.64
19834,5737,127,1,240.8,240.8
19835,5737,126,3,291.18,873.54
19836,5737,16,1,70.43,70.43
19837,5737,105,1,58.11,58.11
19838,5737,223,2,449.24,898.48
19839,5738,24,4,28.9,115.6
19840,5738,250,4,34.9,139.6
19841,5738,130,4,60.89,243.56
19842,5738,179,3,200.78,602.34
19843,5738,62,2,185.84,371.68
19844,5739,48,2,355.11,710.22
19845,5739,124,1,388.77,388.77
19846,5739,181,2,314.93,629.86
19847,5739,246,3,307.14,921.42
19848,5739,64,4,110.72,442.88
19849,5739,239,1,38.46,38.46
19850,5740,185,3,339.64,1018.92
19851,5740,11,4,312.03,1248.12
19852,5740,65,4,346.0,1384.0
19853,5741,236,1,58.2,58.2
19854,5741,140,2,359.22,718.44
19855,5742,59,3,395.91,1187.73
19856,5742,149,1,212.48,212.48
19857,5742,1,2,541.39,1082.78
19858,5742,204,1,207.96,207.96
19859,5742,123,3,235.89,707.67
19860,5742,43,4,349.47,1397.88
19861,5743,212,1,454.26,454.26
19862,5743,118,4,175.82,703.28
19863,5744,167,3,74.71,224.13
19864,5744,81,4,51.32,205.28
19865,5744,243,3,358.78,1076.34
19866,5744,74,3,355.67,1067.01
19867,5744,160,1,275.73,275.73
19868,5744,91,3,187.63,562.89
19869,5745,120,1,32.48,32.48
19870,5745,112,2,186.06,372.12
19871,5746,38,3,511.93,1535.79
19872,5746,155,3,219.1,657.3
19873,5747,236,2,58.2,116.4
19874,5747,21,1,574.25,574.25
19875,5747,41,4,245.1,980.4
19876,5747,124,3,388.77,1166.31
19877,5747,196,1,450.47,450.47
19878,5748,32,2,610.06,1220.12
19879,5748,88,1,347.53,347.53
19880,5748,227,1,454.43,454.43
19881,5748,130,1,60.89,60.89
19882,5748,87,2,509.91,1019.82
19883,5748,28,4,434.23,1736.92
19884,5749,225,2,242.67,485.34
19885,5750,217,2,369.23,738.46
19886,5750,95,2,320.04,640.08
19887,5750,126,2,291.18,582.36
19888,5750,237,1,52.77,52.77
19889,5750,116,1,108.97,108.97
19890,5750,158,2,479.14,958.28
19891,5751,51,1,555.78,555.78
19892,5751,242,4,131.89,527.56
19893,5752,212,1,454.26,454.26
19894,5752,2,1,363.88,363.88
19895,5752,91,4,187.63,750.52
19896,5753,8,4,427.33,1709.32
19897,5753,200,1,558.08,558.08
19898,5753,226,3,137.54,412.62
19899,5753,117,2,300.72,601.44
19900,5754,236,1,58.2,58.2
19901,5754,4,2,352.75,705.5
19902,5754,223,2,449.24,898.48
19903,5755,147,2,50.11,100.22
19904,5755,13,1,249.16,249.16
19905,5755,166,4,82.07,328.28
19906,5756,166,4,82.07,328.28
19907,5756,139,3,250.55,751.65
19908,5756,123,1,235.89,235.89
19909,5756,234,4,244.66,978.64
19910,5756,126,3,291.18,873.54
19911,5756,85,3,164.19,492.57
19912,5757,247,4,32.63,130.52
19913,5757,43,3,349.47,1048.41
19914,5758,223,2,449.24,898.48
19915,5758,100,1,340.15,340.15
19916,5758,69,4,297.02,1188.08
19917,5758,102,2,196.56,393.12
19918,5758,92,1,411.95,411.95
19919,5759,169,1,382.14,382.14
19920,5759,94,1,512.7,512.7
19921,5759,62,4,185.84,743.36
19922,5759,235,3,172.77,518.31
19923,5759,182,2,214.08,428.16
19924,5760,225,1,242.67,242.67
19925,5760,221,4,627.82,2511.28
19926,5760,148,4,497.64,1990.56
19927,5760,42,4,132.01,528.04
19928,5760,212,4,454.26,1817.04
19929,5761,77,4,377.42,1509.68
19930,5761,108,2,378.79,757.58
19931,5761,143,2,155.0,310.0
19932,5761,42,4,132.01,528.04
19933,5761,100,4,340.15,1360.6
19934,5762,96,2,541.36,1082.72
19935,5763,97,1,316.97,316.97
19936,5763,99,1,205.29,205.29
19937,5763,69,2,297.02,594.04
19938,5763,171,2,242.88,485.76
19939,5764,239,1,38.46,38.46
19940,5765,110,2,524.57,1049.14
19941,5765,156,3,234.14,702.42
19942,5765,15,4,578.04,2312.16
19943,5765,45,2,118.21,236.42
19944,5765,236,4,58.2,232.8
19945,5765,130,4,60.89,243.56
19946,5766,130,4,60.89,243.56
19947,5767,102,1,196.56,196.56
19948,5767,209,2,101.66,203.32
19949,5768,62,3,185.84,557.52
19950,5769,59,4,395.91,1583.64
19951,5769,74,1,355.67,355.67
19952,5769,123,1,235.89,235.89
19953,5770,227,2,454.43,908.86
19954,5770,145,1,362.85,362.85
19955,5770,203,2,362.8,725.6
19956,5770,11,1,312.03,312.03
19957,5770,168,3,316.03,948.09
19958,5770,12,4,589.84,2359.36
19959,5771,223,4,449.24,1796.96
19960,5771,85,3,164.19,492.57
19961,5772,183,3,147.46,442.38
19962,5772,240,4,253.55,1014.2
19963,5773,46,1,188.18,188.18
19964,5773,102,2,196.56,393.12
19965,5774,12,4,589.84,2359.36
19966,5774,147,1,50.11,50.11
19967,5774,74,3,355.67,1067.01
19968,5774,91,1,187.63,187.63
19969,5774,175,1,93.86,93.86
19970,5774,84,2,124.27,248.54
19971,5775,22,2,125.76,251.52
19972,5775,35,2,404.22,808.44
19973,5775,208,3,350.34,1051.02
19974,5776,15,2,578.04,1156.08
19975,5776,52,3,135.78,407.34
19976,5776,67,4,136.1,544.4
19977,5776,173,4,303.56,1214.24
19978,5776,101,3,57.39,172.17
19979,5776,45,4,118.21,472.84
19980,5777,242,2,131.89,263.78
19981,5778,200,2,558.08,1116.16
19982,5778,245,3,170.03,510.09
19983,5778,77,4,377.42,1509.68
19984,5779,219,3,383.42,1150.26
19985,5779,233,3,275.42,826.26
19986,5779,58,4,307.4,1229.6
19987,5780,76,3,450.31,1350.93
19988,5780,221,4,627.82,2511.28
19989,5780,117,4,300.72,1202.88
19990,5780,14,1,301.65,301.65
19991,5781,39,3,116.92,350.76
19992,5781,84,3,124.27,372.81
19993,5781,211,1,556.48,556.48
19994,5781,74,4,355.67,1422.68
19995,5781,124,4,388.77,1555.08
19996,5781,184,3,201.3,603.9
19997,5782,140,3,359.22,1077.66
19998,5782,103,3,234.96,704.88
19999,5782,56,3,238.95,716.85
20000,5783,126,1,291.18,291.18
20001,5783,167,4,74.71,298.84
20002,5783,62,3,185.84,557.52
20003,5784,88,3,347.53,1042.59
20004,5784,13,4,249.16,996.64
20005,5785,24,1,28.9,28.9
20006,5786,110,1,524.57,524.57
20007,5786,170,3,287.23,861.69
20008,5786,10,3,330.8,992.4
20009,5787,202,4,467.78,1871.12
20010,5787,170,3,287.23,861.69
20011,5787,133,2,310.77,621.54
20012,5788,142,1,45.22,45.22
20013,5788,106,4,162.6,650.4
20014,5789,116,3,108.97,326.91
20015,5789,180,4,394.23,1576.92
20016,5789,124,2,388.77,777.54
20017,5790,16,1,70.43,70.43
20018,5790,78,2,302.79,605.58
20019,5790,32,1,610.06,610.06
20020,5790,90,3,138.74,416.22
20021,5790,185,4,339.64,1358.56
20022,5791,158,4,479.14,1916.56
20023,5791,211,2,556.48,1112.96
20024,5791,116,1,108.97,108.97
20025,5792,171,2,242.88,485.76
20026,5792,71,1,594.55,594.55
20027,5792,174,1,460.49,460.49
20028,5792,195,3,117.88,353.64
20029,5792,162,4,386.04,1544.16
20030,5793,143,4,155.0,620.0
20031,5793,168,1,316.03,316.03
20032,5793,239,2,38.46,76.92
20033,5793,14,3,301.65,904.95
20034,5793,152,4,580.76,2323.04
20035,5793,41,2,245.1,490.2
20036,5794,233,1,275.42,275.42
20037,5794,241,2,205.2,410.4
20038,5794,51,3,555.78,1667.34
20039,5794,90,2,138.74,277.48
20040,5795,232,2,494.33,988.66
20041,5795,240,2,253.55,507.1
20042,5795,141,3,133.58,400.74
20043,5795,236,2,58.2,116.4
20044,5796,195,4,117.88,471.52
20045,5796,115,3,235.12,705.36
20046,5796,156,4,234.14,936.56
20047,5796,1,2,541.39,1082.78
20048,5797,86,1,431.1,431.1
20049,5798,141,3,133.58,400.74
20050,5798,96,4,541.36,2165.44
20051,5798,211,3,556.48,1669.44
20052,5798,152,1,580.76,580.76
20053,5798,13,3,249.16,747.48
20054,5798,114,2,270.25,540.5
20055,5799,172,4,244.65,978.6
20056,5799,137,3,205.25,615.75
20057,5800,58,3,307.4,922.2
20058,5801,242,2,131.89,263.78
20059,5801,36,3,90.32,270.96
20060,5801,103,3,234.96,704.88
20061,5802,49,4,529.8,2119.2
20062,5802,69,1,297.02,297.02
20063,5802,228,3,380.46,1141.38
20064,5803,126,3,291.18,873.54
20065,5803,150,2,377.06,754.12
20066,5803,184,4,201.3,805.2
20067,5803,12,1,589.84,589.84
20068,5803,62,3,185.84,557.52
20069,5803,172,4,244.65,978.6
20070,5804,124,4,388.77,1555.08
20071,5805,96,4,541.36,2165.44
20072,5805,247,1,32.63,32.63
20073,5806,2,1,363.88,363.88
20074,5806,208,2,350.34,700.68
20075,5806,183,3,147.46,442.38
20076,5806,79,3,440.1,1320.3
20077,5806,11,2,312.03,624.06
20078,5807,227,1,454.43,454.43
20079,5807,29,2,218.87,437.74
20080,5808,68,1,188.28,188.28
20081,5808,14,1,301.65,301.65
20082,5809,93,3,296.33,888.99
20083,5810,101,2,57.39,114.78
20084,5810,105,3,58.11,174.33
20085,5810,191,2,410.67,821.34
20086,5810,237,1,52.77,52.77
20087,5811,59,4,395.91,1583.64
20088,5811,229,4,165.02,660.08
20089,5811,158,1,479.14,479.14
20090,5811,101,4,57.39,229.56
20091,5812,35,1,404.22,404.22
20092,5813,4,4,352.75,1411.0
20093,5813,32,3,610.06,1830.18
20094,5813,160,4,275.73,1102.92
20095,5814,177,1,245.43,245.43
20096,5814,173,1,303.56,303.56
20097,5814,146,1,118.88,118.88
20098,5814,88,1,347.53,347.53
20099,5814,109,4,383.43,1533.72
20100,5814,204,4,207.96,831.84
20101,5815,12,1,589.84,589.84
20102,5815,153,3,415.24,1245.72
20103,5815,134,2,224.13,448.26
20104,5815,56,3,238.95,716.85
20105,5816,152,2,580.76,1161.52
20106,5816,35,2,404.22,808.44
20107,5816,58,4,307.4,1229.6
20108,5816,170,1,287.23,287.23
20109,5816,136,1,299.97,299.97
20110,5816,185,4,339.64,1358.56
20111,5817,189,2,603.72,1207.44
20112,5817,227,2,454.43,908.86
20113,5817,107,4,233.92,935.68
20114,5817,116,2,108.97,217.94
20115,5817,97,4,316.97,1267.88
20116,5818,143,4,155.0,620.0
20117,5818,61,3,374.3,1122.9
20118,5818,202,3,467.78,1403.34
20119,5818,247,2,32.63,65.26
20120,5818,34,4,43.41,173.64
20121,5819,45,1,118.21,118.21
20122,5819,34,1,43.41,43.41
20123,5820,148,1,497.64,497.64
20124,5820,225,2,242.67,485.34
20125,5820,25,4,277.57,1110.28
20126,5820,145,4,362.85,1451.4
20127,5821,104,3,287.63,862.89
20128,5821,216,2,101.25,202.5
20129,5821,76,2,450.31,900.62
20130,5821,199,4,94.94,379.76
20131,5821,197,2,297.44,594.88
20132,5822,213,3,266.98,800.94
20133,5822,204,4,207.96,831.84
20134,5822,250,4,34.9,139.6
20135,5822,188,1,503.7,503.7
20136,5822,79,2,440.1,880.2
20137,5822,163,1,268.64,268.64
20138,5823,112,3,186.06,558.18
20139,5823,128,2,197.5,395.0
20140,5823,123,3,235.89,707.67
20141,5823,95,4,320.04,1280.16
20142,5823,93,2,296.33,592.66
20143,5823,97,2,316.97,633.94
20144,5824,66,2,87.24,174.48
20145,5824,188,4,503.7,2014.8
20146,5824,117,2,300.72,601.44
20147,5824,3,3,142.45,427.35
20148,5825,18,1,55.2,55.2
20149,5825,157,2,28.92,57.84
20150,5825,203,4,362.8,1451.2
20151,5825,119,3,142.86,428.58
20152,5825,124,2,388.77,777.54
20153,5825,55,3,215.38,646.14
20154,5826,125,4,211.24,844.96
20155,5826,11,1,312.03,312.03
20156,5826,154,2,342.09,684.18
20157,5826,107,1,233.92,233.92
20158,5827,99,4,205.29,821.16
20159,5827,95,1,320.04,320.04
20160,5827,167,3,74.71,224.13
20161,5827,208,4,350.34,1401.36
20162,5828,20,2,605.41,1210.82
20163,5828,5,2,148.93,297.86
20164,5828,18,1,55.2,55.2
20165,5828,108,4,378.79,1515.16
20166,5829,17,3,555.46,1666.38
20167,5830,20,2,605.41,1210.82
20168,5830,115,1,235.12,235.12
20169,5830,4,2,352.75,705.5
20170,5830,237,1,52.77,52.77
20171,5831,212,4,454.26,1817.04
20172,5831,34,4,43.41,173.64
20173,5832,204,2,207.96,415.92
20174,5832,179,2,200.78,401.56
20175,5833,131,2,21.58,43.16
20176,5833,98,3,209.33,627.99
20177,5834,117,4,300.72,1202.88
20178,5835,49,4,529.8,2119.2
20179,5835,177,2,245.43,490.86
20180,5836,48,3,355.11,1065.33
20181,5836,222,3,81.41,244.23
20182,5836,56,3,238.95,716.85
20183,5837,43,3,349.47,1048.41
20184,5837,163,1,268.64,268.64
20185,5838,240,3,253.55,760.65
20186,5838,234,3,244.66,733.98
20187,5838,243,3,358.78,1076.34
20188,5838,11,2,312.03,624.06
20189,5839,169,2,382.14,764.28
20190,5839,74,4,355.67,1422.68
20191,5839,158,2,479.14,958.28
20192,5839,189,1,603.72,603.72
20193,5839,225,1,242.67,242.67
20194,5840,92,1,411.95,411.95
20195,5841,118,4,175.82,703.28
20196,5842,155,3,219.1,657.3
20197,5842,121,3,418.51,1255.53
20198,5842,211,3,556.48,1669.44
20199,5842,216,3,101.25,303.75
20200,5842,219,3,383.42,1150.26
20201,5843,77,4,377.42,1509.68
20202,5843,155,4,219.1,876.4
20203,5843,167,1,74.71,74.71
20204,5843,24,3,28.9,86.7
20205,5843,177,3,245.43,736.29
20206,5843,23,1,276.19,276.19
20207,5844,77,1,377.42,377.42
20208,5844,183,2,147.46,294.92
20209,5844,226,4,137.54,550.16
20210,5845,108,2,378.79,757.58
20211,5845,14,2,301.65,603.3
20212,5845,172,2,244.65,489.3
20213,5845,59,4,395.91,1583.64
20214,5845,78,2,302.79,605.58
20215,5846,122,1,313.49,313.49
20216,5846,70,3,473.53,1420.59
20217,5846,56,1,238.95,238.95
20218,5847,242,1,131.89,131.89
20219,5848,127,4,240.8,963.2
20220,5848,179,4,200.78,803.12
20221,5848,32,4,610.06,2440.24
20222,5848,67,4,136.1,544.4
20223,5848,18,1,55.2,55.2
20224,5849,86,2,431.1,862.2
20225,5849,8,1,427.33,427.33
20226,5849,198,4,351.95,1407.8
20227,5849,24,4,28.9,115.6
20228,5849,31,4,499.38,1997.52
20229,5849,236,2,58.2,116.4
20230,5850,165,4,235.2,940.8
20231,5850,134,1,224.13,224.13
20232,5850,159,1,223.33,223.33
20233,5850,29,2,218.87,437.74
20234,5851,82,2,212.44,424.88
20235,5851,67,1,136.1,136.1
20236,5851,244,2,423.65,847.3
20237,5852,66,4,87.24,348.96
20238,5853,186,4,232.01,928.04
20239,5853,77,2,377.42,754.84
20240,5853,73,2,200.84,401.68
20241,5853,64,2,110.72,221.44
20242,5853,70,2,473.53,947.06
20243,5853,176,1,405.74,405.74
20244,5854,89,3,152.92,458.76
20245,5854,140,1,359.22,359.22
20246,5854,204,1,207.96,207.96
20247,5854,150,1,377.06,377.06
20248,5854,155,2,219.1,438.2
20249,5855,94,3,512.7,1538.1
20250,5855,9,4,553.14,2212.56
20251,5855,42,3,132.01,396.03
20252,5855,191,1,410.67,410.67
20253,5855,87,4,509.91,2039.64
20254,5855,125,1,211.24,211.24
20255,5856,39,4,116.92,467.68
20256,5856,121,3,418.51,1255.53
20257,5857,97,2,316.97,633.94
20258,5857,179,2,200.78,401.56
20259,5857,147,2,50.11,100.22
20260,5858,149,4,212.48,849.92
20261,5858,228,4,380.46,1521.84
20262,5859,188,2,503.7,1007.4
20263,5859,75,2,256.79,513.58
20264,5859,102,1,196.56,196.56
20265,5859,117,1,300.72,300.72
20266,5859,74,2,355.67,711.34
20267,5860,199,1,94.94,94.94
20268,5860,133,2,310.77,621.54
20269,5860,11,3,312.03,936.09
20270,5861,203,4,362.8,1451.2
20271,5862,132,4,330.55,1322.2
20272,5863,34,1,43.41,43.41
20273,5864,114,1,270.25,270.25
20274,5864,147,3,50.11,150.33
20275,5865,129,3,293.5,880.5
20276,5865,78,2,302.79,605.58
20277,5865,179,1,200.78,200.78
20278,5865,190,2,378.5,757.0
20279,5866,149,2,212.48,424.96
20280,5866,240,1,253.55,253.55
20281,5866,200,3,558.08,1674.24
20282,5867,149,4,212.48,849.92
20283,5868,118,4,175.82,703.28
20284,5868,167,3,74.71,224.13
20285,5868,49,2,529.8,1059.6
20286,5869,14,2,301.65,603.3
20287,5869,28,2,434.23,868.46
20288,5869,209,2,101.66,203.32
20289,5869,181,2,314.93,629.86
20290,5869,198,2,351.95,703.9
20291,5870,163,1,268.64,268.64
20292,5870,6,4,478.9,1915.6
20293,5870,99,3,205.29,615.87
20294,5871,188,4,503.7,2014.8
20295,5872,24,4,28.9,115.6
20296,5872,206,2,225.13,450.26
20297,5873,84,1,124.27,124.27
20298,5873,235,1,172.77,172.77
20299,5873,48,1,355.11,355.11
20300,5873,144,1,47.39,47.39
20301,5874,93,2,296.33,592.66
20302,5874,182,2,214.08,428.16
20303,5874,61,2,374.3,748.6
20304,5874,178,2,505.3,1010.6
20305,5874,162,4,386.04,1544.16
20306,5874,149,1,212.48,212.48
20307,5875,66,4,87.24,348.96
20308,5875,221,3,627.82,1883.46
20309,5876,211,2,556.48,1112.96
20310,5877,54,3,60.89,182.67
20311,5877,115,4,235.12,940.48
20312,5877,165,2,235.2,470.4
20313,5877,124,2,388.77,777.54
20314,5877,225,1,242.67,242.67
20315,5877,8,2,427.33,854.66
20316,5878,119,1,142.86,142.86
20317,5878,144,2,47.39,94.78
20318,5878,99,1,205.29,205.29
20319,5878,118,2,175.82,351.64
20320,5879,215,2,238.44,476.88
20321,5879,98,3,209.33,627.99
20322,5880,82,1,212.44,212.44
20323,5880,18,3,55.2,165.6
20324,5880,98,2,209.33,418.66
20325,5880,48,4,355.11,1420.44
20326,5880,92,3,411.95,1235.85
20327,5880,162,3,386.04,1158.12
20328,5881,97,3,316.97,950.91
20329,5881,136,2,299.97,599.94
20330,5881,33,3,102.45,307.35
20331,5881,117,2,300.72,601.44
20332,5881,98,4,209.33,837.32
20333,5882,74,3,355.67,1067.01
20334,5883,37,4,43.6,174.4
20335,5883,164,4,320.2,1280.8
20336,5883,243,1,358.78,358.78
20337,5884,238,1,262.67,262.67
20338,5884,119,1,142.86,142.86
20339,5884,88,1,347.53,347.53
20340,5884,213,2,266.98,533.96
20341,5884,223,1,449.24,449.24
20342,5885,91,2,187.63,375.26
20343,5885,149,4,212.48,849.92
20344,5885,168,1,316.03,316.03
20345,5885,120,3,32.48,97.44
20346,5885,109,2,383.43,766.86
20347,5885,59,1,395.91,395.91
20348,5886,249,1,375.32,375.32
20349,5886,131,4,21.58,86.32
20350,5886,243,4,358.78,1435.12
20351,5886,96,1,541.36,541.36
20352,5886,64,3,110.72,332.16
20353,5887,168,3,316.03,948.09
20354,5887,202,1,467.78,467.78
20355,5888,47,1,595.74,595.74
20356,5888,28,1,434.23,434.23
20357,5888,114,1,270.25,270.25
20358,5888,182,2,214.08,428.16
20359,5888,83,1,550.53,550.53
20360,5889,153,1,415.24,415.24
20361,5889,148,1,497.64,497.64
20362,5889,7,4,53.23,212.92
20363,5890,116,4,108.97,435.88
20364,5890,201,3,496.81,1490.43
20365,5890,103,3,234.96,704.88
20366,5890,178,3,505.3,1515.9
20367,5890,100,1,340.15,340.15
20368,5891,235,3,172.77,518.31
20369,5891,165,2,235.2,470.4
20370,5892,94,4,512.7,2050.8
20371,5892,72,2,91.12,182.24
20372,5892,167,3,74.71,224.13
20373,5892,81,3,51.32,153.96
20374,5893,195,2,117.88,235.76
20375,5893,164,2,320.2,640.4
20376,5893,4,3,352.75,1058.25
20377,5893,216,1,101.25,101.25
20378,5894,206,2,225.13,450.26
20379,5894,23,3,276.19,828.57
20380,5895,65,4,346.0,1384.0
20381,5895,89,4,152.92,611.68
20382,5895,236,1,58.2,58.2
20383,5895,100,2,340.15,680.3
20384,5896,113,4,411.77,1647.08
20385,5896,107,3,233.92,701.76
20386,5896,93,2,296.33,592.66
20387,5896,239,1,38.46,38.46
20388,5897,106,4,162.6,650.4
20389,5897,160,1,275.73,275.73
20390,5897,43,3,349.47,1048.41
20391,5897,192,4,183.66,734.64
20392,5897,13,1,249.16,249.16
20393,5898,218,4,126.69,506.76
20394,5898,209,2,101.66,203.32
20395,5898,113,2,411.77,823.54
20396,5898,119,4,142.86,571.44
20397,5898,116,4,108.97,435.88
20398,5899,174,3,460.49,1381.47
20399,5899,176,4,405.74,1622.96
20400,5900,107,1,233.92,233.92
20401,5901,179,4,200.78,803.12
20402,5901,131,1,21.58,21.58
20403,5901,61,1,374.3,374.3
20404,5902,206,4,225.13,900.52
20405,5902,193,4,164.42,657.68
20406,5902,173,2,303.56,607.12
20407,5903,182,1,214.08,214.08
20408,5903,101,3,57.39,172.17
20409,5903,7,3,53.23,159.69
20410,5903,158,2,479.14,958.28
20411,5903,195,3,117.88,353.64
20412,5904,194,4,521.07,2084.28
20413,5904,235,2,172.77,345.54
20414,5904,75,1,256.79,256.79
20415,5904,4,4,352.75,1411.0
20416,5904,83,4,550.53,2202.12
20417,5904,91,1,187.63,187.63
20418,5905,173,2,303.56,607.12
20419,5905,131,1,21.58,21.58
20420,5905,184,2,201.3,402.6
20421,5905,214,1,288.6,288.6
20422,5905,234,2,244.66,489.32
20423,5906,36,4,90.32,361.28
20424,5906,149,4,212.48,849.92
20425,5906,116,2,108.97,217.94
20426,5906,24,3,28.9,86.7
20427,5906,72,4,91.12,364.48
20428,5907,16,3,70.43,211.29
20429,5907,137,2,205.25,410.5
20430,5907,250,3,34.9,104.7
20431,5907,178,4,505.3,2021.2
20432,5907,54,1,60.89,60.89
20433,5907,6,4,478.9,1915.6
20434,5908,6,3,478.9,1436.7
20435,5909,51,2,555.78,1111.56
20436,5909,159,1,223.33,223.33
20437,5909,229,3,165.02,495.06
20438,5910,7,4,53.23,212.92
20439,5910,49,4,529.8,2119.2
20440,5910,17,3,555.46,1666.38
20441,5910,130,1,60.89,60.89
20442,5911,86,2,431.1,862.2
20443,5911,205,1,383.07,383.07
20444,5911,89,2,152.92,305.84
20445,5912,126,1,291.18,291.18
20446,5912,151,4,72.21,288.84
20447,5912,94,3,512.7,1538.1
20448,5912,215,1,238.44,238.44
20449,5913,71,4,594.55,2378.2
20450,5913,202,1,467.78,467.78
20451,5914,46,1,188.18,188.18
20452,5914,18,1,55.2,55.2
20453,5914,26,1,478.23,478.23
20454,5915,193,4,164.42,657.68
20455,5915,23,3,276.19,828.57
20456,5915,239,3,38.46,115.38
20457,5915,40,4,450.37,1801.48
20458,5916,214,2,288.6,577.2
20459,5916,152,4,580.76,2323.04
20460,5917,8,4,427.33,1709.32
20461,5917,54,2,60.89,121.78
20462,5917,166,3,82.07,246.21
20463,5917,107,3,233.92,701.76
20464,5918,107,2,233.92,467.84
20465,5918,102,1,196.56,196.56
20466,5919,101,3,57.39,172.17
20467,5919,155,4,219.1,876.4
20468,5919,180,4,394.23,1576.92
20469,5919,157,3,28.92,86.76
20470,5919,218,4,126.69,506.76
20471,5919,5,4,148.93,595.72
20472,5920,116,1,108.97,108.97
20473,5920,130,4,60.89,243.56
20474,5921,16,4,70.43,281.72
20475,5921,51,1,555.78,555.78
20476,5921,177,3,245.43,736.29
20477,5921,221,1,627.82,627.82
20478,5922,2,1,363.88,363.88
20479,5922,174,4,460.49,1841.96
20480,5922,74,1,355.67,355.67
20481,5922,197,4,297.44,1189.76
20482,5922,96,3,541.36,1624.08
20483,5923,241,3,205.2,615.6
20484,5923,147,1,50.11,50.11
20485,5923,149,3,212.48,637.44
20486,5923,58,4,307.4,1229.6
20487,5923,21,1,574.25,574.25
20488,5923,8,1,427.33,427.33
20489,5924,246,3,307.14,921.42
20490,5924,42,4,132.01,528.04
20491,5925,205,2,383.07,766.14
20492,5926,237,3,52.77,158.31
20493,5926,46,1,188.18,188.18
20494,5926,15,2,578.04,1156.08
20495,5926,25,2,277.57,555.14
20496,5926,166,2,82.07,164.14
20497,5927,203,2,362.8,725.6
20498,5927,6,4,478.9,1915.6
20499,5928,108,3,378.79,1136.37
20500,5929,28,2,434.23,868.46
20501,5929,15,3,578.04,1734.12
20502,5930,160,2,275.73,551.46
20503,5931,10,1,330.8,330.8
20504,5931,5,2,148.93,297.86
20505,5931,128,1,197.5,197.5
20506,5931,166,3,82.07,246.21
20507,5932,12,1,589.84,589.84
20508,5932,50,4,120.19,480.76
20509,5932,16,4,70.43,281.72
20510,5933,42,1,132.01,132.01
20511,5933,4,4,352.75,1411.0
20512,5933,208,3,350.34,1051.02
20513,5934,158,3,479.14,1437.42
20514,5934,195,4,117.88,471.52
20515,5934,137,1,205.25,205.25
20516,5934,231,1,265.93,265.93
20517,5935,176,3,405.74,1217.22
20518,5935,224,4,79.62,318.48
20519,5935,214,1,288.6,288.6
20520,5936,72,1,91.12,91.12
20521,5936,236,3,58.2,174.6
20522,5936,150,3,377.06,1131.18
20523,5936,32,2,610.06,1220.12
20524,5936,217,4,369.23,1476.92
20525,5937,142,2,45.22,90.44
20526,5938,155,1,219.1,219.1
20527,5938,192,2,183.66,367.32
20528,5938,76,4,450.31,1801.24
20529,5939,174,4,460.49,1841.96
20530,5939,38,3,511.93,1535.79
20531,5939,155,3,219.1,657.3
20532,5939,14,3,301.65,904.95
20533,5940,10,2,330.8,661.6
20534,5941,245,2,170.03,340.06
20535,5941,214,4,288.6,1154.4
20536,5941,179,3,200.78,602.34
20537,5942,211,3,556.48,1669.44
20538,5942,180,4,394.23,1576.92
20539,5942,217,1,369.23,369.23
20540,5942,142,1,45.22,45.22
20541,5943,182,3,214.08,642.24
20542,5944,105,3,58.11,174.33
20543,5944,155,2,219.1,438.2
20544,5944,216,2,101.25,202.5
20545,5944,135,4,298.38,1193.52
20546,5945,18,2,55.2,110.4
20547,5945,8,2,427.33,854.66
20548,5945,220,4,168.03,672.12
20549,5945,20,2,605.41,1210.82
20550,5946,110,3,524.57,1573.71
20551,5946,21,1,574.25,574.25
20552,5946,25,2,277.57,555.14
20553,5946,52,4,135.78,543.12
20554,5946,113,1,411.77,411.77
20555,5946,91,3,187.63,562.89
20556,5947,152,1,580.76,580.76
20557,5948,119,2,142.86,285.72
20558,5948,134,1,224.13,224.13
20559,5948,51,2,555.78,1111.56
20560,5948,239,1,38.46,38.46
20561,5948,110,3,524.57,1573.71
20562,5948,153,1,415.24,415.24
20563,5949,51,4,555.78,2223.12
20564,5949,109,2,383.43,766.86
20565,5949,69,4,297.02,1188.08
20566,5949,20,3,605.41,1816.23
20567,5949,226,2,137.54,275.08
20568,5949,224,3,79.62,238.86
20569,5950,162,3,386.04,1158.12
20570,5950,137,2,205.25,410.5
20571,5950,243,4,358.78,1435.12
20572,5950,125,1,211.24,211.24
20573,5950,193,3,164.42,493.26
20574,5950,100,4,340.15,1360.6
20575,5951,13,4,249.16,996.64
20576,5951,195,4,117.88,471.52
20577,5951,33,2,102.45,204.9
20578,5951,64,1,110.72,110.72
20579,5952,240,3,253.55,760.65
20580,5952,233,2,275.42,550.84
20581,5952,242,4,131.89,527.56
20582,5952,200,3,558.08,1674.24
20583,5953,83,1,550.53,550.53
20584,5953,30,3,247.82,743.46
20585,5953,244,1,423.65,423.65
20586,5953,175,1,93.86,93.86
20587,5954,83,1,550.53,550.53
20588,5954,195,1,117.88,117.88
20589,5954,112,2,186.06,372.12
20590,5955,99,2,205.29,410.58
20591,5955,55,1,215.38,215.38
20592,5955,178,4,505.3,2021.2
20593,5956,181,2,314.93,629.86
20594,5956,86,2,431.1,862.2
20595,5957,17,3,555.46,1666.38
20596,5957,188,2,503.7,1007.4
20597,5957,45,1,118.21,118.21
20598,5957,99,1,205.29,205.29
20599,5957,7,3,53.23,159.69
20600,5957,232,2,494.33,988.66
20601,5958,127,3,240.8,722.4
20602,5958,6,1,478.9,478.9
20603,5958,51,4,555.78,2223.12
20604,5959,241,2,205.2,410.4
20605,5959,95,3,320.04,960.12
20606,5959,113,1,411.77,411.77
20607,5959,108,2,378.79,757.58
20608,5959,210,3,141.37,424.11
20609,5960,148,2,497.64,995.28
20610,5960,232,2,494.33,988.66
20611,5961,21,4,574.25,2297.0
20612,5962,26,2,478.23,956.46
20613,5962,31,2,499.38,998.76
20614,5962,112,2,186.06,372.12
20615,5963,185,4,339.64,1358.56
20616,5963,41,3,245.1,735.3
20617,5963,204,4,207.96,831.84
20618,5963,196,3,450.47,1351.41
20619,5963,112,1,186.06,186.06
20620,5964,101,2,57.39,114.78
20621,5964,102,4,196.56,786.24
20622,5964,145,2,362.85,725.7
20623,5964,9,1,553.14,553.14
20624,5964,168,3,316.03,948.09
20625,5965,199,4,94.94,379.76
20626,5965,149,3,212.48,637.44
20627,5965,114,1,270.25,270.25
20628,5965,196,4,450.47,1801.88
20629,5965,44,1,19.48,19.48
20630,5966,59,1,395.91,395.91
20631,5966,197,2,297.44,594.88
20632,5966,49,1,529.8,529.8
20633,5966,223,3,449.24,1347.72
20634,5966,74,4,355.67,1422.68
20635,5967,185,2,339.64,679.28
20636,5967,203,2,362.8,725.6
20637,5968,121,4,418.51,1674.04
20638,5969,35,1,404.22,404.22
20639,5969,178,2,505.3,1010.6
20640,5969,81,3,51.32,153.96
20641,5970,231,4,265.93,1063.72
20642,5971,171,2,242.88,485.76
20643,5971,113,1,411.77,411.77
20644,5971,172,4,244.65,978.6
20645,5971,12,3,589.84,1769.52
20646,5972,220,4,168.03,672.12
20647,5972,84,2,124.27,248.54
20648,5972,92,3,411.95,1235.85
20649,5972,34,2,43.41,86.82
20650,5973,162,3,386.04,1158.12
20651,5974,238,4,262.67,1050.68
20652,5974,197,1,297.44,297.44
20653,5974,92,1,411.95,411.95
20654,5974,150,4,377.06,1508.24
20655,5975,130,2,60.89,121.78
20656,5976,3,2,142.45,284.9
20657,5976,73,2,200.84,401.68
20658,5976,156,4,234.14,936.56
20659,5977,15,3,578.04,1734.12
20660,5977,132,2,330.55,661.1
20661,5978,46,3,188.18,564.54
20662,5978,113,1,411.77,411.77
20663,5978,232,4,494.33,1977.32
20664,5979,46,1,188.18,188.18
20665,5979,223,2,449.24,898.48
20666,5979,188,3,503.7,1511.1
20667,5979,127,1,240.8,240.8
20668,5979,55,2,215.38,430.76
20669,5980,139,3,250.55,751.65
20670,5980,29,4,218.87,875.48
20671,5980,157,3,28.92,86.76
20672,5980,214,3,288.6,865.8
20673,5980,7,2,53.23,106.46
20674,5981,166,4,82.07,328.28
20675,5981,40,1,450.37,450.37
20676,5982,58,2,307.4,614.8
20677,5982,100,3,340.15,1020.45
20678,5982,216,4,101.25,405.0
20679,5982,211,4,556.48,2225.92
20680,5982,250,2,34.9,69.8
20681,5982,25,1,277.57,277.57
20682,5983,93,2,296.33,592.66
20683,5983,171,1,242.88,242.88
20684,5983,245,1,170.03,170.03
20685,5984,233,1,275.42,275.42
20686,5984,79,3,440.1,1320.3
20687,5984,184,4,201.3,805.2
20688,5984,6,2,478.9,957.8
20689,5984,67,4,136.1,544.4
20690,5985,209,3,101.66,304.98
20691,5985,241,3,205.2,615.6
20692,5985,110,3,524.57,1573.71
20693,5985,248,2,188.2,376.4
20694,5986,231,2,265.93,531.86
20695,5986,178,1,505.3,505.3
20696,5986,98,4,209.33,837.32
20697,5986,207,2,490.29,980.58
20698,5986,185,2,339.64,679.28
20699,5986,46,2,188.18,376.36
20700,5987,72,1,91.12,91.12
20701,5987,29,2,218.87,437.74
20702,5987,202,3,467.78,1403.34
20703,5987,121,4,418.51,1674.04
20704,5987,166,3,82.07,246.21
20705,5988,44,3,19.48,58.44
20706,5988,41,1,245.1,245.1
20707,5988,81,2,51.32,102.64
20708,5989,203,1,362.8,362.8
20709,5989,57,2,128.38,256.76
20710,5989,89,2,152.92,305.84
20711,5990,196,2,450.47,900.94
20712,5990,36,3,90.32,270.96
20713,5991,143,2,155.0,310.0
20714,5991,93,4,296.33,1185.32
20715,5992,121,3,418.51,1255.53
20716,5992,19,1,464.34,464.34
20717,5993,237,1,52.77,52.77
20718,5993,44,4,19.48,77.92
20719,5993,97,3,316.97,950.91
20720,5993,48,3,355.11,1065.33
20721,5993,78,3,302.79,908.37
20722,5993,74,4,355.67,1422.68
20723,5994,108,3,378.79,1136.37
20724,5994,197,2,297.44,594.88
20725,5994,149,2,212.48,424.96
20726,5995,90,1,138.74,138.74
20727,5996,243,1,358.78,358.78
20728,5996,120,1,32.48,32.48
20729,5996,249,3,375.32,1125.96
20730,5996,209,4,101.66,406.64
20731,5996,122,3,313.49,940.47
20732,5996,236,2,58.2,116.4
20733,5997,211,2,556.48,1112.96
20734,5997,41,2,245.1,490.2
20735,5998,193,2,164.42,328.84
20736,5999,41,4,245.1,980.4
20737,5999,250,1,34.9,34.9
20738,5999,232,2,494.33,988.66
20739,6000,219,4,383.42,1533.68
20740,6000,52,1,135.78,135.78
20741,6000,17,4,555.46,2221.84
20742,6000,147,4,50.11,200.44
20743,6000,8,4,427.33,1709.32
20744,6000,16,4,70.43,281.72

