order_id,customer_id,store_id,promo_id,order_datetime,order_status,total_amount
1,615,18,,2026-05-16 18:08:18,Delivered,581.43
2,625,22,,2026-03-30 13:05:46,Delivered,3550.45
3,992,8,2.0,2026-04-27 08:02:48,Returned,3168.0
4,618,23,,2026-07-07 15:30:34,Delivered,1809.45
5,306,28,,2026-03-10 09:34:03,Delivered,1659.42
6,984,25,2.0,2026-02-22 09:42:27,Delivered,1712.83
7,116,13,,2026-02-27 20:20:12,Returned,1782.31
8,29,6,2.0,2026-03-22 23:37:59,Delivered,559.6
9,1028,4,4.0,2026-05-30 07:33:14,Cancelled,115.47
10,276,9,4.0,2026-07-13 21:06:14,Delivered,2581.18
11,1169,10,,2026-04-14 13:08:44,Returned,3294.56
12,402,14,,2026-06-30 20:27:08,Returned,4503.17
13,345,10,3.0,2026-04-08 14:34:56,Delivered,2201.79
14,88,15,,2026-02-18 10:40:12,Delivered,542.01
15,1039,12,,2026-05-22 13:58:57,Delivered,4234.43
16,639,3,4.0,2026-02-12 18:53:56,Delivered,2302.9
17,292,10,,2026-05-23 07:32:41,Delivered,1525.22
18,1046,13,,2026-03-14 18:17:07,Delivered,1598.87
19,455,19,,2026-02-21 12:56:15,Delivered,1987.98
20,1146,12,2.0,2026-04-24 19:18:23,Delivered,1543.26
21,1104,6,,2026-04-22 21:37:16,Delivered,5263.65
22,128,11,,2026-05-07 10:58:37,Delivered,531.81
23,16,25,4.0,2026-05-05 11:35:40,Delivered,3328.59
24,372,27,,2026-07-17 09:32:29,Cancelled,1704.66
25,244,29,,2026-07-12 19:29:36,Delivered,1765.49
26,299,6,,2026-02-22 16:28:06,Cancelled,902.16
27,461,6,,2026-03-10 08:12:22,Delivered,856.61
28,386,13,4.0,2026-05-02 21:55:44,Delivered,2721.81
29,1091,22,1.0,2026-07-18 12:40:51,Delivered,3665.3
30,106,17,,2026-05-14 16:41:22,Returned,1290.19
31,313,2,,2026-03-28 10:46:07,Delivered,1811.78
32,330,13,,2026-07-14 21:03:25,Cancelled,3401.82
33,244,29,,2026-06-07 19:00:27,Delivered,3626.47
34,722,9,,2026-02-09 13:17:19,Delivered,1545.64
35,1043,22,,2026-05-03 20:03:55,Delivered,3937.63
36,71,11,,2026-06-14 11:24:35,Cancelled,2204.93
37,263,9,,2026-05-20 09:27:54,Delivered,4557.79
38,1003,12,,2026-05-15 13:52:45,Delivered,2585.1
39,601,10,,2026-06-28 07:59:53,Delivered,1915.6
40,1037,23,1.0,2026-07-10 15:27:31,Returned,4116.56
41,1017,2,,2026-07-06 11:49:02,Delivered,4331.03
42,619,6,,2026-07-12 14:16:11,Delivered,632.06
43,1019,8,,2026-08-01 17:16:40,Cancelled,4737.24
44,1090,24,,2026-04-03 22:51:59,Delivered,4734.13
45,473,15,,2026-03-26 15:43:42,Cancelled,734.64
46,302,26,,2026-06-13 09:30:35,Delivered,2759.92
47,265,16,2.0,2026-06-09 23:31:42,Delivered,3702.57
48,1195,14,,2026-06-09 10:11:52,Delivered,174.48
49,102,6,,2026-08-03 14:57:25,Cancelled,1616.85
50,241,10,,2026-08-01 20:42:46,Delivered,1905.9
51,903,12,,2026-06-12 08:34:52,Delivered,3298.71
52,990,26,,2026-03-11 19:36:41,Delivered,3929.59
53,334,12,5.0,2026-03-03 19:51:03,Returned,666.2
54,343,17,3.0,2026-08-02 09:24:33,Delivered,1479.46
55,537,12,,2026-04-18 22:07:01,Delivered,1677.26
56,678,6,,2026-06-18 12:47:29,Delivered,5638.22
57,354,8,,2026-05-23 14:44:17,Delivered,1381.47
58,642,23,,2026-05-23 19:20:47,Delivered,2886.85
59,334,13,,2026-07-12 22:08:04,Returned,3406.18
60,833,8,,2026-06-11 17:01:21,Delivered,3277.33
61,1150,8,4.0,2026-03-13 17:34:52,Delivered,1325.54
62,529,6,,2026-06-08 12:36:07,Delivered,4128.62
63,1133,6,,2026-06-24 09:28:00,Delivered,1039.62
64,596,29,3.0,2026-07-13 20:16:37,Delivered,1800.11
65,633,19,2.0,2026-07-31 20:55:04,Delivered,3879.14
66,711,6,,2026-05-11 22:33:15,Delivered,1767.05
67,147,18,4.0,2026-05-29 18:47:54,Cancelled,3436.83
68,1098,10,,2026-07-25 12:55:35,Delivered,1245.92
69,1059,21,,2026-05-02 19:57:03,Delivered,2184.78
70,739,6,,2026-05-27 23:05:22,Delivered,4323.06
71,82,30,,2026-06-22 14:33:16,Delivered,4743.26
72,1188,15,,2026-06-19 21:37:24,Delivered,6236.21
73,510,24,,2026-04-13 15:40:53,Returned,2099.21
74,36,13,,2026-04-19 21:04:11,Delivered,976.24
75,700,14,,2026-03-24 15:46:14,Delivered,562.29
76,1032,8,,2026-05-19 16:37:15,Delivered,550.26
77,410,6,5.0,2026-06-26 13:05:02,Delivered,2559.32
78,439,8,3.0,2026-07-24 17:46:52,Delivered,337.98
79,260,17,,2026-05-30 21:58:41,Delivered,1766.4
80,1093,18,,2026-07-08 07:43:02,Delivered,2258.21
81,1139,16,,2026-03-17 20:30:58,Delivered,187.63
82,1049,3,,2026-04-20 17:00:29,Returned,2451.58
83,1069,17,,2026-06-11 23:10:20,Delivered,3424.02
84,722,9,,2026-05-20 11:37:58,Delivered,4870.73
85,144,28,,2026-03-25 17:47:53,Delivered,6714.98
86,80,14,4.0,2026-03-26 10:40:59,Delivered,376.2
87,311,17,,2026-04-15 09:29:13,Delivered,4567.19
88,1175,25,,2026-06-13 07:20:03,Delivered,3166.05
89,833,8,,2026-07-14 12:17:43,Delivered,4042.81
90,323,21,,2026-03-26 17:09:32,Delivered,410.5
91,1094,29,,2026-05-13 15:34:27,Delivered,2011.45
92,1058,22,,2026-07-07 20:52:52,Delivered,3241.25
93,1155,13,,2026-06-11 20:57:14,Delivered,2440.26
94,64,15,,2026-02-16 19:11:05,Delivered,5605.38
95,1069,19,4.0,2026-04-28 12:59:01,Delivered,1042.62
96,443,16,,2026-04-04 18:06:30,Cancelled,1928.1
97,1026,9,,2026-08-03 22:29:09,Delivered,5384.87
98,737,14,4.0,2026-02-12 16:19:15,Delivered,3383.25
99,924,18,,2026-04-07 18:16:41,Delivered,318.48
100,11,2,,2026-03-28 22:35:05,Delivered,1082.78
101,415,24,,2026-02-07 11:41:32,Delivered,2083.45
102,569,9,,2026-04-09 15:37:42,Delivered,3830.32
103,137,23,,2026-03-10 19:13:16,Delivered,1275.12
104,896,28,,2026-07-18 07:13:37,Delivered,1450.3
105,1166,17,,2026-06-29 23:25:20,Delivered,3439.19
106,742,29,,2026-08-03 13:38:54,Delivered,1411.0
107,832,2,,2026-03-27 14:35:54,Delivered,2449.42
108,741,18,,2026-04-18 11:42:22,Delivered,3625.68
109,926,29,,2026-03-24 18:43:12,Delivered,2592.82
110,313,3,1.0,2026-07-07 13:29:29,Delivered,1201.49
111,580,23,,2026-04-23 18:27:58,Delivered,2877.06
112,742,30,,2026-02-16 21:35:19,Delivered,1206.06
113,1077,17,,2026-05-01 20:50:28,Returned,1955.4
114,502,9,,2026-08-04 08:52:42,Delivered,1867.75
115,328,22,,2026-06-20 14:05:51,Delivered,3950.36
116,230,17,,2026-03-01 16:52:26,Delivered,1067.25
117,560,23,,2026-05-02 07:11:33,Delivered,3590.71
118,834,8,,2026-03-18 11:48:12,Delivered,729.58
119,397,10,,2026-06-15 23:29:19,Delivered,139.6
120,355,8,,2026-07-06 11:26:30,Returned,2754.8
121,1050,8,,2026-03-03 21:56:13,Delivered,57.39
122,1029,19,,2026-04-27 21:22:44,Delivered,3084.08
123,1142,17,,2026-02-05 21:46:59,Delivered,454.43
124,419,12,,2026-07-25 08:07:16,Delivered,2379.79
125,68,16,,2026-07-21 21:07:17,Delivered,2893.92
126,973,9,,2026-04-06 18:38:38,Delivered,744.24
127,162,22,,2026-05-13 07:38:43,Delivered,2270.97
128,429,21,4.0,2026-04-28 20:11:14,Delivered,1424.25
129,324,12,3.0,2026-06-29 22:37:54,Delivered,1788.78
130,28,30,5.0,2026-04-22 18:17:09,Delivered,2616.01
131,652,11,,2026-07-12 21:12:20,Delivered,4910.38
132,126,12,,2026-03-10 14:40:36,Delivered,2884.24
133,538,8,,2026-05-03 10:49:00,Returned,5758.14
134,687,18,3.0,2026-02-06 09:36:00,Cancelled,4893.43
135,665,28,,2026-02-08 16:15:52,Delivered,1611.2
136,1091,21,1.0,2026-07-02 18:49:02,Delivered,3768.48
137,505,3,,2026-02-07 10:33:30,Delivered,6442.61
138,1092,6,,2026-06-28 13:00:00,Cancelled,736.9
139,227,3,,2026-02-09 18:27:38,Cancelled,407.34
140,481,30,,2026-05-15 12:00:49,Delivered,1785.62
141,672,8,,2026-07-28 22:57:27,Delivered,505.3
142,1103,17,,2026-04-23 09:52:49,Delivered,2455.04
143,190,25,4.0,2026-05-26 15:56:12,Delivered,2401.56
144,278,11,4.0,2026-03-03 13:55:03,Delivered,796.02
145,559,3,5.0,2026-02-09 19:49:43,Returned,314.26
146,901,10,,2026-06-30 22:11:18,Delivered,2492.82
147,317,11,2.0,2026-06-05 08:52:14,Delivered,776.03
148,259,21,,2026-04-21 19:18:59,Cancelled,1533.72
149,746,18,,2026-06-24 21:57:33,Delivered,1044.87
150,971,3,,2026-02-14 21:02:00,Cancelled,1536.96
151,794,25,5.0,2026-04-07 13:19:44,Delivered,1838.18
152,305,16,3.0,2026-07-11 14:01:26,Delivered,1435.23
153,210,14,,2026-05-21 09:34:00,Delivered,1848.7
154,465,27,3.0,2026-07-28 18:47:15,Delivered,1822.12
155,794,26,,2026-04-29 08:10:13,Delivered,1992.22
156,569,8,,2026-06-16 19:54:48,Cancelled,3645.66
157,1198,13,,2026-04-21 12:45:23,Delivered,4518.5
158,734,12,3.0,2026-06-03 16:44:29,Delivered,1072.23
159,558,6,,2026-06-18 09:49:26,Delivered,854.61
160,754,17,,2026-04-11 10:42:08,Delivered,1465.0
161,895,26,5.0,2026-06-30 12:14:09,Delivered,1200.55
162,377,22,,2026-06-08 13:34:28,Delivered,944.68
163,164,26,2.0,2026-06-17 07:09:26,Delivered,635.36
164,506,8,,2026-04-24 17:09:23,Cancelled,3512.44
165,985,3,,2026-05-02 20:40:26,Delivered,3831.23
166,763,16,1.0,2026-06-05 14:34:11,Returned,2026.37
167,217,9,,2026-05-23 23:20:48,Cancelled,1978.07
168,582,26,3.0,2026-06-26 11:34:12,Delivered,2730.96
169,851,16,,2026-03-16 16:57:43,Delivered,6594.51
170,1102,25,,2026-02-05 12:06:25,Delivered,1259.72
171,513,2,,2026-05-23 09:12:20,Delivered,371.91
172,519,12,,2026-06-16 13:45:48,Delivered,1942.71
173,330,12,,2026-06-28 19:26:11,Delivered,4841.72
174,407,4,,2026-03-26 23:34:33,Delivered,2732.32
175,131,29,,2026-03-03 09:03:32,Delivered,1501.28
176,936,6,,2026-03-07 12:21:41,Returned,2873.76
177,692,21,,2026-03-26 13:39:53,Delivered,4379.77
178,250,29,,2026-08-01 20:01:06,Delivered,2199.23
179,586,10,5.0,2026-04-23 16:04:10,Cancelled,96.19
180,916,3,,2026-04-03 18:17:09,Delivered,3321.37
181,506,9,,2026-05-23 15:19:41,Delivered,5777.96
182,492,29,3.0,2026-06-25 17:35:52,Returned,535.99
183,1060,10,,2026-07-28 15:33:17,Delivered,3704.64
184,49,6,,2026-02-20 16:37:23,Delivered,5902.1
185,355,8,2.0,2026-02-14 23:03:10,Delivered,644.15
186,619,6,,2026-03-20 10:46:16,Delivered,4567.55
187,9,11,,2026-06-30 09:32:13,Returned,3732.53
188,777,30,,2026-06-20 09:12:26,Delivered,1785.13
189,997,13,4.0,2026-07-05 10:19:49,Delivered,1772.26
190,735,25,,2026-05-02 09:27:43,Delivered,423.06
191,960,24,,2026-07-29 07:07:11,Delivered,4437.15
192,497,6,,2026-03-26 11:53:29,Delivered,996.36
193,155,13,,2026-02-28 17:10:46,Placed,4316.71
194,473,14,3.0,2026-04-13 22:21:13,Delivered,3214.04
195,705,30,,2026-07-05 08:20:32,Returned,1314.44
196,1079,12,,2026-04-26 16:43:30,Delivered,1424.52
197,14,2,5.0,2026-03-24 08:07:59,Cancelled,2005.96
198,958,6,,2026-05-15 15:25:35,Returned,1329.08
199,803,2,,2026-05-13 16:50:54,Delivered,2912.51
200,98,18,,2026-07-18 14:35:32,Cancelled,3773.34
201,391,9,2.0,2026-03-23 21:13:13,Delivered,1879.42
202,844,29,5.0,2026-03-03 14:38:47,Delivered,2562.69
203,215,28,,2026-03-06 21:58:21,Delivered,2165.56
204,196,24,,2026-05-23 16:02:26,Delivered,684.18
205,759,16,5.0,2026-06-16 23:53:31,Delivered,2348.68
206,147,17,,2026-05-28 21:34:08,Cancelled,1406.29
207,694,4,,2026-05-03 23:48:21,Delivered,293.5
208,131,29,2.0,2026-05-05 22:55:44,Delivered,834.77
209,1036,11,,2026-05-05 11:02:50,Delivered,3208.85
210,212,24,,2026-06-20 14:06:03,Delivered,43.41
211,348,3,,2026-06-20 08:26:53,Delivered,1231.53
212,671,13,,2026-06-30 07:43:35,Delivered,1768.7
213,909,26,,2026-05-08 13:39:04,Delivered,3392.03
214,230,17,,2026-05-07 22:51:54,Cancelled,5555.54
215,376,26,3.0,2026-05-06 11:34:25,Delivered,2874.42
216,635,23,4.0,2026-06-30 08:54:29,Delivered,4166.47
217,456,12,,2026-05-02 15:12:08,Cancelled,189.56
218,27,15,2.0,2026-02-13 20:12:48,Delivered,955.29
219,313,4,4.0,2026-03-18 22:40:16,Delivered,2941.95
220,359,18,,2026-07-18 17:04:43,Delivered,1945.1
221,372,27,,2026-06-15 17:19:09,Delivered,1092.6
222,914,17,3.0,2026-06-26 17:46:32,Delivered,2616.07
223,137,22,,2026-07-01 08:02:50,Delivered,1192.04
224,141,8,1.0,2026-03-29 17:17:37,Delivered,2044.18
225,32,17,,2026-04-29 10:01:41,Delivered,372.12
226,19,6,,2026-07-28 14:35:40,Delivered,4185.96
227,936,6,,2026-05-01 17:58:03,Delivered,1797.63
228,13,6,,2026-03-15 08:12:47,Delivered,786.24
229,570,16,3.0,2026-03-08 18:33:50,Delivered,69.36
230,25,8,,2026-08-01 15:39:50,Delivered,461.12
231,197,9,,2026-02-09 16:36:05,Delivered,3390.54
232,961,14,,2026-07-18 07:50:21,Delivered,216.24
233,948,13,,2026-05-21 11:05:25,Delivered,3569.33
234,1108,13,,2026-08-02 19:20:04,Delivered,3053.8
235,359,18,,2026-03-12 13:36:22,Delivered,4639.64
236,613,16,,2026-06-06 09:12:11,Delivered,550.84
237,572,12,,2026-02-12 07:41:05,Delivered,4347.21
238,739,6,4.0,2026-04-18 11:47:09,Delivered,4233.65
239,642,21,,2026-07-15 16:58:00,Delivered,3537.55
240,936,6,1.0,2026-04-16 17:30:24,Delivered,235.55
241,838,27,,2026-03-25 18:22:09,Delivered,1401.7
242,924,19,,2026-03-20 14:57:52,Delivered,3184.78
243,474,6,3.0,2026-06-22 13:13:28,Delivered,3798.97
244,203,8,,2026-06-24 07:49:29,Delivered,2793.92
245,479,27,,2026-05-05 08:50:56,Delivered,834.68
246,328,23,,2026-04-21 23:29:32,Delivered,2559.63
247,915,18,,2026-05-14 17:07:48,Delivered,1877.82
248,1098,10,5.0,2026-07-08 12:39:26,Delivered,1796.83
249,115,21,1.0,2026-04-04 23:23:33,Delivered,637.71
250,812,17,,2026-02-26 17:21:03,Delivered,895.14
251,195,30,2.0,2026-04-23 10:03:16,Delivered,1880.68
252,240,4,1.0,2026-03-12 10:48:56,Delivered,5166.13
253,309,17,1.0,2026-03-17 11:11:36,Returned,896.98
254,800,22,,2026-02-17 11:19:06,Delivered,2039.64
255,380,11,5.0,2026-04-02 22:06:35,Delivered,2294.14
256,289,10,,2026-04-04 07:16:02,Delivered,2294.24
257,541,15,,2026-03-07 10:00:02,Delivered,490.8
258,302,26,,2026-03-24 11:01:53,Delivered,1403.34
259,266,4,5.0,2026-04-10 18:39:53,Delivered,4033.33
260,383,12,1.0,2026-05-16 19:13:42,Delivered,3383.65
261,814,13,,2026-07-22 14:32:14,Delivered,1839.02
262,214,27,,2026-06-18 09:45:14,Placed,3975.74
263,438,27,,2026-05-21 13:34:54,Delivered,497.64
264,401,19,,2026-07-23 21:26:30,Cancelled,1471.34
265,296,12,,2026-06-09 14:34:38,Delivered,4975.73
266,75,25,5.0,2026-04-06 07:49:22,Delivered,2460.89
267,1195,15,,2026-02-19 16:39:09,Delivered,3124.43
268,1075,26,,2026-07-07 14:29:13,Delivered,777.54
269,1005,10,5.0,2026-02-06 11:04:11,Delivered,444.39
270,372,28,2.0,2026-04-25 09:29:56,Delivered,595.03
271,616,18,,2026-04-12 21:16:37,Delivered,1542.18
272,120,21,,2026-06-19 07:13:02,Delivered,1793.55
273,469,2,5.0,2026-04-21 07:53:56,Delivered,468.6
274,860,16,,2026-03-06 10:39:16,Delivered,1441.76
275,763,15,,2026-03-12 13:04:49,Delivered,1629.32
276,1022,12,1.0,2026-03-04 17:16:01,Delivered,5396.95
277,940,17,1.0,2026-03-27 09:47:30,Delivered,2960.55
278,695,3,,2026-07-24 11:46:24,Delivered,1236.28
279,62,6,,2026-03-29 15:38:09,Delivered,2375.61
280,164,24,,2026-04-21 21:37:45,Delivered,2411.72
281,671,13,,2026-07-17 16:27:15,Delivered,1766.14
282,598,12,,2026-04-01 12:09:37,Delivered,1476.74
283,1015,16,,2026-03-18 08:10:11,Delivered,868.46
284,965,11,4.0,2026-05-23 19:19:12,Delivered,2999.54
285,1111,8,,2026-03-06 23:54:14,Delivered,2917.99
286,174,23,,2026-05-15 15:50:36,Returned,2409.05
287,364,21,,2026-05-17 12:28:55,Delivered,2364.44
288,577,10,,2026-06-26 08:21:30,Cancelled,4028.64
289,1004,23,1.0,2026-05-04 19:10:20,Delivered,3371.73
290,858,27,,2026-07-02 23:41:37,Delivered,1885.88
291,168,19,,2026-02-19 16:50:07,Delivered,3996.83
292,1036,11,,2026-04-21 13:51:07,Delivered,3673.4
293,1036,10,1.0,2026-07-09 16:01:41,Delivered,3341.75
294,1094,28,,2026-06-13 11:14:09,Delivered,1286.52
295,85,28,,2026-07-18 09:23:27,Delivered,1363.19
296,864,29,3.0,2026-06-18 14:43:46,Delivered,3310.09
297,549,8,,2026-03-30 19:52:50,Delivered,2502.01
298,911,6,4.0,2026-06-10 09:05:37,Delivered,297.02
299,805,17,,2026-02-16 17:07:05,Delivered,1289.75
300,1077,19,,2026-05-02 11:15:24,Returned,1212.66
301,903,12,,2026-07-31 16:49:28,Delivered,4559.82
302,1078,4,,2026-02-08 20:31:43,Delivered,3685.94
303,322,6,,2026-02-18 12:24:59,Cancelled,2493.65
304,697,6,,2026-02-22 23:23:53,Delivered,2995.57
305,225,30,5.0,2026-03-12 18:01:02,Delivered,2825.44
306,950,2,2.0,2026-05-14 19:51:20,Delivered,3172.04
307,903,12,,2026-04-24 09:00:17,Delivered,2457.73
308,858,28,,2026-05-27 21:56:11,Delivered,382.14
309,373,22,,2026-04-29 18:10:14,Delivered,1776.6
310,200,14,,2026-03-15 13:58:34,Delivered,3827.16
311,972,10,,2026-04-22 20:29:52,Delivered,3253.64
312,1015,15,,2026-03-23 09:45:39,Delivered,1715.18
313,784,15,,2026-06-06 23:10:28,Delivered,2246.25
314,574,10,2.0,2026-06-04 22:30:22,Delivered,2224.02
315,1094,29,,2026-07-21 10:54:09,Delivered,4213.08
316,1100,13,,2026-03-11 22:09:45,Delivered,2581.55
317,552,3,,2026-03-14 11:55:25,Delivered,7066.48
318,1004,21,,2026-07-04 20:14:59,Delivered,4674.44
319,765,27,,2026-03-26 23:47:38,Delivered,3644.16
320,46,29,5.0,2026-02-23 19:50:48,Returned,1096.64
321,555,27,5.0,2026-07-20 19:25:35,Delivered,1057.31
322,1184,14,,2026-07-04 23:00:15,Cancelled,3579.77
323,149,3,,2026-03-04 23:44:26,Delivered,3293.11
324,739,6,1.0,2026-05-07 23:15:07,Delivered,3181.15
325,759,15,,2026-06-17 15:21:09,Delivered,2354.98
326,387,6,,2026-05-24 21:31:45,Placed,848.76
327,1008,26,,2026-04-15 20:18:23,Delivered,4261.68
328,1083,6,3.0,2026-07-30 18:42:42,Delivered,716.78
329,669,19,1.0,2026-05-13 07:19:37,Delivered,2562.4
330,328,23,,2026-04-21 08:06:54,Delivered,175.82
331,401,18,,2026-06-27 21:24:13,Delivered,2107.22
332,122,21,,2026-05-09 11:14:00,Delivered,2719.76
333,1178,9,,2026-02-17 18:01:05,Returned,3303.46
334,482,28,,2026-07-31 14:01:13,Delivered,407.34
335,165,18,,2026-03-03 11:32:52,Delivered,1046.44
336,704,24,5.0,2026-06-25 10:13:38,Delivered,1417.58
337,985,4,,2026-05-08 19:58:54,Delivered,1294.17
338,998,13,,2026-06-11 16:03:23,Delivered,2843.96
339,693,25,1.0,2026-02-24 23:27:14,Returned,393.97
340,1020,8,,2026-05-14 20:29:46,Delivered,6817.4
341,796,6,1.0,2026-05-26 18:38:50,Cancelled,430.41
342,410,6,,2026-05-11 07:53:07,Delivered,3248.76
343,1083,6,1.0,2026-04-17 10:54:07,Cancelled,1909.62
344,135,25,,2026-04-17 10:20:35,Cancelled,3678.2
345,568,8,,2026-03-28 13:10:54,Delivered,4351.39
346,630,18,,2026-07-30 22:53:53,Delivered,956.46
347,132,6,,2026-02-13 11:32:33,Delivered,2437.11
348,354,8,,2026-06-04 23:57:49,Placed,3046.77
349,1132,22,,2026-04-28 23:21:28,Delivered,2960.31
350,467,26,3.0,2026-04-10 09:31:54,Delivered,5328.44
351,177,6,,2026-06-23 12:25:08,Delivered,1968.22
352,1097,19,,2026-07-02 14:35:44,Delivered,205.2
353,497,6,,2026-03-06 16:19:29,Returned,603.58
354,347,6,,2026-05-09 18:33:29,Delivered,3204.2
355,493,18,,2026-04-22 14:19:13,Delivered,2021.2
356,566,6,,2026-02-13 14:20:51,Delivered,3677.58
357,455,18,,2026-02-24 12:07:30,Delivered,3790.42
358,1005,10,2.0,2026-06-30 16:16:15,Delivered,4365.27
359,924,19,2.0,2026-06-03 17:16:17,Delivered,1616.02
360,908,24,,2026-06-28 08:46:56,Cancelled,4799.15
361,618,22,1.0,2026-04-01 08:27:43,Cancelled,3248.87
362,374,16,,2026-04-04 20:31:58,Delivered,3193.99
363,352,15,3.0,2026-04-15 18:37:33,Delivered,1949.68
364,274,17,,2026-05-26 23:53:45,Delivered,4154.17
365,679,8,,2026-02-17 23:14:41,Delivered,2833.27
366,57,27,,2026-06-15 08:44:40,Delivered,753.12
367,908,25,,2026-03-03 19:14:20,Delivered,3753.49
368,936,6,1.0,2026-02-09 23:36:26,Delivered,3469.42
369,392,27,4.0,2026-06-14 11:22:17,Delivered,527.92
370,702,6,,2026-06-05 22:17:04,Delivered,4127.73
371,846,6,,2026-04-24 19:08:54,Placed,3008.6
372,1120,18,3.0,2026-06-17 18:16:24,Cancelled,3066.14
373,282,9,,2026-05-31 14:53:00,Delivered,3050.28
374,1061,21,2.0,2026-05-08 16:49:23,Returned,569.49
375,528,10,,2026-07-19 16:45:53,Cancelled,1247.36
376,720,16,3.0,2026-03-04 23:35:17,Cancelled,2690.61
377,846,6,,2026-04-02 14:46:42,Cancelled,1154.4
378,86,3,,2026-02-09 07:50:54,Cancelled,3315.81
379,941,29,,2026-03-27 13:00:24,Delivered,4269.4
380,476,23,,2026-06-03 11:46:49,Cancelled,3259.22
381,797,6,2.0,2026-04-22 10:52:22,Delivered,1579.93
382,570,14,2.0,2026-04-12 22:21:26,Delivered,2065.94
383,399,13,,2026-04-08 19:35:00,Delivered,4901.61
384,1169,10,5.0,2026-07-25 18:46:04,Delivered,2983.66
385,35,13,3.0,2026-06-22 10:41:13,Delivered,300.67
386,164,26,,2026-07-28 07:01:48,Delivered,4123.42
387,1111,8,,2026-02-14 09:06:19,Delivered,320.2
388,1010,29,,2026-06-27 22:02:26,Delivered,3108.01
389,1151,24,,2026-07-20 09:27:54,Delivered,956.46
390,725,24,,2026-05-26 19:51:50,Delivered,5036.41
391,1125,9,,2026-04-20 07:52:03,Delivered,764.02
392,402,14,,2026-03-07 14:50:40,Delivered,3454.89
393,410,6,3.0,2026-02-12 09:43:51,Delivered,3581.83
394,925,4,2.0,2026-05-12 12:55:13,Delivered,4043.23
395,263,8,5.0,2026-06-12 11:26:55,Delivered,1968.38
396,645,18,,2026-04-13 09:12:39,Delivered,1796.96
397,760,22,,2026-06-20 23:54:52,Delivered,966.53
398,1014,26,3.0,2026-05-08 13:22:58,Delivered,643.17
399,230,18,,2026-05-10 15:54:52,Placed,2971.83
400,171,6,5.0,2026-06-04 17:16:50,Delivered,1033.12
401,554,2,,2026-05-08 19:00:37,Delivered,2890.18
402,607,24,4.0,2026-03-13 10:04:11,Delivered,1550.44
403,182,4,,2026-06-09 12:00:13,Delivered,2251.7
404,304,17,3.0,2026-07-02 10:47:45,Delivered,2595.8
405,873,6,,2026-06-09 12:22:09,Delivered,1816.23
406,719,4,,2026-06-06 14:12:46,Delivered,4598.36
407,666,10,,2026-05-06 14:43:58,Cancelled,3286.24
408,454,9,,2026-03-05 20:33:21,Delivered,5533.44
409,758,24,4.0,2026-06-15 19:56:44,Delivered,337.73
410,1057,17,,2026-03-20 22:43:44,Returned,2049.26
411,546,14,,2026-06-21 23:59:04,Delivered,615.6
412,1019,8,,2026-03-31 12:22:27,Cancelled,1848.34
413,935,13,2.0,2026-05-04 19:05:44,Delivered,5597.75
414,973,9,,2026-06-13 22:29:25,Delivered,2062.0
415,303,12,3.0,2026-07-19 11:59:13,Delivered,1902.42
416,838,27,,2026-03-29 09:17:43,Delivered,6837.7
417,566,6,,2026-07-29 19:00:51,Cancelled,1502.26
418,1153,26,1.0,2026-04-29 19:31:55,Delivered,1348.31
419,410,6,,2026-02-24 23:12:16,Delivered,903.66
420,446,26,,2026-06-21 07:10:43,Delivered,2345.91
421,200,14,,2026-02-26 17:46:15,Returned,2765.53
422,622,4,,2026-04-02 13:40:40,Delivered,2276.84
423,161,15,4.0,2026-04-30 13:34:53,Delivered,200.24
424,1073,28,,2026-02-13 22:21:34,Delivered,3726.33
425,1093,17,1.0,2026-03-13 17:08:47,Cancelled,589.53
426,1003,12,,2026-03-27 17:31:20,Cancelled,3137.29
427,131,29,,2026-03-06 20:16:12,Delivered,3018.72
428,177,6,1.0,2026-07-24 23:08:41,Delivered,3957.1
429,218,23,,2026-07-26 10:39:27,Delivered,1461.98
430,127,13,4.0,2026-07-30 18:07:58,Delivered,168.85
431,526,10,,2026-08-03 23:07:37,Delivered,735.3
432,465,27,,2026-02-21 16:41:45,Delivered,1377.89
433,1062,10,,2026-06-25 11:58:46,Delivered,1216.7
434,349,21,,2026-03-19 07:53:09,Delivered,3395.99
435,238,3,,2026-07-09 21:21:27,Delivered,3590.27
436,232,14,,2026-05-12 08:07:46,Delivered,3938.11
437,256,10,,2026-04-22 09:31:02,Delivered,2969.12
438,880,8,,2026-05-08 10:24:18,Delivered,352.75
439,480,15,,2026-07-22 17:47:24,Delivered,2416.38
440,1086,25,2.0,2026-06-26 14:45:59,Placed,501.85
441,543,24,,2026-07-19 11:35:54,Cancelled,1618.5
442,986,15,,2026-07-22 11:20:08,Delivered,3479.33
443,634,22,,2026-07-05 18:48:58,Delivered,3368.95
444,967,10,,2026-05-17 12:11:46,Delivered,2755.4
445,45,12,,2026-02-05 20:02:29,Delivered,2937.81
446,977,10,5.0,2026-02-24 15:58:01,Delivered,1857.0
447,253,6,,2026-04-03 20:10:07,Delivered,2915.13
448,1104,6,,2026-06-03 17:09:44,Delivered,5038.94
449,760,21,,2026-03-12 12:44:04,Delivered,1551.66
450,269,30,2.0,2026-04-21 07:53:58,Placed,277.87
451,776,16,4.0,2026-03-30 10:08:31,Delivered,4303.28
452,553,18,1.0,2026-05-19 08:34:50,Delivered,1219.73
453,104,9,5.0,2026-04-16 10:20:13,Delivered,3291.89
454,977,11,,2026-02-25 12:24:07,Cancelled,425.34
455,122,22,,2026-03-13 09:16:31,Delivered,2751.87
456,770,10,,2026-06-19 17:00:08,Cancelled,2684.53
457,1185,22,2.0,2026-04-22 09:21:25,Delivered,3347.49
458,649,4,,2026-06-13 08:14:01,Delivered,2973.35
459,1047,6,,2026-05-03 08:59:22,Delivered,3849.71
460,712,11,,2026-07-10 07:34:30,Delivered,1770.39
461,1182,4,4.0,2026-02-14 10:09:13,Delivered,3272.27
462,28,27,,2026-06-13 07:06:09,Delivered,2503.31
463,384,28,,2026-07-18 15:33:53,Delivered,1035.73
464,736,14,4.0,2026-07-27 23:34:25,Delivered,2135.49
465,229,4,,2026-07-02 11:53:23,Delivered,827.19
466,707,21,,2026-05-20 16:18:49,Delivered,3055.56
467,443,16,,2026-06-07 15:14:15,Delivered,1234.83
468,485,9,,2026-04-09 18:48:08,Delivered,5977.66
469,355,8,,2026-02-10 21:58:09,Delivered,2222.72
470,248,22,,2026-07-30 18:34:23,Delivered,2729.05
471,461,6,,2026-04-10 23:31:21,Placed,1518.36
472,1028,3,4.0,2026-02-08 17:41:34,Delivered,478.08
473,852,9,,2026-05-30 10:36:41,Delivered,1018.2
474,1141,6,,2026-03-21 10:39:58,Delivered,3910.44
475,22,10,,2026-03-20 21:29:30,Delivered,4860.0
476,4,4,,2026-03-16 12:32:23,Delivered,920.88
477,753,25,,2026-04-21 21:21:24,Delivered,2729.48
478,98,17,,2026-02-06 22:29:01,Placed,3117.11
479,234,3,,2026-07-26 08:16:42,Delivered,1241.19
480,874,11,,2026-06-29 20:43:21,Delivered,6095.52
481,79,8,,2026-04-23 19:50:33,Delivered,2317.11
482,1182,2,3.0,2026-03-29 18:09:59,Delivered,1333.22
483,538,8,,2026-05-24 08:01:42,Delivered,3250.66
484,198,10,,2026-04-25 16:36:15,Cancelled,3959.49
485,664,19,,2026-06-17 16:44:14,Delivered,1113.39
486,846,6,,2026-06-15 16:16:29,Delivered,4997.62
487,1158,18,,2026-04-01 18:23:59,Placed,525.34
488,711,6,,2026-06-20 13:34:41,Delivered,491.92
489,890,24,,2026-03-14 09:34:04,Delivered,2037.74
490,1011,18,,2026-06-22 19:50:50,Delivered,2411.66
491,347,6,,2026-07-14 07:04:18,Placed,3245.45
492,443,14,2.0,2026-02-14 18:15:42,Delivered,3169.96
493,119,22,,2026-03-07 23:57:32,Delivered,5371.31
494,755,15,,2026-03-10 22:35:53,Delivered,492.57
495,778,23,,2026-06-13 23:39:02,Delivered,2421.4
496,749,2,4.0,2026-06-01 11:10:40,Delivered,2723.57
497,278,10,,2026-06-13 14:19:50,Delivered,1689.8
498,299,6,,2026-06-12 11:47:29,Delivered,2566.1
499,1095,25,3.0,2026-03-01 19:39:51,Delivered,1454.18
500,351,22,,2026-03-20 07:47:16,Delivered,1531.92
501,530,10,,2026-06-08 23:09:51,Delivered,205.28
502,68,16,2.0,2026-06-05 08:43:36,Delivered,2426.96
503,1140,4,,2026-06-01 18:38:05,Delivered,1399.28
504,195,27,,2026-02-18 17:59:27,Delivered,685.28
505,347,6,1.0,2026-03-27 19:49:55,Delivered,4517.4
506,886,22,4.0,2026-05-14 07:12:07,Delivered,1720.36
507,1067,16,5.0,2026-04-02 19:39:27,Delivered,1861.1
508,1181,29,,2026-07-05 11:48:52,Delivered,2072.53
509,314,23,,2026-07-15 14:43:26,Cancelled,603.3
510,565,18,,2026-02-26 10:21:48,Delivered,247.46
511,228,29,,2026-05-02 13:05:55,Delivered,998.76
512,116,13,,2026-06-21 07:52:08,Delivered,3937.53
513,621,12,3.0,2026-04-27 21:13:02,Placed,985.76
514,530,10,,2026-05-04 11:59:39,Delivered,389.17
515,554,4,,2026-04-16 07:50:11,Delivered,2393.33
516,767,6,,2026-06-21 22:56:28,Delivered,1939.06
517,750,16,,2026-05-14 07:06:06,Returned,2592.42
518,309,18,,2026-06-14 22:33:35,Cancelled,520.75
519,175,8,,2026-03-07 09:56:56,Cancelled,2104.37
520,121,6,,2026-03-28 13:11:25,Delivered,1913.3
521,682,6,,2026-03-03 19:59:53,Cancelled,2356.48
522,412,8,2.0,2026-04-19 07:08:46,Delivered,2064.0
523,982,2,,2026-06-17 08:54:52,Delivered,6686.27
524,374,14,,2026-06-03 07:40:56,Delivered,541.39
525,788,16,5.0,2026-06-06 07:47:27,Cancelled,1439.71
526,928,23,3.0,2026-05-27 18:50:05,Cancelled,3301.04
527,228,27,2.0,2026-05-10 16:31:02,Delivered,3022.45
528,467,25,,2026-02-21 11:04:37,Delivered,2341.84
529,694,3,,2026-02-22 11:20:43,Delivered,1988.86
530,834,9,,2026-07-15 22:51:31,Returned,2940.95
531,608,10,2.0,2026-05-11 20:46:28,Returned,4037.86
532,1173,19,,2026-04-20 07:13:02,Delivered,6942.95
533,37,24,,2026-07-18 07:50:05,Delivered,1325.93
534,234,4,,2026-03-09 19:16:16,Delivered,2492.77
535,984,26,,2026-07-20 12:54:58,Delivered,2704.49
536,693,26,,2026-04-14 07:54:36,Returned,1629.02
537,901,11,,2026-06-01 19:51:05,Cancelled,2436.26
538,1047,6,,2026-07-27 16:47:46,Delivered,2273.9
539,679,9,,2026-04-09 21:08:44,Delivered,3458.79
540,1154,13,,2026-03-20 17:12:38,Delivered,1494.69
541,49,6,,2026-02-22 18:42:05,Delivered,6695.38
542,324,12,,2026-03-13 20:58:49,Delivered,442.88
543,223,11,5.0,2026-02-15 09:05:35,Delivered,998.64
544,799,26,3.0,2026-03-17 10:48:44,Delivered,776.8
545,848,3,,2026-04-27 19:41:28,Delivered,2229.72
546,87,8,,2026-06-24 13:46:54,Delivered,1776.18
547,1094,29,,2026-07-28 20:46:24,Cancelled,4995.04
548,812,18,,2026-08-02 10:09:17,Delivered,2381.94
549,690,16,5.0,2026-05-09 14:39:19,Delivered,1021.23
550,850,27,,2026-06-08 07:33:49,Delivered,4551.91
551,1117,9,,2026-05-28 15:45:08,Delivered,1430.51
552,969,28,,2026-03-03 20:57:40,Delivered,152.92
553,175,9,5.0,2026-04-03 11:32:40,Cancelled,3631.24
554,314,22,,2026-05-11 16:15:24,Delivered,2276.21
555,1000,19,4.0,2026-07-30 09:36:39,Delivered,2536.1
556,1179,21,,2026-03-04 23:45:06,Delivered,4602.26
557,667,22,,2026-02-11 13:36:01,Delivered,739.75
558,1103,19,,2026-02-27 08:31:01,Returned,2446.55
559,898,8,,2026-05-12 11:33:41,Delivered,1982.7
560,250,28,3.0,2026-04-25 07:12:01,Delivered,3065.71
561,656,4,1.0,2026-07-22 22:27:43,Delivered,803.09
562,302,25,,2026-03-04 16:47:43,Delivered,1729.52
563,435,9,4.0,2026-07-19 17:58:49,Delivered,982.19
564,645,17,,2026-03-07 18:46:07,Delivered,1810.75
565,1012,17,4.0,2026-07-06 20:12:26,Delivered,1611.02
566,1067,14,,2026-03-09 08:33:04,Delivered,1413.18
567,11,3,,2026-03-30 13:02:21,Delivered,5423.05
568,296,12,,2026-06-23 08:12:24,Delivered,2928.73
569,359,17,3.0,2026-06-01 17:57:34,Cancelled,3040.76
570,1094,29,,2026-04-22 08:11:58,Delivered,1178.15
571,675,2,,2026-02-09 19:30:49,Delivered,1592.61
572,847,17,,2026-04-14 09:10:41,Placed,1814.37
573,795,14,,2026-05-20 13:25:37,Cancelled,2570.88
574,35,12,,2026-08-04 09:35:49,Delivered,3037.42
575,366,17,,2026-03-01 13:06:21,Delivered,1705.5
576,872,13,,2026-06-08 12:40:31,Delivered,1368.36
577,81,24,,2026-08-04 16:56:36,Delivered,1103.42
578,547,13,,2026-02-17 16:31:59,Delivered,3745.06
579,943,26,5.0,2026-06-26 10:51:51,Cancelled,3397.69
580,835,17,,2026-02-28 18:28:09,Delivered,1621.71
581,77,24,,2026-06-20 16:56:58,Delivered,3625.83
582,1167,13,,2026-05-06 23:09:28,Delivered,2350.37
583,114,15,,2026-07-19 13:31:29,Delivered,1154.04
584,1,10,2.0,2026-02-15 14:29:04,Delivered,3294.82
585,586,11,,2026-07-30 07:54:06,Delivered,1978.54
586,1107,4,,2026-06-13 17:51:48,Delivered,1422.68
587,1130,26,,2026-07-30 07:04:36,Delivered,2562.14
588,1121,15,5.0,2026-07-02 16:08:55,Delivered,254.41
589,108,16,,2026-04-29 22:30:26,Cancelled,4118.84
590,445,8,,2026-06-17 20:40:19,Delivered,4912.33
591,347,6,3.0,2026-07-24 07:02:45,Cancelled,434.03
592,1049,3,5.0,2026-03-15 23:46:06,Delivered,646.08
593,280,6,,2026-04-11 21:54:31,Delivered,1013.24
594,545,6,,2026-05-13 11:50:44,Delivered,4481.85
595,618,22,,2026-07-16 14:14:25,Returned,529.8
596,530,11,4.0,2026-05-06 13:57:07,Delivered,3775.32
597,1132,21,,2026-05-02 14:57:02,Delivered,2790.01
598,893,9,,2026-06-25 21:32:29,Delivered,3674.32
599,711,6,,2026-07-27 22:55:44,Delivered,2480.73
600,1113,6,,2026-02-05 15:03:50,Delivered,3248.42
601,274,19,,2026-02-26 10:32:54,Delivered,679.54
602,288,25,,2026-07-17 14:33:09,Delivered,2221.84
603,398,16,,2026-08-01 10:56:17,Delivered,3520.47
604,641,19,,2026-05-14 18:03:12,Delivered,1013.19
605,301,17,,2026-03-13 14:07:42,Delivered,3748.27
606,1081,12,2.0,2026-05-13 15:33:34,Cancelled,1009.57
607,571,15,,2026-06-18 15:37:25,Delivered,2970.28
608,680,18,,2026-02-09 23:22:53,Delivered,4375.9
609,986,16,,2026-05-07 17:09:33,Delivered,3108.9
610,1127,10,,2026-07-10 10:14:29,Delivered,793.9
611,523,6,2.0,2026-04-21 11:51:47,Delivered,1596.01
612,149,3,,2026-03-18 15:17:27,Cancelled,503.04
613,339,10,,2026-08-03 18:37:33,Placed,513.52
614,459,24,3.0,2026-06-18 20:13:50,Delivered,3889.0
615,667,21,5.0,2026-07-17 20:44:57,Delivered,2068.45
616,612,17,,2026-04-09 09:06:24,Delivered,4112.5
617,175,8,1.0,2026-07-08 07:09:38,Delivered,1387.49
618,106,19,,2026-03-04 20:39:11,Delivered,1007.32
619,38,2,,2026-06-11 10:57:25,Delivered,980.58
620,314,23,5.0,2026-06-06 11:49:14,Delivered,2121.96
621,619,6,,2026-03-31 13:00:34,Delivered,1599.69
622,28,27,3.0,2026-02-15 09:50:06,Delivered,1000.86
623,534,8,,2026-07-15 18:49:27,Delivered,3705.29
624,980,26,,2026-02-11 12:54:28,Delivered,1534.44
625,1013,16,1.0,2026-04-16 23:45:03,Delivered,476.68
626,656,4,,2026-03-05 21:26:18,Delivered,1020.45
627,660,13,,2026-06-06 09:26:21,Placed,2027.77
628,1127,11,,2026-04-07 07:21:15,Delivered,430.76
629,809,12,3.0,2026-02-27 20:17:40,Delivered,2978.64
630,363,26,,2026-02-11 23:30:30,Delivered,2720.27
631,491,25,,2026-06-12 20:37:09,Delivered,5927.52
632,1191,27,1.0,2026-06-16 13:46:40,Delivered,1606.16
633,410,6,4.0,2026-04-26 18:17:31,Delivered,1030.66
634,576,10,1.0,2026-05-31 22:29:09,Delivered,743.63
635,150,18,,2026-04-21 08:45:13,Delivered,1293.44
636,767,6,,2026-05-21 13:25:32,Cancelled,3456.61
637,68,14,3.0,2026-07-24 08:30:57,Delivered,2475.05
638,505,4,,2026-05-08 16:25:10,Delivered,1576.92
639,14,4,,2026-02-16 13:20:19,Delivered,2685.84
640,348,4,,2026-07-09 17:47:43,Delivered,411.95
641,508,6,,2026-05-22 14:23:54,Delivered,2527.08
642,191,6,,2026-07-20 19:16:10,Delivered,43.41
643,929,17,2.0,2026-04-30 15:13:12,Delivered,2898.29
644,232,14,,2026-04-07 13:05:57,Delivered,1157.68
645,131,30,,2026-05-23 11:51:14,Delivered,5916.65
646,133,10,,2026-04-16 10:33:58,Delivered,3026.93
647,134,25,,2026-02-17 16:21:41,Delivered,151.58
648,204,24,5.0,2026-05-11 17:57:08,Delivered,2467.53
649,699,10,,2026-03-06 20:38:32,Delivered,397.88
650,237,21,,2026-02-13 15:05:37,Delivered,310.02
651,414,28,,2026-02-18 20:33:18,Delivered,912.16
652,903,12,,2026-05-02 13:55:04,Returned,3595.38
653,902,12,,2026-06-30 20:08:18,Delivered,268.64
654,14,3,4.0,2026-03-11 11:54:33,Delivered,1246.39
655,295,25,,2026-05-27 17:08:04,Delivered,1084.51
656,396,16,,2026-04-19 20:46:06,Delivered,6025.73
657,188,3,,2026-04-05 08:48:17,Delivered,3015.82
658,522,9,4.0,2026-05-10 15:47:00,Delivered,1353.48
659,481,27,1.0,2026-06-13 07:38:36,Delivered,4280.44
660,554,2,,2026-05-31 07:27:36,Delivered,2097.6
661,1031,10,3.0,2026-04-08 09:15:14,Delivered,805.92
662,612,18,1.0,2026-04-14 13:44:00,Delivered,2987.51
663,469,4,,2026-06-09 16:38:37,Delivered,383.07
664,852,8,,2026-06-16 08:40:52,Cancelled,619.14
665,630,19,,2026-04-25 09:33:06,Placed,6489.39
666,1165,11,,2026-05-19 12:09:48,Delivered,141.37
667,276,8,,2026-03-01 13:44:28,Cancelled,3677.36
668,721,12,1.0,2026-03-16 16:47:16,Delivered,507.38
669,849,30,,2026-03-16 09:18:51,Cancelled,3428.93
670,76,9,,2026-07-20 10:33:51,Delivered,4052.21
671,721,13,,2026-05-07 13:47:41,Delivered,2690.76
672,445,8,,2026-03-13 08:30:49,Delivered,2554.2
673,889,30,,2026-07-20 22:45:14,Delivered,1794.68
674,1180,28,,2026-04-13 19:23:12,Delivered,3589.63
675,392,30,,2026-04-09 07:58:32,Delivered,3617.78
676,203,8,1.0,2026-03-29 15:29:05,Delivered,3358.01
677,194,24,,2026-04-06 13:40:35,Delivered,2312.86
678,501,14,,2026-04-30 14:37:42,Cancelled,3614.33
679,973,9,,2026-05-25 10:03:44,Cancelled,2519.84
680,105,16,2.0,2026-06-18 07:46:59,Delivered,2363.09
681,822,12,,2026-06-09 18:53:29,Delivered,2878.92
682,876,12,,2026-03-06 22:32:03,Cancelled,1940.4
683,810,6,,2026-02-26 15:32:41,Delivered,5772.77
684,654,15,,2026-02-17 14:59:45,Delivered,1401.36
685,245,18,,2026-03-19 19:50:56,Delivered,5180.74
686,658,12,1.0,2026-02-24 17:55:51,Delivered,493.0
687,976,10,,2026-04-29 18:19:59,Delivered,4280.59
688,880,8,2.0,2026-06-03 22:40:39,Cancelled,2524.47
689,928,22,,2026-06-07 23:09:08,Returned,428.58
690,285,15,3.0,2026-02-21 21:44:09,Returned,2075.38
691,396,15,3.0,2026-05-10 21:22:56,Delivered,3341.38
692,312,12,1.0,2026-03-19 13:58:49,Cancelled,2651.1
693,53,6,,2026-07-13 08:29:17,Delivered,1173.23
694,491,26,,2026-07-12 13:33:57,Cancelled,2852.09
695,307,29,1.0,2026-03-26 10:35:39,Delivered,109.6
696,615,18,,2026-07-10 11:26:18,Cancelled,2080.27
697,880,8,,2026-07-03 19:53:02,Delivered,5181.66
698,872,12,,2026-05-09 18:11:53,Delivered,1827.32
699,925,3,1.0,2026-07-10 16:25:48,Delivered,2419.13
700,172,11,5.0,2026-05-11 12:11:29,Delivered,1314.66
701,828,9,,2026-02-25 07:55:26,Delivered,347.53
702,300,13,,2026-04-14 08:08:24,Delivered,3771.07
703,580,23,,2026-06-02 17:01:00,Delivered,1172.62
704,600,17,,2026-02-10 21:48:31,Delivered,3957.5
705,757,15,,2026-02-09 22:16:33,Delivered,2375.38
706,264,6,1.0,2026-04-15 09:01:53,Delivered,3486.83
707,1090,26,,2026-03-04 13:32:14,Returned,1886.39
708,510,24,,2026-06-30 17:02:01,Delivered,1374.52
709,24,22,,2026-05-31 18:33:49,Delivered,2407.95
710,1180,28,,2026-06-04 10:45:50,Delivered,1692.51
711,512,26,,2026-05-31 22:59:11,Cancelled,3578.44
712,580,23,,2026-03-05 15:30:14,Cancelled,5449.67
713,174,21,1.0,2026-04-22 11:13:37,Delivered,1911.08
714,675,2,,2026-05-02 12:06:51,Delivered,1011.44
715,278,11,2.0,2026-06-18 20:51:51,Delivered,2297.37
716,954,13,3.0,2026-03-04 21:34:01,Delivered,1007.71
717,634,21,2.0,2026-06-29 09:06:56,Delivered,3649.05
718,224,6,,2026-02-16 17:26:17,Returned,5011.68
719,984,26,,2026-05-03 15:35:59,Delivered,1374.1
720,765,29,1.0,2026-03-25 23:03:50,Placed,3832.93
721,648,26,,2026-06-28 23:09:48,Delivered,3410.28
722,1189,6,4.0,2026-06-04 20:34:09,Delivered,3821.99
723,725,25,,2026-07-30 16:04:54,Cancelled,3844.19
724,1141,6,,2026-03-29 16:50:59,Delivered,3324.64
725,291,8,1.0,2026-05-15 18:35:40,Delivered,474.71
726,684,11,,2026-07-27 18:35:39,Delivered,3462.82
727,412,8,,2026-03-11 16:08:50,Delivered,5110.17
728,501,16,,2026-02-05 22:52:40,Delivered,1116.16
729,792,23,,2026-07-03 18:41:47,Delivered,1283.63
730,1138,3,3.0,2026-03-04 16:57:56,Delivered,2503.66
731,184,11,,2026-07-17 08:17:38,Delivered,3644.44
732,369,11,,2026-05-14 09:52:45,Delivered,3342.92
733,595,27,,2026-03-21 15:41:05,Delivered,1335.1
734,1095,26,,2026-03-03 21:58:27,Delivered,2815.01
735,629,30,,2026-04-12 22:21:27,Delivered,2128.64
736,507,27,,2026-03-10 22:54:25,Delivered,3552.93
737,684,10,3.0,2026-07-07 14:02:00,Delivered,920.51
738,809,13,,2026-07-30 23:47:29,Delivered,1076.78
739,685,8,,2026-05-10 10:00:27,Delivered,1418.68
740,1046,12,,2026-04-24 20:57:27,Delivered,1088.55
741,395,10,,2026-03-08 22:14:24,Delivered,4146.27
742,592,6,,2026-02-16 09:22:44,Cancelled,4597.87
743,1151,24,,2026-07-14 18:57:06,Delivered,342.09
744,699,11,,2026-05-27 21:24:50,Delivered,617.87
745,429,22,3.0,2026-06-10 22:08:01,Delivered,97.42
746,244,29,,2026-06-10 20:58:40,Delivered,532.16
747,244,27,,2026-07-15 12:20:25,Cancelled,1711.96
748,14,3,1.0,2026-03-30 14:36:24,Returned,2582.81
749,199,12,5.0,2026-02-13 08:42:54,Delivered,195.03
750,1077,17,,2026-07-07 23:06:36,Delivered,2234.0
751,774,14,,2026-06-12 21:25:55,Cancelled,4203.1
752,819,10,,2026-08-02 12:19:19,Delivered,2129.7
753,1034,10,,2026-06-18 08:07:31,Delivered,2236.84
754,553,18,,2026-07-11 13:05:52,Cancelled,3979.49
755,183,10,,2026-05-22 10:18:21,Delivered,3212.16
756,384,28,1.0,2026-05-28 08:26:12,Delivered,1072.26
757,854,6,,2026-03-23 17:36:04,Delivered,5945.9
758,859,27,,2026-06-08 07:28:06,Delivered,362.85
759,1169,10,,2026-05-22 17:16:27,Delivered,2515.89
760,364,22,,2026-07-21 23:12:06,Delivered,3207.43
761,992,8,1.0,2026-05-01 22:26:56,Delivered,1152.72
762,68,15,,2026-02-17 15:51:51,Delivered,2809.05
763,599,9,1.0,2026-03-01 17:38:25,Delivered,5028.25
764,458,30,,2026-06-25 11:23:00,Delivered,565.48
765,294,11,,2026-04-24 10:48:11,Returned,2219.49
766,942,28,,2026-06-04 19:48:29,Delivered,2104.44
767,7,15,,2026-07-07 12:37:24,Delivered,2419.61
768,222,16,,2026-04-26 16:19:22,Placed,377.28
769,976,11,5.0,2026-04-07 13:17:49,Delivered,5668.37
770,257,22,,2026-06-01 13:08:10,Delivered,1358.97
771,895,24,3.0,2026-03-01 22:19:56,Delivered,887.38
772,778,23,,2026-04-18 07:25:47,Delivered,2494.74
773,187,10,,2026-06-20 10:20:02,Delivered,6546.76
774,173,21,4.0,2026-04-30 19:50:54,Delivered,2949.47
775,1014,26,,2026-04-14 08:22:32,Delivered,1057.05
776,417,4,,2026-07-30 17:33:53,Delivered,2612.84
777,560,23,,2026-05-28 15:53:53,Delivered,5120.9
778,791,25,,2026-03-11 22:48:44,Cancelled,6785.55
779,908,24,3.0,2026-07-23 18:34:46,Delivered,736.32
780,243,19,,2026-07-14 21:03:47,Delivered,4600.62
781,574,11,,2026-06-07 17:01:58,Delivered,3937.59
782,1182,4,,2026-07-26 09:42:43,Delivered,5479.83
783,355,8,4.0,2026-07-15 13:31:29,Delivered,1993.94
784,381,2,,2026-04-02 16:17:43,Delivered,3634.85
785,1185,23,,2026-02-17 22:48:15,Delivered,594.04
786,397,11,,2026-04-25 19:32:00,Cancelled,258.45
787,116,13,,2026-08-02 14:21:25,Delivered,2501.79
788,1072,19,5.0,2026-06-09 16:14:10,Cancelled,4017.59
789,847,19,,2026-05-24 22:28:54,Cancelled,2072.7
790,887,21,,2026-05-07 14:53:52,Delivered,1042.86
791,1081,13,2.0,2026-04-26 21:34:23,Delivered,242.86
792,390,10,3.0,2026-05-06 17:33:41,Delivered,2317.73
793,1178,9,,2026-07-02 14:09:43,Delivered,2072.03
794,339,10,,2026-04-21 12:59:25,Cancelled,2562.01
795,682,6,,2026-05-13 14:04:12,Delivered,2588.57
796,231,22,,2026-05-09 18:24:09,Cancelled,5828.47
797,521,18,3.0,2026-03-18 17:57:43,Delivered,632.0
798,586,11,,2026-03-09 09:22:32,Delivered,4970.24
799,362,8,,2026-07-31 12:09:57,Delivered,2362.94
800,144,29,2.0,2026-06-23 16:44:50,Cancelled,1237.19
801,179,10,,2026-02-25 17:11:25,Delivered,2443.52
802,189,28,,2026-04-22 23:58:22,Cancelled,2767.85
803,878,3,,2026-05-23 23:54:15,Delivered,3186.32
804,265,16,,2026-03-15 17:39:43,Delivered,621.54
805,715,3,,2026-05-28 10:02:00,Delivered,3374.86
806,131,27,,2026-07-04 15:43:11,Cancelled,1773.92
807,361,24,,2026-05-26 19:55:41,Cancelled,4498.75
808,1145,18,,2026-06-07 09:56:22,Delivered,5845.31
809,353,8,,2026-04-08 19:43:11,Delivered,1631.32
810,1005,10,,2026-02-24 12:44:16,Delivered,1453.04
811,726,16,,2026-07-23 11:10:32,Delivered,2149.54
812,655,24,,2026-06-03 10:24:19,Delivered,4742.7
813,1092,6,,2026-07-24 16:49:45,Delivered,1482.99
814,472,11,5.0,2026-03-07 09:22:16,Cancelled,3145.93
815,254,14,,2026-04-21 21:19:08,Delivered,90.44
816,752,9,,2026-03-23 21:53:57,Delivered,2556.79
817,226,14,,2026-03-15 13:36:18,Cancelled,19.48
818,76,9,,2026-02-14 16:23:05,Cancelled,4183.35
819,636,29,2.0,2026-06-10 14:46:03,Delivered,2970.88
820,709,6,,2026-02-10 18:24:03,Delivered,1763.7
821,657,12,,2026-05-31 09:47:03,Cancelled,827.76
822,482,28,,2026-04-24 18:52:05,Delivered,1164.72
823,36,13,,2026-02-24 10:46:20,Delivered,1722.88
824,618,22,,2026-05-27 21:44:18,Delivered,1373.67
825,181,23,,2026-05-05 21:18:56,Delivered,1802.54
826,366,18,,2026-06-15 09:14:56,Returned,3903.7
827,533,6,,2026-06-05 14:23:19,Delivered,836.32
828,502,9,4.0,2026-04-03 18:48:52,Delivered,1854.4
829,1120,19,3.0,2026-03-12 10:31:26,Delivered,2725.61
830,1029,19,,2026-03-18 19:39:03,Delivered,6157.01
831,791,26,,2026-04-25 22:19:11,Cancelled,1486.47
832,898,8,,2026-04-14 11:05:32,Delivered,4049.78
833,1075,26,2.0,2026-07-16 08:38:00,Delivered,946.09
834,286,11,,2026-07-29 19:50:16,Delivered,3716.14
835,905,29,,2026-06-14 23:19:19,Delivered,2136.59
836,798,10,3.0,2026-04-13 19:08:25,Delivered,561.28
837,330,13,,2026-06-19 16:06:37,Returned,4130.33
838,337,30,1.0,2026-04-23 23:26:28,Delivered,1926.16
839,1124,22,1.0,2026-05-17 11:51:31,Returned,2138.76
840,940,17,1.0,2026-08-04 08:14:12,Delivered,495.48
841,594,10,,2026-06-07 18:14:21,Delivered,5759.47
842,776,14,,2026-07-22 22:57:12,Delivered,2129.89
843,782,12,,2026-03-31 21:22:32,Delivered,1959.84
844,204,24,,2026-05-20 11:30:29,Cancelled,3579.43
845,1121,15,3.0,2026-03-03 23:54:52,Delivered,202.84
846,108,16,,2026-04-22 14:43:44,Delivered,541.36
847,467,25,3.0,2026-03-20 22:09:46,Delivered,3970.66
848,655,26,,2026-06-10 23:07:20,Delivered,889.97
849,1006,28,,2026-05-28 08:00:34,Delivered,1896.65
850,736,14,,2026-07-05 19:59:03,Delivered,3026.89
851,546,14,,2026-07-09 22:36:11,Delivered,589.84
852,802,11,,2026-03-03 21:15:58,Delivered,2250.87
853,1003,13,,2026-05-26 15:42:15,Delivered,3586.81
854,734,13,,2026-07-01 17:39:16,Delivered,1742.52
855,362,9,,2026-03-24 07:02:03,Delivered,250.55
856,53,6,,2026-03-11 22:30:22,Delivered,2759.77
857,664,18,4.0,2026-06-05 07:42:55,Delivered,1833.03
858,1108,12,,2026-03-17 17:47:05,Delivered,2775.67
859,115,21,,2026-07-03 21:52:59,Delivered,2743.68
860,983,28,,2026-07-23 07:33:54,Delivered,4021.04
861,1019,8,,2026-07-11 08:22:03,Delivered,725.12
862,361,25,,2026-07-12 12:47:07,Delivered,657.6
863,1045,29,4.0,2026-03-01 07:09:31,Delivered,1302.03
864,566,6,,2026-06-03 18:49:40,Cancelled,3323.64
865,219,3,,2026-06-03 16:58:37,Delivered,475.91
866,491,25,,2026-03-02 09:21:35,Delivered,2941.03
867,950,2,,2026-04-20 18:12:01,Delivered,3598.95
868,139,13,,2026-06-09 10:08:35,Delivered,5411.34
869,269,27,,2026-08-02 19:40:29,Delivered,3187.66
870,147,17,4.0,2026-03-09 22:03:48,Delivered,2277.87
871,208,24,5.0,2026-08-01 10:59:56,Delivered,1932.84
872,974,23,,2026-03-15 07:02:32,Delivered,1673.72
873,760,23,,2026-02-11 19:42:57,Delivered,3846.69
874,636,27,5.0,2026-05-03 10:13:39,Delivered,1609.87
875,816,6,4.0,2026-06-28 18:44:15,Returned,891.09
876,125,9,,2026-03-06 22:53:33,Returned,1431.26
877,10,11,,2026-07-09 14:46:33,Delivered,287.23
878,394,17,,2026-05-03 18:29:40,Delivered,3828.39
879,573,4,,2026-03-05 17:49:55,Delivered,1519.75
880,752,9,,2026-04-30 08:20:04,Delivered,2117.24
881,586,11,,2026-05-21 08:37:19,Cancelled,4152.77
882,171,6,,2026-04-03 08:55:10,Delivered,1885.87
883,715,4,,2026-04-25 13:23:13,Delivered,5696.43
884,69,6,,2026-05-27 10:06:54,Delivered,905.09
885,294,11,,2026-07-14 22:58:04,Delivered,2374.98
886,636,30,,2026-02-23 23:28:09,Delivered,435.88
887,827,23,,2026-07-27 09:46:34,Delivered,4007.16
888,229,3,,2026-04-17 20:31:42,Placed,2615.81
889,776,14,,2026-04-30 15:21:52,Delivered,2787.51
890,56,2,,2026-05-27 15:27:04,Delivered,2098.28
891,552,3,,2026-08-04 22:07:12,Delivered,2580.62
892,1150,8,,2026-05-10 10:08:52,Delivered,4010.46
893,365,9,,2026-02-13 14:31:15,Delivered,3238.83
894,590,9,,2026-04-29 10:27:41,Returned,2381.22
895,954,12,1.0,2026-06-12 11:05:37,Delivered,2092.52
896,423,2,,2026-08-01 20:17:02,Delivered,4200.1
897,1058,22,,2026-04-11 18:01:51,Delivered,45.22
898,915,18,,2026-02-09 07:27:38,Delivered,645.98
899,81,25,,2026-07-03 17:12:18,Delivered,5024.8
900,658,12,5.0,2026-06-28 23:29:10,Delivered,1048.74
901,172,10,,2026-06-27 14:06:08,Delivered,2027.22
902,197,8,,2026-02-22 15:59:53,Delivered,886.5
903,10,11,,2026-06-23 15:42:54,Delivered,2621.93
904,1013,14,,2026-07-23 07:35:34,Returned,1581.08
905,1182,2,,2026-02-25 20:02:57,Delivered,1508.24
906,711,6,,2026-08-01 10:18:27,Delivered,1532.12
907,1027,6,,2026-04-16 13:15:08,Delivered,342.09
908,326,29,,2026-07-23 17:34:38,Delivered,2666.66
909,343,17,,2026-07-09 14:39:41,Delivered,1211.16
910,237,21,,2026-03-22 21:24:31,Delivered,220.8
911,301,17,,2026-02-08 20:19:15,Placed,3781.95
912,915,17,3.0,2026-05-05 12:10:34,Delivered,3422.9
913,450,12,,2026-04-26 23:55:25,Delivered,3352.07
914,958,6,,2026-06-25 15:31:33,Delivered,265.93
915,1107,2,,2026-02-28 22:02:45,Delivered,1923.2
916,1105,6,,2026-02-20 14:51:52,Delivered,4119.11
917,782,12,,2026-05-24 23:17:51,Delivered,1508.24
918,992,8,,2026-05-08 21:41:13,Delivered,6188.87
919,717,6,2.0,2026-05-29 18:19:33,Delivered,2549.82
920,179,11,,2026-03-31 21:58:07,Delivered,3841.21
921,657,12,,2026-04-05 16:00:48,Delivered,1818.72
922,1185,21,,2026-03-13 09:00:57,Delivered,2949.95
923,241,11,,2026-07-31 13:52:45,Delivered,3311.48
924,1123,6,,2026-05-01 09:24:53,Cancelled,2493.8
925,636,27,,2026-05-28 08:48:31,Delivered,533.96
926,28,27,,2026-04-04 15:20:15,Delivered,3024.86
927,100,8,,2026-06-15 15:11:38,Delivered,1712.49
928,1046,13,,2026-02-14 15:38:15,Delivered,1347.72
929,719,3,2.0,2026-06-11 07:36:20,Cancelled,484.33
930,645,18,,2026-04-22 23:38:59,Delivered,2731.02
931,871,12,,2026-03-24 09:59:42,Cancelled,752.72
932,492,27,,2026-04-22 13:56:50,Cancelled,377.06
933,637,24,4.0,2026-04-19 17:13:06,Delivered,972.94
934,419,12,,2026-03-23 20:43:14,Delivered,5182.61
935,635,22,1.0,2026-08-04 18:08:01,Returned,4182.56
936,185,12,4.0,2026-05-26 13:22:31,Delivered,1929.86
937,64,16,,2026-04-02 22:22:51,Delivered,1516.26
938,28,27,,2026-03-17 18:37:11,Delivered,330.8
939,994,17,,2026-07-05 15:47:20,Delivered,273.76
940,317,10,2.0,2026-02-07 19:04:02,Delivered,423.87
941,321,19,,2026-03-27 10:35:18,Delivered,1944.7
942,41,21,,2026-04-03 20:57:27,Delivered,1641.6
943,713,18,,2026-06-01 17:12:11,Delivered,1806.88
944,213,11,,2026-03-22 10:27:23,Delivered,821.34
945,75,26,1.0,2026-03-04 17:28:28,Delivered,2755.57
946,1181,30,,2026-06-25 07:38:41,Delivered,2312.38
947,114,14,,2026-06-14 13:10:14,Delivered,1885.52
948,443,15,2.0,2026-02-10 08:30:15,Delivered,3305.29
949,12,6,4.0,2026-06-11 17:39:49,Delivered,3930.4
950,93,11,,2026-03-21 15:23:43,Delivered,2929.64
951,914,19,1.0,2026-04-14 17:18:33,Delivered,2634.01
952,222,16,,2026-05-11 17:56:26,Placed,769.28
953,618,22,,2026-05-02 14:39:39,Cancelled,1847.39
954,523,6,,2026-04-15 14:53:43,Delivered,1721.3
955,872,12,,2026-04-08 17:25:12,Returned,4781.79
956,1146,13,,2026-04-27 14:23:27,Delivered,2135.9
957,1165,11,,2026-03-25 20:40:22,Delivered,3900.39
958,906,16,,2026-04-22 07:12:17,Delivered,3143.58
959,113,4,5.0,2026-06-13 10:29:07,Delivered,2360.79
960,890,25,,2026-05-30 14:35:23,Delivered,3988.7
961,398,15,1.0,2026-03-27 16:50:16,Delivered,1448.25
962,104,8,,2026-07-13 22:03:50,Delivered,3850.02
963,366,19,,2026-06-11 20:24:20,Delivered,908.37
964,414,27,2.0,2026-03-24 08:26:26,Delivered,2108.64
965,634,22,,2026-04-03 13:24:23,Delivered,959.93
966,343,18,,2026-07-31 07:44:32,Delivered,2757.69
967,1130,26,2.0,2026-02-26 11:13:04,Delivered,2506.11
968,327,17,,2026-06-11 23:58:15,Delivered,1337.04
969,1149,26,,2026-05-13 16:42:01,Delivered,2271.92
970,71,10,,2026-04-05 19:03:36,Delivered,2755.22
971,798,11,1.0,2026-07-03 11:25:51,Delivered,5934.82
972,61,13,,2026-05-14 07:11:59,Delivered,3766.07
973,45,13,,2026-04-17 12:43:47,Cancelled,81.41
974,355,8,,2026-02-10 20:01:58,Delivered,2862.97
975,850,28,1.0,2026-05-27 11:29:50,Delivered,2585.79
976,365,8,,2026-06-10 10:19:58,Delivered,4912.11
977,723,17,4.0,2026-05-11 23:46:41,Delivered,340.34
978,373,23,4.0,2026-05-19 19:51:43,Delivered,1649.79
979,497,6,,2026-07-14 15:40:09,Delivered,1232.01
980,1053,6,,2026-06-07 11:43:14,Delivered,4377.2
981,68,16,,2026-04-14 11:30:41,Cancelled,2848.14
982,94,2,4.0,2026-05-21 11:55:20,Delivered,3893.04
983,665,30,4.0,2026-02-14 18:12:19,Delivered,1832.35
984,159,4,,2026-05-02 23:07:53,Delivered,974.54
985,814,13,,2026-05-04 20:22:20,Cancelled,1239.29
986,804,8,4.0,2026-06-06 19:14:50,Delivered,2801.37
987,999,8,,2026-07-22 13:25:04,Delivered,5478.75
988,180,22,,2026-05-31 10:15:25,Delivered,3475.16
989,618,23,,2026-07-04 11:27:11,Delivered,5928.88
990,388,13,,2026-07-11 21:47:46,Delivered,868.46
991,125,9,4.0,2026-02-25 08:23:08,Delivered,377.77
992,93,10,,2026-06-29 08:23:13,Delivered,1160.22
993,733,9,,2026-06-17 17:16:09,Placed,2288.91
994,782,12,2.0,2026-04-22 18:55:58,Delivered,2866.91
995,780,9,,2026-04-22 15:05:34,Delivered,3718.11
996,368,3,,2026-05-08 17:43:55,Delivered,3004.13
997,128,10,,2026-07-07 22:47:43,Delivered,2291.06
998,683,12,,2026-07-17 16:05:33,Delivered,4004.87
999,535,25,,2026-06-13 08:02:22,Delivered,3093.42
1000,536,4,,2026-05-12 14:30:17,Delivered,575.26
1001,48,3,,2026-07-23 12:14:46,Cancelled,2395.85
1002,100,9,,2026-02-15 07:55:32,Delivered,4096.08
1003,926,29,,2026-04-17 11:37:28,Delivered,3921.48
1004,314,23,,2026-06-01 20:12:30,Delivered,5177.62
1005,567,8,,2026-05-24 11:00:54,Cancelled,3041.92
1006,667,22,,2026-06-10 22:41:01,Delivered,86.76
1007,459,25,,2026-06-07 14:51:42,Delivered,861.52
1008,967,11,5.0,2026-06-16 10:36:04,Returned,174.48
1009,821,4,,2026-04-28 09:59:23,Delivered,5657.01
1010,815,10,,2026-07-13 10:53:50,Delivered,4314.46
1011,392,27,,2026-02-10 13:13:23,Delivered,4046.52
1012,387,6,,2026-06-24 19:28:32,Delivered,1379.58
1013,756,24,,2026-03-15 14:16:53,Returned,2216.2
1014,925,3,,2026-03-09 08:27:48,Delivered,3613.79
1015,337,28,,2026-05-08 21:55:51,Delivered,1308.54
1016,1040,28,,2026-04-29 20:43:49,Delivered,2131.55
1017,695,4,,2026-03-19 08:13:51,Delivered,3999.02
1018,985,3,,2026-07-05 09:05:08,Delivered,669.99
1019,847,19,,2026-05-30 14:26:52,Delivered,2370.29
1020,649,4,,2026-06-14 23:59:47,Delivered,322.27
1021,939,12,,2026-04-04 13:40:52,Delivered,615.75
1022,188,2,,2026-04-11 18:18:53,Delivered,6287.82
1023,530,10,,2026-06-20 12:41:29,Delivered,725.6
1024,380,11,,2026-02-26 08:04:27,Delivered,1851.49
1025,646,14,,2026-06-05 20:43:18,Delivered,3728.29
1026,622,3,,2026-06-28 15:14:41,Delivered,2779.8
1027,846,6,,2026-05-30 10:01:06,Delivered,3033.45
1028,375,30,,2026-05-20 09:42:23,Cancelled,2239.82
1029,420,6,,2026-04-17 14:01:22,Delivered,4255.25
1030,12,6,5.0,2026-05-26 18:52:19,Delivered,2259.73
1031,813,13,1.0,2026-03-23 10:27:58,Delivered,1091.39
1032,523,6,,2026-02-11 11:53:06,Delivered,5449.74
1033,812,17,,2026-02-14 09:09:23,Delivered,3118.06
1034,398,16,,2026-02-20 14:46:23,Delivered,232.01
1035,315,18,,2026-05-20 15:05:18,Delivered,2616.8
1036,745,9,,2026-03-22 20:18:14,Delivered,1987.24
1037,1010,30,,2026-06-29 18:50:35,Delivered,2497.34
1038,109,2,,2026-06-19 07:52:08,Placed,1201.96
1039,1178,8,1.0,2026-07-28 22:13:06,Delivered,781.61
1040,288,25,5.0,2026-03-13 14:45:21,Placed,1552.39
1041,888,16,,2026-03-08 11:21:14,Cancelled,1634.54
1042,664,18,,2026-05-15 18:06:24,Delivered,1480.4
1043,679,9,3.0,2026-06-21 07:54:26,Delivered,2416.62
1044,442,16,,2026-04-30 19:18:56,Delivered,1979.0
1045,871,12,,2026-02-21 12:21:55,Delivered,6362.24
1046,238,3,,2026-03-05 21:06:47,Returned,2359.68
1047,245,19,,2026-03-11 21:17:29,Returned,2078.56
1048,1181,30,,2026-03-26 07:20:05,Delivered,4587.5
1049,693,25,,2026-07-16 23:42:02,Delivered,3443.43
1050,967,10,4.0,2026-06-13 16:58:19,Delivered,456.04
1051,540,22,,2026-06-19 17:33:00,Delivered,5480.44
1052,413,14,1.0,2026-05-24 17:34:36,Delivered,3334.26
1053,686,18,,2026-04-22 09:31:45,Delivered,5312.77
1054,346,6,,2026-04-29 08:54:39,Returned,3532.9
1055,365,8,4.0,2026-05-16 21:26:50,Delivered,1665.11
1056,1027,6,1.0,2026-05-11 21:33:09,Delivered,2939.78
1057,231,22,,2026-05-23 17:23:00,Delivered,4863.58
1058,919,10,,2026-03-19 18:47:33,Delivered,2828.2
1059,1105,6,,2026-06-19 15:46:10,Delivered,2580.36
1060,208,24,,2026-04-14 12:18:32,Delivered,4331.45
1061,839,10,,2026-07-07 13:10:06,Delivered,1820.13
1062,1104,6,1.0,2026-03-26 10:08:10,Delivered,1302.91
1063,413,15,,2026-03-23 12:00:30,Cancelled,2421.65
1064,962,4,,2026-06-22 17:51:58,Delivered,238.95
1065,458,28,,2026-06-10 16:53:39,Delivered,765.67
1066,571,15,3.0,2026-06-23 23:27:35,Delivered,2000.16
1067,386,12,,2026-06-08 21:26:17,Delivered,5664.14
1068,410,6,,2026-03-19 15:42:09,Cancelled,1841.54
1069,1070,4,,2026-03-03 10:29:54,Delivered,3115.08
1070,311,17,5.0,2026-07-31 10:15:25,Delivered,486.51
1071,169,28,,2026-02-27 07:31:42,Delivered,298.84
1072,130,9,,2026-06-17 11:03:04,Delivered,2351.79
1073,463,14,,2026-04-01 13:06:43,Delivered,1401.36
1074,98,17,,2026-02-23 15:37:43,Cancelled,2573.67
1075,685,8,,2026-07-17 21:51:42,Cancelled,6557.83
1076,1200,2,,2026-05-21 19:41:15,Delivered,587.0
1077,506,9,,2026-05-13 14:15:38,Cancelled,1533.72
1078,263,9,,2026-04-27 22:33:05,Delivered,2568.55
1079,741,19,,2026-07-07 12:44:38,Returned,2201.52
1080,588,25,,2026-04-08 20:54:14,Delivered,980.58
1081,1112,10,2.0,2026-08-04 12:13:11,Returned,2680.04
1082,268,9,,2026-06-22 22:29:27,Delivered,469.92
1083,198,10,,2026-05-06 18:09:49,Delivered,90.32
1084,616,19,,2026-06-09 21:02:14,Delivered,2775.71
1085,152,17,1.0,2026-06-04 18:20:04,Delivered,2332.15
1086,1144,29,,2026-04-05 13:26:50,Placed,521.07
1087,991,12,,2026-07-17 07:00:57,Delivered,2312.16
1088,470,19,5.0,2026-02-08 19:04:18,Delivered,2476.91
1089,513,2,,2026-03-28 18:48:12,Delivered,3752.9
1090,225,30,,2026-08-03 07:35:09,Delivered,232.44
1091,1053,6,5.0,2026-07-08 14:40:26,Delivered,2674.22
1092,42,16,,2026-03-16 07:55:47,Placed,409.8
1093,342,25,,2026-03-26 22:15:16,Delivered,1460.67
1094,343,18,,2026-03-13 11:34:44,Delivered,1544.16
1095,930,26,,2026-06-24 11:47:48,Delivered,1841.96
1096,52,19,,2026-08-01 17:56:07,Delivered,6331.5
1097,274,17,,2026-04-15 17:15:55,Cancelled,1212.66
1098,481,28,,2026-03-12 22:50:02,Delivered,4834.21
1099,362,9,,2026-05-14 10:49:05,Delivered,1756.9
1100,343,19,,2026-04-13 19:29:38,Delivered,2127.3
1101,1037,23,,2026-04-24 12:37:28,Delivered,3120.72
1102,348,4,,2026-08-02 17:16:06,Delivered,2135.99
1103,400,15,1.0,2026-03-15 13:41:39,Delivered,884.66
1104,387,6,,2026-02-26 08:56:08,Delivered,677.26
1105,441,17,5.0,2026-05-08 13:50:58,Delivered,1056.88
1106,392,30,1.0,2026-05-02 19:11:24,Delivered,4630.0
1107,885,6,5.0,2026-05-24 19:11:56,Delivered,715.08
1108,198,11,4.0,2026-03-22 15:30:05,Delivered,2605.21
1109,1125,8,,2026-03-21 22:20:39,Delivered,1645.35
1110,168,19,3.0,2026-07-02 10:27:38,Cancelled,1900.26
1111,826,11,,2026-05-19 18:49:30,Delivered,4827.19
1112,442,15,,2026-03-28 07:05:26,Delivered,2192.88
1113,841,4,3.0,2026-04-11 14:35:34,Delivered,164.2
1114,311,17,,2026-07-30 23:22:39,Delivered,1005.75
1115,517,6,,2026-06-19 13:42:19,Delivered,525.52
1116,547,12,2.0,2026-03-20 17:57:39,Delivered,1531.26
1117,771,22,,2026-02-13 22:17:15,Delivered,3809.1
1118,985,2,,2026-08-03 19:52:00,Delivered,6047.78
1119,617,9,,2026-03-26 07:06:06,Delivered,3729.89
1120,264,6,,2026-04-20 19:31:14,Returned,2511.28
1121,625,22,,2026-03-27 09:43:52,Cancelled,4860.04
1122,448,2,,2026-04-02 12:22:29,Delivered,947.86
1123,1175,25,,2026-02-16 11:18:27,Delivered,1987.4
1124,612,19,5.0,2026-06-01 16:38:56,Delivered,2077.83
1125,311,17,,2026-07-24 16:51:04,Cancelled,2411.36
1126,382,11,,2026-04-10 21:08:29,Delivered,1974.73
1127,523,6,,2026-03-16 22:55:54,Delivered,2740.57
1128,682,6,4.0,2026-03-15 12:22:52,Delivered,3065.44
1129,331,10,,2026-03-10 10:10:10,Delivered,495.06
1130,95,30,2.0,2026-06-11 13:54:00,Cancelled,2441.02
1131,444,26,,2026-07-07 08:48:44,Cancelled,2299.82
1132,166,10,,2026-04-07 15:21:32,Delivered,4073.24
1133,1149,24,,2026-02-06 09:24:00,Placed,232.44
1134,66,6,,2026-06-21 21:38:08,Delivered,2021.2
1135,599,9,4.0,2026-07-24 10:56:18,Delivered,1798.45
1136,944,8,,2026-07-11 21:16:32,Delivered,3274.52
1137,803,4,,2026-06-06 18:14:13,Delivered,1185.32
1138,678,6,,2026-02-18 10:15:03,Delivered,853.87
1139,706,19,,2026-07-10 16:37:08,Delivered,7393.95
1140,962,2,,2026-03-10 20:02:21,Delivered,4398.98
1141,37,26,5.0,2026-03-02 08:15:32,Delivered,4475.03
1142,562,24,,2026-07-24 22:03:26,Delivered,938.56
1143,153,3,,2026-03-06 22:55:36,Delivered,2312.16
1144,575,25,,2026-04-19 08:30:35,Delivered,240.8
1145,427,10,3.0,2026-04-22 08:04:31,Delivered,2521.67
1146,970,6,,2026-07-27 16:51:10,Delivered,1286.89
1147,955,23,,2026-02-20 16:53:52,Delivered,1063.72
1148,658,13,,2026-06-12 19:41:13,Delivered,2140.37
1149,61,12,,2026-05-02 11:15:32,Delivered,4593.92
1150,234,3,,2026-06-25 08:58:28,Delivered,2110.76
1151,413,14,2.0,2026-06-13 13:30:57,Delivered,2149.15
1152,756,25,,2026-05-30 13:17:51,Returned,1987.24
1153,645,18,3.0,2026-06-27 09:08:11,Returned,1737.08
1154,399,13,2.0,2026-05-29 09:10:31,Delivered,823.72
1155,306,28,,2026-02-27 11:41:59,Cancelled,3736.7
1156,210,14,,2026-05-28 07:00:16,Delivered,3557.59
1157,697,6,,2026-02-16 11:08:23,Cancelled,1142.21
1158,176,30,1.0,2026-07-27 16:12:45,Cancelled,4681.65
1159,712,10,5.0,2026-04-29 11:20:01,Delivered,2999.49
1160,400,16,1.0,2026-05-20 18:27:58,Delivered,1178.5
1161,678,6,,2026-03-10 22:58:07,Delivered,3139.04
1162,997,13,,2026-04-09 17:24:32,Delivered,2305.9
1163,459,26,,2026-07-13 13:42:56,Delivered,2039.64
1164,276,9,,2026-04-07 08:43:17,Delivered,1725.73
1165,249,6,3.0,2026-07-18 22:10:30,Delivered,1743.28
1166,70,6,,2026-06-26 22:07:55,Delivered,507.34
1167,811,26,,2026-02-26 22:47:42,Delivered,2784.96
1168,380,10,3.0,2026-03-18 10:26:48,Delivered,3979.67
1169,36,12,,2026-04-26 19:56:56,Delivered,3996.48
1170,171,6,,2026-06-08 12:34:07,Delivered,568.45
1171,519,13,4.0,2026-03-14 20:43:47,Delivered,1431.17
1172,888,15,3.0,2026-06-25 12:00:13,Delivered,1095.7
1173,609,16,1.0,2026-03-21 20:15:01,Delivered,530.71
1174,207,17,4.0,2026-03-09 17:53:59,Delivered,2148.91
1175,825,8,1.0,2026-04-10 16:40:39,Delivered,1183.62
1176,415,25,,2026-03-15 12:02:17,Delivered,189.56
1177,684,10,,2026-06-23 10:51:26,Delivered,484.46
1178,715,3,,2026-07-28 12:17:05,Delivered,3254.34
1179,899,13,,2026-06-25 07:36:19,Delivered,3736.38
1180,971,2,,2026-03-20 18:19:14,Delivered,2162.81
1181,959,4,2.0,2026-04-16 20:33:08,Delivered,3556.83
1182,1027,6,5.0,2026-03-29 19:18:18,Delivered,1126.45
1183,944,8,,2026-06-18 18:52:00,Delivered,2657.64
1184,423,2,,2026-04-25 16:49:10,Delivered,3297.36
1185,330,13,5.0,2026-07-05 12:40:15,Delivered,2461.14
1186,28,30,,2026-08-03 07:15:09,Delivered,6896.48
1187,687,18,5.0,2026-03-04 15:05:47,Delivered,1643.8
1188,448,3,1.0,2026-02-11 20:08:05,Delivered,2243.76
1189,361,26,,2026-06-23 11:02:00,Cancelled,1592.75
1190,966,6,,2026-06-28 23:11:52,Delivered,1950.87
1191,955,22,,2026-06-29 23:37:39,Delivered,4784.94
1192,464,6,,2026-06-15 18:26:14,Returned,821.16
1193,828,8,4.0,2026-03-04 11:38:40,Delivered,1518.33
1194,249,6,,2026-05-30 23:33:51,Returned,72.21
1195,1080,9,,2026-04-09 07:36:11,Delivered,5036.06
1196,49,6,,2026-05-17 07:45:32,Delivered,1956.94
1197,1145,18,,2026-04-14 15:29:34,Delivered,217.94
1198,664,18,,2026-07-27 15:09:50,Delivered,1182.01
1199,494,10,,2026-04-25 17:02:04,Delivered,578.04
1200,213,11,,2026-05-15 16:33:04,Delivered,2550.68
1201,1127,10,,2026-05-29 19:34:05,Delivered,3442.12
1202,873,6,,2026-06-26 18:54:19,Placed,951.17
1203,210,15,,2026-06-25 15:45:44,Delivered,1549.02
1204,911,6,2.0,2026-04-05 10:09:04,Cancelled,1132.4
1205,680,18,,2026-02-20 08:52:03,Delivered,3010.71
1206,728,10,1.0,2026-04-01 12:54:29,Delivered,749.5
1207,966,6,,2026-07-02 09:20:20,Delivered,4112.75
1208,388,12,4.0,2026-07-20 17:11:35,Delivered,2563.96
1209,770,11,,2026-05-03 14:02:46,Delivered,2739.03
1210,833,8,,2026-05-04 11:54:19,Returned,715.19
1211,955,23,1.0,2026-07-24 11:48:23,Delivered,1552.5
1212,854,6,,2026-04-04 20:50:36,Delivered,3508.38
1213,1039,13,,2026-05-24 10:25:55,Delivered,789.65
1214,94,4,,2026-03-27 08:43:47,Delivered,973.58
1215,65,10,3.0,2026-05-03 15:48:26,Delivered,4777.42
1216,878,2,2.0,2026-04-12 20:21:49,Delivered,1590.45
1217,103,9,,2026-05-29 22:54:24,Delivered,1747.74
1218,708,6,3.0,2026-06-13 21:42:35,Delivered,3572.22
1219,59,3,4.0,2026-03-13 11:54:04,Delivered,2040.04
1220,613,14,,2026-07-05 08:34:19,Delivered,1302.38
1221,1077,19,,2026-06-04 12:17:49,Delivered,3285.54
1222,1013,14,,2026-03-05 14:06:21,Delivered,5541.58
1223,1105,6,,2026-03-19 15:14:32,Delivered,2639.72
1224,1001,8,,2026-02-14 13:40:24,Delivered,243.56
1225,717,6,,2026-03-13 14:22:00,Delivered,2154.48
1226,284,24,,2026-07-21 13:34:13,Delivered,3676.55
1227,826,11,4.0,2026-04-09 21:47:43,Delivered,3425.53
1228,100,9,,2026-03-15 13:32:47,Delivered,1209.13
1229,19,6,1.0,2026-07-24 13:52:17,Delivered,3875.42
1230,220,29,2.0,2026-06-22 08:52:15,Delivered,4336.74
1231,133,11,5.0,2026-07-21 15:01:08,Delivered,876.63
1232,313,4,,2026-06-17 07:36:16,Placed,2648.5
1233,1019,8,,2026-08-02 23:25:43,Delivered,3229.94
1234,979,30,,2026-02-09 23:39:13,Cancelled,1520.56
1235,285,16,5.0,2026-06-14 22:20:03,Delivered,345.14
1236,940,17,,2026-03-20 14:57:06,Delivered,2204.14
1237,862,29,1.0,2026-03-04 07:13:38,Delivered,981.47
1238,345,10,,2026-05-30 22:38:21,Delivered,1226.33
1239,1017,3,,2026-06-16 19:29:22,Returned,2479.32
1240,779,11,,2026-05-03 18:22:33,Delivered,4977.05
1241,789,8,,2026-05-09 17:53:51,Delivered,3220.89
1242,1047,6,,2026-08-01 23:18:27,Delivered,2535.94
1243,38,3,,2026-03-02 09:25:21,Delivered,967.17
1244,336,25,,2026-06-10 10:43:22,Delivered,728.01
1245,502,8,,2026-07-11 18:00:05,Delivered,996.64
1246,598,13,,2026-02-28 17:56:23,Placed,2870.43
1247,217,9,,2026-06-27 10:35:38,Delivered,2038.48
1248,1180,27,,2026-05-15 11:49:40,Delivered,4169.28
1249,702,6,4.0,2026-04-16 09:49:06,Delivered,964.62
1250,330,13,,2026-02-11 13:25:57,Delivered,913.26
1251,943,26,,2026-04-07 15:59:59,Delivered,2533.5
1252,1187,6,,2026-04-25 09:05:09,Cancelled,1633.9
1253,901,10,,2026-08-03 17:54:47,Cancelled,2306.08
1254,425,22,,2026-02-24 23:24:44,Cancelled,1535.0
1255,264,6,,2026-05-22 10:16:32,Delivered,2052.64
1256,7,16,,2026-05-02 10:21:44,Delivered,1286.13
1257,1083,6,,2026-06-23 16:20:31,Returned,3053.86
1258,945,10,,2026-05-20 11:33:07,Returned,2038.09
1259,903,13,,2026-06-27 19:40:26,Delivered,3558.08
1260,892,26,,2026-07-20 19:24:48,Delivered,725.6
1261,1027,6,,2026-05-15 14:28:33,Delivered,139.6
1262,171,6,,2026-04-11 22:53:47,Cancelled,3562.54
1263,191,6,5.0,2026-07-13 10:24:56,Delivered,750.5
1264,143,27,1.0,2026-03-30 21:37:27,Delivered,2214.25
1265,524,10,3.0,2026-07-01 18:49:02,Delivered,353.06
1266,371,9,1.0,2026-07-18 10:59:29,Delivered,4826.22
1267,350,24,,2026-05-14 22:20:17,Cancelled,4257.12
1268,586,10,,2026-04-10 16:35:54,Cancelled,3138.51
1269,874,11,,2026-05-21 12:33:48,Delivered,174.48
1270,797,6,,2026-06-28 20:07:10,Delivered,3252.0
1271,75,26,,2026-04-22 14:17:13,Delivered,4679.95
1272,541,14,,2026-02-17 14:33:41,Delivered,2049.09
1273,825,8,,2026-05-29 17:44:48,Delivered,2433.61
1274,880,8,,2026-03-22 07:58:05,Delivered,3826.23
1275,112,4,,2026-07-19 21:38:52,Delivered,900.62
1276,413,16,,2026-06-14 14:14:35,Cancelled,3370.33
1277,103,8,,2026-03-09 20:17:04,Delivered,3475.19
1278,1090,24,2.0,2026-05-26 17:25:11,Delivered,1138.52
1279,485,9,,2026-07-18 18:51:00,Delivered,2115.05
1280,371,9,,2026-06-02 10:52:04,Delivered,2482.31
1281,930,25,,2026-04-24 11:03:44,Cancelled,1179.68
1282,397,10,,2026-06-04 07:21:05,Delivered,264.02
1283,519,13,,2026-08-04 08:55:58,Cancelled,2495.18
1284,287,6,,2026-07-04 12:24:48,Cancelled,4215.2
1285,1063,2,,2026-06-16 15:55:16,Delivered,3662.6
1286,143,29,,2026-02-06 17:36:12,Delivered,2892.51
1287,134,25,,2026-04-27 21:11:01,Delivered,2301.82
1288,606,8,,2026-03-09 11:11:26,Delivered,1420.44
1289,924,18,1.0,2026-07-24 09:33:06,Delivered,2712.17
1290,729,6,,2026-06-27 16:49:44,Delivered,704.88
1291,883,21,,2026-03-18 07:44:22,Placed,657.54
1292,1059,23,,2026-06-07 14:40:17,Delivered,1451.2
1293,1101,19,,2026-07-05 18:02:08,Delivered,1056.29
1294,253,6,5.0,2026-04-02 13:13:44,Delivered,2133.9
1295,926,30,,2026-07-31 18:01:36,Delivered,757.43
1296,224,6,5.0,2026-07-24 07:29:55,Cancelled,1183.92
1297,465,28,,2026-04-29 19:16:25,Delivered,1294.9
1298,1037,21,,2026-02-07 16:05:07,Cancelled,3187.11
1299,207,18,,2026-03-28 13:58:57,Cancelled,2397.56
1300,691,10,,2026-06-05 12:34:14,Delivered,3984.07
1301,696,16,,2026-03-06 15:45:39,Delivered,1244.14
1302,743,3,3.0,2026-06-03 15:12:42,Cancelled,1302.06
1303,501,16,,2026-05-27 14:47:55,Delivered,765.62
1304,21,25,,2026-05-17 19:31:39,Delivered,4653.88
1305,559,3,,2026-02-13 21:23:56,Delivered,1194.17
1306,709,6,,2026-04-23 23:02:11,Delivered,1993.95
1307,951,17,1.0,2026-03-22 14:40:55,Delivered,2733.28
1308,341,23,1.0,2026-03-08 11:48:18,Delivered,3086.35
1309,63,28,3.0,2026-06-26 23:05:14,Delivered,866.22
1310,873,6,,2026-03-06 22:32:17,Delivered,2798.03
1311,936,6,2.0,2026-07-31 14:54:44,Delivered,100.48
1312,656,4,4.0,2026-05-09 15:24:35,Delivered,1042.9
1313,371,9,,2026-04-04 11:31:07,Delivered,3149.26
1314,291,9,1.0,2026-06-17 22:16:15,Delivered,3231.55
1315,389,12,,2026-06-30 22:39:06,Delivered,2143.96
1316,707,22,,2026-04-29 19:57:03,Delivered,2330.16
1317,191,6,,2026-07-07 20:29:37,Delivered,1200.46
1318,1117,9,,2026-03-19 07:17:58,Delivered,378.33
1319,721,13,,2026-06-07 17:21:20,Delivered,3653.64
1320,999,8,,2026-05-26 07:14:31,Delivered,2995.2
1321,1030,25,1.0,2026-07-02 22:14:49,Delivered,2386.02
1322,1004,22,,2026-07-11 23:25:06,Delivered,2207.25
1323,274,18,,2026-07-09 11:50:05,Delivered,614.8
1324,1120,18,2.0,2026-06-18 07:56:25,Delivered,2866.22
1325,905,28,,2026-06-14 23:08:30,Delivered,6297.62
1326,829,29,,2026-06-30 09:49:34,Delivered,4185.96
1327,900,18,,2026-02-13 11:14:15,Delivered,1239.02
1328,402,16,5.0,2026-05-29 13:47:06,Delivered,2911.26
1329,907,14,,2026-03-12 11:42:28,Delivered,868.46
1330,550,11,,2026-05-07 17:28:20,Delivered,360.16
1331,939,12,,2026-07-27 22:54:20,Delivered,1969.94
1332,324,13,3.0,2026-05-11 22:23:59,Cancelled,2699.77
1333,271,8,,2026-06-24 23:02:35,Delivered,1325.02
1334,549,8,,2026-02-21 15:50:42,Delivered,1636.27
1335,1081,12,,2026-05-23 07:01:16,Delivered,979.96
1336,731,15,,2026-02-23 15:56:06,Delivered,4621.94
1337,714,4,1.0,2026-04-09 09:23:27,Delivered,2633.21
1338,121,6,,2026-06-07 16:33:57,Returned,3851.3
1339,339,11,4.0,2026-03-09 15:04:19,Delivered,993.01
1340,179,10,,2026-05-23 17:11:01,Delivered,944.71
1341,583,14,,2026-03-11 17:00:28,Cancelled,1419.85
1342,253,6,,2026-07-06 17:42:21,Delivered,1160.16
1343,209,15,,2026-07-31 18:20:30,Delivered,1636.02
1344,92,26,,2026-04-18 11:54:56,Delivered,4422.97
1345,597,23,,2026-06-19 18:36:45,Placed,3633.37
1346,602,17,,2026-07-29 20:38:39,Delivered,3697.58
1347,580,23,,2026-05-13 23:25:21,Delivered,1154.4
1348,637,25,,2026-07-11 07:21:06,Delivered,2160.38
1349,1002,12,5.0,2026-03-18 08:26:20,Delivered,1530.51
1350,1082,19,,2026-07-14 14:00:26,Delivered,2932.04
1351,144,27,,2026-03-13 17:34:10,Delivered,1568.59
1352,690,15,3.0,2026-03-26 22:24:32,Delivered,1779.14
1353,822,13,3.0,2026-08-04 23:55:01,Delivered,2276.19
1354,895,24,1.0,2026-06-04 07:47:30,Delivered,3896.3
1355,1010,29,,2026-06-14 18:37:11,Delivered,3209.9
1356,1029,19,,2026-06-11 16:00:56,Delivered,4008.7
1357,807,9,5.0,2026-07-05 23:57:34,Cancelled,3761.97
1358,206,3,,2026-05-29 13:39:52,Delivered,5050.37
1359,362,8,,2026-06-29 20:03:09,Returned,2702.95
1360,112,2,,2026-07-26 15:29:12,Delivered,1000.32
1361,802,10,,2026-04-16 23:47:53,Cancelled,4535.11
1362,877,8,,2026-02-05 22:16:25,Delivered,1983.81
1363,996,8,1.0,2026-05-23 20:04:42,Delivered,298.94
1364,726,14,3.0,2026-08-04 08:03:25,Delivered,1872.17
1365,411,23,5.0,2026-07-20 14:31:43,Placed,4080.43
1366,1113,6,,2026-06-17 12:24:35,Delivered,490.2
1367,232,14,,2026-03-01 11:09:48,Delivered,2240.16
1368,417,2,,2026-03-30 20:45:15,Delivered,1703.94
1369,380,10,,2026-03-26 09:27:19,Returned,1735.43
1370,653,15,,2026-04-19 19:36:03,Delivered,3425.41
1371,756,26,,2026-05-30 12:28:49,Delivered,3101.9
1372,954,13,5.0,2026-02-21 23:43:55,Delivered,1754.47
1373,228,30,,2026-04-07 17:13:34,Delivered,1075.4
1374,1033,27,,2026-06-23 18:54:07,Returned,3743.74
1375,1175,26,,2026-03-18 12:33:44,Delivered,3206.99
1376,410,6,3.0,2026-06-23 14:39:20,Placed,1886.46
1377,38,2,,2026-07-01 20:54:00,Cancelled,174.6
1378,1104,6,,2026-07-04 07:50:42,Delivered,428.58
1379,607,26,,2026-07-18 14:11:17,Delivered,2855.64
1380,374,14,,2026-02-09 14:08:51,Delivered,4142.84
1381,310,9,,2026-06-24 08:06:21,Delivered,2878.62
1382,187,10,,2026-05-21 14:10:02,Delivered,2303.76
1383,750,16,,2026-06-23 10:07:45,Delivered,372.81
1384,926,29,3.0,2026-06-23 16:14:33,Placed,127.39
1385,1041,4,,2026-07-21 09:33:37,Delivered,3831.4
1386,641,19,2.0,2026-02-24 18:58:55,Delivered,2201.18
1387,201,2,5.0,2026-07-23 18:25:47,Delivered,949.39
1388,605,17,3.0,2026-03-26 22:00:00,Delivered,4183.5
1389,275,16,,2026-02-08 20:28:00,Delivered,1273.92
1390,676,3,,2026-05-29 23:00:34,Delivered,504.0
1391,676,4,,2026-04-24 20:47:12,Delivered,5034.12
1392,1100,12,1.0,2026-07-05 23:09:54,Delivered,1337.44
1393,1143,30,,2026-07-05 19:16:53,Delivered,3993.42
1394,1080,8,,2026-03-19 22:33:31,Delivered,2585.2
1395,339,10,,2026-07-23 12:41:23,Delivered,3431.34
1396,288,24,5.0,2026-02-22 10:23:46,Delivered,2772.58
1397,699,10,1.0,2026-05-29 12:00:45,Delivered,2381.45
1398,732,4,,2026-02-06 22:24:54,Delivered,1405.75
1399,14,4,,2026-03-05 22:15:55,Delivered,6340.36
1400,780,9,,2026-02-16 23:24:47,Delivered,841.01
1401,639,3,,2026-04-26 19:45:31,Delivered,1750.18
1402,24,22,,2026-03-20 18:59:03,Delivered,1641.64
1403,736,16,,2026-07-18 11:08:17,Cancelled,495.64
1404,811,24,,2026-06-14 21:07:40,Delivered,2169.2
1405,319,25,,2026-04-18 20:47:59,Delivered,2996.95
1406,675,4,,2026-07-05 10:54:29,Cancelled,701.06
1407,102,6,,2026-06-15 19:12:41,Delivered,2836.78
1408,182,4,4.0,2026-05-21 11:47:39,Delivered,380.33
1409,904,18,,2026-07-18 11:59:11,Delivered,2221.58
1410,294,10,,2026-07-09 10:57:09,Delivered,931.45
1411,15,21,,2026-03-29 12:55:52,Delivered,3037.46
1412,189,28,,2026-02-14 10:55:39,Returned,1925.39
1413,291,8,,2026-07-20 09:55:45,Delivered,2779.27
1414,133,10,4.0,2026-02-17 17:29:46,Delivered,224.13
1415,1048,12,,2026-02-21 16:12:52,Delivered,1609.83
1416,1153,25,,2026-06-30 23:54:38,Cancelled,3064.28
1417,69,6,,2026-04-24 14:22:02,Delivered,940.48
1418,1098,10,,2026-07-13 21:40:47,Delivered,2489.01
1419,184,11,,2026-02-22 08:47:55,Delivered,3880.14
1420,255,21,4.0,2026-08-01 14:40:11,Delivered,159.69
1421,590,8,,2026-06-27 07:03:58,Delivered,710.22
1422,241,10,,2026-04-17 19:15:36,Delivered,2253.16
1423,544,11,,2026-03-16 07:29:50,Delivered,2805.21
1424,808,28,,2026-02-11 17:42:33,Delivered,1541.5
1425,292,10,,2026-06-29 16:53:46,Delivered,2143.66
1426,228,28,,2026-03-16 12:12:11,Delivered,2312.16
1427,949,13,,2026-06-10 10:51:29,Delivered,314.93
1428,156,6,4.0,2026-04-08 11:16:07,Delivered,5139.88
1429,641,17,,2026-03-26 14:18:01,Delivered,861.66
1430,1107,2,1.0,2026-08-03 08:07:15,Cancelled,1981.28
1431,687,18,,2026-03-21 11:36:23,Delivered,2363.68
1432,439,8,,2026-05-03 14:18:06,Delivered,3954.97
1433,296,13,,2026-06-21 15:24:18,Cancelled,2087.58
1434,1008,26,,2026-05-20 18:31:48,Delivered,2816.96
1435,398,16,4.0,2026-07-10 12:49:36,Delivered,3802.58
1436,1199,15,,2026-02-25 13:38:04,Delivered,3353.98
1437,602,18,,2026-03-02 13:41:53,Delivered,174.33
1438,816,6,5.0,2026-05-21 21:00:09,Delivered,3237.32
1439,62,6,,2026-07-24 17:51:59,Delivered,1482.99
1440,69,6,,2026-06-07 11:15:06,Delivered,6940.57
1441,46,27,,2026-06-19 16:31:46,Returned,2613.28
1442,780,9,,2026-06-18 18:32:14,Delivered,2506.99
1443,283,10,2.0,2026-06-22 08:22:44,Delivered,1757.43
1444,485,8,,2026-07-29 17:01:35,Delivered,3884.95
1445,1090,24,,2026-06-09 19:49:32,Delivered,309.21
1446,725,26,,2026-03-08 16:46:16,Cancelled,2521.34
1447,494,10,2.0,2026-06-07 07:50:52,Cancelled,973.64
1448,892,26,,2026-06-28 15:53:13,Cancelled,3114.01
1449,469,3,1.0,2026-04-24 19:13:33,Delivered,4788.3
1450,1047,6,,2026-05-02 17:18:08,Cancelled,4729.34
1451,771,23,5.0,2026-02-06 12:32:40,Delivered,2356.69
1452,966,6,1.0,2026-04-17 16:26:40,Delivered,3977.06
1453,949,13,,2026-06-13 07:32:37,Delivered,2824.11
1454,816,6,,2026-02-09 13:34:06,Delivered,716.94
1455,207,18,,2026-05-06 15:36:11,Delivered,2307.69
1456,164,24,,2026-04-12 09:31:43,Delivered,1150.26
1457,616,18,,2026-02-17 14:52:18,Delivered,1234.95
1458,793,12,,2026-04-25 22:20:29,Delivered,2973.79
1459,434,8,,2026-07-17 14:50:35,Delivered,782.04
1460,1028,3,,2026-03-07 13:51:44,Delivered,6286.29
1461,754,19,,2026-04-03 16:19:21,Delivered,2382.96
1462,101,22,,2026-02-05 08:55:24,Delivered,1709.32
1463,1071,24,,2026-04-13 16:09:39,Delivered,130.8
1464,518,8,2.0,2026-02-09 11:46:03,Delivered,1130.24
1465,764,23,,2026-02-21 09:58:10,Delivered,4485.74
1466,614,26,,2026-04-03 08:59:54,Cancelled,2634.42
1467,178,14,,2026-03-26 19:38:35,Delivered,2059.65
1468,1006,30,,2026-03-12 13:25:10,Delivered,5386.7
1469,115,23,,2026-07-28 14:22:27,Cancelled,2021.2
1470,1038,18,,2026-06-27 08:49:02,Cancelled,1451.2
1471,661,6,,2026-07-18 23:09:03,Cancelled,5767.61
1472,348,2,,2026-03-31 18:34:14,Delivered,2136.4
1473,522,9,,2026-05-13 13:49:51,Delivered,2421.26
1474,1022,13,4.0,2026-02-15 12:02:14,Delivered,153.97
1475,127,12,,2026-07-27 11:07:35,Delivered,1252.79
1476,873,6,,2026-06-26 15:19:31,Delivered,1301.98
1477,663,10,,2026-07-27 12:53:21,Delivered,376.4
1478,932,8,,2026-07-23 22:29:09,Delivered,1916.56
1479,223,10,,2026-04-10 17:25:42,Delivered,3532.0
1480,258,14,2.0,2026-03-01 19:48:33,Delivered,1480.62
1481,1044,25,,2026-03-14 11:11:32,Delivered,2474.77
1482,495,13,3.0,2026-02-06 21:46:44,Delivered,425.9
1483,298,27,3.0,2026-07-06 14:14:09,Delivered,164.2
1484,1192,2,,2026-06-08 15:22:38,Delivered,541.45
1485,570,14,,2026-02-26 19:52:34,Delivered,1887.96
1486,937,6,,2026-07-09 11:59:39,Delivered,1355.71
1487,1098,11,4.0,2026-03-07 19:00:07,Cancelled,223.4
1488,1120,18,,2026-06-26 18:31:50,Delivered,4014.73
1489,1169,10,,2026-04-17 08:32:58,Delivered,1863.18
1490,789,8,,2026-06-30 10:22:41,Delivered,3813.98
1491,71,10,,2026-05-12 15:02:41,Delivered,2321.56
1492,90,3,,2026-06-27 16:10:41,Delivered,3750.98
1493,920,10,,2026-04-02 16:48:04,Returned,4990.38
1494,1059,23,,2026-06-19 10:20:21,Cancelled,1518.04
1495,654,15,1.0,2026-04-18 16:34:04,Delivered,191.2
1496,622,2,,2026-05-25 18:40:44,Delivered,3369.23
1497,940,19,,2026-05-27 12:53:35,Delivered,3646.76
1498,230,18,,2026-06-20 14:23:58,Delivered,3883.44
1499,149,3,5.0,2026-06-10 16:12:34,Delivered,2111.96
1500,74,17,,2026-05-08 09:25:12,Cancelled,2296.56
1501,1183,24,4.0,2026-04-07 09:49:19,Delivered,1744.49
1502,19,6,,2026-03-24 19:32:12,Delivered,504.09
1503,448,2,,2026-07-25 16:57:35,Placed,545.53
1504,599,8,,2026-04-17 11:17:41,Delivered,1675.07
1505,400,15,2.0,2026-07-09 23:22:45,Delivered,2888.53
1506,887,23,,2026-06-29 13:54:23,Delivered,2918.71
1507,1123,6,2.0,2026-04-12 12:09:49,Delivered,1086.66
1508,852,9,,2026-07-31 15:23:54,Delivered,5176.03
1509,900,19,,2026-03-13 18:08:11,Delivered,472.84
1510,519,13,,2026-06-21 16:36:21,Delivered,3489.51
1511,940,18,,2026-04-11 11:55:08,Cancelled,2124.2
1512,1182,3,,2026-07-23 11:04:14,Delivered,340.15
1513,828,8,,2026-08-02 12:09:42,Delivered,1959.18
1514,1195,15,,2026-04-04 12:22:37,Placed,4160.39
1515,424,26,,2026-04-12 10:07:25,Delivered,6619.92
1516,239,29,5.0,2026-07-09 10:09:03,Cancelled,2454.78
1517,813,12,4.0,2026-05-14 08:14:44,Delivered,2041.95
1518,379,4,,2026-07-10 16:32:02,Delivered,717.92
1519,321,19,,2026-02-16 19:15:04,Delivered,1239.82
1520,493,19,4.0,2026-04-12 09:25:28,Delivered,2193.44
1521,895,25,5.0,2026-05-21 21:55:02,Delivered,1841.62
1522,885,6,,2026-06-16 07:08:12,Delivered,2980.92
1523,1141,6,,2026-03-13 11:57:14,Delivered,2683.04
1524,936,6,,2026-05-04 21:40:17,Delivered,2572.89
1525,338,6,,2026-06-28 08:54:11,Delivered,482.17
1526,716,24,,2026-03-12 08:37:36,Delivered,624.06
1527,166,10,,2026-05-03 11:06:02,Delivered,544.4
1528,196,26,,2026-07-21 19:00:29,Delivered,5845.96
1529,946,6,,2026-03-13 19:35:02,Delivered,3100.2
1530,915,17,,2026-03-03 09:29:01,Delivered,3957.6
1531,601,10,,2026-02-21 13:42:06,Delivered,2691.14
1532,78,25,,2026-04-30 17:25:38,Returned,3914.15
1533,1022,12,,2026-03-16 10:51:26,Delivered,4467.46
1534,569,8,1.0,2026-06-07 16:48:41,Delivered,1397.31
1535,653,16,,2026-02-06 08:22:50,Cancelled,2012.49
1536,1125,8,,2026-07-08 10:45:12,Delivered,3156.46
1537,193,10,,2026-07-30 23:22:11,Returned,1287.34
1538,723,18,,2026-03-23 23:07:23,Returned,888.53
1539,739,6,,2026-06-08 19:56:36,Delivered,3613.96
1540,87,8,,2026-05-04 09:07:54,Delivered,69.8
1541,830,22,,2026-07-04 13:35:21,Delivered,32.48
1542,515,21,2.0,2026-05-17 12:05:26,Delivered,3765.39
1543,1120,17,3.0,2026-07-27 20:21:24,Delivered,2810.5
1544,113,2,,2026-06-12 22:12:56,Delivered,2831.94
1545,836,28,,2026-05-30 09:19:28,Delivered,4040.19
1546,864,27,,2026-04-23 07:27:08,Placed,3759.43
1547,522,9,,2026-05-11 17:01:41,Delivered,525.34
1548,1064,11,4.0,2026-04-03 09:21:57,Delivered,2282.48
1549,995,10,,2026-04-05 09:05:08,Delivered,2817.23
1550,928,23,,2026-04-06 14:47:59,Delivered,1216.85
1551,1175,26,,2026-07-22 12:37:06,Delivered,401.68
1552,1040,30,,2026-02-05 22:40:50,Delivered,5722.69
1553,602,17,,2026-05-18 23:37:03,Delivered,3421.9
1554,48,2,,2026-04-24 13:17:25,Delivered,2276.62
1555,141,8,,2026-04-20 18:50:33,Delivered,1559.63
1556,686,17,,2026-05-27 15:56:13,Delivered,6404.3
1557,561,19,,2026-07-30 17:41:32,Delivered,3176.59
1558,338,6,2.0,2026-05-03 23:47:30,Delivered,2182.95
1559,309,18,,2026-05-09 14:42:52,Delivered,3328.81
1560,1192,2,,2026-02-12 23:30:00,Delivered,1968.22
1561,681,29,5.0,2026-07-10 19:17:01,Returned,86.56
1562,195,29,,2026-06-14 08:52:50,Cancelled,2136.27
1563,475,19,,2026-03-01 22:00:01,Delivered,2235.53
1564,864,27,,2026-06-18 11:17:02,Delivered,4805.84
1565,807,9,3.0,2026-02-21 07:45:35,Delivered,2316.95
1566,38,3,,2026-07-04 23:06:03,Delivered,282.74
1567,533,6,,2026-06-27 21:06:25,Delivered,802.91
1568,117,10,,2026-05-21 16:03:49,Delivered,465.0
1569,1180,28,,2026-03-29 10:22:46,Delivered,1331.77
1570,627,8,5.0,2026-04-01 07:39:35,Delivered,1024.73
1571,67,6,1.0,2026-02-19 16:38:40,Delivered,370.59
1572,467,26,,2026-05-15 10:29:10,Delivered,2511.28
1573,132,6,5.0,2026-03-21 08:02:52,Delivered,2099.8
1574,752,8,,2026-08-04 16:20:53,Delivered,2033.5
1575,637,25,,2026-07-24 23:58:11,Delivered,1189.34
1576,757,16,2.0,2026-07-03 22:44:12,Delivered,550.09
1577,714,2,,2026-05-15 17:25:13,Cancelled,2585.94
1578,636,27,,2026-08-01 14:10:50,Delivered,3087.62
1579,792,21,,2026-06-29 22:14:21,Delivered,1135.5
1580,880,8,4.0,2026-05-02 22:56:06,Delivered,829.47
1581,672,9,,2026-04-04 14:44:57,Cancelled,1806.7
1582,856,10,,2026-02-09 21:54:07,Delivered,5754.51
1583,346,6,3.0,2026-03-14 07:23:47,Delivered,3907.62
1584,668,11,,2026-05-06 11:33:36,Delivered,2911.49
1585,88,16,,2026-05-16 07:34:13,Delivered,6060.54
1586,1081,13,,2026-06-23 08:30:17,Delivered,2491.38
1587,849,27,,2026-03-18 21:08:39,Delivered,3994.6
1588,1046,12,,2026-02-23 10:09:41,Delivered,211.24
1589,317,11,,2026-07-24 21:57:18,Delivered,3680.39
1590,818,6,2.0,2026-05-14 13:22:22,Delivered,4493.69
1591,402,14,,2026-06-23 08:21:31,Delivered,2811.17
1592,975,14,,2026-06-03 20:06:58,Delivered,3115.02
1593,424,25,2.0,2026-06-30 17:00:00,Delivered,2793.74
1594,4,4,,2026-05-12 07:14:40,Delivered,3600.51
1595,42,15,,2026-02-05 07:48:47,Delivered,4436.1
1596,230,17,,2026-05-13 09:45:07,Returned,3864.49
1597,349,21,,2026-02-05 08:23:00,Delivered,6093.04
1598,974,23,,2026-04-16 13:29:04,Delivered,1450.19
1599,446,25,5.0,2026-02-21 16:46:02,Delivered,3490.13
1600,650,27,3.0,2026-03-13 19:42:12,Delivered,301.25
1601,657,12,,2026-03-06 23:31:50,Delivered,1446.29
1602,571,15,2.0,2026-02-05 16:00:14,Placed,706.66
1603,548,25,5.0,2026-02-28 21:12:10,Delivered,2906.9
1604,57,29,1.0,2026-06-03 17:42:13,Delivered,1505.18
1605,471,21,1.0,2026-02-26 22:28:46,Delivered,4276.24
1606,289,11,,2026-04-15 13:37:22,Delivered,2223.12
1607,209,14,,2026-07-05 23:22:52,Delivered,1504.03
1608,43,6,,2026-03-20 15:25:27,Delivered,2446.35
1609,720,15,,2026-05-15 15:42:16,Delivered,2580.42
1610,1151,24,,2026-02-11 14:10:06,Delivered,7359.4
1611,866,17,,2026-03-08 13:44:00,Returned,3375.61
1612,1143,27,,2026-06-29 09:20:23,Returned,1140.34
1613,961,15,,2026-06-15 09:13:51,Delivered,656.76
1614,724,19,,2026-03-27 17:02:22,Cancelled,2602.59
1615,441,18,,2026-03-16 07:50:36,Delivered,700.8
1616,646,15,,2026-03-05 14:34:11,Delivered,4986.99
1617,1188,16,,2026-04-19 08:38:59,Delivered,705.36
1618,399,12,,2026-04-20 17:46:54,Delivered,4841.06
1619,890,26,,2026-05-14 21:02:42,Delivered,2273.12
1620,856,10,,2026-04-12 11:02:20,Delivered,592.5
1621,896,28,3.0,2026-03-24 23:28:01,Delivered,2399.23
1622,1106,8,,2026-05-17 09:49:05,Cancelled,2051.65
1623,545,6,2.0,2026-07-14 10:03:03,Delivered,3482.6
1624,923,11,1.0,2026-08-01 12:31:21,Delivered,2497.07
1625,176,27,2.0,2026-05-12 13:50:37,Delivered,259.43
1626,1141,6,,2026-03-03 23:02:43,Placed,296.91
1627,355,8,1.0,2026-04-21 13:44:27,Delivered,1045.83
1628,50,9,4.0,2026-02-22 20:59:08,Delivered,221.19
1629,1166,19,2.0,2026-06-09 20:08:39,Delivered,3484.72
1630,436,24,,2026-04-24 15:14:30,Returned,5633.62
1631,1138,3,,2026-05-22 10:43:19,Delivered,1159.09
1632,792,22,,2026-06-26 13:08:32,Delivered,3496.38
1633,534,9,,2026-06-07 21:47:58,Delivered,3183.63
1634,476,21,1.0,2026-05-20 20:59:27,Delivered,2341.39
1635,820,10,,2026-07-28 22:41:06,Delivered,1351.41
1636,436,24,3.0,2026-07-22 15:42:23,Delivered,4904.42
1637,1086,24,,2026-05-24 08:53:50,Delivered,1812.57
1638,109,3,,2026-04-19 20:08:19,Placed,217.94
1639,937,6,,2026-04-02 21:58:49,Delivered,2902.98
1640,971,2,,2026-04-18 21:25:10,Delivered,2044.19
1641,453,25,,2026-02-07 13:25:02,Delivered,600.9
1642,959,4,,2026-06-20 20:36:56,Delivered,3179.01
1643,235,28,,2026-02-26 07:35:16,Delivered,640.08
1644,430,16,1.0,2026-03-04 18:46:53,Placed,1041.86
1645,576,11,,2026-04-30 13:04:58,Delivered,2327.86
1646,391,8,,2026-05-10 23:56:36,Cancelled,2485.27
1647,957,12,,2026-04-04 09:46:53,Placed,316.97
1648,613,16,,2026-06-08 10:55:39,Delivered,4421.4
1649,1107,3,,2026-02-27 07:25:09,Delivered,1364.3
1650,414,27,,2026-07-15 12:01:39,Delivered,3746.08
1651,202,17,5.0,2026-04-12 21:41:30,Delivered,2798.4
1652,977,10,,2026-08-01 07:58:31,Delivered,1318.25
1653,221,19,3.0,2026-04-16 18:15:56,Delivered,3468.29
1654,197,8,,2026-05-15 08:47:37,Delivered,4514.52
1655,338,6,,2026-07-14 15:18:46,Delivered,2480.83
1656,219,4,,2026-04-22 14:07:38,Delivered,2287.02
1657,102,6,4.0,2026-03-16 14:34:04,Delivered,1006.86
1658,348,4,,2026-02-27 12:46:33,Returned,3805.92
1659,429,21,,2026-04-21 10:08:51,Delivered,2495.8
1660,102,6,,2026-03-12 16:45:12,Returned,3380.64
1661,109,2,,2026-02-25 12:10:06,Delivered,1904.88
1662,826,11,5.0,2026-03-07 17:29:12,Delivered,3136.64
1663,784,14,3.0,2026-06-06 21:46:45,Delivered,2616.48
1664,343,19,5.0,2026-02-09 10:55:35,Cancelled,4148.05
1665,1096,9,,2026-02-05 16:44:10,Delivered,1384.89
1666,969,28,2.0,2026-07-19 17:13:22,Delivered,3166.08
1667,101,23,,2026-06-18 12:31:20,Delivered,2779.63
1668,57,27,,2026-05-17 10:49:09,Delivered,2298.7
1669,1087,17,1.0,2026-05-16 19:49:54,Delivered,978.6
1670,388,13,4.0,2026-03-23 22:02:35,Delivered,1672.86
1671,657,13,,2026-02-17 10:16:51,Delivered,4928.65
1672,817,10,1.0,2026-03-09 07:08:56,Delivered,1054.44
1673,1052,23,,2026-03-10 18:40:00,Delivered,1893.59
1674,1135,15,,2026-04-24 16:17:07,Delivered,3620.2
1675,1183,25,,2026-03-22 14:35:10,Delivered,5085.07
1676,86,2,1.0,2026-06-24 08:30:26,Delivered,180.7
1677,605,19,,2026-05-15 19:09:58,Delivered,3992.83
1678,36,12,,2026-05-04 09:03:14,Delivered,3957.84
1679,1139,15,,2026-03-14 16:11:44,Cancelled,1501.23
1680,538,8,,2026-02-28 16:49:08,Cancelled,4544.05
1681,15,21,,2026-02-25 23:29:35,Delivered,464.02
1682,212,26,,2026-03-18 17:31:10,Delivered,3164.69
1683,1070,4,,2026-06-08 09:38:52,Cancelled,1018.81
1684,812,18,,2026-06-30 20:24:03,Delivered,3265.51
1685,256,10,,2026-05-07 13:19:07,Cancelled,4655.12
1686,669,19,,2026-04-14 12:32:16,Delivered,2950.81
1687,309,19,,2026-03-19 20:16:34,Delivered,3510.74
1688,1083,6,,2026-07-30 13:01:23,Delivered,971.31
1689,537,13,5.0,2026-04-16 13:29:01,Delivered,3591.45
1690,208,24,5.0,2026-04-10 09:45:18,Delivered,117.54
1691,939,12,,2026-07-02 13:55:44,Delivered,798.24
1692,43,6,,2026-05-25 11:50:05,Delivered,350.76
1693,238,2,,2026-06-28 19:50:06,Delivered,1862.92
1694,1154,13,,2026-06-12 20:52:00,Delivered,1232.66
1695,1060,10,,2026-06-08 20:38:19,Returned,1306.7
1696,844,30,,2026-02-18 23:28:55,Delivered,371.19
1697,532,12,,2026-07-31 19:01:25,Delivered,1694.6
1698,732,4,,2026-04-08 10:22:49,Delivered,2056.13
1699,376,26,,2026-07-25 22:37:50,Delivered,939.42
1700,396,15,,2026-02-27 11:34:21,Delivered,940.48
1701,1128,23,,2026-05-30 08:11:11,Delivered,832.71
1702,627,8,3.0,2026-02-06 16:18:53,Delivered,2765.71
1703,800,23,,2026-02-26 10:15:20,Delivered,3144.04
1704,1105,6,,2026-04-20 21:06:48,Delivered,1796.96
1705,1109,11,4.0,2026-02-28 23:35:24,Cancelled,2455.14
1706,517,6,,2026-05-28 08:57:44,Delivered,246.45
1707,873,6,,2026-07-10 13:22:47,Delivered,1500.66
1708,447,23,,2026-05-20 23:42:37,Delivered,3016.53
1709,340,3,,2026-04-28 08:56:48,Delivered,4001.25
1710,411,23,,2026-03-11 22:26:56,Delivered,2654.42
1711,888,15,,2026-06-13 10:04:12,Delivered,2816.18
1712,521,18,,2026-07-07 08:56:32,Delivered,4978.18
1713,192,22,,2026-02-22 09:08:49,Cancelled,5103.91
1714,381,4,,2026-04-24 23:46:53,Delivered,954.04
1715,384,28,,2026-07-22 10:12:25,Delivered,3159.24
1716,672,9,1.0,2026-06-29 21:25:04,Delivered,1848.13
1717,957,13,,2026-07-20 13:58:12,Delivered,522.31
1718,224,6,,2026-05-18 07:48:13,Delivered,2490.72
1719,153,3,1.0,2026-03-15 11:39:32,Delivered,4427.56
1720,1034,11,,2026-07-18 08:25:38,Delivered,3702.28
1721,317,11,,2026-03-10 10:58:09,Delivered,2799.08
1722,434,9,,2026-06-10 15:11:59,Delivered,2311.28
1723,1167,12,,2026-02-28 19:51:38,Delivered,773.8
1724,919,11,,2026-04-29 09:16:19,Returned,2047.66
1725,413,15,,2026-06-28 16:20:25,Delivered,2833.3
1726,484,16,,2026-06-09 15:27:21,Delivered,94.78
1727,350,24,,2026-05-25 12:59:36,Delivered,937.3
1728,1198,12,,2026-07-02 10:26:19,Delivered,4247.1
1729,418,10,,2026-07-03 19:18:29,Delivered,3638.53
1730,233,12,5.0,2026-07-05 22:19:22,Delivered,3737.27
1731,538,9,,2026-06-21 14:51:44,Delivered,3040.01
1732,620,21,,2026-05-02 23:06:49,Delivered,1523.07
1733,236,6,,2026-05-27 12:57:44,Delivered,5465.94
1734,618,22,1.0,2026-07-03 15:45:15,Delivered,4588.51
1735,408,24,,2026-07-09 07:25:48,Delivered,1506.15
1736,633,17,2.0,2026-02-19 13:12:51,Cancelled,2470.3
1737,372,30,,2026-06-02 20:14:45,Delivered,1987.24
1738,344,2,,2026-02-28 08:54:45,Delivered,4257.51
1739,164,24,,2026-08-01 21:53:38,Delivered,6080.45
1740,142,19,,2026-02-28 22:54:08,Delivered,547.34
1741,671,13,,2026-07-20 10:36:15,Delivered,5222.7
1742,810,6,,2026-06-29 20:05:50,Delivered,3476.72
1743,958,6,,2026-07-08 18:16:03,Delivered,5522.44
1744,656,2,,2026-02-09 12:59:10,Delivered,875.98
1745,1111,9,1.0,2026-05-20 17:35:13,Delivered,297.72
1746,435,9,,2026-05-04 23:42:54,Placed,3258.28
1747,248,22,,2026-06-29 12:13:31,Delivered,543.82
1748,21,25,,2026-04-20 21:14:49,Delivered,4558.4
1749,331,11,,2026-02-22 13:55:17,Returned,1874.28
1750,610,2,3.0,2026-06-08 23:58:41,Delivered,920.46
1751,1015,16,,2026-03-11 23:28:33,Cancelled,5216.95
1752,903,12,,2026-06-23 08:37:07,Delivered,1437.42
1753,825,8,,2026-05-24 07:02:46,Delivered,5130.96
1754,158,29,5.0,2026-06-23 22:44:08,Delivered,2830.5
1755,15,22,,2026-03-01 07:45:55,Cancelled,4282.24
1756,1140,4,4.0,2026-06-15 11:58:01,Delivered,524.24
1757,152,17,,2026-02-16 19:15:11,Delivered,1585.05
1758,472,10,,2026-02-18 23:24:19,Delivered,2152.72
1759,552,2,3.0,2026-06-10 15:58:04,Delivered,3632.57
1760,521,19,,2026-04-17 20:16:24,Delivered,4371.24
1761,260,19,,2026-05-17 20:57:43,Delivered,1639.59
1762,639,4,,2026-04-10 14:29:47,Delivered,3159.67
1763,1188,16,,2026-02-06 19:28:15,Delivered,4627.98
1764,123,4,,2026-05-10 18:36:53,Delivered,895.14
1765,1030,24,5.0,2026-06-21 20:56:36,Delivered,1167.84
1766,403,6,,2026-04-24 09:40:05,Delivered,735.18
1767,1130,25,5.0,2026-05-25 19:14:19,Delivered,2039.06
1768,240,3,,2026-07-19 14:19:32,Delivered,3128.03
1769,932,9,,2026-04-20 07:39:18,Cancelled,1606.08
1770,452,6,,2026-02-09 14:37:50,Cancelled,663.82
1771,725,25,,2026-05-11 20:43:02,Returned,256.79
1772,1022,13,,2026-05-13 19:32:05,Delivered,43.41
1773,1043,21,,2026-05-22 18:59:22,Delivered,281.72
1774,1121,15,,2026-05-30 17:39:49,Delivered,170.03
1775,921,27,,2026-03-14 15:45:21,Delivered,4499.92
1776,1031,11,,2026-03-25 22:10:05,Delivered,1735.4
1777,257,22,,2026-05-11 22:34:22,Delivered,3689.06
1778,734,12,,2026-04-27 12:31:20,Delivered,1690.52
1779,1012,17,4.0,2026-05-26 16:52:34,Delivered,4119.41
1780,125,9,,2026-02-26 08:31:33,Delivered,5675.69
1781,1068,3,,2026-02-26 11:38:19,Delivered,1894.97
1782,748,22,,2026-06-24 21:38:38,Delivered,2591.35
1783,526,10,,2026-02-15 15:05:28,Delivered,2185.14
1784,669,18,4.0,2026-06-30 14:46:07,Delivered,1013.56
1785,1198,12,,2026-07-18 07:47:22,Delivered,818.06
1786,661,6,5.0,2026-05-07 18:55:04,Delivered,2544.78
1787,1142,17,,2026-05-12 14:51:41,Delivered,2336.66
1788,525,3,,2026-02-09 12:40:24,Cancelled,2484.71
1789,465,27,,2026-07-16 07:09:59,Delivered,2873.9
1790,425,23,4.0,2026-02-19 20:19:53,Delivered,1888.51
1791,934,9,,2026-04-06 19:32:24,Delivered,680.3
1792,344,3,5.0,2026-07-02 08:01:31,Delivered,1573.62
1793,166,10,,2026-02-24 18:26:18,Delivered,903.67
1794,696,14,,2026-03-16 19:46:00,Returned,1104.76
1795,826,11,4.0,2026-04-15 17:35:12,Delivered,383.95
1796,107,18,2.0,2026-05-04 17:13:12,Delivered,2925.22
1797,969,29,,2026-04-07 16:02:31,Returned,1698.98
1798,854,6,,2026-03-09 12:00:44,Delivered,8659.22
1799,548,25,,2026-05-22 12:25:19,Cancelled,4526.93
1800,1163,22,,2026-03-25 14:05:18,Delivered,3060.92
1801,959,2,5.0,2026-06-15 10:52:02,Delivered,486.33
1802,483,21,,2026-06-28 13:23:47,Delivered,1770.6
1803,238,2,4.0,2026-07-23 11:51:18,Delivered,2751.08
1804,1132,22,,2026-07-30 18:28:15,Delivered,3263.83
1805,1200,4,,2026-05-17 10:08:08,Delivered,738.46
1806,228,27,4.0,2026-05-08 14:09:37,Delivered,1332.07
1807,648,24,5.0,2026-06-27 10:19:25,Placed,2035.82
1808,764,22,,2026-02-09 10:26:13,Delivered,4077.9
1809,912,23,,2026-05-01 10:24:46,Delivered,314.93
1810,1194,22,3.0,2026-03-06 14:06:50,Placed,2263.81
1811,686,17,,2026-03-22 17:52:56,Placed,380.07
1812,1085,2,,2026-03-27 21:35:25,Delivered,1584.63
1813,1064,11,4.0,2026-03-06 10:32:59,Delivered,1116.13
1814,1194,23,,2026-04-25 15:54:17,Delivered,277.57
1815,1052,22,,2026-02-20 17:51:40,Delivered,521.07
1816,723,17,3.0,2026-06-10 22:32:44,Delivered,799.01
1817,630,17,,2026-06-18 08:32:11,Returned,2391.14
1818,794,25,,2026-04-19 23:06:23,Placed,1743.7
1819,269,28,,2026-06-01 16:34:26,Cancelled,1211.79
1820,1073,30,,2026-02-13 22:14:20,Delivered,2742.68
1821,336,26,1.0,2026-04-30 08:51:16,Delivered,3379.1
1822,298,30,,2026-05-20 11:33:25,Delivered,1179.68
1823,970,6,,2026-04-23 13:27:45,Delivered,815.77
1824,359,18,,2026-04-28 10:15:44,Delivered,1191.48
1825,1111,8,3.0,2026-05-08 18:09:28,Cancelled,1620.74
1826,315,17,4.0,2026-07-11 13:30:59,Delivered,3258.09
1827,265,14,,2026-05-02 20:57:18,Delivered,3646.5
1828,198,10,,2026-05-02 17:44:59,Delivered,599.94
1829,1154,12,2.0,2026-04-19 11:03:50,Placed,2724.48
1830,724,18,3.0,2026-02-20 21:16:30,Delivered,5675.45
1831,187,11,,2026-06-11 13:14:29,Delivered,2447.71
1832,1019,9,,2026-05-09 18:40:59,Delivered,935.56
1833,1140,2,,2026-05-11 15:13:13,Delivered,1973.74
1834,731,16,3.0,2026-02-23 09:58:33,Delivered,1667.95
1835,1040,30,,2026-08-03 12:27:12,Delivered,3469.19
1836,491,26,,2026-04-13 16:36:02,Delivered,1555.78
1837,19,6,,2026-07-23 08:45:57,Delivered,4159.88
1838,1065,21,2.0,2026-05-01 23:25:26,Delivered,469.63
1839,459,26,,2026-03-03 10:16:09,Delivered,6300.09
1840,444,24,,2026-02-25 22:36:52,Delivered,424.96
1841,236,6,,2026-07-01 08:24:55,Delivered,2977.95
1842,970,6,,2026-05-17 16:24:43,Delivered,3090.66
1843,838,29,,2026-06-28 09:48:36,Delivered,3345.32
1844,613,16,5.0,2026-05-15 11:32:32,Delivered,3298.48
1845,588,24,4.0,2026-02-20 12:04:14,Delivered,722.4
1846,894,24,,2026-03-20 18:40:30,Delivered,3559.42
1847,517,6,,2026-02-13 08:34:42,Delivered,2307.24
1848,909,26,,2026-07-20 10:07:09,Delivered,2566.23
1849,41,21,,2026-02-10 13:19:27,Delivered,2692.5
1850,837,22,,2026-02-20 22:27:00,Delivered,1089.76
1851,269,30,,2026-05-26 08:36:04,Returned,3800.98
1852,996,8,,2026-07-23 21:07:54,Delivered,2427.92
1853,383,13,,2026-05-09 09:08:54,Delivered,405.74
1854,914,18,,2026-05-11 23:02:49,Delivered,4576.31
1855,139,12,,2026-07-16 08:42:33,Delivered,3801.84
1856,980,24,,2026-07-11 09:08:22,Delivered,4925.43
1857,1031,11,,2026-04-10 08:03:09,Delivered,1417.42
1858,1031,10,1.0,2026-05-28 13:52:41,Delivered,3713.76
1859,431,10,,2026-05-18 11:42:14,Cancelled,1657.67
1860,1078,3,,2026-07-11 16:42:47,Delivered,1640.72
1861,574,10,5.0,2026-04-25 22:37:53,Delivered,394.48
1862,970,6,,2026-04-29 12:48:28,Cancelled,754.84
1863,1158,18,5.0,2026-04-13 20:27:34,Delivered,2487.62
1864,1186,11,3.0,2026-02-15 07:45:26,Delivered,2630.02
1865,956,3,4.0,2026-05-04 19:42:39,Placed,205.02
1866,625,23,,2026-04-25 19:47:33,Delivered,1913.42
1867,452,6,,2026-02-07 19:12:22,Delivered,1326.24
1868,732,4,3.0,2026-05-01 12:08:16,Delivered,3782.86
1869,697,6,2.0,2026-08-04 23:14:13,Delivered,2134.59
1870,599,8,,2026-05-20 10:02:32,Delivered,5381.62
1871,685,9,4.0,2026-03-05 21:42:27,Delivered,2510.69
1872,815,10,,2026-03-29 22:23:31,Delivered,6569.44
1873,167,17,5.0,2026-07-24 15:47:46,Cancelled,5747.09
1874,67,6,,2026-06-23 09:16:56,Delivered,552.38
1875,622,4,5.0,2026-07-19 23:31:10,Delivered,5301.3
1876,928,23,,2026-03-30 11:54:50,Delivered,3637.83
1877,1060,10,,2026-05-21 22:15:24,Delivered,5116.11
1878,966,6,,2026-05-28 16:17:01,Delivered,2039.64
1879,626,24,,2026-05-22 07:17:15,Delivered,1349.28
1880,4,2,,2026-05-12 18:30:12,Delivered,3288.2
1881,1007,18,4.0,2026-04-16 13:48:00,Delivered,623.88
1882,83,29,5.0,2026-05-25 21:47:19,Delivered,3602.44
1883,887,23,,2026-07-27 13:20:03,Delivered,1764.9
1884,19,6,3.0,2026-05-16 19:04:53,Delivered,3601.62
1885,1123,6,,2026-03-05 22:35:02,Delivered,336.06
1886,1008,25,,2026-02-27 13:20:54,Delivered,2312.16
1887,886,21,,2026-04-02 07:49:04,Delivered,2843.05
1888,208,26,,2026-05-29 08:52:13,Delivered,2537.86
1889,460,10,,2026-07-13 14:29:07,Delivered,2511.45
1890,909,24,,2026-04-12 12:00:58,Delivered,1719.59
1891,821,3,,2026-06-11 09:18:44,Delivered,299.55
1892,642,22,,2026-05-06 14:29:56,Delivered,1398.63
1893,686,17,4.0,2026-08-01 19:37:31,Cancelled,1437.14
1894,162,22,,2026-04-04 12:32:00,Cancelled,2400.62
1895,775,6,5.0,2026-04-10 10:29:56,Delivered,1408.89
1896,675,2,3.0,2026-06-26 09:33:01,Delivered,1515.04
1897,1065,23,,2026-06-01 15:47:39,Delivered,1241.82
1898,758,25,2.0,2026-06-06 23:29:29,Delivered,635.36
1899,93,10,2.0,2026-04-07 11:18:13,Delivered,3819.49
1900,1093,18,,2026-07-15 17:58:03,Delivered,2749.52
1901,476,21,,2026-05-19 16:14:24,Delivered,2293.11
1902,38,2,,2026-03-04 15:23:06,Cancelled,3210.64
1903,792,21,3.0,2026-06-01 20:56:28,Delivered,525.49
1904,71,11,,2026-02-06 14:21:48,Delivered,3173.95
1905,775,6,,2026-06-18 22:07:28,Returned,2412.94
1906,880,9,2.0,2026-04-16 14:32:00,Delivered,1408.37
1907,104,8,1.0,2026-05-13 14:28:41,Cancelled,2778.34
1908,1178,9,,2026-05-21 16:58:22,Delivered,1220.12
1909,1128,21,,2026-07-27 08:40:42,Delivered,1159.28
1910,401,19,,2026-05-23 17:09:29,Delivered,1907.37
1911,480,16,,2026-04-03 22:08:36,Placed,224.13
1912,475,17,5.0,2026-05-07 14:33:21,Delivered,1781.27
1913,978,25,,2026-02-28 16:32:53,Delivered,3425.44
1914,210,14,,2026-03-08 15:11:54,Delivered,212.92
1915,645,17,2.0,2026-02-20 10:01:16,Delivered,1206.24
1916,1013,15,,2026-04-24 13:43:35,Delivered,223.33
1917,177,6,,2026-06-07 19:31:28,Delivered,1715.85
1918,607,25,,2026-02-28 18:52:27,Delivered,2382.96
1919,144,28,,2026-03-15 07:34:22,Delivered,3994.52
1920,116,12,1.0,2026-07-14 19:46:32,Delivered,1788.05
1921,1011,18,,2026-03-04 16:28:50,Delivered,2232.86
1922,278,10,,2026-05-10 18:37:02,Delivered,2154.62
1923,293,16,4.0,2026-06-21 13:06:52,Delivered,4168.79
1924,1186,10,,2026-06-27 21:57:52,Delivered,4243.99
1925,663,10,,2026-05-03 07:19:07,Delivered,347.53
1926,269,30,,2026-04-29 16:08:59,Cancelled,2948.1
1927,1061,21,,2026-04-11 07:33:53,Delivered,3956.83
1928,53,6,,2026-03-28 23:36:48,Delivered,1664.96
1929,688,23,,2026-06-16 09:21:02,Delivered,4099.12
1930,505,2,,2026-06-20 07:01:46,Cancelled,3025.65
1931,42,16,2.0,2026-06-20 20:31:16,Cancelled,2499.14
1932,504,24,,2026-04-07 14:02:33,Delivered,1443.28
1933,1080,8,,2026-02-25 07:32:54,Delivered,873.64
1934,574,10,,2026-06-29 07:20:14,Delivered,1213.91
1935,483,22,,2026-07-07 19:29:53,Delivered,6994.1
1936,1137,2,,2026-03-20 19:00:39,Cancelled,669.99
1937,801,2,,2026-07-14 16:59:42,Delivered,3515.6
1938,330,12,,2026-02-22 17:32:49,Delivered,1231.56
1939,903,12,,2026-08-02 20:11:39,Delivered,5337.67
1940,695,4,5.0,2026-02-13 21:14:01,Delivered,2291.86
1941,1111,9,,2026-06-03 15:22:26,Delivered,1887.7
1942,793,12,5.0,2026-04-09 11:22:12,Delivered,885.69
1943,446,26,,2026-07-04 18:34:36,Delivered,922.43
1944,34,6,,2026-07-25 10:18:50,Delivered,2546.46
1945,937,6,2.0,2026-06-05 09:03:18,Cancelled,1540.57
1946,880,8,3.0,2026-06-22 19:11:32,Delivered,1330.42
1947,323,21,,2026-07-28 09:41:22,Delivered,2730.77
1948,726,14,,2026-06-14 16:03:31,Delivered,1856.3
1949,823,15,,2026-04-09 11:16:30,Delivered,2914.92
1950,897,8,,2026-02-11 23:28:56,Delivered,2365.91
1951,668,11,,2026-04-13 12:12:40,Cancelled,4060.41
1952,826,10,,2026-05-08 13:40:39,Delivered,2044.67
1953,1073,27,,2026-02-19 22:23:33,Delivered,3551.3
1954,13,6,,2026-07-05 14:13:31,Delivered,3844.59
1955,263,8,,2026-05-29 10:12:49,Delivered,2032.81
1956,1120,17,,2026-07-10 16:50:05,Delivered,219.2
1957,836,29,,2026-03-27 17:21:22,Cancelled,224.13
1958,1180,29,,2026-06-20 15:24:42,Cancelled,91.12
1959,574,10,2.0,2026-03-15 10:06:39,Delivered,2891.32
1960,930,25,5.0,2026-05-01 15:23:18,Cancelled,137.2
1961,786,10,5.0,2026-02-08 16:40:58,Delivered,2882.87
1962,887,23,4.0,2026-04-24 20:31:24,Delivered,3990.3
1963,164,25,5.0,2026-02-22 13:39:46,Cancelled,1459.0
1964,891,17,1.0,2026-06-12 16:20:01,Delivered,1018.97
1965,1141,6,,2026-03-24 20:03:00,Delivered,3327.74
1966,195,27,,2026-08-03 22:23:38,Delivered,4163.81
1967,861,22,,2026-07-31 12:33:04,Delivered,4524.71
1968,191,6,,2026-02-17 11:46:04,Delivered,5355.71
1969,546,15,,2026-05-24 13:49:44,Cancelled,4105.66
1970,18,6,,2026-07-15 14:20:37,Delivered,1538.11
1971,626,25,,2026-08-01 23:52:40,Delivered,2605.45
1972,942,30,3.0,2026-07-02 14:49:57,Delivered,2421.07
1973,786,11,,2026-03-11 21:55:18,Delivered,4715.72
1974,862,30,,2026-04-08 11:58:01,Delivered,1358.56
1975,501,14,,2026-06-03 08:12:15,Delivered,4135.3
1976,382,11,,2026-06-12 17:19:38,Delivered,1373.85
1977,171,6,,2026-06-15 15:45:02,Delivered,3306.88
1978,957,13,3.0,2026-05-30 19:38:51,Delivered,1450.94
1979,685,8,,2026-05-22 15:57:54,Delivered,1078.99
1980,570,14,,2026-03-21 13:00:59,Delivered,2435.4
1981,700,15,,2026-05-13 11:27:33,Delivered,750.44
1982,571,16,2.0,2026-02-17 10:38:35,Delivered,608.02
1983,792,21,,2026-02-05 10:55:22,Cancelled,4060.04
1984,667,21,,2026-07-03 15:06:41,Delivered,3881.81
1985,26,25,,2026-06-02 12:22:41,Delivered,3635.97
1986,23,3,,2026-04-14 17:04:08,Returned,2968.54
1987,37,26,,2026-02-05 23:02:46,Cancelled,4651.82
1988,1189,6,,2026-06-30 20:27:49,Delivered,5038.89
1989,934,9,,2026-08-01 14:01:51,Delivered,3415.92
1990,33,19,,2026-03-23 10:46:00,Delivered,3569.79
1991,698,8,,2026-06-10 12:14:51,Delivered,1184.59
1992,1005,11,2.0,2026-02-24 11:24:31,Delivered,1156.51
1993,63,29,,2026-05-04 13:54:26,Delivered,1514.04
1994,800,23,,2026-05-05 09:32:29,Delivered,3730.06
1995,1058,22,,2026-07-10 08:41:09,Delivered,4974.69
1996,49,6,1.0,2026-05-01 22:32:26,Delivered,639.2
1997,333,16,,2026-07-10 19:19:17,Delivered,3503.28
1998,329,6,,2026-05-18 21:08:13,Delivered,4495.28
1999,937,6,,2026-05-13 09:01:42,Delivered,773.08
2000,394,17,,2026-04-20 12:24:31,Delivered,1678.08
2001,489,12,,2026-02-24 11:23:31,Returned,3869.56
2002,545,6,3.0,2026-04-23 07:11:31,Delivered,422.43
2003,418,10,,2026-05-18 09:36:15,Delivered,844.96
2004,755,15,,2026-03-03 19:48:53,Delivered,347.6
2005,656,2,3.0,2026-03-16 07:36:31,Delivered,1507.8
2006,141,8,,2026-05-04 22:02:39,Delivered,870.14
2007,1094,27,,2026-02-14 11:18:54,Placed,2226.02
2008,465,27,,2026-02-17 22:11:58,Delivered,1649.38
2009,232,15,,2026-02-21 18:01:10,Delivered,2739.1
2010,38,2,,2026-06-04 07:25:58,Placed,32.63
2011,929,17,3.0,2026-07-03 08:18:34,Delivered,3484.42
2012,399,12,1.0,2026-02-28 09:12:38,Delivered,1189.17
2013,939,13,,2026-06-02 15:55:09,Delivered,849.76
2014,1129,23,,2026-05-30 10:40:07,Delivered,4536.92
2015,87,9,1.0,2026-05-23 17:20:08,Placed,2190.67
2016,814,12,2.0,2026-07-27 16:10:51,Cancelled,3262.74
2017,123,4,,2026-03-14 12:58:15,Cancelled,2851.6
2018,1042,24,,2026-06-14 08:25:50,Delivered,2815.25
2019,317,10,,2026-08-04 09:57:24,Delivered,1504.14
2020,1113,6,,2026-05-06 20:51:43,Delivered,2465.85
2021,254,16,,2026-03-31 15:39:36,Returned,4433.73
2022,839,11,,2026-02-11 21:30:53,Delivered,1498.78
2023,202,19,,2026-05-16 09:35:16,Delivered,1501.28
2024,1151,25,,2026-03-26 11:33:59,Delivered,3187.16
2025,569,8,1.0,2026-03-24 16:32:00,Delivered,4504.37
2026,812,19,3.0,2026-03-28 16:50:59,Delivered,3739.13
2027,313,2,2.0,2026-05-24 16:15:31,Delivered,2023.0
2028,975,15,,2026-02-11 20:31:34,Delivered,3210.92
2029,253,6,,2026-06-20 12:01:00,Delivered,4231.34
2030,85,29,,2026-03-28 19:48:30,Delivered,1781.21
2031,323,22,,2026-04-11 14:22:51,Delivered,1339.44
2032,1124,21,,2026-05-19 20:32:02,Delivered,1080.33
2033,352,16,,2026-02-16 07:44:35,Delivered,1391.07
2034,105,16,,2026-05-23 16:09:59,Delivered,6096.44
2035,528,11,4.0,2026-04-09 18:27:15,Delivered,530.75
2036,729,6,,2026-07-11 10:24:44,Delivered,1168.46
2037,1105,6,,2026-05-24 07:19:56,Delivered,3356.01
2038,308,3,,2026-03-27 23:56:09,Cancelled,4386.18
2039,379,3,,2026-07-27 22:27:29,Delivered,3602.78
2040,177,6,,2026-04-30 12:12:34,Delivered,1495.52
2041,1199,14,,2026-06-20 07:57:43,Delivered,681.35
2042,924,19,2.0,2026-05-16 22:49:59,Delivered,1219.49
2043,325,19,,2026-07-12 17:12:37,Delivered,5586.42
2044,599,9,,2026-03-23 07:39:28,Delivered,4551.22
2045,826,10,,2026-07-10 19:29:48,Delivered,1408.61
2046,669,18,4.0,2026-07-20 17:47:55,Cancelled,3983.44
2047,492,28,2.0,2026-04-14 18:21:00,Delivered,1333.82
2048,92,24,3.0,2026-04-25 10:22:03,Delivered,138.91
2049,458,29,,2026-05-17 16:11:20,Delivered,754.12
2050,760,21,,2026-03-02 17:11:16,Delivered,3033.41
2051,306,30,,2026-02-28 10:25:02,Cancelled,1667.34
2052,674,14,,2026-02-11 08:02:51,Delivered,2800.32
2053,1022,12,,2026-02-28 21:21:45,Placed,990.18
2054,732,4,,2026-08-01 12:12:32,Cancelled,2653.08
2055,706,17,2.0,2026-04-04 19:43:23,Cancelled,2799.08
2056,448,4,,2026-03-26 21:23:31,Delivered,809.04
2057,808,29,,2026-06-23 19:28:11,Delivered,2606.85
2058,838,29,,2026-06-15 18:42:21,Delivered,2484.78
2059,69,6,,2026-04-21 12:52:33,Delivered,3510.39
2060,895,24,,2026-05-03 21:07:43,Delivered,1641.66
2061,565,18,,2026-06-01 10:59:34,Delivered,385.14
2062,544,10,4.0,2026-05-24 17:57:08,Cancelled,439.96
2063,188,3,,2026-03-23 21:48:05,Delivered,2446.17
2064,472,11,,2026-02-07 08:28:13,Cancelled,2257.18
2065,847,19,,2026-02-13 07:30:50,Delivered,1742.28
2066,594,10,,2026-05-06 13:11:02,Delivered,3447.23
2067,355,8,,2026-06-21 16:23:20,Delivered,371.68
2068,731,14,,2026-02-07 18:35:31,Delivered,367.32
2069,221,18,,2026-07-25 23:06:41,Delivered,6455.34
2070,984,25,,2026-06-19 12:35:48,Delivered,3960.48
2071,1056,30,,2026-05-14 13:52:58,Delivered,3920.05
2072,189,29,,2026-06-23 23:46:19,Delivered,1042.14
2073,1030,24,,2026-05-23 20:18:54,Delivered,2284.33
2074,949,13,,2026-07-11 23:58:49,Delivered,3414.79
2075,386,12,,2026-07-26 21:20:32,Delivered,316.97
2076,1068,4,,2026-04-19 18:44:40,Delivered,3539.48
2077,944,9,,2026-05-27 18:32:41,Delivered,5845.37
2078,75,25,,2026-05-24 10:49:56,Delivered,3192.93
2079,743,2,,2026-06-23 20:13:57,Delivered,2202.12
2080,529,6,,2026-04-08 22:11:25,Cancelled,2880.21
2081,746,18,,2026-04-12 21:37:30,Delivered,3357.21
2082,543,26,,2026-07-23 07:52:59,Delivered,2815.21
2083,171,6,,2026-06-10 15:00:16,Delivered,1842.54
2084,69,6,,2026-06-07 16:31:01,Delivered,936.72
2085,1185,23,,2026-04-07 15:09:58,Delivered,5505.63
2086,359,17,,2026-06-20 23:35:56,Cancelled,1867.64
2087,610,2,,2026-04-30 14:57:00,Cancelled,2124.1
2088,1144,27,1.0,2026-05-31 17:40:55,Returned,2005.62
2089,200,16,,2026-06-16 14:39:12,Returned,174.48
2090,694,4,,2026-03-10 17:20:15,Delivered,1961.11
2091,444,25,,2026-06-14 20:16:59,Delivered,3791.5
2092,807,9,1.0,2026-02-08 22:16:25,Returned,2154.74
2093,897,8,,2026-05-03 14:42:46,Delivered,2882.95
2094,913,23,,2026-04-03 21:13:07,Delivered,3064.9
2095,1165,11,,2026-03-21 08:01:39,Delivered,1450.56
2096,693,26,1.0,2026-05-31 17:15:46,Cancelled,4179.48
2097,361,25,,2026-08-01 20:54:00,Delivered,4652.34
2098,735,24,,2026-02-10 23:58:13,Delivered,1303.67
2099,1092,6,,2026-05-03 12:34:44,Delivered,1051.02
2100,1137,4,2.0,2026-07-31 22:25:11,Delivered,127.78
2101,711,6,3.0,2026-06-16 14:22:02,Cancelled,3839.07
2102,292,11,,2026-03-19 16:08:15,Delivered,1420.44
2103,77,25,,2026-07-02 18:20:23,Returned,420.88
2104,485,8,,2026-05-10 14:50:30,Delivered,1150.52
2105,731,16,,2026-03-05 17:01:01,Delivered,1310.22
2106,48,3,,2026-03-30 17:18:49,Delivered,2538.07
2107,706,18,1.0,2026-06-12 11:10:57,Delivered,2327.03
2108,1059,23,,2026-05-04 08:02:24,Delivered,6172.26
2109,485,9,,2026-05-12 09:01:38,Delivered,2105.32
2110,122,21,,2026-07-01 15:42:32,Delivered,3481.02
2111,100,8,,2026-03-23 21:33:48,Delivered,1850.94
2112,301,18,,2026-06-20 20:37:58,Delivered,3220.29
2113,966,6,,2026-02-05 09:55:21,Delivered,1633.26
2114,218,22,,2026-04-12 13:19:18,Placed,197.5
2115,256,10,,2026-02-25 17:04:36,Delivered,6130.96
2116,495,12,,2026-06-05 17:18:48,Delivered,1231.91
2117,793,13,,2026-05-12 16:59:06,Delivered,28.9
2118,1034,10,,2026-04-05 15:10:54,Delivered,3302.02
2119,460,11,,2026-07-21 07:38:24,Delivered,2225.63
2120,189,30,,2026-05-30 13:04:26,Delivered,3649.1
2121,875,27,,2026-04-06 08:20:20,Delivered,1106.36
2122,575,26,1.0,2026-04-07 22:47:39,Delivered,3629.65
2123,178,14,5.0,2026-07-13 16:21:52,Delivered,2013.44
2124,14,3,,2026-02-12 13:36:27,Delivered,1307.98
2125,374,15,5.0,2026-05-06 15:12:59,Delivered,1675.72
2126,1141,6,,2026-04-24 13:11:46,Delivered,2202.12
2127,1005,10,,2026-05-20 21:05:09,Delivered,2525.95
2128,1192,2,,2026-08-01 14:42:39,Cancelled,3484.38
2129,983,30,,2026-05-21 18:15:24,Placed,1264.34
2130,672,8,,2026-07-09 22:27:52,Delivered,6473.69
2131,679,9,,2026-05-09 23:46:30,Placed,4168.72
2132,918,6,,2026-07-06 16:47:42,Delivered,3342.62
2133,15,21,,2026-03-22 08:49:32,Cancelled,1964.44
2134,746,19,,2026-05-19 19:04:32,Delivered,589.68
2135,364,21,,2026-04-11 21:17:20,Delivered,3625.97
2136,1037,23,,2026-02-17 13:51:46,Delivered,1368.36
2137,49,6,,2026-07-28 12:05:21,Delivered,1878.73
2138,963,10,,2026-04-03 17:49:30,Delivered,1780.5
2139,347,6,2.0,2026-06-18 09:21:31,Delivered,2307.61
2140,90,3,,2026-06-14 15:50:34,Delivered,589.68
2141,41,23,,2026-06-22 08:57:36,Delivered,1331.16
2142,813,12,,2026-04-25 08:10:05,Delivered,2095.03
2143,1031,10,1.0,2026-08-04 20:40:28,Delivered,2640.25
2144,1134,6,,2026-05-21 14:45:59,Delivered,312.03
2145,818,6,3.0,2026-05-16 18:08:41,Placed,1291.87
2146,1178,8,3.0,2026-06-17 15:57:13,Returned,2423.74
2147,897,8,,2026-06-22 08:05:30,Delivered,3174.76
2148,760,23,5.0,2026-06-29 20:02:20,Delivered,2057.28
2149,737,15,3.0,2026-04-07 20:32:35,Delivered,2248.38
2150,1090,24,,2026-07-25 07:58:02,Cancelled,1730.72
2151,259,23,2.0,2026-05-02 22:33:10,Delivered,66.23
2152,156,6,1.0,2026-02-16 07:11:44,Delivered,1755.64
2153,633,18,,2026-03-27 10:19:00,Delivered,1583.64
2154,1004,22,2.0,2026-02-15 14:34:48,Delivered,653.85
2155,904,18,,2026-05-15 22:35:10,Delivered,2202.12
2156,808,27,3.0,2026-05-25 19:24:11,Delivered,4662.27
2157,278,10,,2026-05-07 15:28:39,Cancelled,1802.74
2158,527,13,,2026-05-03 12:04:27,Delivered,1883.46
2159,756,24,,2026-04-25 16:09:32,Delivered,2582.98
2160,584,21,,2026-03-08 14:45:22,Cancelled,1013.96
2161,357,9,,2026-05-17 17:45:54,Delivered,376.36
2162,1040,30,,2026-06-26 21:12:35,Delivered,2442.91
2163,698,8,,2026-07-10 22:23:48,Delivered,738.46
2164,144,28,2.0,2026-05-15 18:51:33,Delivered,957.07
2165,937,6,4.0,2026-07-16 20:24:43,Delivered,2882.47
2166,1011,18,,2026-03-13 19:45:24,Delivered,2741.56
2167,134,26,,2026-06-07 23:10:32,Delivered,3956.21
2168,574,11,,2026-03-29 14:37:05,Delivered,101.25
2169,540,21,,2026-02-13 14:57:33,Delivered,1748.66
2170,419,13,,2026-05-26 21:52:57,Cancelled,3457.54
2171,775,6,,2026-07-12 07:40:21,Delivered,4330.47
2172,368,2,,2026-07-11 10:38:19,Delivered,4864.96
2173,541,16,,2026-07-22 07:02:54,Delivered,2877.48
2174,771,23,,2026-06-08 14:45:21,Delivered,5282.22
2175,203,8,,2026-02-19 18:06:08,Delivered,1533.72
2176,1074,11,1.0,2026-04-02 20:59:48,Delivered,2137.64
2177,172,11,,2026-04-10 16:05:44,Delivered,4622.12
2178,79,8,3.0,2026-03-23 11:42:20,Delivered,1698.78
2179,529,6,,2026-07-13 09:38:04,Delivered,250.55
2180,692,22,,2026-03-08 14:41:49,Delivered,1576.67
2181,513,3,5.0,2026-05-21 13:56:34,Delivered,2197.05
2182,570,16,,2026-07-28 11:55:54,Placed,1751.46
2183,686,19,,2026-07-29 15:23:02,Delivered,1462.1
2184,68,14,2.0,2026-06-25 22:35:39,Delivered,382.9
2185,397,11,5.0,2026-02-05 22:45:42,Delivered,6253.3
2186,67,6,,2026-03-17 07:40:45,Delivered,2551.06
2187,332,26,,2026-06-08 23:29:52,Delivered,4764.08
2188,925,3,,2026-07-14 07:18:18,Delivered,1709.9
2189,217,9,,2026-04-29 16:18:02,Cancelled,1427.73
2190,917,17,,2026-04-08 14:41:59,Delivered,5305.69
2191,516,17,5.0,2026-07-04 22:59:00,Delivered,2265.95
2192,64,16,,2026-03-19 19:30:06,Delivered,3646.5
2193,570,15,2.0,2026-07-24 22:07:40,Delivered,638.04
2194,304,18,2.0,2026-04-07 20:10:57,Delivered,2221.55
2195,962,3,,2026-02-06 11:01:54,Delivered,3274.44
2196,19,6,,2026-07-16 22:55:24,Delivered,3413.06
2197,293,16,5.0,2026-03-24 07:33:26,Delivered,4069.09
2198,628,26,,2026-03-04 13:33:11,Delivered,4271.72
2199,625,21,,2026-04-26 14:09:07,Delivered,3335.99
2200,906,16,,2026-06-25 20:48:26,Delivered,1290.07
2201,1141,6,,2026-08-01 11:41:11,Delivered,1937.74
2202,746,19,3.0,2026-05-20 23:31:46,Delivered,2618.99
2203,1082,19,,2026-02-08 23:13:07,Delivered,1161.5
2204,413,15,,2026-08-04 08:40:00,Delivered,2642.47
2205,1185,23,,2026-02-27 15:17:44,Delivered,3846.5
2206,38,4,5.0,2026-08-03 20:56:32,Delivered,424.45
2207,107,17,,2026-03-29 08:04:22,Delivered,1919.34
2208,347,6,3.0,2026-04-05 07:41:26,Delivered,1580.03
2209,1006,29,5.0,2026-04-13 15:44:35,Delivered,2364.53
2210,372,29,,2026-03-14 21:52:20,Cancelled,4823.75
2211,108,16,,2026-04-28 12:15:31,Cancelled,5583.07
2212,916,3,5.0,2026-05-15 10:29:00,Delivered,2434.05
2213,878,4,,2026-07-28 17:59:50,Delivered,3237.1
2214,343,17,,2026-05-20 13:54:06,Delivered,2162.57
2215,629,29,,2026-03-06 09:03:46,Delivered,3676.29
2216,835,19,2.0,2026-06-13 13:11:30,Cancelled,484.94
2217,1028,4,,2026-07-10 18:03:56,Delivered,2095.18
2218,126,13,1.0,2026-07-16 23:31:49,Placed,1558.41
2219,519,13,,2026-03-21 21:53:47,Delivered,2362.61
2220,881,16,,2026-02-19 21:19:48,Delivered,3957.51
2221,1076,8,,2026-03-03 20:07:32,Delivered,1232.94
2222,956,4,3.0,2026-04-19 21:29:06,Delivered,194.14
2223,478,8,,2026-03-31 13:56:07,Delivered,4239.74
2224,336,24,,2026-07-16 22:01:29,Delivered,4212.6
2225,1084,17,,2026-04-07 14:09:45,Delivered,137.54
2226,358,2,,2026-05-10 09:51:22,Delivered,246.21
2227,210,16,,2026-06-25 16:31:13,Delivered,3473.71
2228,2,23,,2026-07-24 23:16:16,Delivered,364.48
2229,1133,6,4.0,2026-06-21 21:07:40,Returned,1752.75
2230,588,24,,2026-06-19 11:37:01,Delivered,876.4
2231,164,25,3.0,2026-04-10 20:42:09,Delivered,2792.92
2232,586,11,,2026-03-27 11:39:38,Placed,2249.56
2233,380,10,,2026-06-11 14:36:53,Delivered,2200.61
2234,198,11,,2026-07-05 18:26:39,Delivered,3062.9
2235,859,29,,2026-06-05 18:24:42,Delivered,2097.64
2236,104,8,,2026-05-21 23:52:31,Delivered,2257.88
2237,506,9,,2026-03-21 18:16:05,Delivered,4152.44
2238,101,21,1.0,2026-04-21 12:14:27,Delivered,71.66
2239,1031,11,,2026-08-02 23:42:46,Delivered,3683.49
2240,990,26,5.0,2026-03-15 13:20:51,Delivered,354.06
2241,1,10,,2026-05-18 21:13:52,Delivered,2889.23
2242,930,24,,2026-04-16 19:14:43,Delivered,2603.56
2243,473,16,,2026-06-30 23:48:10,Cancelled,4893.02
2244,1056,28,,2026-04-06 20:05:10,Delivered,3460.12
2245,330,12,2.0,2026-06-21 16:53:57,Cancelled,1055.88
2246,1073,29,,2026-05-24 09:15:08,Delivered,1651.59
2247,473,15,2.0,2026-04-09 17:38:58,Delivered,795.15
2248,357,8,,2026-03-24 22:36:49,Cancelled,1700.52
2249,1071,26,,2026-05-10 19:55:57,Delivered,1857.36
2250,10,11,,2026-03-05 11:48:07,Delivered,703.09
2251,7,15,,2026-05-02 12:14:14,Delivered,1802.5
2252,1149,25,3.0,2026-07-08 21:18:46,Delivered,2018.7
2253,1116,27,,2026-07-06 23:59:53,Delivered,132.01
2254,84,2,5.0,2026-07-19 12:49:33,Delivered,212.92
2255,826,10,,2026-02-06 19:28:27,Delivered,1929.72
2256,791,24,,2026-06-14 15:48:23,Delivered,4482.95
2257,1059,21,,2026-06-22 16:23:49,Cancelled,669.3
2258,920,10,4.0,2026-03-01 09:49:03,Delivered,4292.53
2259,354,9,5.0,2026-04-15 20:33:52,Delivered,4337.2
2260,671,12,,2026-02-09 18:39:54,Delivered,1118.11
2261,1076,9,5.0,2026-07-13 18:09:46,Delivered,5775.47
2262,763,14,,2026-02-08 17:52:43,Delivered,1583.64
2263,613,15,2.0,2026-06-08 20:07:57,Delivered,1091.21
2264,587,27,,2026-07-22 16:37:56,Delivered,2508.97
2265,66,6,2.0,2026-03-03 22:14:40,Delivered,4580.96
2266,277,28,,2026-05-12 23:04:12,Delivered,325.64
2267,251,14,,2026-06-17 22:44:51,Cancelled,3231.76
2268,756,26,1.0,2026-07-17 20:41:46,Delivered,3984.36
2269,542,24,3.0,2026-04-02 19:45:56,Delivered,2840.98
2270,1096,8,5.0,2026-07-01 13:30:11,Delivered,3347.57
2271,1111,9,,2026-03-06 10:31:35,Delivered,1267.47
2272,483,21,,2026-04-08 13:01:38,Delivered,2805.65
2273,349,22,,2026-03-09 21:10:06,Cancelled,158.31
2274,568,8,4.0,2026-05-07 09:27:02,Delivered,565.94
2275,208,24,,2026-04-30 16:25:21,Delivered,2664.87
2276,839,10,,2026-04-09 11:27:38,Cancelled,3314.52
2277,945,10,,2026-03-02 17:53:46,Delivered,1392.26
2278,504,25,,2026-07-14 13:39:39,Cancelled,3270.2
2279,830,23,,2026-06-23 22:56:33,Delivered,2590.85
2280,1125,9,,2026-06-02 08:12:19,Delivered,3957.54
2281,672,8,,2026-04-11 18:12:39,Delivered,800.92
2282,725,25,,2026-05-21 18:01:03,Cancelled,3631.03
2283,523,6,,2026-02-18 15:49:53,Delivered,1899.34
2284,1199,15,,2026-06-29 13:47:50,Delivered,2962.21
2285,144,28,,2026-06-23 14:30:22,Delivered,2832.51
2286,937,6,3.0,2026-03-10 13:36:50,Delivered,3676.78
2287,820,10,,2026-05-11 20:39:31,Delivered,3016.69
2288,882,25,1.0,2026-07-17 15:40:36,Delivered,1214.12
2289,833,9,,2026-07-18 10:54:30,Delivered,4084.95
2290,429,23,,2026-03-05 09:34:11,Delivered,3520.4
2291,562,24,5.0,2026-02-25 18:36:23,Delivered,3716.77
2292,1123,6,,2026-04-03 23:40:40,Delivered,1051.44
2293,1032,8,,2026-08-03 20:12:08,Delivered,3044.38
2294,1155,12,1.0,2026-05-16 20:38:12,Delivered,5516.38
2295,961,16,3.0,2026-04-17 09:52:07,Delivered,1653.62
2296,70,6,,2026-04-03 23:28:13,Delivered,1050.62
2297,388,12,,2026-04-05 22:12:29,Placed,555.76
2298,1051,16,5.0,2026-05-13 19:15:09,Cancelled,710.28
2299,1087,18,5.0,2026-02-16 07:30:29,Delivered,2432.81
2300,658,12,,2026-06-20 22:09:41,Delivered,1394.77
2301,1188,14,4.0,2026-03-24 16:30:54,Delivered,342.8
2302,578,16,,2026-02-20 22:38:58,Delivered,1145.79
2303,994,19,,2026-07-24 14:26:27,Delivered,1111.56
2304,541,16,,2026-04-23 13:49:25,Delivered,142.17
2305,744,25,,2026-04-17 18:44:50,Delivered,376.56
2306,665,27,1.0,2026-07-25 22:05:29,Delivered,3328.77
2307,746,18,,2026-03-23 12:45:29,Delivered,3418.68
2308,366,17,,2026-02-26 20:18:49,Delivered,2627.73
2309,1079,12,,2026-03-04 12:49:32,Delivered,1837.8
2310,1071,25,,2026-04-14 22:22:24,Delivered,3094.35
2311,231,21,,2026-07-04 15:53:36,Delivered,1170.83
2312,134,24,,2026-02-13 14:33:14,Cancelled,952.61
2313,986,15,,2026-05-17 18:33:24,Delivered,3491.08
2314,922,4,,2026-08-03 16:43:25,Delivered,200.44
2315,395,11,,2026-06-21 22:04:04,Cancelled,1979.14
2316,901,11,,2026-03-04 15:55:10,Delivered,2344.36
2317,550,11,,2026-05-11 17:16:21,Delivered,1544.14
2318,902,12,,2026-05-20 07:48:04,Delivered,2671.17
2319,679,9,,2026-04-16 16:46:53,Delivered,442.67
2320,960,25,,2026-04-22 15:43:27,Delivered,804.59
2321,843,2,3.0,2026-07-13 21:13:55,Delivered,1529.58
2322,1010,27,,2026-06-18 09:48:05,Delivered,420.58
2323,904,18,,2026-04-20 19:22:44,Returned,3742.4
2324,951,19,,2026-06-24 22:33:22,Delivered,1065.52
2325,334,13,,2026-07-01 12:59:53,Delivered,902.16
2326,929,18,,2026-06-26 18:09:39,Cancelled,3234.55
2327,600,17,,2026-02-07 16:50:46,Returned,1358.56
2328,873,6,,2026-07-10 16:47:07,Cancelled,2317.61
2329,226,14,,2026-06-02 20:38:09,Delivered,1538.1
2330,90,3,1.0,2026-03-20 16:39:27,Delivered,2765.24
2331,204,24,2.0,2026-03-04 15:58:13,Delivered,100.48
2332,364,22,,2026-06-06 13:38:03,Delivered,1702.22
2333,934,9,,2026-07-22 21:37:46,Cancelled,2517.98
2334,629,29,,2026-03-27 08:35:25,Returned,902.4
2335,191,6,,2026-07-27 14:58:14,Delivered,3018.73
2336,1172,15,2.0,2026-04-23 12:18:47,Returned,1400.63
2337,151,6,4.0,2026-06-13 08:28:13,Delivered,337.78
2338,1165,11,,2026-02-15 15:46:59,Delivered,5195.03
2339,941,28,,2026-06-18 17:28:35,Delivered,1047.09
2340,628,24,,2026-02-06 12:44:15,Delivered,1423.84
2341,177,6,2.0,2026-03-27 23:41:51,Delivered,2190.24
2342,87,9,,2026-07-21 14:59:39,Delivered,5993.42
2343,1156,8,,2026-05-14 11:05:18,Delivered,1272.54
2344,997,13,3.0,2026-04-03 13:53:16,Delivered,134.18
2345,978,24,,2026-02-13 20:55:12,Delivered,1957.59
2346,458,27,3.0,2026-07-03 07:36:52,Delivered,4611.93
2347,1156,8,,2026-02-23 21:36:26,Returned,302.85
2348,26,25,,2026-07-17 09:27:24,Delivered,2009.56
2349,333,15,,2026-06-17 22:07:10,Delivered,7693.97
2350,1169,10,,2026-06-11 09:27:52,Placed,2053.88
2351,549,9,1.0,2026-06-20 21:55:48,Delivered,2056.07
2352,210,15,4.0,2026-03-23 16:37:59,Returned,655.15
2353,268,9,,2026-04-02 11:29:41,Cancelled,2381.61
2354,711,6,,2026-07-18 15:04:21,Delivered,2076.39
2355,718,19,,2026-04-09 09:13:38,Cancelled,2074.42
2356,452,6,,2026-04-02 10:54:23,Delivered,2457.96
2357,260,17,,2026-02-24 16:34:35,Returned,832.58
2358,100,8,,2026-03-17 11:32:33,Delivered,3104.34
2359,470,17,5.0,2026-03-11 21:30:42,Delivered,5144.79
2360,456,12,,2026-05-10 17:43:34,Delivered,1667.34
2361,189,27,,2026-03-10 07:21:49,Delivered,2093.55
2362,1075,25,,2026-07-08 09:08:42,Delivered,501.1
2363,383,13,3.0,2026-04-30 12:55:49,Delivered,3064.65
2364,697,6,,2026-05-17 15:01:44,Delivered,2537.68
2365,597,23,,2026-05-14 10:52:01,Delivered,939.39
2366,993,27,,2026-03-09 16:46:25,Delivered,1436.88
2367,548,26,,2026-07-31 14:13:50,Delivered,3293.8
2368,574,10,,2026-07-05 09:10:49,Delivered,3516.53
2369,972,11,,2026-07-22 09:10:03,Delivered,1082.95
2370,850,29,,2026-06-15 09:56:44,Delivered,1151.4
2371,655,25,,2026-04-09 22:56:32,Delivered,3668.6
2372,399,12,,2026-02-18 23:52:13,Delivered,2743.49
2373,228,29,,2026-04-07 09:39:46,Placed,1904.28
2374,874,11,5.0,2026-07-23 15:24:15,Delivered,109.82
2375,699,11,,2026-05-10 23:09:05,Delivered,528.04
2376,76,8,,2026-05-05 14:39:12,Delivered,4178.0
2377,1188,14,2.0,2026-03-18 21:45:21,Delivered,1236.06
2378,306,29,,2026-03-08 09:59:51,Delivered,4250.52
2379,782,13,,2026-03-05 15:06:09,Cancelled,3566.9
2380,321,17,,2026-07-05 15:56:20,Delivered,158.31
2381,57,29,,2026-07-24 12:52:47,Delivered,5706.95
2382,309,18,,2026-05-20 15:11:39,Delivered,969.58
2383,606,9,,2026-05-30 10:19:54,Delivered,1730.38
2384,877,8,,2026-05-13 16:58:17,Delivered,1563.1
2385,236,6,4.0,2026-05-04 16:56:06,Delivered,4123.56
2386,291,9,,2026-05-19 13:39:10,Delivered,988.83
2387,282,9,,2026-04-25 10:28:35,Delivered,1276.06
2388,423,2,,2026-06-01 19:56:06,Cancelled,5075.34
2389,392,30,,2026-06-06 10:30:37,Returned,1954.86
2390,349,21,,2026-02-20 12:41:21,Cancelled,4050.94
2391,774,16,,2026-05-23 13:37:48,Delivered,2377.3
2392,44,26,,2026-07-14 21:48:37,Delivered,4498.41
2393,696,15,,2026-02-28 12:47:24,Delivered,1576.38
2394,478,8,,2026-06-12 10:14:25,Delivered,1856.41
2395,21,25,,2026-07-21 12:03:00,Delivered,518.31
2396,494,10,4.0,2026-06-17 19:50:43,Delivered,3552.24
2397,92,26,1.0,2026-03-17 10:40:07,Delivered,1114.63
2398,679,9,,2026-04-08 23:32:26,Delivered,371.68
2399,154,12,,2026-03-18 21:17:48,Delivered,727.76
2400,961,16,,2026-06-26 08:46:19,Delivered,4319.1
2401,89,26,,2026-05-26 20:52:12,Cancelled,3459.53
2402,858,30,,2026-02-23 09:54:02,Cancelled,1854.0
2403,344,2,2.0,2026-07-21 10:25:49,Delivered,2347.03
2404,765,30,,2026-03-25 18:39:45,Delivered,442.88
2405,904,18,,2026-02-21 13:23:35,Delivered,642.24
2406,124,22,,2026-08-01 15:17:08,Delivered,698.94
2407,754,18,,2026-07-15 21:36:35,Delivered,1794.32
2408,559,3,1.0,2026-07-26 23:38:26,Delivered,1956.6
2409,658,13,,2026-03-10 10:01:13,Delivered,5662.13
2410,844,28,,2026-02-18 08:20:36,Delivered,294.92
2411,626,25,,2026-04-30 08:18:13,Delivered,2524.15
2412,239,28,,2026-05-16 18:13:44,Delivered,1349.27
2413,546,16,5.0,2026-04-29 08:37:38,Cancelled,325.98
2414,693,24,,2026-06-13 07:47:12,Placed,5499.23
2415,1007,19,,2026-05-11 11:47:49,Delivered,1760.4
2416,1158,17,,2026-02-23 13:16:12,Delivered,5060.81
2417,796,6,,2026-04-10 11:09:25,Delivered,4644.05
2418,392,30,,2026-07-12 17:39:40,Delivered,3192.98
2419,975,14,,2026-06-22 20:40:19,Delivered,2230.36
2420,639,2,,2026-06-25 16:54:54,Delivered,2720.52
2421,731,15,,2026-05-03 17:40:39,Delivered,2156.29
2422,396,16,,2026-05-25 16:19:07,Delivered,2796.24
2423,584,22,3.0,2026-02-25 22:12:31,Cancelled,1845.9
2424,682,6,,2026-05-11 16:19:21,Delivered,495.64
2425,12,6,,2026-06-25 12:18:00,Delivered,3058.49
2426,734,12,,2026-05-04 23:41:32,Delivered,2860.27
2427,263,9,,2026-04-03 19:56:20,Delivered,629.2
2428,142,18,,2026-07-14 16:50:07,Delivered,1906.15
2429,633,17,4.0,2026-04-13 20:46:40,Delivered,1221.03
2430,442,14,,2026-03-04 12:43:07,Delivered,1002.02
2431,546,14,,2026-02-20 09:17:22,Delivered,2702.4
2432,927,6,1.0,2026-06-01 22:23:10,Delivered,1267.27
2433,916,2,1.0,2026-05-21 21:35:26,Delivered,2140.27
2434,905,30,3.0,2026-03-01 10:46:58,Delivered,3223.42
2435,832,2,1.0,2026-04-18 15:39:54,Delivered,3760.03
2436,476,21,,2026-05-19 21:00:54,Delivered,2345.51
2437,528,11,,2026-03-15 07:32:37,Delivered,1511.1
2438,693,26,,2026-07-14 12:21:06,Delivered,944.79
2439,164,25,,2026-03-24 20:11:22,Cancelled,249.16
2440,516,17,,2026-05-10 23:16:33,Cancelled,3375.51
2441,155,13,,2026-04-25 14:17:58,Cancelled,2840.89
2442,743,4,4.0,2026-06-21 11:04:19,Delivered,1399.43
2443,152,17,,2026-04-03 12:34:12,Delivered,1364.21
2444,1053,6,1.0,2026-07-02 13:42:34,Returned,1685.03
2445,935,12,4.0,2026-05-09 22:05:01,Delivered,2558.35
2446,1116,30,,2026-06-23 21:42:25,Delivered,267.16
2447,259,22,4.0,2026-02-12 14:48:53,Placed,377.68
2448,124,23,,2026-02-24 21:35:52,Delivered,242.67
2449,503,13,,2026-02-12 07:02:08,Returned,3575.21
2450,349,22,,2026-06-26 09:09:50,Delivered,3031.74
2451,399,12,,2026-06-04 07:53:24,Delivered,3201.95
2452,493,18,5.0,2026-06-25 12:11:48,Placed,477.62
2453,891,19,5.0,2026-06-02 12:31:44,Delivered,2228.14
2454,949,12,,2026-06-28 07:30:51,Delivered,1709.32
2455,710,24,,2026-05-06 18:42:59,Delivered,361.28
2456,67,6,,2026-06-03 19:47:05,Delivered,2306.15
2457,724,18,,2026-07-17 11:13:37,Delivered,5049.82
2458,181,22,4.0,2026-06-23 16:34:05,Delivered,5630.23
2459,1081,12,,2026-06-19 23:08:49,Delivered,2226.36
2460,95,29,,2026-04-05 14:58:23,Delivered,2575.34
2461,1162,18,,2026-07-13 20:02:07,Delivered,1561.78
2462,893,8,5.0,2026-02-12 13:43:05,Delivered,2790.49
2463,765,28,,2026-05-20 13:34:34,Delivered,505.3
2464,207,19,,2026-06-16 23:17:09,Returned,140.86
2465,263,9,,2026-04-06 21:51:11,Delivered,1689.36
2466,271,9,,2026-05-03 11:12:47,Delivered,2336.61
2467,1140,4,,2026-07-21 11:53:36,Cancelled,3026.08
2468,1190,3,,2026-04-23 12:45:04,Delivered,57.39
2469,1130,26,,2026-05-03 20:05:25,Cancelled,1267.84
2470,1005,10,,2026-02-27 14:37:03,Delivered,1193.52
2471,731,15,4.0,2026-05-14 09:18:25,Delivered,2820.8
2472,930,24,,2026-05-06 22:32:08,Delivered,527.46
2473,1051,14,,2026-06-30 16:59:07,Delivered,284.9
2474,888,16,,2026-03-31 10:25:39,Delivered,2861.94
2475,503,12,2.0,2026-05-16 15:39:25,Delivered,3790.06
2476,308,4,,2026-05-24 20:15:02,Delivered,1329.38
2477,244,30,2.0,2026-02-26 09:43:13,Delivered,1543.8
2478,749,3,,2026-07-26 19:27:31,Delivered,5993.38
2479,675,4,,2026-05-15 15:04:37,Delivered,5993.75
2480,1118,12,,2026-03-05 21:21:24,Cancelled,2931.04
2481,419,13,,2026-05-10 14:59:07,Delivered,1036.95
2482,15,22,,2026-04-14 16:40:03,Delivered,2699.46
2483,274,19,,2026-04-10 16:35:20,Delivered,3158.05
2484,12,6,4.0,2026-08-01 13:19:31,Delivered,3272.17
2485,323,22,,2026-05-09 20:12:15,Delivered,1730.54
2486,95,28,,2026-06-14 12:47:06,Delivered,1118.67
2487,496,26,,2026-02-22 18:54:19,Delivered,2218.89
2488,555,30,,2026-07-17 20:47:57,Delivered,3130.67
2489,308,2,5.0,2026-05-06 21:22:21,Returned,2295.98
2490,345,10,,2026-05-17 15:49:55,Delivered,1470.82
2491,678,6,1.0,2026-03-30 15:24:32,Delivered,1849.61
2492,789,9,,2026-02-19 14:29:33,Cancelled,4628.69
2493,1080,9,,2026-05-13 12:32:36,Delivered,2208.63
2494,1170,4,,2026-07-20 10:46:43,Delivered,946.34
2495,1192,3,,2026-07-26 21:54:28,Delivered,2991.31
2496,1038,17,1.0,2026-05-18 16:59:30,Delivered,2455.57
2497,315,19,,2026-06-13 21:09:48,Delivered,1853.42
2498,817,10,,2026-07-27 08:33:46,Delivered,1487.72
2499,818,6,,2026-07-11 11:18:03,Delivered,5170.08
2500,1064,10,,2026-07-04 07:25:36,Delivered,3125.39
2501,1002,12,,2026-05-27 21:16:26,Delivered,597.8
2502,653,15,,2026-04-04 22:11:03,Delivered,5225.01
2503,473,16,,2026-03-17 23:41:10,Delivered,4640.48
2504,666,11,,2026-05-13 07:54:32,Returned,3594.3
2505,45,13,2.0,2026-04-06 20:06:29,Delivered,3542.78
2506,362,9,,2026-05-26 13:41:26,Delivered,996.64
2507,887,23,,2026-07-24 17:28:41,Placed,4155.83
2508,254,15,,2026-07-10 22:50:40,Delivered,245.1
2509,411,21,,2026-03-07 14:29:05,Returned,3302.99
2510,57,30,,2026-02-09 16:31:36,Delivered,2744.32
2511,462,21,,2026-06-09 19:59:01,Cancelled,165.02
2512,305,14,,2026-06-13 13:43:42,Delivered,1062.75
2513,615,19,,2026-03-28 21:33:31,Delivered,4023.82
2514,894,25,,2026-04-02 07:19:20,Returned,2945.31
2515,941,29,,2026-05-23 14:20:49,Delivered,205.25
2516,542,25,,2026-06-08 09:20:08,Delivered,2570.88
2517,753,25,,2026-07-02 16:14:41,Delivered,3082.04
2518,647,13,,2026-02-27 13:14:02,Cancelled,332.16
2519,913,23,,2026-02-17 22:48:54,Delivered,716.22
2520,380,11,,2026-04-11 08:47:23,Delivered,170.03
2521,172,10,5.0,2026-02-18 10:23:50,Delivered,2530.34
2522,1035,8,,2026-06-03 07:54:36,Delivered,607.12
2523,894,26,,2026-07-09 15:57:34,Delivered,632.06
2524,708,6,5.0,2026-07-14 21:37:31,Cancelled,3147.18
2525,830,23,,2026-05-16 14:04:56,Delivered,615.87
2526,713,18,,2026-05-20 19:04:32,Delivered,1533.68
2527,964,25,,2026-02-27 19:43:31,Delivered,377.42
2528,964,24,5.0,2026-07-29 16:33:57,Delivered,2259.29
2529,1127,10,,2026-02-28 10:12:36,Delivered,110.72
2530,906,16,,2026-03-31 18:20:25,Delivered,4445.42
2531,999,9,,2026-07-26 20:57:45,Delivered,2435.16
2532,640,19,,2026-02-21 08:37:22,Cancelled,3173.11
2533,1091,23,,2026-06-30 18:16:45,Delivered,592.66
2534,147,19,,2026-06-25 22:38:17,Delivered,898.57
2535,509,17,,2026-03-26 23:04:51,Delivered,435.22
2536,434,8,,2026-06-06 23:29:50,Delivered,3955.05
2537,524,10,2.0,2026-07-24 08:45:05,Delivered,148.31
2538,994,18,,2026-07-10 19:48:40,Returned,3972.33
2539,898,8,,2026-03-15 11:47:15,Placed,2336.63
2540,1108,12,,2026-07-06 22:26:22,Delivered,2697.87
2541,916,4,2.0,2026-03-13 11:28:01,Delivered,3310.5
2542,256,10,,2026-02-26 11:32:16,Delivered,3377.13
2543,481,28,,2026-03-31 09:38:17,Delivered,867.07
2544,1130,26,,2026-02-28 08:34:37,Delivered,1920.11
2545,926,27,3.0,2026-06-03 13:00:46,Delivered,2094.28
2546,304,17,,2026-04-02 11:40:38,Returned,4392.11
2547,851,15,3.0,2026-05-17 16:02:10,Delivered,2342.45
2548,220,28,4.0,2026-04-02 21:30:50,Delivered,763.88
2549,464,6,,2026-05-02 11:46:17,Delivered,4513.16
2550,1038,18,,2026-06-03 20:41:33,Delivered,3438.88
2551,602,18,,2026-07-14 07:10:04,Delivered,3911.96
2552,186,6,,2026-05-11 18:06:09,Delivered,588.8
2553,667,23,,2026-03-09 22:01:37,Delivered,1484.52
2554,877,8,,2026-03-28 10:22:48,Delivered,2926.27
2555,729,6,,2026-07-11 09:57:32,Delivered,130.8
2556,1032,9,,2026-07-06 14:21:22,Cancelled,2357.92
2557,1198,13,,2026-07-11 21:03:07,Delivered,2620.22
2558,73,8,,2026-03-09 14:12:37,Delivered,2931.83
2559,887,21,1.0,2026-03-02 21:06:40,Delivered,1004.37
2560,391,8,2.0,2026-02-28 14:44:09,Delivered,3041.71
2561,439,8,,2026-06-11 16:12:57,Delivered,3866.17
2562,598,13,,2026-03-03 21:05:08,Returned,1309.78
2563,35,13,,2026-04-15 18:01:35,Delivered,1733.86
2564,567,8,,2026-04-01 21:31:59,Delivered,2946.29
2565,323,23,5.0,2026-05-09 19:06:00,Delivered,3324.09
2566,669,18,3.0,2026-03-16 23:58:41,Delivered,953.94
2567,65,10,,2026-04-30 14:11:58,Delivered,509.91
2568,896,28,,2026-07-21 16:57:27,Delivered,1921.77
2569,415,25,,2026-03-08 20:31:30,Delivered,1636.13
2570,395,10,,2026-04-18 23:53:45,Delivered,3554.31
2571,1100,13,,2026-05-22 14:02:09,Delivered,4631.46
2572,198,10,5.0,2026-05-07 22:51:29,Delivered,4221.35
2573,59,2,,2026-08-02 13:54:04,Delivered,2228.82
2574,909,25,5.0,2026-06-05 11:11:30,Delivered,2168.9
2575,597,21,,2026-06-05 14:16:57,Delivered,2173.14
2576,461,6,,2026-07-21 18:31:21,Delivered,2180.41
2577,261,17,,2026-02-14 18:12:17,Delivered,3033.64
2578,538,8,,2026-07-21 18:21:33,Returned,3593.52
2579,1190,3,2.0,2026-04-01 19:37:38,Delivered,625.0
2580,136,16,5.0,2026-05-25 18:47:22,Delivered,1458.42
2581,586,10,5.0,2026-02-26 08:16:37,Delivered,5335.72
2582,95,29,5.0,2026-05-19 09:33:47,Delivered,672.29
2583,149,4,,2026-05-11 14:54:58,Delivered,2212.56
2584,861,23,,2026-02-26 14:56:18,Delivered,3984.82
2585,709,6,,2026-06-05 21:45:25,Delivered,5330.15
2586,299,6,,2026-03-04 19:45:28,Delivered,1471.28
2587,944,8,,2026-02-27 22:12:54,Delivered,1202.88
2588,865,12,,2026-03-10 17:20:29,Delivered,2542.15
2589,515,22,5.0,2026-04-25 16:46:36,Delivered,689.32
2590,30,22,,2026-08-04 15:33:54,Delivered,2977.52
2591,747,30,,2026-04-02 08:04:07,Delivered,2516.31
2592,1138,4,,2026-04-21 13:31:34,Delivered,5157.22
2593,844,30,,2026-06-21 07:44:58,Delivered,1166.23
2594,325,19,3.0,2026-03-15 10:17:02,Delivered,1828.18
2595,207,17,2.0,2026-03-05 10:10:04,Delivered,1350.36
2596,348,4,,2026-04-11 18:48:59,Cancelled,758.38
2597,277,30,,2026-07-19 12:19:32,Delivered,3160.45
2598,1137,2,,2026-04-23 07:09:11,Delivered,1226.91
2599,79,8,,2026-08-02 20:49:45,Delivered,3410.28
2600,734,13,,2026-05-28 23:28:28,Delivered,3126.66
2601,470,18,,2026-06-23 07:30:05,Delivered,933.98
2602,906,16,5.0,2026-07-13 22:33:42,Delivered,3098.51
2603,153,4,4.0,2026-08-03 18:39:19,Cancelled,676.62
2604,613,14,,2026-03-27 09:58:44,Delivered,1019.85
2605,707,21,2.0,2026-04-23 11:17:39,Delivered,1884.31
2606,915,17,5.0,2026-03-31 15:30:27,Delivered,1499.5
2607,144,30,,2026-02-15 17:17:16,Cancelled,345.54
2608,487,11,,2026-04-04 17:47:13,Delivered,2807.51
2609,808,27,,2026-08-03 11:13:45,Cancelled,1496.98
2610,1192,4,,2026-02-06 09:22:44,Returned,320.2
2611,450,13,,2026-04-28 16:04:59,Delivered,4506.73
2612,47,19,,2026-04-23 21:26:55,Cancelled,4494.3
2613,610,3,,2026-02-27 18:47:40,Delivered,2433.12
2614,352,15,,2026-06-17 16:17:21,Delivered,490.2
2615,372,30,,2026-05-10 08:39:37,Delivered,3588.3
2616,635,22,,2026-06-24 16:39:45,Delivered,1972.94
2617,537,13,5.0,2026-05-14 11:54:24,Delivered,1286.38
2618,430,16,,2026-05-21 13:21:59,Delivered,5165.46
2619,939,13,,2026-04-13 21:00:24,Delivered,3699.76
2620,670,12,2.0,2026-05-04 08:06:31,Cancelled,2618.59
2621,148,28,,2026-05-29 07:12:15,Delivered,2524.08
2622,1158,17,2.0,2026-06-20 17:02:11,Cancelled,3392.21
2623,754,19,,2026-06-22 13:07:38,Delivered,845.1
2624,809,12,,2026-07-16 18:09:59,Cancelled,803.36
2625,505,4,,2026-08-03 18:06:04,Delivered,1720.5
2626,227,3,,2026-07-16 15:26:30,Placed,1187.74
2627,481,30,,2026-06-04 13:08:32,Returned,5084.31
2628,898,8,2.0,2026-07-09 10:16:47,Delivered,3898.65
2629,594,10,,2026-06-22 22:15:37,Delivered,5169.3
2630,1038,17,,2026-02-11 09:10:18,Delivered,1512.68
2631,1167,12,4.0,2026-05-30 09:03:36,Cancelled,2050.35
2632,122,21,2.0,2026-05-27 23:16:18,Delivered,1059.24
2633,553,17,,2026-06-29 22:21:01,Delivered,3710.72
2634,201,3,,2026-05-28 21:30:17,Cancelled,3594.24
2635,483,22,,2026-05-20 15:13:28,Delivered,1669.44
2636,720,14,,2026-07-25 20:05:03,Delivered,2253.41
2637,615,19,,2026-04-11 23:44:00,Delivered,1813.71
2638,319,24,3.0,2026-04-27 10:24:59,Delivered,124.0
2639,1129,22,,2026-03-08 20:22:25,Delivered,5705.14
2640,1050,9,,2026-02-23 14:16:20,Delivered,429.96
2641,1062,10,4.0,2026-02-06 13:46:00,Delivered,1367.87
2642,735,24,4.0,2026-03-03 08:19:20,Delivered,4045.54
2643,158,30,,2026-05-13 23:00:48,Delivered,692.0
2644,991,13,,2026-02-09 22:35:30,Delivered,331.36
2645,654,15,,2026-07-01 21:45:10,Delivered,2608.09
2646,507,27,5.0,2026-03-26 22:23:57,Delivered,2777.89
2647,831,9,,2026-06-15 15:41:02,Delivered,4794.31
2648,287,6,,2026-03-16 19:32:42,Delivered,1893.93
2649,256,10,5.0,2026-03-05 07:52:04,Delivered,104.88
2650,1015,15,,2026-05-31 17:33:39,Returned,1010.6
2651,1108,13,,2026-05-15 18:48:13,Delivered,971.52
2652,9,11,1.0,2026-06-28 12:34:36,Delivered,1673.36
2653,104,8,4.0,2026-05-21 10:15:05,Delivered,2066.18
2654,953,6,,2026-04-18 20:51:44,Delivered,3489.57
2655,649,2,,2026-06-25 21:35:24,Delivered,2575.4
2656,920,11,,2026-02-12 15:47:18,Delivered,2402.43
2657,11,4,,2026-03-09 11:19:06,Delivered,1961.16
2658,139,13,,2026-02-20 18:32:58,Returned,773.93
2659,648,24,,2026-03-02 19:28:34,Returned,7238.4
2660,899,12,5.0,2026-04-19 16:40:33,Cancelled,1725.42
2661,908,24,,2026-05-29 10:47:22,Delivered,487.8
2662,151,6,,2026-06-28 07:30:47,Delivered,2549.55
2663,453,24,,2026-06-13 21:56:09,Delivered,1582.73
2664,1140,2,5.0,2026-06-13 11:50:39,Delivered,2670.89
2665,818,6,,2026-02-23 12:55:27,Delivered,1166.31
2666,100,8,,2026-02-12 14:47:38,Delivered,1838.58
2667,478,9,,2026-05-20 21:03:27,Delivered,2985.62
2668,441,17,,2026-06-19 09:44:05,Delivered,574.77
2669,621,13,2.0,2026-03-14 22:29:24,Cancelled,6588.9
2670,54,11,,2026-06-04 18:09:42,Delivered,1164.84
2671,945,11,,2026-07-01 12:16:13,Cancelled,1952.93
2672,200,16,,2026-06-07 11:45:22,Cancelled,4278.88
2673,197,9,,2026-07-19 18:08:28,Delivered,328.38
2674,647,12,1.0,2026-06-05 21:45:13,Delivered,4521.19
2675,1165,11,,2026-07-13 14:05:02,Delivered,2165.88
2676,20,2,3.0,2026-05-19 23:31:01,Delivered,444.62
2677,286,10,,2026-07-10 20:24:16,Placed,3309.89
2678,235,30,,2026-04-10 09:36:36,Delivered,1768.29
2679,295,24,1.0,2026-06-05 20:25:50,Delivered,2128.18
2680,998,12,,2026-04-07 14:27:01,Delivered,4676.91
2681,684,11,,2026-03-11 21:40:13,Delivered,3055.44
2682,401,18,2.0,2026-04-20 18:53:08,Delivered,1332.34
2683,1102,26,,2026-06-19 17:07:06,Placed,2964.9
2684,942,30,3.0,2026-03-17 12:00:48,Delivered,1839.86
2685,1094,27,,2026-03-30 10:34:04,Delivered,1256.34
2686,150,19,1.0,2026-07-19 12:37:29,Cancelled,2951.2
2687,746,18,,2026-05-12 07:49:16,Returned,2620.48
2688,169,30,,2026-03-13 08:28:23,Delivered,3728.14
2689,193,11,,2026-05-18 19:20:16,Delivered,1442.04
2690,800,21,,2026-02-08 22:05:47,Delivered,383.43
2691,193,11,,2026-04-12 14:00:01,Delivered,1573.46
2692,803,4,,2026-07-21 17:33:42,Delivered,81.41
2693,920,11,,2026-02-12 15:44:43,Returned,1372.46
2694,1084,19,,2026-06-03 12:44:56,Delivered,3118.56
2695,24,22,,2026-04-12 23:23:56,Delivered,2041.49
2696,231,23,,2026-03-20 18:22:12,Delivered,5733.62
2697,554,3,,2026-04-12 10:28:07,Delivered,1839.61
2698,446,24,3.0,2026-02-15 17:59:50,Delivered,2978.54
2699,1048,12,3.0,2026-06-05 08:06:31,Delivered,3191.58
2700,941,28,,2026-06-25 16:07:26,Delivered,3502.55
2701,1028,3,1.0,2026-07-26 21:05:27,Delivered,478.67
2702,896,27,,2026-05-15 16:23:10,Delivered,1909.54
2703,1039,12,3.0,2026-06-24 22:56:04,Cancelled,19.69
2704,543,24,,2026-05-25 07:51:24,Delivered,234.96
2705,993,30,,2026-04-15 08:00:32,Delivered,196.56
2706,298,30,5.0,2026-02-28 07:35:06,Delivered,2874.14
2707,506,8,,2026-02-18 23:33:04,Delivered,1301.92
2708,527,12,,2026-02-21 23:05:00,Delivered,4129.35
2709,527,13,5.0,2026-05-22 11:38:08,Returned,1037.59
2710,862,29,2.0,2026-08-01 22:11:32,Delivered,4563.49
2711,744,25,,2026-06-08 12:02:11,Delivered,3023.75
2712,962,2,,2026-05-03 19:45:03,Delivered,2518.44
2713,1099,9,,2026-04-02 23:38:37,Delivered,3879.37
2714,305,16,,2026-04-05 13:12:43,Delivered,1329.88
2715,1144,29,5.0,2026-08-04 14:47:32,Delivered,1331.52
2716,254,14,2.0,2026-05-30 14:50:03,Delivered,1335.28
2717,722,9,,2026-02-15 17:11:31,Delivered,2611.33
2718,292,11,,2026-07-15 14:28:45,Delivered,735.3
2719,1084,18,,2026-04-15 16:00:59,Delivered,2505.28
2720,281,23,,2026-05-16 09:01:49,Delivered,1137.71
2721,786,11,,2026-03-06 12:31:18,Delivered,2719.08
2722,504,24,,2026-03-10 11:34:26,Delivered,758.6
2723,724,18,,2026-07-20 23:57:47,Delivered,3624.08
2724,756,26,5.0,2026-03-16 12:48:21,Cancelled,1550.88
2725,759,16,,2026-03-29 22:46:42,Delivered,379.76
2726,58,30,,2026-05-31 11:06:57,Delivered,1945.72
2727,213,11,4.0,2026-05-23 11:59:13,Cancelled,800.94
2728,1167,12,,2026-03-03 07:52:42,Delivered,3417.4
2729,271,8,1.0,2026-02-17 09:35:06,Delivered,3079.97
2730,688,21,,2026-03-22 12:50:09,Delivered,1291.05
2731,482,28,1.0,2026-02-14 21:28:16,Delivered,2655.4
2732,988,11,,2026-06-02 12:30:33,Delivered,3917.01
2733,1122,26,,2026-03-05 10:21:53,Delivered,495.06
2734,114,16,,2026-06-28 21:11:14,Delivered,3978.41
2735,302,26,,2026-07-11 10:16:18,Delivered,1722.62
2736,767,6,,2026-07-31 18:45:08,Delivered,1978.6
2737,804,9,4.0,2026-04-11 19:09:04,Delivered,1939.75
2738,504,24,,2026-04-29 07:17:13,Delivered,821.16
2739,190,24,,2026-06-30 14:28:41,Delivered,4824.4
2740,326,29,3.0,2026-06-16 15:09:42,Cancelled,3341.91
2741,727,22,,2026-04-22 09:21:34,Cancelled,2821.39
2742,1071,24,,2026-04-02 19:16:51,Delivered,1218.29
2743,243,18,,2026-06-01 11:37:07,Delivered,6263.63
2744,500,13,,2026-07-25 08:47:26,Delivered,1121.61
2745,30,22,,2026-07-28 10:58:16,Delivered,2001.4
2746,1134,6,,2026-03-03 11:24:26,Delivered,1174.0
2747,850,27,,2026-05-16 18:05:03,Delivered,5857.71
2748,515,21,,2026-05-08 22:57:28,Delivered,3028.88
2749,190,24,,2026-04-12 09:29:32,Delivered,2652.03
2750,327,17,,2026-03-20 16:00:34,Returned,3151.19
2751,387,6,,2026-05-20 18:05:59,Delivered,703.16
2752,653,14,,2026-04-05 19:41:24,Delivered,988.1
2753,1054,8,5.0,2026-07-08 23:21:17,Delivered,2760.47
2754,414,28,,2026-02-22 12:56:06,Delivered,694.84
2755,70,6,,2026-03-23 11:33:33,Delivered,2247.9
2756,748,22,,2026-04-19 09:38:45,Delivered,932.31
2757,757,15,,2026-07-28 16:57:31,Delivered,5206.89
2758,342,25,,2026-06-27 11:38:39,Delivered,3262.56
2759,219,3,,2026-07-13 14:23:02,Cancelled,2532.68
2760,361,25,2.0,2026-04-07 08:09:55,Delivered,1824.07
2761,382,11,2.0,2026-04-05 18:58:57,Delivered,2442.91
2762,103,9,,2026-02-06 23:58:01,Delivered,4067.35
2763,951,18,,2026-05-25 20:48:38,Delivered,2758.47
2764,264,6,,2026-03-20 07:59:39,Delivered,1011.09
2765,813,13,,2026-06-09 13:54:37,Delivered,287.23
2766,1141,6,,2026-03-06 14:32:08,Delivered,3111.64
2767,634,22,,2026-03-31 12:13:14,Delivered,2166.15
2768,791,25,,2026-02-17 07:14:46,Delivered,2887.91
2769,442,15,,2026-07-16 18:21:39,Delivered,1126.74
2770,612,19,1.0,2026-06-25 18:12:05,Delivered,438.68
2771,625,23,,2026-06-22 18:55:13,Delivered,1772.93
2772,1039,13,,2026-05-10 22:10:37,Delivered,2611.72
2773,516,17,,2026-03-07 07:00:21,Delivered,3384.33
2774,537,13,2.0,2026-03-01 20:57:13,Delivered,2127.91
2775,843,4,,2026-02-11 21:36:35,Delivered,837.32
2776,596,30,3.0,2026-07-04 11:23:53,Delivered,3452.44
2777,425,21,,2026-04-15 15:40:06,Delivered,4145.22
2778,30,22,,2026-02-07 07:37:39,Delivered,1639.74
2779,457,29,4.0,2026-03-28 16:54:23,Delivered,2581.63
2780,657,12,,2026-06-13 12:29:46,Delivered,4166.95
2781,866,17,,2026-03-06 09:19:47,Delivered,2017.19
2782,521,18,,2026-07-09 12:40:15,Delivered,4316.87
2783,963,10,,2026-05-08 07:33:13,Delivered,6034.04
2784,121,6,,2026-06-04 09:12:59,Delivered,752.49
2785,861,23,,2026-02-13 20:29:25,Delivered,4502.02
2786,1182,4,4.0,2026-04-06 16:02:09,Delivered,2427.16
2787,78,24,1.0,2026-02-14 09:46:54,Delivered,3421.48
2788,654,15,,2026-02-13 21:35:21,Delivered,4489.65
2789,230,18,,2026-03-04 17:35:13,Delivered,91.12
2790,726,15,4.0,2026-07-21 23:27:28,Delivered,3493.65
2791,971,4,,2026-05-13 22:48:57,Delivered,6062.75
2792,782,13,,2026-03-22 23:49:56,Delivered,4470.8
2793,127,13,,2026-04-27 20:42:43,Delivered,2544.93
2794,946,6,5.0,2026-04-10 23:49:46,Delivered,3227.38
2795,236,6,,2026-06-27 13:32:42,Delivered,1415.04
2796,1065,22,,2026-05-28 09:12:51,Delivered,3743.05
2797,598,12,,2026-04-12 07:44:49,Delivered,3400.49
2798,869,18,5.0,2026-06-16 09:09:44,Delivered,1353.73
2799,1119,22,,2026-02-12 19:15:33,Delivered,3691.99
2800,308,3,,2026-05-03 23:51:59,Delivered,2578.06
2801,800,23,,2026-06-27 08:53:15,Delivered,4450.92
2802,711,6,,2026-04-16 15:05:42,Delivered,2389.01
2803,536,2,4.0,2026-02-18 13:21:21,Delivered,1646.53
2804,823,16,,2026-06-26 19:36:40,Delivered,1697.53
2805,484,16,3.0,2026-08-02 15:30:49,Delivered,723.45
2806,969,28,,2026-08-01 09:10:26,Delivered,602.75
2807,859,30,,2026-05-13 21:48:14,Delivered,3465.54
2808,1056,28,,2026-03-16 14:58:04,Delivered,2065.17
2809,445,9,,2026-06-24 09:13:23,Delivered,3431.68
2810,121,6,,2026-04-08 19:08:08,Delivered,3606.42
2811,128,11,5.0,2026-06-04 16:06:50,Returned,703.05
2812,455,17,,2026-03-30 12:05:41,Delivered,2876.66
2813,407,4,,2026-03-03 08:07:00,Delivered,697.51
2814,328,23,,2026-06-14 21:01:24,Delivered,3524.6
2815,854,6,,2026-04-11 09:13:39,Delivered,5206.94
2816,1123,6,,2026-03-29 08:42:58,Delivered,1113.18
2817,1026,9,,2026-03-07 15:43:25,Delivered,4123.38
2818,188,3,,2026-08-04 09:09:55,Delivered,959.18
2819,1137,2,2.0,2026-05-28 09:09:51,Delivered,1742.43
2820,281,21,,2026-03-02 18:21:15,Delivered,2507.27
2821,109,3,,2026-05-22 07:23:29,Delivered,4194.66
2822,244,29,,2026-06-06 16:21:49,Delivered,3103.77
2823,918,6,,2026-05-24 07:33:44,Returned,1275.33
2824,868,4,4.0,2026-03-15 23:59:29,Delivered,3380.22
2825,1004,23,,2026-07-22 14:28:49,Returned,2642.5
2826,723,19,,2026-04-25 16:37:35,Delivered,3404.62
2827,1155,12,,2026-08-04 07:42:52,Delivered,3390.05
2828,733,8,,2026-04-10 13:02:25,Delivered,1215.48
2829,198,10,2.0,2026-06-06 19:13:29,Delivered,2328.16
2830,941,28,,2026-04-08 22:51:47,Delivered,320.2
2831,375,28,,2026-03-17 10:48:42,Delivered,386.04
2832,610,3,2.0,2026-03-29 14:57:51,Delivered,3328.65
2833,414,30,,2026-06-13 22:54:22,Delivered,3673.4
2834,767,6,,2026-06-17 19:27:34,Delivered,3544.16
2835,296,12,,2026-04-29 18:25:59,Cancelled,1605.91
2836,1146,13,,2026-05-10 21:17:35,Delivered,1500.53
2837,225,28,,2026-04-27 10:32:03,Delivered,1030.72
2838,1110,16,,2026-03-09 10:44:54,Delivered,4539.64
2839,26,25,,2026-02-22 17:30:29,Delivered,1722.75
2840,549,9,,2026-02-11 08:21:39,Delivered,633.72
2841,949,12,,2026-04-23 23:37:16,Delivered,956.31
2842,919,10,,2026-04-28 07:57:04,Delivered,2172.66
2843,609,15,4.0,2026-05-05 18:19:38,Delivered,1742.28
2844,1036,10,,2026-05-18 07:12:45,Cancelled,2299.51
2845,165,17,,2026-06-13 10:53:15,Delivered,593.65
2846,1151,26,,2026-04-11 15:48:47,Placed,120.19
2847,148,29,,2026-02-20 17:11:28,Delivered,87.2
2848,556,14,5.0,2026-07-13 16:34:14,Delivered,1312.05
2849,967,11,,2026-06-18 10:54:42,Delivered,4835.74
2850,624,10,,2026-05-01 22:43:42,Returned,2793.45
2851,106,17,,2026-05-16 09:00:19,Delivered,4557.34
2852,325,17,,2026-02-26 12:11:51,Delivered,3495.31
2853,171,6,,2026-04-01 23:47:28,Delivered,1764.37
2854,149,4,,2026-07-28 23:28:06,Cancelled,2614.64
2855,1163,22,,2026-05-21 08:34:09,Delivered,1873.1
2856,246,21,4.0,2026-03-14 10:46:23,Delivered,647.65
2857,154,12,,2026-06-02 13:55:16,Cancelled,1972.74
2858,752,9,,2026-04-17 16:28:44,Delivered,2595.92
2859,382,10,,2026-06-21 08:28:26,Delivered,3458.28
2860,692,22,3.0,2026-03-04 08:24:26,Cancelled,1349.39
2861,1104,6,,2026-02-24 21:25:02,Delivered,475.51
2862,295,25,1.0,2026-05-04 10:56:53,Delivered,1001.66
2863,436,25,,2026-03-08 23:27:27,Placed,5104.53
2864,1071,24,,2026-03-25 13:13:14,Cancelled,827.19
2865,185,12,,2026-06-20 19:52:04,Delivered,1615.27
2866,946,6,,2026-03-06 10:24:47,Delivered,3798.68
2867,135,25,,2026-02-06 20:13:56,Returned,5524.34
2868,176,28,,2026-06-13 19:10:53,Delivered,953.76
2869,767,6,,2026-07-01 15:31:44,Delivered,5212.08
2870,473,14,,2026-02-18 16:16:34,Returned,460.49
2871,1163,21,,2026-02-11 12:13:46,Delivered,3140.69
2872,49,6,2.0,2026-08-03 19:52:28,Delivered,1424.62
2873,684,10,,2026-04-04 12:04:53,Delivered,86.32
2874,50,9,,2026-05-05 11:16:01,Delivered,5614.42
2875,309,17,,2026-08-01 17:54:17,Delivered,2031.2
2876,33,17,,2026-05-02 08:18:43,Delivered,5215.97
2877,1158,18,,2026-05-17 13:17:34,Delivered,2350.7
2878,1098,10,3.0,2026-05-10 12:45:47,Delivered,825.0
2879,1134,6,,2026-05-17 21:36:40,Placed,2865.21
2880,566,6,,2026-06-06 11:44:18,Cancelled,1857.55
2881,693,25,,2026-08-04 23:46:47,Delivered,377.28
2882,903,12,,2026-05-23 15:46:21,Delivered,2566.68
2883,1139,15,,2026-07-30 23:09:49,Delivered,3154.03
2884,367,13,5.0,2026-07-16 10:21:21,Delivered,159.63
2885,199,13,,2026-03-19 20:35:54,Returned,1490.43
2886,837,23,,2026-06-19 11:11:53,Delivered,2925.79
2887,802,11,,2026-07-16 14:09:51,Returned,757.0
2888,1022,12,,2026-05-11 15:21:23,Delivered,1906.59
2889,49,6,5.0,2026-07-23 20:21:50,Delivered,813.18
2890,186,6,,2026-04-19 17:30:25,Delivered,3557.89
2891,1017,2,,2026-02-12 17:35:35,Delivered,4897.74
2892,595,27,,2026-06-05 16:52:09,Delivered,901.06
2893,171,6,,2026-03-11 14:18:35,Delivered,2199.99
2894,496,24,1.0,2026-02-25 14:33:02,Cancelled,2440.72
2895,181,22,,2026-04-10 15:49:32,Delivered,65.26
2896,1036,10,,2026-04-07 20:21:28,Delivered,1220.18
2897,880,9,,2026-04-22 20:36:25,Cancelled,3604.14
2898,671,12,,2026-02-23 22:49:43,Delivered,277.48
2899,967,11,5.0,2026-06-25 22:34:32,Delivered,562.27
2900,366,17,3.0,2026-05-28 11:30:23,Cancelled,1420.22
2901,847,19,,2026-02-25 12:42:34,Delivered,6256.37
2902,637,25,,2026-02-08 12:16:34,Delivered,424.96
2903,897,8,,2026-06-22 15:40:22,Delivered,907.92
2904,21,26,2.0,2026-07-09 08:17:21,Delivered,3016.9
2905,55,18,,2026-03-09 07:46:27,Delivered,2259.59
2906,387,6,,2026-03-20 13:45:48,Delivered,2168.15
2907,760,21,,2026-08-02 08:42:02,Delivered,6304.95
2908,684,11,,2026-03-27 21:29:04,Delivered,6149.01
2909,456,12,3.0,2026-02-09 15:55:05,Cancelled,1945.74
2910,150,18,,2026-07-29 21:47:45,Delivered,2394.43
2911,674,15,,2026-05-22 11:19:57,Delivered,1326.51
2912,399,12,,2026-04-05 20:29:57,Delivered,6137.74
2913,837,23,,2026-02-09 08:37:55,Delivered,4545.82
2914,925,3,,2026-02-10 19:52:56,Delivered,647.67
2915,671,13,,2026-05-03 22:29:59,Delivered,4567.95
2916,82,28,,2026-07-13 09:53:44,Placed,839.05
2917,537,12,,2026-03-07 09:36:41,Delivered,3485.64
2918,746,18,,2026-05-20 12:20:16,Delivered,4889.16
2919,985,3,4.0,2026-05-29 11:18:07,Delivered,2728.74
2920,376,24,3.0,2026-07-18 09:13:28,Delivered,1301.71
2921,960,24,,2026-06-24 17:22:51,Delivered,929.48
2922,1086,26,,2026-08-01 22:47:02,Delivered,405.0
2923,565,17,,2026-05-01 11:20:25,Delivered,2041.79
2924,834,8,,2026-04-19 21:44:39,Delivered,2098.06
2925,634,23,,2026-03-09 16:53:41,Cancelled,3763.37
2926,568,8,,2026-06-22 15:24:42,Delivered,1450.32
2927,238,3,5.0,2026-02-25 22:48:33,Delivered,4378.72
2928,798,11,,2026-04-03 07:56:41,Delivered,828.7
2929,547,13,,2026-07-09 15:24:11,Delivered,3966.48
2930,487,11,,2026-03-04 08:09:49,Delivered,2711.96
2931,560,21,,2026-05-02 20:19:15,Delivered,1122.9
2932,854,6,2.0,2026-06-03 16:11:43,Delivered,4062.41
2933,194,24,4.0,2026-05-16 21:11:18,Delivered,931.62
2934,667,22,1.0,2026-07-19 21:59:30,Delivered,1130.1
2935,429,22,,2026-06-17 23:44:38,Returned,2372.94
2936,824,14,4.0,2026-06-29 22:53:36,Delivered,361.77
2937,1037,23,,2026-02-11 13:57:14,Delivered,1347.72
2938,1077,17,,2026-02-08 22:32:15,Delivered,2599.24
2939,466,26,,2026-06-20 20:46:49,Delivered,5009.96
2940,899,13,5.0,2026-06-25 10:03:49,Delivered,1131.86
2941,932,9,,2026-07-24 21:39:07,Delivered,6123.55
2942,1110,15,,2026-04-17 12:00:34,Delivered,2232.96
2943,682,6,,2026-07-27 23:54:49,Delivered,2137.45
2944,667,22,3.0,2026-06-18 16:38:25,Cancelled,383.31
2945,1052,22,,2026-02-19 21:25:29,Delivered,1074.9
2946,1122,26,,2026-06-01 19:44:15,Delivered,1916.37
2947,333,14,,2026-07-21 16:15:57,Delivered,2929.76
2948,381,4,,2026-04-11 17:17:51,Delivered,1667.94
2949,1171,8,1.0,2026-07-29 17:34:13,Cancelled,3961.29
2950,1158,19,,2026-05-01 07:37:10,Delivered,3268.5
2951,184,10,3.0,2026-02-28 11:50:50,Returned,2791.06
2952,396,14,4.0,2026-04-11 09:00:38,Placed,265.23
2953,993,27,,2026-07-12 17:42:43,Delivered,6310.94
2954,903,12,,2026-04-02 10:21:22,Delivered,2156.0
2955,655,24,,2026-05-10 13:16:12,Delivered,683.41
2956,724,19,,2026-05-19 11:25:05,Delivered,4308.67
2957,360,21,,2026-02-14 07:17:07,Delivered,2290.24
2958,174,21,,2026-06-05 16:46:42,Delivered,1076.34
2959,442,15,3.0,2026-04-07 22:29:24,Delivered,4412.86
2960,363,25,1.0,2026-04-29 10:57:55,Delivered,3804.8
2961,120,22,2.0,2026-07-20 19:02:15,Delivered,744.16
2962,58,30,,2026-04-26 18:15:24,Delivered,2297.0
2963,397,11,1.0,2026-03-09 20:24:04,Delivered,2259.21
2964,68,16,,2026-06-19 13:43:33,Delivered,2282.21
2965,942,29,,2026-05-26 13:41:32,Delivered,2518.57
2966,388,12,3.0,2026-06-11 11:50:22,Delivered,2668.38
2967,540,23,,2026-03-18 23:29:22,Delivered,3602.72
2968,150,17,1.0,2026-05-01 20:52:30,Returned,1783.99
2969,1178,9,,2026-08-02 15:35:38,Delivered,4133.81
2970,1039,12,,2026-07-18 20:00:47,Delivered,3934.27
2971,975,16,,2026-03-20 11:31:18,Delivered,2404.44
2972,821,4,,2026-07-07 12:55:25,Delivered,2470.06
2973,742,28,,2026-04-26 11:24:14,Delivered,2012.76
2974,400,16,,2026-04-11 16:38:11,Returned,3336.33
2975,199,13,,2026-03-05 12:25:21,Delivered,2677.13
2976,921,30,,2026-06-13 11:39:35,Delivered,803.12
2977,675,2,,2026-06-07 11:19:35,Placed,2197.8
2978,1183,24,,2026-06-08 10:47:16,Delivered,371.13
2979,954,12,,2026-07-02 18:16:42,Returned,5005.22
2980,162,22,2.0,2026-07-09 12:56:14,Delivered,1074.5
2981,542,26,4.0,2026-03-31 14:24:18,Delivered,2193.29
2982,1047,6,,2026-06-16 21:04:11,Delivered,3576.55
2983,991,12,,2026-02-11 21:59:39,Delivered,4223.48
2984,213,11,5.0,2026-05-17 14:52:48,Delivered,1139.89
2985,149,2,,2026-03-19 19:31:28,Delivered,3329.67
2986,201,3,,2026-03-09 23:10:54,Delivered,3860.34
2987,82,28,,2026-07-08 15:25:56,Delivered,2225.48
2988,930,25,,2026-03-24 09:49:33,Cancelled,3517.04
2989,771,23,,2026-05-26 11:13:09,Delivered,1799.12
2990,743,3,2.0,2026-06-15 13:30:46,Delivered,325.91
2991,735,25,,2026-06-21 19:24:53,Placed,200.78
2992,468,13,,2026-02-08 08:06:11,Delivered,5750.52
2993,238,3,2.0,2026-05-17 14:48:06,Cancelled,3928.62
2994,652,11,,2026-06-06 20:20:06,Delivered,1253.01
2995,1109,11,,2026-06-01 16:23:17,Delivered,751.65
2996,493,17,,2026-05-25 20:37:46,Delivered,1578.42
2997,753,24,,2026-05-07 08:58:42,Delivered,1074.56
2998,166,10,,2026-03-27 15:43:59,Cancelled,1207.39
2999,923,11,,2026-06-25 09:53:18,Delivered,2098.98
3000,1046,12,,2026-03-01 14:23:40,Delivered,245.1
3001,421,13,,2026-05-13 19:37:12,Delivered,129.92
3002,530,10,,2026-05-08 13:03:14,Delivered,1975.89
3003,1072,18,,2026-05-12 12:33:22,Delivered,3968.72
3004,1034,10,3.0,2026-05-08 23:18:56,Cancelled,3072.75
3005,65,10,,2026-04-03 19:44:19,Cancelled,2641.23
3006,263,9,,2026-05-25 07:19:13,Delivered,1064.05
3007,179,11,,2026-06-25 09:13:55,Delivered,655.39
3008,800,21,1.0,2026-07-23 09:30:34,Delivered,3988.09
3009,1053,6,,2026-07-29 16:24:54,Placed,832.71
3010,217,8,,2026-03-17 15:26:57,Delivered,4577.41
3011,1079,12,,2026-05-16 19:12:55,Delivered,1521.22
3012,129,9,4.0,2026-03-03 22:51:36,Delivered,382.43
3013,124,23,,2026-04-25 22:31:55,Delivered,1651.69
3014,487,10,,2026-06-11 17:29:35,Delivered,873.06
3015,445,8,,2026-05-09 21:20:09,Delivered,238.86
3016,246,21,,2026-07-03 14:07:05,Delivered,238.78
3017,336,25,5.0,2026-03-14 21:58:13,Returned,1825.23
3018,24,22,3.0,2026-06-23 15:20:09,Delivered,4159.92
3019,159,4,,2026-06-18 20:05:07,Delivered,3275.82
3020,186,6,,2026-02-05 14:54:38,Delivered,778.94
3021,375,28,,2026-06-19 11:09:00,Delivered,1984.75
3022,533,6,,2026-05-29 08:16:21,Cancelled,2478.81
3023,634,23,,2026-08-02 08:10:37,Delivered,2619.65
3024,484,15,,2026-06-12 21:26:44,Delivered,3676.87
3025,131,30,2.0,2026-05-12 19:25:40,Delivered,4342.22
3026,83,28,3.0,2026-05-04 07:39:59,Delivered,3248.68
3027,862,30,5.0,2026-03-27 11:33:12,Delivered,1828.96
3028,257,21,,2026-06-12 20:08:58,Delivered,3517.65
3029,1109,11,,2026-03-18 20:23:29,Cancelled,2036.89
3030,654,14,,2026-06-02 09:05:25,Delivered,1344.57
3031,1138,3,,2026-04-13 19:38:33,Delivered,3039.13
3032,1134,6,,2026-03-03 20:30:40,Delivered,2145.6
3033,343,17,,2026-06-04 09:58:06,Delivered,3472.89
3034,134,25,,2026-04-18 17:58:09,Delivered,2285.7
3035,766,30,,2026-03-17 15:11:34,Delivered,131.89
3036,225,27,,2026-04-13 14:50:11,Delivered,3640.92
3037,222,16,1.0,2026-05-28 17:04:23,Delivered,4211.23
3038,562,26,,2026-03-06 08:35:26,Delivered,4813.89
3039,87,8,,2026-03-17 14:23:25,Delivered,2820.39
3040,471,22,,2026-06-28 09:17:39,Delivered,346.0
3041,16,24,,2026-04-21 21:40:54,Delivered,2281.39
3042,357,9,,2026-06-09 15:00:23,Delivered,1526.2
3043,613,15,,2026-02-09 20:26:40,Delivered,383.07
3044,854,6,,2026-04-02 09:22:33,Delivered,1307.44
3045,277,27,,2026-03-20 09:11:25,Cancelled,3132.8
3046,990,24,,2026-06-23 17:02:50,Delivered,2739.22
3047,597,23,5.0,2026-05-19 14:33:57,Delivered,2484.56
3048,137,21,,2026-04-10 10:11:11,Delivered,3062.78
3049,814,12,,2026-03-18 11:06:51,Delivered,3846.18
3050,476,21,,2026-04-30 17:23:40,Delivered,5337.47
3051,478,8,,2026-07-15 17:43:26,Delivered,633.72
3052,749,2,,2026-08-01 22:52:46,Cancelled,2121.99
3053,956,3,,2026-05-18 15:07:09,Delivered,2404.08
3054,465,29,,2026-07-11 22:44:12,Delivered,624.06
3055,1007,19,5.0,2026-03-06 10:40:47,Delivered,2402.61
3056,1086,25,4.0,2026-06-16 19:11:01,Delivered,91.34
3057,1042,24,5.0,2026-02-19 07:31:46,Delivered,2565.73
3058,1087,18,,2026-05-29 15:50:48,Placed,1983.35
3059,949,12,,2026-07-10 22:50:07,Delivered,1122.9
3060,171,6,,2026-02-14 07:37:25,Delivered,3444.02
3061,35,13,,2026-02-05 08:35:25,Delivered,2381.23
3062,6,23,1.0,2026-07-23 18:42:54,Delivered,1903.22
3063,543,26,,2026-07-13 21:44:20,Delivered,603.72
3064,346,6,,2026-02-12 21:41:55,Delivered,2047.46
3065,721,13,,2026-03-22 09:16:22,Delivered,2001.85
3066,166,10,,2026-06-20 22:15:39,Cancelled,743.36
3067,391,8,2.0,2026-04-26 23:38:06,Delivered,806.86
3068,818,6,3.0,2026-03-29 14:03:33,Delivered,374.27
3069,821,4,,2026-07-13 09:18:17,Delivered,9237.46
3070,33,18,,2026-07-10 21:26:25,Delivered,4140.38
3071,775,6,,2026-06-29 08:35:12,Delivered,1412.36
3072,250,27,,2026-03-09 11:32:40,Delivered,821.0
3073,431,11,,2026-07-23 12:01:22,Delivered,627.37
3074,450,12,,2026-02-07 15:15:12,Delivered,4355.1
3075,272,13,,2026-04-24 20:56:32,Delivered,865.39
3076,423,2,2.0,2026-02-25 16:31:01,Delivered,1871.8
3077,478,8,2.0,2026-06-28 12:38:14,Delivered,2451.04
3078,743,4,,2026-06-01 12:24:18,Delivered,4413.09
3079,307,30,,2026-05-03 14:43:31,Delivered,4171.29
3080,338,6,,2026-05-28 18:58:06,Cancelled,3587.0
3081,118,18,,2026-03-26 09:33:52,Delivered,1150.46
3082,1198,13,1.0,2026-06-16 10:22:27,Cancelled,3992.49
3083,883,23,,2026-06-27 14:25:29,Delivered,3611.64
3084,541,15,4.0,2026-05-21 19:24:59,Delivered,805.63
3085,706,19,,2026-07-15 15:05:29,Cancelled,2965.07
3086,492,27,,2026-04-29 08:13:33,Delivered,200.78
3087,577,10,,2026-07-22 10:36:10,Delivered,1714.89
3088,431,11,,2026-06-13 08:14:12,Cancelled,685.87
3089,675,4,,2026-05-20 20:44:01,Delivered,1451.2
3090,1056,29,,2026-03-15 11:07:12,Delivered,6294.29
3091,1093,18,3.0,2026-04-05 09:57:14,Delivered,2432.19
3092,984,24,,2026-05-22 21:30:08,Delivered,589.84
3093,784,15,,2026-03-24 08:54:39,Delivered,4002.28
3094,504,24,,2026-07-12 19:18:08,Delivered,377.06
3095,1070,3,,2026-05-08 09:22:15,Cancelled,3426.01
3096,469,4,,2026-06-17 20:00:55,Delivered,1067.61
3097,1060,11,,2026-03-12 11:37:29,Returned,1937.74
3098,64,16,1.0,2026-07-14 13:27:39,Delivered,699.15
3099,859,29,,2026-04-30 18:43:56,Returned,2981.21
3100,261,19,,2026-04-12 07:27:44,Delivered,5132.45
3101,198,10,1.0,2026-03-13 11:08:06,Cancelled,711.0
3102,475,17,2.0,2026-04-23 10:58:09,Delivered,1083.96
3103,770,11,2.0,2026-06-09 12:50:20,Delivered,726.46
3104,347,6,,2026-04-22 13:12:41,Delivered,1932.49
3105,398,14,,2026-05-08 16:58:04,Delivered,355.11
3106,12,6,,2026-06-25 09:34:18,Delivered,3855.68
3107,428,8,,2026-06-22 15:21:38,Delivered,1221.14
3108,55,18,,2026-05-02 19:10:33,Delivered,2981.37
3109,302,26,,2026-06-26 15:04:35,Placed,2039.89
3110,420,6,,2026-07-21 09:55:14,Delivered,1379.54
3111,61,12,2.0,2026-05-19 16:32:51,Delivered,2374.83
3112,63,27,,2026-02-08 20:50:05,Cancelled,4638.22
3113,866,18,,2026-03-15 10:24:00,Delivered,2192.1
3114,613,16,,2026-05-11 14:34:01,Delivered,3591.21
3115,171,6,,2026-07-11 20:35:30,Delivered,2952.04
3116,306,28,,2026-04-08 10:44:14,Delivered,2496.87
3117,803,3,3.0,2026-06-07 18:49:23,Delivered,1351.03
3118,728,10,,2026-04-30 11:09:48,Cancelled,5399.27
3119,184,11,,2026-06-08 14:18:24,Delivered,2415.64
3120,413,14,3.0,2026-03-22 17:52:52,Delivered,1701.47
3121,923,11,,2026-02-09 16:10:00,Delivered,1913.9
3122,173,21,,2026-07-03 07:01:43,Delivered,1659.02
3123,104,9,4.0,2026-05-10 15:24:04,Cancelled,2264.53
3124,535,25,2.0,2026-02-21 20:44:35,Delivered,2191.38
3125,1128,21,,2026-02-10 07:35:19,Delivered,1465.06
3126,331,11,3.0,2026-06-18 12:48:33,Delivered,2522.47
3127,892,26,,2026-04-02 08:39:02,Delivered,2641.14
3128,265,16,,2026-07-18 07:04:30,Delivered,474.57
3129,1176,29,,2026-05-04 13:33:26,Delivered,1247.16
3130,169,27,,2026-08-02 10:25:06,Delivered,1987.24
3131,341,23,4.0,2026-03-27 17:18:46,Cancelled,683.85
3132,1197,6,,2026-04-17 17:00:51,Delivered,5186.14
3133,1146,13,,2026-06-28 19:17:53,Delivered,187.72
3134,165,17,4.0,2026-07-15 08:52:38,Delivered,516.12
3135,678,6,,2026-03-26 23:35:48,Delivered,1444.22
3136,316,4,,2026-07-04 16:53:56,Returned,2281.36
3137,1042,25,,2026-07-24 17:20:53,Delivered,2503.41
3138,499,28,,2026-05-21 16:01:58,Delivered,4150.24
3139,1006,27,,2026-02-20 11:49:38,Delivered,3172.24
3140,239,28,,2026-08-02 09:57:54,Delivered,5221.03
3141,627,9,,2026-05-21 08:00:24,Delivered,2682.2
3142,273,6,,2026-06-05 23:31:06,Delivered,5393.0
3143,115,23,,2026-06-06 14:33:39,Delivered,3429.63
3144,496,25,,2026-03-27 22:00:28,Cancelled,2635.84
3145,193,10,3.0,2026-06-23 08:08:38,Delivered,4793.22
3146,673,11,,2026-03-10 08:02:26,Returned,1631.84
3147,167,19,,2026-05-28 11:30:04,Delivered,3185.98
3148,690,15,,2026-04-29 07:26:52,Delivered,876.18
3149,202,17,,2026-04-12 17:53:50,Delivered,3955.2
3150,1185,22,5.0,2026-03-06 20:51:01,Delivered,2453.05
3151,841,4,,2026-06-19 23:08:34,Delivered,3022.08
3152,137,22,,2026-06-24 15:06:19,Returned,8047.88
3153,215,29,,2026-02-13 14:38:39,Delivered,1512.17
3154,34,6,,2026-05-26 12:42:15,Delivered,1306.87
3155,749,3,,2026-08-03 20:35:54,Cancelled,1699.26
3156,967,10,,2026-04-29 07:31:59,Placed,2348.86
3157,752,8,,2026-05-01 12:45:47,Delivered,1371.56
3158,399,12,,2026-06-04 12:49:55,Delivered,3923.68
3159,1145,18,,2026-03-15 09:43:54,Placed,935.68
3160,419,12,,2026-03-14 16:00:20,Delivered,948.73
3161,1037,21,,2026-02-21 18:56:00,Delivered,2459.79
3162,600,19,,2026-06-02 09:40:26,Delivered,284.9
3163,1040,28,3.0,2026-07-13 21:06:29,Delivered,3537.42
3164,385,17,,2026-07-19 10:38:15,Placed,2951.06
3165,524,10,5.0,2026-03-08 10:30:10,Delivered,104.88
3166,893,8,3.0,2026-06-10 12:17:50,Delivered,1149.94
3167,518,9,4.0,2026-07-10 19:37:06,Delivered,1559.12
3168,222,14,,2026-05-31 16:50:52,Delivered,4483.11
3169,257,22,,2026-03-31 14:29:41,Delivered,1451.2
3170,1143,29,,2026-04-27 08:28:21,Delivered,1503.9
3171,1179,23,,2026-02-17 22:47:02,Delivered,5263.44
3172,969,30,,2026-03-03 13:19:37,Delivered,8005.62
3173,6,23,,2026-05-18 20:54:29,Delivered,3201.41
3174,666,10,,2026-06-03 14:53:24,Delivered,2060.49
3175,851,16,5.0,2026-03-28 15:56:58,Delivered,1845.43
3176,649,2,,2026-07-18 11:15:24,Delivered,1567.56
3177,569,8,,2026-04-18 14:27:26,Delivered,5420.4
3178,322,6,4.0,2026-06-24 09:00:31,Cancelled,2561.13
3179,1081,12,,2026-04-24 13:35:46,Delivered,3180.41
3180,417,2,,2026-02-16 21:16:04,Placed,1879.86
3181,378,6,,2026-02-11 17:29:18,Placed,1753.58
3182,66,6,,2026-06-14 10:33:14,Cancelled,6295.25
3183,194,26,,2026-02-17 12:37:00,Delivered,1438.27
3184,1049,3,5.0,2026-07-24 10:42:03,Delivered,1037.06
3185,743,2,,2026-03-29 17:48:02,Placed,936.56
3186,179,10,,2026-03-29 17:49:40,Delivered,1264.78
3187,1047,6,1.0,2026-04-01 11:31:44,Delivered,2020.26
3188,1033,29,,2026-07-03 12:01:45,Delivered,4291.21
3189,617,9,,2026-05-15 11:49:48,Delivered,409.8
3190,510,24,,2026-04-10 12:35:21,Delivered,2012.54
3191,844,30,,2026-06-09 17:39:57,Cancelled,1153.97
3192,210,16,,2026-06-13 11:48:12,Delivered,919.9
3193,280,6,3.0,2026-02-10 10:01:12,Delivered,481.15
3194,808,29,,2026-07-24 14:57:09,Placed,2589.27
3195,318,27,,2026-04-23 13:47:56,Delivered,1823.63
3196,978,26,,2026-06-24 08:33:43,Returned,3742.17
3197,799,24,,2026-06-19 08:29:52,Delivered,860.93
3198,105,16,,2026-05-02 07:11:15,Cancelled,1199.55
3199,821,3,,2026-03-16 13:19:34,Delivered,2711.82
3200,1008,26,5.0,2026-02-20 20:57:33,Delivered,5147.16
3201,957,12,1.0,2026-06-06 15:10:22,Cancelled,3013.91
3202,797,6,,2026-05-31 19:37:16,Delivered,3695.74
3203,940,18,5.0,2026-03-15 22:49:15,Delivered,3308.41
3204,577,10,,2026-04-10 09:05:00,Delivered,623.11
3205,500,13,5.0,2026-07-26 23:14:26,Delivered,3139.37
3206,640,17,2.0,2026-03-07 18:55:23,Delivered,3048.07
3207,327,18,,2026-04-27 19:22:11,Delivered,4064.57
3208,838,29,5.0,2026-02-13 21:35:51,Delivered,470.86
3209,618,21,,2026-04-07 09:47:28,Delivered,1779.41
3210,919,10,,2026-05-30 21:00:36,Delivered,2358.33
3211,166,11,,2026-07-05 14:53:05,Delivered,1230.14
3212,577,10,,2026-05-30 17:41:54,Returned,4450.79
3213,68,15,,2026-04-17 18:39:25,Delivered,428.16
3214,627,9,,2026-07-15 13:59:58,Delivered,1499.85
3215,601,11,2.0,2026-03-25 20:33:17,Delivered,1805.77
3216,211,6,4.0,2026-02-15 11:23:59,Delivered,285.05
3217,916,4,,2026-03-05 16:32:17,Cancelled,2665.59
3218,286,11,,2026-08-01 11:19:21,Delivered,2037.68
3219,664,17,,2026-03-19 12:06:26,Delivered,4107.84
3220,582,26,,2026-07-04 09:59:37,Cancelled,2242.72
3221,634,22,,2026-02-25 15:07:49,Delivered,2119.42
3222,712,10,4.0,2026-04-21 21:41:30,Placed,3738.93
3223,101,23,5.0,2026-04-08 15:17:47,Delivered,4034.53
3224,273,6,,2026-07-27 08:49:55,Delivered,2264.83
3225,172,10,,2026-05-27 09:35:45,Delivered,2872.98
3226,511,4,,2026-03-21 18:41:21,Delivered,940.8
3227,673,10,2.0,2026-04-19 11:36:40,Delivered,1187.09
3228,624,10,,2026-05-14 07:56:44,Delivered,2313.97
3229,232,14,,2026-07-22 12:41:34,Cancelled,3399.15
3230,481,27,,2026-04-29 21:41:50,Delivered,1861.37
3231,356,22,,2026-02-06 21:31:46,Delivered,1381.47
3232,609,15,,2026-06-08 22:51:47,Delivered,3512.24
3233,43,6,,2026-05-01 10:23:44,Delivered,2795.4
3234,555,29,,2026-07-19 22:52:57,Placed,3202.68
3235,1049,3,,2026-05-31 21:57:29,Delivered,6314.74
3236,1057,19,,2026-03-31 17:48:59,Delivered,355.67
3237,186,6,,2026-04-28 21:00:08,Delivered,4181.26
3238,746,19,,2026-04-22 21:06:16,Delivered,5977.27
3239,432,11,,2026-05-07 14:34:39,Delivered,1793.68
3240,1024,29,,2026-05-29 18:51:46,Returned,2551.78
3241,1124,21,,2026-06-16 22:45:34,Delivered,1821.13
3242,1062,10,5.0,2026-05-16 09:39:39,Delivered,1561.79
3243,130,8,5.0,2026-06-01 22:42:26,Delivered,4179.71
3244,1165,11,,2026-05-21 15:04:18,Delivered,660.08
3245,825,8,,2026-05-22 14:01:48,Delivered,888.99
3246,985,3,,2026-06-12 11:43:37,Delivered,680.3
3247,484,16,5.0,2026-03-30 15:37:38,Delivered,3496.2
3248,267,6,,2026-04-03 18:43:15,Delivered,1075.72
3249,1040,29,,2026-05-11 08:18:10,Delivered,1642.11
3250,911,6,,2026-07-24 20:56:32,Delivered,4241.7
3251,787,13,2.0,2026-05-22 13:12:53,Delivered,4333.79
3252,68,14,1.0,2026-03-06 08:43:01,Cancelled,2428.01
3253,313,2,2.0,2026-08-02 13:36:40,Delivered,3745.24
3254,499,30,5.0,2026-03-14 13:24:00,Delivered,3617.25
3255,85,27,3.0,2026-06-06 23:25:52,Delivered,1270.95
3256,611,2,,2026-02-15 19:07:11,Delivered,4112.24
3257,1158,17,,2026-04-03 17:24:31,Delivered,3650.05
3258,798,10,3.0,2026-03-24 20:31:13,Delivered,3201.47
3259,481,28,,2026-04-29 23:18:20,Delivered,4187.75
3260,748,23,,2026-02-09 10:12:06,Delivered,2587.24
3261,731,16,1.0,2026-03-27 21:21:29,Delivered,1855.4
3262,427,10,,2026-07-03 15:24:39,Delivered,2255.19
3263,530,11,,2026-07-06 10:44:28,Delivered,446.16
3264,101,21,1.0,2026-05-24 13:06:36,Delivered,1569.69
3265,999,9,,2026-04-21 12:53:46,Delivered,2488.84
3266,313,4,2.0,2026-02-25 22:10:24,Delivered,697.85
3267,1112,11,,2026-05-28 08:30:35,Delivered,3592.72
3268,704,24,,2026-06-05 16:11:49,Delivered,615.74
3269,888,15,,2026-02-11 19:49:41,Delivered,4991.54
3270,85,27,,2026-06-06 14:34:30,Delivered,326.91
3271,137,22,,2026-06-10 13:00:31,Delivered,3394.13
3272,943,25,3.0,2026-03-05 12:24:09,Delivered,2505.11
3273,757,15,2.0,2026-07-26 12:51:57,Delivered,586.22
3274,1153,24,,2026-03-02 07:57:08,Delivered,501.83
3275,839,11,,2026-06-25 23:07:32,Delivered,3504.85
3276,502,9,,2026-03-13 16:03:58,Delivered,236.42
3277,790,23,,2026-05-14 13:24:24,Delivered,3184.79
3278,678,6,,2026-06-06 17:13:47,Delivered,3624.33
3279,196,25,,2026-05-27 14:08:44,Delivered,97.89
3280,529,6,,2026-06-23 16:32:08,Delivered,2271.24
3281,466,24,,2026-06-20 22:19:51,Delivered,1280.2
3282,220,30,,2026-04-06 14:51:46,Delivered,2115.42
3283,581,22,,2026-04-26 23:36:28,Delivered,2153.12
3284,334,12,,2026-03-24 13:51:48,Delivered,3332.28
3285,178,14,,2026-04-26 16:45:31,Delivered,1598.75
3286,531,14,,2026-05-28 21:34:16,Delivered,65.26
3287,894,25,,2026-07-28 15:49:12,Returned,4751.86
3288,126,13,5.0,2026-07-25 23:45:44,Delivered,1221.35
3289,350,24,,2026-06-08 19:39:46,Delivered,2277.91
3290,556,14,,2026-02-20 21:26:17,Returned,1841.96
3291,810,6,,2026-07-23 22:43:41,Delivered,4218.42
3292,23,3,,2026-06-18 11:01:16,Delivered,3033.58
3293,474,6,,2026-03-21 19:57:41,Delivered,5009.04
3294,852,8,,2026-04-21 12:23:54,Delivered,1575.49
3295,862,28,,2026-02-10 14:51:10,Delivered,1892.96
3296,645,18,,2026-07-19 16:53:18,Delivered,4779.52
3297,1123,6,,2026-02-08 09:36:46,Delivered,817.38
3298,273,6,1.0,2026-04-04 07:51:31,Delivered,2689.87
3299,990,24,,2026-02-27 08:43:44,Delivered,1296.32
3300,59,3,,2026-04-19 21:13:51,Delivered,1995.6
3301,491,25,,2026-06-24 11:30:05,Delivered,1280.44
3302,511,3,,2026-04-21 20:27:09,Cancelled,4083.59
3303,747,28,,2026-06-15 08:52:08,Returned,4412.24
3304,727,21,,2026-07-17 14:14:53,Delivered,737.14
3305,596,29,,2026-02-16 15:11:57,Delivered,2709.74
3306,262,16,,2026-03-31 08:39:06,Placed,2911.6
3307,1171,8,1.0,2026-02-26 17:19:10,Delivered,2025.9
3308,471,21,,2026-06-09 19:42:58,Delivered,1361.97
3309,570,15,4.0,2026-04-21 12:28:51,Cancelled,3470.19
3310,756,26,3.0,2026-04-23 20:49:08,Delivered,2782.55
3311,236,6,,2026-07-23 09:59:53,Delivered,565.48
3312,520,3,,2026-07-02 07:13:55,Delivered,1702.68
3313,15,22,,2026-07-23 09:47:22,Delivered,1726.02
3314,222,16,1.0,2026-08-03 12:36:11,Delivered,267.32
3315,224,6,,2026-07-17 15:26:25,Placed,2700.87
3316,1090,25,,2026-02-25 21:53:04,Delivered,2595.52
3317,935,13,,2026-05-09 10:51:19,Delivered,1072.25
3318,471,21,,2026-04-01 10:07:48,Delivered,371.68
3319,660,12,5.0,2026-06-05 20:14:20,Cancelled,201.86
3320,1070,4,4.0,2026-02-07 09:40:08,Delivered,1834.9
3321,984,24,,2026-04-19 10:32:39,Delivered,3783.69
3322,301,19,,2026-03-03 12:55:00,Delivered,3106.97
3323,46,28,,2026-05-24 16:46:08,Delivered,5217.69
3324,417,3,,2026-02-25 21:39:38,Delivered,5739.92
3325,492,30,,2026-06-16 11:20:12,Delivered,183.66
3326,1075,25,,2026-04-01 21:43:55,Delivered,1055.85
3327,1192,4,,2026-06-13 07:28:21,Delivered,1403.34
3328,125,9,2.0,2026-03-05 09:05:26,Delivered,2348.63
3329,1034,11,,2026-05-25 08:32:27,Delivered,1794.36
3330,992,8,,2026-07-12 13:47:22,Delivered,152.92
3331,812,17,4.0,2026-03-06 19:10:11,Delivered,3694.83
3332,889,30,,2026-06-29 22:41:07,Delivered,1186.92
3333,390,11,,2026-07-16 19:15:31,Delivered,990.32
3334,561,17,,2026-03-11 19:44:55,Cancelled,4716.1
3335,730,27,1.0,2026-04-22 17:24:05,Delivered,3566.79
3336,435,9,,2026-05-11 17:23:04,Delivered,3718.06
3337,517,6,,2026-07-16 17:52:04,Delivered,4635.25
3338,276,8,,2026-03-15 07:09:31,Cancelled,2322.62
3339,639,4,3.0,2026-07-30 15:41:41,Delivered,3044.94
3340,819,10,3.0,2026-07-27 19:17:55,Placed,2628.34
3341,329,6,4.0,2026-08-03 15:21:49,Delivered,3023.14
3342,14,2,4.0,2026-03-11 22:27:08,Delivered,1005.4
3343,704,25,,2026-04-25 09:44:14,Delivered,2566.38
3344,511,2,,2026-06-23 18:42:17,Delivered,1897.02
3345,173,21,,2026-06-03 11:05:24,Delivered,4054.92
3346,324,12,,2026-03-15 13:48:52,Delivered,1406.69
3347,1076,9,,2026-04-28 12:09:53,Cancelled,5837.26
3348,926,27,,2026-04-14 09:51:31,Delivered,1097.24
3349,820,10,,2026-07-06 08:47:00,Delivered,6415.83
3350,173,21,4.0,2026-04-18 16:09:07,Delivered,1997.7
3351,58,28,4.0,2026-05-03 09:44:43,Delivered,561.45
3352,700,16,,2026-07-22 09:39:59,Delivered,2347.7
3353,272,13,,2026-03-27 19:46:57,Delivered,5050.32
3354,1188,14,1.0,2026-05-10 11:57:36,Cancelled,2497.14
3355,728,11,4.0,2026-04-12 16:07:52,Returned,4467.4
3356,558,6,3.0,2026-03-15 22:55:58,Delivered,4315.06
3357,212,26,,2026-03-06 23:09:33,Delivered,1871.12
3358,1087,18,,2026-06-26 08:14:11,Delivered,1259.72
3359,1058,23,5.0,2026-06-13 16:51:59,Delivered,2768.39
3360,1121,15,,2026-03-12 12:54:18,Delivered,3866.61
3361,1110,14,,2026-04-29 09:23:30,Delivered,3203.73
3362,203,9,,2026-07-07 14:43:13,Delivered,6839.74
3363,261,19,,2026-02-07 17:47:08,Delivered,2453.02
3364,988,11,5.0,2026-08-04 14:37:52,Delivered,836.19
3365,1099,9,,2026-03-09 14:53:32,Delivered,1669.84
3366,121,6,,2026-04-27 16:39:52,Returned,2475.48
3367,1163,21,,2026-03-19 19:35:23,Delivered,1573.8
3368,731,15,,2026-06-12 20:04:51,Delivered,520.82
3369,892,24,,2026-05-24 18:32:57,Delivered,1557.38
3370,881,16,,2026-03-07 20:34:26,Delivered,1373.88
3371,698,8,,2026-07-15 21:18:51,Returned,6524.34
3372,909,24,,2026-05-03 08:52:29,Delivered,1150.98
3373,285,15,,2026-05-09 18:00:27,Delivered,2726.64
3374,1076,9,,2026-03-05 22:11:46,Delivered,4851.94
3375,1027,6,,2026-03-18 19:52:46,Delivered,2011.81
3376,628,24,,2026-07-17 19:24:15,Returned,2701.21
3377,886,23,,2026-02-19 15:51:01,Cancelled,6374.48
3378,990,24,,2026-03-09 09:42:13,Delivered,1671.11
3379,298,30,1.0,2026-05-24 10:36:27,Delivered,1041.53
3380,237,22,,2026-06-07 19:58:09,Delivered,152.92
3381,901,10,4.0,2026-07-17 14:13:40,Returned,2286.97
3382,257,23,,2026-06-14 14:34:16,Delivered,705.36
3383,686,17,,2026-06-05 23:59:56,Cancelled,5587.97
3384,864,29,1.0,2026-03-01 23:27:26,Delivered,764.14
3385,204,26,,2026-07-21 19:30:16,Returned,3362.04
3386,850,27,,2026-02-21 21:25:01,Delivered,3472.56
3387,344,3,3.0,2026-03-18 18:26:46,Delivered,3476.8
3388,166,11,1.0,2026-03-11 13:15:51,Delivered,2119.92
3389,540,21,2.0,2026-04-27 10:06:57,Delivered,4558.86
3390,1029,18,,2026-02-27 13:19:10,Cancelled,3838.13
3391,625,22,,2026-03-26 19:08:05,Delivered,6135.58
3392,974,21,,2026-07-02 10:31:59,Delivered,1858.8
3393,38,2,,2026-05-14 13:37:30,Delivered,5119.26
3394,815,11,,2026-03-06 14:01:36,Delivered,3307.91
3395,435,8,,2026-04-23 18:45:20,Delivered,2386.76
3396,108,16,,2026-07-31 08:33:59,Delivered,2339.0
3397,34,6,,2026-06-01 13:41:26,Delivered,2256.97
3398,774,15,4.0,2026-05-30 19:02:49,Delivered,474.01
3399,334,13,,2026-06-01 20:10:04,Delivered,5727.4
3400,174,23,,2026-04-13 14:12:15,Delivered,3560.77
3401,812,18,,2026-03-26 13:30:40,Cancelled,1721.55
3402,640,19,,2026-05-27 17:57:58,Delivered,2647.17
3403,715,2,,2026-03-17 23:18:49,Delivered,263.78
3404,1085,3,,2026-06-23 07:49:38,Delivered,3819.68
3405,544,11,,2026-07-26 18:09:56,Delivered,86.82
3406,943,24,,2026-05-28 18:54:35,Delivered,1545.47
3407,228,29,,2026-04-16 15:16:01,Placed,1010.9
3408,627,8,,2026-03-28 23:40:59,Delivered,3873.15
3409,1126,14,,2026-04-05 21:02:06,Cancelled,4348.47
3410,985,3,,2026-06-23 23:31:27,Delivered,2163.88
3411,311,18,,2026-06-27 07:31:26,Delivered,2868.61
3412,691,11,1.0,2026-04-17 15:39:49,Delivered,2618.35
3413,993,28,,2026-02-05 18:02:39,Delivered,3531.68
3414,660,12,,2026-03-28 20:01:39,Cancelled,104.7
3415,906,15,,2026-03-02 16:44:24,Returned,805.2
3416,102,6,,2026-06-09 07:50:26,Delivered,3291.82
3417,1056,27,,2026-07-10 11:43:45,Delivered,657.3
3418,930,24,,2026-02-06 13:48:00,Delivered,584.98
3419,531,15,,2026-05-15 15:20:09,Delivered,2128.99
3420,571,15,,2026-06-14 10:01:08,Delivered,4393.24
3421,13,6,,2026-05-07 23:18:35,Delivered,646.29
3422,1191,27,,2026-03-26 12:13:30,Delivered,1379.35
3423,162,22,,2026-06-12 15:27:36,Delivered,380.21
3424,1078,4,5.0,2026-04-08 15:22:47,Delivered,2297.86
3425,176,30,,2026-02-18 09:28:25,Delivered,2841.93
3426,1037,22,,2026-03-18 11:12:14,Delivered,1160.3
3427,1150,8,,2026-06-18 17:12:02,Cancelled,1891.12
3428,138,24,,2026-03-31 19:01:02,Cancelled,1071.04
3429,783,30,,2026-03-20 15:49:48,Delivered,4500.04
3430,760,22,,2026-04-26 08:56:26,Delivered,569.63
3431,810,6,,2026-03-14 14:11:13,Delivered,877.22
3432,463,16,,2026-02-14 22:17:13,Delivered,5277.92
3433,873,6,5.0,2026-03-22 20:08:35,Delivered,2145.36
3434,590,8,,2026-07-02 07:47:13,Delivered,485.34
3435,1153,25,,2026-04-25 22:37:16,Delivered,3673.86
3436,193,10,,2026-05-08 22:58:04,Delivered,1396.22
3437,401,18,,2026-04-06 09:06:10,Delivered,3884.9
3438,58,30,2.0,2026-05-28 16:39:54,Cancelled,3674.35
3439,98,18,3.0,2026-07-30 21:51:55,Delivered,2142.56
3440,784,16,,2026-07-06 10:34:51,Delivered,465.0
3441,348,4,,2026-04-12 15:57:10,Delivered,1651.59
3442,1149,26,,2026-04-22 20:07:46,Cancelled,5026.69
3443,646,14,,2026-04-25 16:12:34,Delivered,2806.82
3444,562,25,,2026-07-11 10:42:13,Delivered,2968.55
3445,263,8,5.0,2026-02-08 08:48:50,Delivered,1646.57
3446,611,4,,2026-02-17 20:16:48,Delivered,2782.09
3447,590,8,,2026-05-28 20:45:24,Delivered,4372.09
3448,592,6,,2026-03-24 15:54:36,Cancelled,1493.99
3449,878,3,,2026-03-22 21:47:07,Delivered,1026.12
3450,332,24,,2026-04-06 14:58:40,Delivered,1738.91
3451,867,30,4.0,2026-04-16 13:30:01,Delivered,3042.4
3452,1189,6,,2026-07-31 12:25:11,Cancelled,815.96
3453,349,22,,2026-07-21 21:45:35,Delivered,3228.04
3454,1129,22,,2026-05-21 19:50:08,Cancelled,4721.14
3455,508,6,,2026-02-26 18:06:12,Delivered,5682.58
3456,228,28,,2026-04-08 07:51:07,Delivered,1940.0
3457,765,29,3.0,2026-06-28 22:29:16,Delivered,2968.06
3458,500,13,1.0,2026-05-10 18:40:51,Delivered,3576.05
3459,22,10,,2026-05-06 13:27:09,Placed,2081.76
3460,63,29,,2026-06-18 15:47:17,Delivered,4096.87
3461,34,6,,2026-07-26 21:23:24,Delivered,1135.5
3462,536,2,,2026-04-03 09:51:03,Cancelled,698.6
3463,341,23,,2026-03-18 17:06:59,Delivered,2975.43
3464,438,30,,2026-05-12 20:06:05,Cancelled,4730.08
3465,680,17,,2026-05-27 07:47:04,Delivered,3067.88
3466,14,4,,2026-04-09 21:11:51,Delivered,2478.28
3467,679,9,,2026-02-05 17:45:00,Delivered,2223.74
3468,608,10,,2026-07-12 17:16:05,Delivered,3424.12
3469,276,9,,2026-02-07 21:17:23,Delivered,4419.03
3470,867,30,,2026-06-28 23:33:38,Delivered,247.82
3471,464,6,3.0,2026-02-10 14:24:56,Delivered,2299.44
3472,133,11,3.0,2026-03-10 22:45:58,Delivered,809.76
3473,372,28,,2026-03-30 22:25:53,Delivered,929.39
3474,1193,13,1.0,2026-05-05 16:13:16,Delivered,3326.81
3475,337,30,2.0,2026-02-09 12:06:21,Cancelled,2792.7
3476,84,3,,2026-06-13 13:34:26,Delivered,1557.12
3477,201,4,,2026-06-01 15:14:33,Delivered,1724.17
3478,962,3,,2026-05-25 19:06:58,Delivered,624.06
3479,851,16,4.0,2026-07-07 14:51:09,Returned,1772.64
3480,1162,18,,2026-07-26 10:08:54,Cancelled,2624.35
3481,836,30,,2026-04-18 21:55:35,Delivered,2198.15
3482,34,6,,2026-03-31 19:50:55,Delivered,1205.11
3483,298,28,,2026-04-09 22:54:38,Delivered,2991.05
3484,793,13,3.0,2026-03-04 18:52:54,Delivered,1774.34
3485,983,30,1.0,2026-07-07 08:52:22,Returned,1872.86
3486,331,11,,2026-03-02 18:23:40,Delivered,1144.94
3487,865,12,2.0,2026-07-26 12:48:54,Delivered,623.88
3488,716,26,,2026-06-29 16:58:52,Delivered,2616.47
3489,692,22,1.0,2026-03-19 07:44:21,Delivered,1531.71
3490,228,29,,2026-06-22 21:44:07,Delivered,1080.16
3491,1149,24,3.0,2026-07-30 21:32:00,Delivered,251.94
3492,764,22,,2026-05-08 18:30:12,Delivered,511.93
3493,1044,24,3.0,2026-06-08 21:39:27,Delivered,2398.23
3494,260,18,1.0,2026-04-27 08:13:44,Delivered,3046.33
3495,405,24,,2026-02-21 08:55:58,Delivered,3717.06
3496,1074,11,,2026-03-23 15:35:36,Cancelled,1937.44
3497,699,11,,2026-08-01 21:14:02,Delivered,1339.32
3498,795,15,,2026-05-25 23:44:18,Delivered,2642.08
3499,908,24,,2026-03-25 11:43:17,Delivered,2536.43
3500,259,21,2.0,2026-05-19 12:44:12,Delivered,1002.25
3501,1040,29,,2026-03-22 12:56:27,Delivered,2158.73
3502,388,12,,2026-03-11 17:50:01,Cancelled,279.91
3503,45,13,3.0,2026-02-28 14:59:11,Delivered,2395.53
3504,1047,6,4.0,2026-05-01 17:55:29,Delivered,3165.28
3505,112,2,,2026-04-05 17:23:57,Delivered,1710.32
3506,299,6,,2026-02-21 13:37:08,Delivered,1229.6
3507,149,2,,2026-06-16 18:43:06,Delivered,996.34
3508,1122,26,,2026-05-31 13:43:40,Delivered,408.3
3509,509,17,,2026-07-17 10:28:05,Delivered,3973.18
3510,435,8,,2026-06-15 13:29:57,Delivered,2409.27
3511,503,12,,2026-02-17 08:05:39,Delivered,2020.88
3512,1127,11,,2026-04-17 08:13:10,Delivered,1835.86
3513,112,3,5.0,2026-03-22 18:38:33,Cancelled,2974.11
3514,939,13,,2026-04-25 21:06:38,Returned,2151.06
3515,11,3,,2026-02-13 18:31:05,Delivered,1501.28
3516,473,15,,2026-07-10 14:49:42,Delivered,4050.75
3517,1078,4,,2026-04-03 22:15:51,Delivered,2882.75
3518,1166,18,,2026-05-21 08:04:01,Delivered,4546.72
3519,291,9,,2026-04-26 09:01:44,Delivered,799.69
3520,462,21,1.0,2026-02-05 08:58:43,Delivered,5401.47
3521,230,17,3.0,2026-02-09 17:37:39,Delivered,3647.58
3522,139,13,3.0,2026-03-16 10:03:04,Delivered,4295.14
3523,529,6,,2026-03-23 08:43:21,Delivered,1644.39
3524,80,14,1.0,2026-05-07 08:18:41,Delivered,4029.01
3525,64,16,,2026-06-20 22:40:21,Cancelled,217.94
3526,204,26,3.0,2026-04-20 19:26:30,Delivered,2745.6
3527,378,6,2.0,2026-04-14 13:04:03,Delivered,2111.94
3528,708,6,,2026-08-03 20:02:08,Delivered,753.83
3529,962,2,,2026-05-26 22:11:23,Delivered,4350.16
3530,576,11,,2026-07-31 14:19:48,Delivered,6498.42
3531,592,6,,2026-02-12 07:33:26,Delivered,978.6
3532,1103,19,,2026-05-24 16:23:55,Delivered,3389.47
3533,1134,6,3.0,2026-08-02 10:45:58,Delivered,291.1
3534,796,6,,2026-04-03 07:57:34,Delivered,2446.47
3535,784,15,,2026-03-16 19:36:56,Cancelled,153.96
3536,146,15,4.0,2026-02-17 16:17:32,Delivered,929.13
3537,147,17,,2026-07-15 08:11:48,Delivered,6567.58
3538,1110,15,,2026-06-16 22:45:55,Delivered,1724.76
3539,805,17,,2026-05-20 15:51:15,Delivered,3690.24
3540,846,6,,2026-06-06 12:58:23,Delivered,5888.84
3541,1074,11,4.0,2026-03-10 11:51:19,Cancelled,2145.02
3542,943,25,,2026-05-09 10:18:58,Returned,4058.65
3543,842,19,,2026-03-28 10:42:12,Delivered,2746.54
3544,865,12,,2026-03-31 21:12:17,Delivered,3721.14
3545,455,17,,2026-02-21 11:48:03,Delivered,2636.5
3546,29,6,,2026-02-16 10:03:57,Delivered,3795.19
3547,936,6,,2026-06-09 16:02:45,Delivered,2677.08
3548,271,8,,2026-05-12 08:23:49,Cancelled,1977.71
3549,736,15,,2026-04-14 08:09:54,Delivered,1453.34
3550,666,10,,2026-07-27 19:22:47,Delivered,3483.32
3551,427,11,,2026-02-22 19:52:57,Delivered,2012.78
3552,262,14,2.0,2026-05-15 09:14:43,Cancelled,1239.55
3553,753,26,2.0,2026-07-05 10:53:48,Delivered,427.48
3554,766,30,5.0,2026-02-05 08:55:59,Delivered,2414.71
3555,62,6,,2026-07-26 22:25:59,Delivered,296.33
3556,957,12,,2026-07-13 18:20:43,Delivered,476.88
3557,926,27,2.0,2026-04-13 23:06:24,Delivered,215.52
3558,887,21,3.0,2026-07-17 14:01:01,Delivered,2617.12
3559,950,4,,2026-04-18 18:46:13,Delivered,1521.81
3560,388,12,,2026-06-26 18:27:52,Delivered,3200.25
3561,902,12,,2026-07-08 13:04:31,Delivered,427.33
3562,905,29,,2026-02-20 10:38:16,Delivered,1798.89
3563,856,10,,2026-05-08 23:44:24,Delivered,830.48
3564,541,16,,2026-05-21 22:45:30,Delivered,2724.57
3565,614,24,,2026-03-10 14:23:25,Delivered,138.74
3566,705,29,,2026-05-19 21:52:00,Delivered,454.26
3567,471,22,,2026-06-20 20:56:52,Delivered,1141.38
3568,630,17,4.0,2026-03-13 14:59:02,Delivered,598.34
3569,767,6,,2026-07-12 20:53:07,Delivered,1742.28
3570,1026,8,,2026-02-06 08:23:33,Delivered,1633.8
3571,57,27,,2026-05-19 20:05:13,Delivered,3711.15
3572,1170,4,,2026-02-17 10:30:17,Delivered,2322.88
3573,55,18,3.0,2026-03-31 13:33:23,Delivered,3656.66
3574,125,8,1.0,2026-04-12 07:16:31,Delivered,1569.18
3575,1138,4,3.0,2026-06-12 13:53:45,Delivered,1881.71
3576,915,18,,2026-03-04 11:09:43,Cancelled,273.36
3577,474,6,,2026-04-10 18:43:42,Delivered,2043.95
3578,635,23,,2026-05-05 15:29:43,Delivered,1378.2
3579,1018,6,,2026-07-17 09:16:17,Delivered,2580.74
3580,303,13,5.0,2026-03-02 11:30:42,Delivered,4636.41
3581,985,3,,2026-06-02 22:09:33,Delivered,6867.3
3582,378,6,,2026-05-04 08:46:09,Delivered,1650.76
3583,581,21,,2026-02-27 14:33:33,Delivered,4004.71
3584,305,14,4.0,2026-06-07 19:31:45,Delivered,2615.68
3585,353,8,,2026-03-08 23:03:45,Delivered,1187.23
3586,501,15,,2026-02-07 11:17:08,Delivered,497.64
3587,203,9,,2026-03-21 10:28:34,Delivered,6925.27
3588,653,14,,2026-05-16 13:54:26,Delivered,1366.64
3589,146,15,,2026-03-27 23:28:45,Returned,3306.46
3590,685,9,,2026-05-08 21:35:45,Cancelled,900.64
3591,25,9,1.0,2026-06-14 11:30:43,Delivered,1206.36
3592,1198,13,,2026-03-13 18:18:12,Delivered,3897.04
3593,651,25,4.0,2026-02-05 07:14:41,Cancelled,182.67
3594,321,18,,2026-02-13 12:45:45,Cancelled,943.56
3595,114,14,,2026-03-31 10:19:46,Delivered,685.67
3596,179,11,,2026-06-21 12:53:17,Delivered,4051.54
3597,471,21,5.0,2026-04-11 10:12:37,Delivered,6345.92
3598,960,25,5.0,2026-04-05 07:20:07,Returned,3771.75
3599,206,4,,2026-06-06 16:46:26,Delivered,1786.38
3600,1199,15,,2026-02-23 20:10:50,Delivered,1140.53
3601,671,12,2.0,2026-06-04 11:15:05,Delivered,3657.5
3602,571,15,,2026-04-08 22:28:00,Delivered,5769.64
3603,400,14,,2026-05-03 14:17:29,Delivered,2557.35
3604,903,13,,2026-07-22 22:50:13,Delivered,790.0
3605,666,11,2.0,2026-04-29 16:35:45,Delivered,571.53
3606,765,29,,2026-03-08 17:15:32,Delivered,2536.46
3607,10,10,,2026-04-08 21:52:02,Delivered,2091.73
3608,949,12,,2026-03-08 14:11:06,Delivered,4993.62
3609,888,14,,2026-04-15 09:34:29,Delivered,4572.37
3610,804,9,,2026-05-28 23:08:46,Delivered,1318.86
3611,700,16,,2026-07-13 23:39:18,Delivered,4663.22
3612,129,8,,2026-07-10 08:26:57,Placed,1020.45
3613,421,13,,2026-02-24 20:19:06,Delivered,1793.92
3614,209,16,,2026-02-27 21:09:18,Delivered,2222.01
3615,83,28,,2026-04-03 09:59:16,Delivered,815.01
3616,1200,3,,2026-08-01 15:41:27,Delivered,139.6
3617,723,19,4.0,2026-07-17 14:59:38,Placed,3377.41
3618,860,14,,2026-05-08 07:09:16,Delivered,4942.57
3619,1017,2,,2026-06-07 14:19:09,Delivered,2477.5
3620,529,6,,2026-03-20 23:54:10,Cancelled,555.14
3621,600,17,,2026-03-15 21:15:19,Cancelled,2995.4
3622,716,26,,2026-07-14 18:56:14,Returned,4162.22
3623,654,15,,2026-02-13 12:33:50,Delivered,3327.31
3624,1122,25,,2026-06-05 16:09:47,Delivered,1578.4
3625,929,18,,2026-06-01 18:48:46,Delivered,2359.36
3626,1124,21,4.0,2026-06-14 21:23:42,Delivered,3841.93
3627,251,14,,2026-04-30 07:22:43,Delivered,5712.7
3628,1156,8,4.0,2026-06-22 08:23:06,Delivered,413.24
3629,58,27,,2026-02-24 16:40:00,Delivered,2769.88
3630,1198,13,,2026-07-14 07:31:47,Delivered,2838.22
3631,1048,12,,2026-06-06 17:42:53,Delivered,3020.24
3632,667,21,,2026-03-07 11:45:17,Delivered,1611.31
3633,973,9,,2026-04-25 22:11:39,Delivered,2144.2
3634,173,23,,2026-02-23 18:36:02,Delivered,2802.8
3635,1120,19,4.0,2026-06-11 10:36:58,Delivered,997.82
3636,483,23,,2026-07-20 15:49:17,Delivered,1153.17
3637,18,6,2.0,2026-07-22 09:01:22,Placed,190.51
3638,198,10,,2026-06-16 08:45:21,Delivered,1299.68
3639,808,28,,2026-07-30 19:10:23,Delivered,3817.28
3640,630,17,,2026-05-22 20:11:29,Delivered,390.76
3641,860,14,,2026-05-20 20:20:04,Delivered,2591.9
3642,1178,8,4.0,2026-05-12 13:55:34,Delivered,1555.04
3643,483,21,4.0,2026-03-06 11:27:12,Cancelled,2388.27
3644,757,16,,2026-03-25 14:18:32,Cancelled,320.04
3645,306,28,,2026-03-28 13:26:30,Delivered,5335.17
3646,98,18,,2026-07-10 11:34:03,Delivered,2069.69
3647,1178,9,,2026-05-05 20:37:50,Delivered,4035.26
3648,332,25,2.0,2026-02-11 10:47:06,Delivered,1127.68
3649,1002,12,,2026-03-29 12:26:47,Returned,2274.98
3650,994,19,,2026-04-14 10:52:39,Delivered,76.92
3651,534,9,,2026-03-23 23:36:00,Delivered,5945.52
3652,1065,23,,2026-02-24 11:23:33,Delivered,2594.93
3653,167,17,,2026-04-20 14:01:03,Delivered,1144.78
3654,341,23,,2026-02-15 23:37:13,Delivered,1468.81
3655,428,9,,2026-03-05 21:21:45,Delivered,3822.61
3656,263,9,,2026-07-14 21:18:20,Delivered,3084.58
3657,25,9,4.0,2026-07-23 20:34:52,Delivered,159.33
3658,854,6,,2026-06-22 19:54:54,Delivered,2633.39
3659,924,18,5.0,2026-04-06 20:15:09,Delivered,1535.92
3660,898,9,,2026-04-23 10:37:12,Delivered,3548.95
3661,731,15,,2026-04-17 17:06:11,Delivered,2405.06
3662,227,3,,2026-03-28 19:43:57,Delivered,2912.47
3663,71,10,,2026-06-11 23:44:05,Delivered,2230.81
3664,683,12,,2026-05-06 16:06:48,Delivered,2904.62
3665,893,9,4.0,2026-04-04 10:40:37,Cancelled,2427.46
3666,904,18,5.0,2026-06-04 23:24:52,Delivered,2788.46
3667,419,13,,2026-03-14 10:31:09,Delivered,870.97
3668,530,10,,2026-04-26 13:41:40,Delivered,1675.79
3669,441,17,,2026-05-18 10:51:25,Delivered,3423.18
3670,241,10,,2026-04-12 10:13:56,Delivered,1802.51
3671,1109,10,4.0,2026-03-06 22:42:57,Delivered,5330.99
3672,425,21,,2026-06-09 10:33:05,Cancelled,1637.0
3673,788,14,2.0,2026-02-08 09:34:55,Delivered,1694.52
3674,152,17,,2026-04-16 08:29:45,Delivered,1218.28
3675,697,6,,2026-02-08 20:51:27,Delivered,4203.49
3676,480,15,1.0,2026-04-18 19:37:29,Delivered,972.9
3677,1009,8,,2026-05-15 10:31:17,Delivered,3603.33
3678,562,26,,2026-06-21 15:36:14,Delivered,1982.65
3679,669,18,4.0,2026-03-23 08:56:04,Returned,1655.26
3680,374,16,2.0,2026-05-25 16:53:53,Cancelled,2956.78
3681,116,12,,2026-02-13 09:24:04,Delivered,1704.77
3682,301,17,3.0,2026-05-09 18:09:16,Delivered,1948.46
3683,590,8,,2026-02-15 17:11:25,Delivered,529.8
3684,48,3,,2026-03-31 21:07:11,Delivered,2456.0
3685,340,3,,2026-06-09 09:38:43,Delivered,1587.13
3686,1128,22,,2026-07-04 08:17:43,Placed,2728.65
3687,669,19,,2026-03-31 23:32:38,Delivered,1032.91
3688,291,9,,2026-04-18 09:49:43,Delivered,747.11
3689,69,6,,2026-02-15 07:49:47,Delivered,1082.78
3690,33,19,,2026-08-01 14:47:42,Delivered,1871.42
3691,894,24,,2026-03-11 13:21:18,Delivered,482.92
3692,323,23,,2026-03-20 15:36:48,Delivered,1873.28
3693,886,23,,2026-06-01 09:44:50,Delivered,2958.65
3694,491,26,3.0,2026-02-15 20:02:44,Delivered,1248.69
3695,828,8,,2026-07-21 23:11:58,Cancelled,557.36
3696,757,15,,2026-05-28 20:18:25,Delivered,1490.43
3697,715,4,,2026-04-02 14:12:49,Cancelled,783.94
3698,1128,21,,2026-05-17 08:08:04,Delivered,920.98
3699,547,12,1.0,2026-02-22 15:30:06,Delivered,1689.44
3700,223,10,,2026-04-24 09:26:15,Delivered,704.88
3701,263,9,2.0,2026-07-08 08:21:05,Delivered,1632.78
3702,524,10,,2026-02-05 17:13:42,Delivered,2820.55
3703,264,6,,2026-04-15 22:23:53,Delivered,3498.61
3704,255,23,1.0,2026-05-15 17:06:10,Delivered,2644.92
3705,830,23,2.0,2026-02-17 13:47:35,Delivered,5014.67
3706,1178,8,4.0,2026-06-03 13:47:50,Cancelled,1318.24
3707,91,6,1.0,2026-06-14 23:36:18,Delivered,3228.35
3708,1175,25,,2026-06-20 23:40:37,Returned,3123.63
3709,24,22,,2026-05-01 23:53:50,Delivered,2596.01
3710,62,6,,2026-06-22 18:07:46,Delivered,3582.93
3711,205,16,,2026-06-29 08:31:01,Delivered,3686.1
3712,405,24,,2026-04-28 09:30:51,Delivered,3300.58
3713,717,6,,2026-07-26 19:21:06,Delivered,3082.4
3714,159,3,5.0,2026-06-08 14:50:23,Delivered,299.59
3715,883,21,,2026-05-10 21:41:09,Delivered,3533.22
3716,300,12,,2026-02-09 10:07:39,Cancelled,2703.88
3717,972,10,,2026-04-21 15:57:21,Delivered,6759.49
3718,728,11,,2026-03-31 11:54:31,Delivered,896.5
3719,150,18,4.0,2026-05-01 10:42:41,Delivered,2681.94
3720,402,15,,2026-03-22 18:55:57,Delivered,4477.75
3721,1147,4,,2026-04-02 23:05:36,Delivered,1257.52
3722,460,11,,2026-05-28 13:10:16,Delivered,481.6
3723,763,14,,2026-03-22 12:09:16,Delivered,2906.36
3724,596,27,,2026-05-16 21:40:13,Delivered,4201.12
3725,776,16,,2026-06-29 23:33:35,Delivered,565.48
3726,559,2,,2026-03-14 08:22:27,Delivered,2734.12
3727,64,14,2.0,2026-05-08 20:03:54,Cancelled,774.08
3728,277,30,,2026-03-07 09:54:30,Delivered,4302.99
3729,821,4,3.0,2026-07-16 14:29:42,Delivered,1157.11
3730,251,14,,2026-07-17 21:22:40,Delivered,2996.77
3731,291,8,,2026-05-22 20:53:55,Returned,495.4
3732,531,16,5.0,2026-06-06 13:10:51,Delivered,2406.64
3733,331,11,4.0,2026-07-21 11:18:25,Delivered,851.26
3734,315,19,3.0,2026-07-29 19:31:02,Cancelled,1007.33
3735,956,2,,2026-02-14 13:07:00,Delivered,8027.65
3736,946,6,,2026-05-10 22:45:25,Delivered,920.98
3737,1091,23,,2026-06-09 16:05:19,Placed,218.87
3738,1134,6,3.0,2026-05-19 08:42:38,Delivered,2696.85
3739,274,17,,2026-05-10 09:18:53,Delivered,541.36
3740,573,3,,2026-02-18 09:15:44,Placed,1128.85
3741,277,27,,2026-02-22 20:42:56,Delivered,356.64
3742,1105,6,,2026-08-04 08:35:00,Delivered,1347.72
3743,137,23,,2026-06-26 19:07:26,Delivered,3073.44
3744,854,6,,2026-07-30 07:56:24,Delivered,1621.83
3745,1188,15,,2026-05-14 08:48:21,Delivered,2081.21
3746,321,17,,2026-04-04 20:56:35,Delivered,1143.2
3747,1183,24,2.0,2026-05-23 13:51:48,Delivered,1193.76
3748,964,24,,2026-06-25 20:36:08,Delivered,3677.56
3749,1009,9,,2026-07-20 08:38:20,Delivered,170.03
3750,59,3,1.0,2026-06-14 09:51:45,Delivered,3909.2
3751,333,14,,2026-07-16 22:31:01,Delivered,2215.42
3752,862,28,,2026-06-14 09:34:53,Delivered,5330.42
3753,718,17,,2026-06-08 16:20:22,Delivered,1406.93
3754,274,19,2.0,2026-02-26 11:08:46,Delivered,285.65
3755,554,2,,2026-07-31 20:51:35,Delivered,6386.42
3756,1191,29,,2026-06-09 16:14:59,Delivered,2640.72
3757,786,11,,2026-05-19 15:07:26,Delivered,1674.24
3758,662,29,,2026-06-19 21:29:12,Delivered,2170.27
3759,61,12,5.0,2026-07-20 11:48:53,Delivered,1467.22
3760,864,27,,2026-06-09 16:47:16,Delivered,1058.12
3761,347,6,,2026-04-28 23:57:21,Delivered,594.88
3762,1200,2,,2026-02-25 21:52:14,Delivered,719.4
3763,1163,22,,2026-02-09 22:16:26,Delivered,1213.5
3764,690,16,,2026-04-21 10:09:33,Delivered,2847.53
3765,25,9,,2026-02-11 11:55:47,Cancelled,90.32
3766,46,28,,2026-02-26 18:57:33,Delivered,6039.98
3767,502,8,,2026-06-17 11:15:14,Cancelled,2204.68
3768,233,12,,2026-03-18 11:53:15,Delivered,2153.24
3769,566,6,,2026-04-27 18:37:15,Cancelled,2163.2
3770,442,16,3.0,2026-06-07 16:14:30,Delivered,788.58
3771,711,6,,2026-03-24 12:56:29,Cancelled,4362.87
3772,1146,12,,2026-04-23 09:21:33,Delivered,893.32
3773,151,6,2.0,2026-04-29 15:25:29,Delivered,1184.76
3774,1012,17,,2026-05-30 17:41:10,Delivered,2828.32
3775,735,25,,2026-03-27 20:05:54,Delivered,1071.48
3776,842,17,,2026-07-22 22:42:48,Delivered,4802.52
3777,1178,8,,2026-03-23 09:34:40,Delivered,2147.33
3778,946,6,,2026-04-26 17:46:00,Delivered,4836.2
3779,128,11,,2026-05-04 16:17:57,Cancelled,1208.33
3780,236,6,,2026-02-10 19:10:22,Delivered,1045.09
3781,1057,19,,2026-03-19 18:14:34,Returned,2460.88
3782,858,30,,2026-06-01 19:39:18,Delivered,520.09
3783,1140,4,,2026-03-01 21:59:37,Delivered,102.64
3784,382,10,,2026-06-07 07:39:54,Delivered,2210.44
3785,1079,13,,2026-02-20 16:48:17,Delivered,136.1
3786,1033,29,,2026-07-08 18:06:13,Cancelled,245.43
3787,1026,8,,2026-07-18 11:31:19,Delivered,940.48
3788,14,3,,2026-07-01 18:26:11,Delivered,2262.89
3789,842,19,5.0,2026-08-04 18:05:21,Returned,3447.92
3790,645,18,,2026-03-07 19:44:17,Delivered,2214.88
3791,144,30,,2026-04-07 22:38:52,Delivered,861.53
3792,1104,6,,2026-03-30 15:39:19,Delivered,1526.86
3793,86,2,,2026-07-25 07:50:14,Placed,3072.87
3794,139,12,1.0,2026-07-29 16:10:02,Delivered,2295.11
3795,43,6,,2026-07-09 15:22:06,Delivered,2708.83
3796,566,6,,2026-05-17 09:47:18,Delivered,2370.67
3797,45,13,3.0,2026-07-14 14:48:00,Delivered,239.07
3798,694,4,,2026-03-04 11:07:58,Returned,3469.97
3799,193,10,,2026-02-25 15:08:01,Delivered,2883.97
3800,271,9,,2026-04-22 21:54:21,Delivered,3512.74
3801,1200,3,,2026-07-08 21:52:06,Delivered,7411.64
3802,1190,2,,2026-05-04 18:38:14,Delivered,1477.89
3803,130,9,,2026-04-22 09:58:19,Delivered,2755.66
3804,115,23,,2026-06-29 23:35:18,Delivered,3630.94
3805,919,10,,2026-05-28 10:35:18,Delivered,2826.63
3806,424,26,,2026-07-11 21:31:40,Returned,3192.74
3807,165,17,,2026-07-03 10:12:50,Cancelled,2695.61
3808,28,28,5.0,2026-07-07 17:00:50,Delivered,5948.07
3809,1062,11,2.0,2026-05-23 21:05:04,Delivered,3682.06
3810,185,12,,2026-05-18 09:32:20,Cancelled,450.7
3811,1080,9,,2026-05-30 22:35:35,Delivered,1713.54
3812,11,3,,2026-07-09 18:36:49,Cancelled,1969.27
3813,521,17,,2026-05-08 19:15:37,Delivered,1928.61
3814,991,12,,2026-07-19 11:57:44,Delivered,1031.86
3815,78,26,,2026-07-22 20:07:55,Delivered,2586.25
3816,42,16,1.0,2026-07-05 15:42:03,Delivered,741.51
3817,905,27,4.0,2026-06-16 15:25:08,Delivered,1992.6
3818,1147,3,,2026-04-11 07:42:35,Delivered,3398.82
3819,231,21,5.0,2026-06-02 13:45:41,Delivered,2248.82
3820,1040,29,,2026-07-29 20:55:02,Delivered,764.28
3821,136,15,,2026-02-05 09:43:01,Returned,4501.71
3822,979,30,,2026-03-29 16:05:56,Delivered,124.27
3823,188,4,,2026-07-09 20:18:51,Delivered,725.7
3824,932,8,,2026-06-16 11:12:19,Cancelled,2171.63
3825,1118,12,,2026-06-17 19:21:33,Delivered,3568.08
3826,442,16,,2026-08-01 09:57:06,Delivered,5335.94
3827,156,6,1.0,2026-07-23 07:00:30,Delivered,1361.48
3828,333,14,,2026-04-01 21:42:33,Delivered,1308.82
3829,246,21,2.0,2026-05-30 11:47:25,Delivered,4234.91
3830,194,26,,2026-03-17 22:31:51,Delivered,2376.16
3831,356,23,,2026-07-27 23:53:03,Cancelled,3225.2
3832,210,16,3.0,2026-06-30 11:10:05,Delivered,3426.42
3833,70,6,,2026-03-04 18:38:43,Delivered,928.68
3834,1146,12,,2026-07-27 08:14:39,Delivered,2128.86
3835,838,27,3.0,2026-05-31 08:02:13,Delivered,1800.18
3836,12,6,1.0,2026-03-17 20:31:05,Cancelled,2570.62
3837,661,6,,2026-02-23 12:22:59,Returned,1922.27
3838,867,27,,2026-02-06 16:04:32,Delivered,2954.53
3839,914,17,,2026-05-18 16:59:14,Delivered,2005.43
3840,333,15,,2026-06-04 18:00:06,Placed,3072.84
3841,156,6,,2026-05-09 14:28:04,Delivered,1492.0
3842,1020,9,,2026-07-04 23:42:13,Delivered,6476.78
3843,47,18,,2026-06-26 19:55:21,Delivered,821.34
3844,540,22,,2026-03-25 11:19:52,Delivered,375.48
3845,232,16,4.0,2026-07-29 19:00:45,Cancelled,4600.79
3846,125,8,,2026-04-11 21:08:19,Cancelled,2047.72
3847,1125,8,,2026-02-13 14:01:01,Delivered,3430.76
3848,294,11,,2026-05-01 15:22:11,Placed,2355.74
3849,639,4,,2026-02-09 22:51:44,Cancelled,3363.13
3850,977,10,4.0,2026-06-24 18:33:48,Delivered,2794.16
3851,880,9,5.0,2026-02-09 15:09:27,Delivered,2135.46
3852,286,10,3.0,2026-06-23 14:21:12,Delivered,3740.18
3853,374,14,2.0,2026-04-12 13:20:29,Delivered,3023.24
3854,379,3,,2026-04-02 09:24:02,Delivered,3794.64
3855,775,6,,2026-05-16 10:07:19,Delivered,2193.58
3856,337,28,,2026-05-11 15:56:10,Delivered,3512.79
3857,787,12,,2026-04-03 19:10:58,Delivered,2052.67
3858,835,18,,2026-05-23 12:38:10,Delivered,4667.11
3859,1125,9,,2026-06-24 16:07:39,Cancelled,2711.01
3860,925,4,,2026-07-15 20:03:41,Cancelled,980.0
3861,445,9,2.0,2026-02-18 17:19:00,Delivered,2581.17
3862,1143,29,5.0,2026-03-22 08:24:32,Delivered,2641.25
3863,1085,3,,2026-02-17 07:44:55,Delivered,1708.76
3864,1030,24,,2026-02-06 17:43:20,Delivered,5236.22
3865,881,16,,2026-03-31 07:15:17,Delivered,4272.16
3866,1038,17,,2026-06-17 12:16:41,Delivered,410.4
3867,1118,13,,2026-05-07 11:15:21,Returned,506.76
3868,497,6,,2026-07-04 07:58:08,Delivered,2480.4
3869,1030,26,2.0,2026-03-25 17:13:14,Delivered,344.25
3870,339,10,1.0,2026-04-01 09:19:51,Delivered,3880.04
3871,519,13,,2026-05-21 11:44:54,Delivered,2086.17
3872,1123,6,,2026-06-30 16:25:04,Cancelled,4611.57
3873,288,25,4.0,2026-03-06 13:32:28,Delivered,1543.6
3874,521,18,,2026-04-21 17:40:52,Delivered,2912.3
3875,197,8,,2026-02-09 21:36:21,Delivered,2785.22
3876,684,10,,2026-04-19 10:02:24,Delivered,2733.36
3877,227,3,1.0,2026-06-23 22:56:27,Placed,2935.27
3878,172,10,,2026-02-09 15:20:41,Delivered,5243.25
3879,826,11,1.0,2026-03-06 13:21:12,Delivered,2595.97
3880,720,14,,2026-06-10 14:43:20,Delivered,3087.3
3881,187,11,3.0,2026-02-26 12:39:26,Cancelled,2028.3
3882,341,23,4.0,2026-07-31 08:31:38,Delivered,1778.04
3883,861,23,,2026-05-22 13:15:03,Delivered,3563.2
3884,1119,22,2.0,2026-07-06 08:59:42,Delivered,211.26
3885,489,12,,2026-05-14 19:47:00,Returned,640.4
3886,299,6,,2026-07-08 12:30:59,Delivered,350.34
3887,196,24,,2026-05-23 10:35:04,Delivered,5583.5
3888,129,9,2.0,2026-02-24 23:31:04,Delivered,170.71
3889,211,6,,2026-04-04 18:17:47,Delivered,115.6
3890,797,6,,2026-05-25 21:55:23,Delivered,3119.42
3891,915,18,1.0,2026-02-10 09:44:26,Delivered,3377.04
3892,88,14,,2026-07-01 18:42:50,Delivered,1963.22
3893,718,17,3.0,2026-04-07 19:28:40,Delivered,333.21
3894,728,10,,2026-03-28 13:04:32,Delivered,4829.8
3895,531,15,,2026-05-13 14:27:09,Cancelled,240.8
3896,90,3,,2026-02-16 19:24:18,Cancelled,1663.14
3897,594,10,,2026-05-18 11:59:57,Cancelled,4591.34
3898,689,10,5.0,2026-05-07 20:09:07,Cancelled,1860.03
3899,1042,24,3.0,2026-02-08 09:14:37,Delivered,2557.57
3900,237,22,,2026-06-14 09:07:51,Delivered,1663.8
3901,856,10,,2026-03-14 14:20:02,Delivered,2409.64
3902,196,24,,2026-03-16 13:52:37,Delivered,3188.36
3903,613,14,4.0,2026-05-13 16:57:58,Delivered,48.72
3904,380,10,,2026-02-22 12:36:29,Returned,4938.3
3905,92,24,4.0,2026-06-19 22:42:44,Delivered,2434.19
3906,939,12,,2026-06-02 12:22:22,Delivered,3044.28
3907,382,10,,2026-03-10 21:29:08,Delivered,1272.65
3908,1049,4,,2026-05-24 14:56:54,Cancelled,3146.18
3909,297,11,,2026-05-08 21:42:17,Delivered,4923.71
3910,667,22,,2026-03-15 19:01:07,Delivered,121.78
3911,1060,11,,2026-06-22 14:48:15,Placed,2198.1
3912,79,9,,2026-02-13 17:34:34,Delivered,6468.67
3913,873,6,1.0,2026-06-26 14:46:35,Delivered,2742.39
3914,588,24,1.0,2026-03-11 22:49:51,Delivered,3685.02
3915,79,8,2.0,2026-04-10 09:20:54,Placed,1094.74
3916,44,24,,2026-05-11 18:28:21,Delivered,837.02
3917,601,11,,2026-03-19 17:33:02,Delivered,3194.89
3918,355,9,3.0,2026-07-27 21:44:31,Delivered,1042.15
3919,679,8,,2026-04-18 15:51:10,Cancelled,3799.55
3920,1035,9,,2026-04-15 10:29:56,Delivered,5060.91
3921,945,10,,2026-03-09 23:02:28,Delivered,4285.37
3922,721,13,,2026-04-09 07:10:10,Delivered,840.61
3923,462,21,,2026-06-19 08:25:56,Returned,2010.7
3924,716,25,,2026-05-28 22:26:34,Delivered,614.8
3925,82,29,,2026-07-21 20:22:29,Delivered,2397.87
3926,442,16,,2026-02-12 17:45:13,Delivered,3041.48
3927,487,10,,2026-02-16 22:47:38,Delivered,1483.9
3928,234,3,,2026-06-19 11:10:44,Delivered,1368.36
3929,171,6,,2026-04-01 12:21:24,Delivered,3008.72
3930,398,16,,2026-02-17 16:22:17,Cancelled,1465.74
3931,33,18,,2026-03-28 14:33:11,Cancelled,1790.24
3932,622,2,,2026-02-24 21:07:35,Returned,2317.64
3933,274,19,,2026-03-04 12:02:29,Delivered,3928.74
3934,567,8,,2026-07-03 23:03:57,Returned,1235.85
3935,399,12,1.0,2026-05-15 10:28:25,Delivered,709.43
3936,533,6,,2026-07-30 11:08:44,Cancelled,2725.55
3937,458,30,,2026-04-27 13:40:36,Delivered,1278.29
3938,41,23,,2026-05-15 16:21:15,Delivered,3700.24
3939,22,11,,2026-05-19 10:22:27,Delivered,1935.55
3940,807,9,2.0,2026-06-03 07:12:58,Delivered,2375.62
3941,364,23,,2026-04-10 12:09:49,Delivered,4518.24
3942,415,26,,2026-07-16 08:03:47,Delivered,2432.5
3943,308,4,2.0,2026-06-12 11:33:00,Cancelled,2306.1
3944,348,2,,2026-04-04 19:22:18,Delivered,1673.11
3945,971,2,,2026-03-07 07:32:41,Delivered,297.02
3946,1117,9,,2026-04-03 14:14:32,Delivered,1740.96
3947,124,22,5.0,2026-07-04 12:32:11,Delivered,5310.4
3948,1024,27,4.0,2026-02-07 22:08:43,Cancelled,909.01
3949,743,3,,2026-07-08 18:09:32,Delivered,985.64
3950,753,26,5.0,2026-07-08 16:29:31,Delivered,2207.05
3951,202,17,5.0,2026-02-11 16:35:04,Delivered,3552.09
3952,747,27,,2026-05-02 15:08:24,Delivered,1343.74
3953,460,10,,2026-02-26 12:40:16,Delivered,506.76
3954,1059,21,,2026-07-02 09:50:24,Cancelled,3222.09
3955,735,26,,2026-03-09 18:51:29,Delivered,1764.54
3956,346,6,4.0,2026-06-25 18:39:44,Delivered,2131.71
3957,735,26,,2026-02-24 19:05:54,Delivered,1817.72
3958,402,16,,2026-03-27 12:00:03,Delivered,3708.58
3959,239,27,3.0,2026-02-11 10:11:14,Delivered,2942.52
3960,807,8,,2026-05-15 20:36:14,Delivered,1789.65
3961,942,28,1.0,2026-04-09 10:39:13,Cancelled,2710.8
3962,1039,12,,2026-05-21 08:25:39,Cancelled,3231.13
3963,602,18,,2026-07-27 14:21:29,Delivered,1058.25
3964,340,3,,2026-04-08 09:36:06,Delivered,450.37
3965,432,11,,2026-07-13 12:58:53,Delivered,1515.16
3966,594,10,,2026-02-21 13:24:15,Delivered,1837.92
3967,1039,13,3.0,2026-03-13 19:31:44,Delivered,1777.25
3968,116,12,,2026-07-10 12:24:37,Delivered,4007.55
3969,508,6,,2026-07-09 13:01:55,Delivered,2008.14
3970,569,8,,2026-06-16 19:07:28,Delivered,2708.16
3971,867,29,,2026-05-31 19:15:29,Delivered,2149.41
3972,1198,13,,2026-02-11 18:27:37,Delivered,3953.75
3973,525,2,2.0,2026-04-10 07:39:46,Delivered,2632.74
3974,766,28,4.0,2026-05-02 11:54:01,Delivered,2591.67
3975,146,14,5.0,2026-04-19 15:37:14,Delivered,4500.27
3976,80,16,,2026-05-18 21:23:45,Delivered,2479.38
3977,527,13,,2026-02-20 13:02:44,Delivered,3824.44
3978,285,16,,2026-05-14 16:10:05,Delivered,1141.38
3979,128,11,,2026-03-02 16:07:43,Delivered,1561.93
3980,682,6,,2026-06-18 19:09:04,Delivered,747.48
3981,1158,18,1.0,2026-03-18 18:06:38,Delivered,4111.99
3982,649,4,3.0,2026-06-19 09:14:33,Returned,3890.18
3983,695,3,1.0,2026-06-20 22:15:44,Delivered,2635.07
3984,219,4,,2026-06-17 21:45:41,Delivered,2103.76
3985,272,13,,2026-05-13 08:20:01,Delivered,2830.68
3986,142,19,,2026-07-26 13:10:45,Delivered,1399.62
3987,673,11,,2026-03-19 17:25:10,Delivered,2163.97
3988,767,6,4.0,2026-07-20 14:51:05,Delivered,1320.82
3989,45,13,,2026-03-18 19:41:03,Delivered,358.78
3990,839,11,,2026-04-22 20:11:45,Delivered,5047.89
3991,454,9,,2026-04-14 14:54:24,Cancelled,1250.72
3992,1108,12,,2026-05-05 18:06:34,Returned,1476.92
3993,52,18,5.0,2026-02-22 18:42:11,Delivered,2427.48
3994,1092,6,,2026-06-30 19:27:41,Cancelled,5004.31
3995,403,6,3.0,2026-06-17 13:35:33,Delivered,1950.74
3996,493,19,1.0,2026-04-28 11:17:41,Delivered,995.38
3997,49,6,,2026-02-14 23:03:19,Delivered,3343.83
3998,893,8,,2026-06-08 09:57:00,Delivered,1606.93
3999,699,11,,2026-05-16 15:23:22,Delivered,4346.57
4000,475,17,,2026-02-07 07:21:34,Delivered,3262.31
4001,1011,17,,2026-03-11 22:55:30,Delivered,3916.94
4002,850,28,,2026-02-08 23:51:30,Delivered,4091.03
4003,336,24,4.0,2026-08-02 10:52:53,Delivered,1432.09
4004,1072,19,,2026-04-24 13:09:51,Delivered,2516.81
4005,266,2,,2026-03-14 16:13:29,Delivered,2701.8
4006,683,12,,2026-04-07 12:57:39,Delivered,207.96
4007,567,8,,2026-07-14 13:27:40,Delivered,2469.41
4008,418,10,,2026-07-21 08:00:07,Delivered,4451.46
4009,864,28,,2026-02-08 22:38:41,Delivered,3739.02
4010,192,23,,2026-03-13 22:28:49,Delivered,1136.37
4011,811,26,,2026-07-08 12:50:55,Delivered,3066.87
4012,1200,4,3.0,2026-03-07 22:38:40,Delivered,917.5
4013,155,12,,2026-02-20 16:22:13,Placed,513.6
4014,964,26,,2026-04-13 21:13:42,Delivered,1699.6
4015,388,13,,2026-04-12 09:50:08,Delivered,6137.33
4016,935,13,,2026-06-26 21:55:32,Delivered,3676.6
4017,635,23,3.0,2026-06-16 08:17:56,Delivered,2488.92
4018,1150,9,,2026-02-18 10:54:31,Returned,2631.28
4019,128,11,,2026-05-22 21:04:59,Delivered,1961.16
4020,950,2,,2026-07-20 17:41:36,Delivered,3432.69
4021,1165,10,,2026-06-24 18:46:59,Delivered,5506.72
4022,630,18,,2026-02-08 22:15:32,Delivered,640.89
4023,149,4,3.0,2026-05-06 15:33:23,Cancelled,2147.25
4024,651,24,,2026-04-08 14:11:01,Delivered,2118.28
4025,454,9,,2026-02-24 10:53:31,Delivered,659.39
4026,1191,28,,2026-04-19 08:16:55,Delivered,1387.53
4027,633,19,,2026-07-17 14:50:16,Delivered,591.99
4028,360,22,,2026-06-02 14:17:00,Delivered,1298.93
4029,176,27,5.0,2026-05-30 11:09:37,Delivered,202.27
4030,687,18,4.0,2026-04-01 18:10:20,Delivered,4802.03
4031,368,2,,2026-02-19 15:01:52,Delivered,2459.15
4032,912,21,,2026-04-02 20:58:32,Delivered,6077.57
4033,850,27,,2026-06-10 07:52:05,Cancelled,859.61
4034,235,29,2.0,2026-03-12 18:40:40,Cancelled,471.87
4035,27,16,,2026-05-14 22:42:15,Delivered,1372.94
4036,10,11,,2026-03-06 07:54:47,Delivered,1350.93
4037,476,21,5.0,2026-06-22 09:05:55,Cancelled,1483.2
4038,172,11,,2026-04-17 18:10:42,Delivered,2469.42
4039,506,9,,2026-06-02 08:30:50,Returned,3233.55
4040,100,9,1.0,2026-03-05 07:47:44,Delivered,1294.64
4041,216,25,,2026-04-23 21:43:59,Delivered,328.84
4042,685,8,,2026-04-25 10:09:48,Cancelled,216.66
4043,795,15,1.0,2026-04-17 22:45:10,Cancelled,4199.31
4044,346,6,,2026-04-13 18:03:32,Delivered,3508.98
4045,685,8,,2026-07-02 14:10:27,Delivered,1513.46
4046,692,23,,2026-06-08 07:06:39,Delivered,1336.2
4047,285,15,,2026-04-23 10:22:13,Delivered,2881.01
4048,1128,22,,2026-06-27 09:07:45,Delivered,1182.84
4049,1169,10,,2026-06-04 13:22:21,Delivered,978.6
4050,826,11,,2026-06-14 10:16:26,Delivered,2219.88
4051,192,23,,2026-07-06 10:27:37,Cancelled,793.41
4052,721,13,,2026-05-21 12:22:27,Delivered,1538.6
4053,386,13,,2026-06-11 23:33:20,Delivered,4098.16
4054,394,19,,2026-07-01 20:40:08,Delivered,3447.7
4055,240,3,,2026-05-19 22:45:00,Delivered,4408.34
4056,496,26,,2026-06-17 22:59:04,Delivered,1016.74
4057,735,25,,2026-04-21 10:44:46,Delivered,3934.92
4058,310,8,,2026-02-16 20:00:34,Delivered,1231.14
4059,175,8,,2026-08-04 08:41:36,Cancelled,2875.03
4060,669,18,4.0,2026-04-24 14:15:35,Placed,2089.3
4061,526,11,,2026-05-16 19:11:52,Cancelled,1042.07
4062,1019,9,,2026-06-29 08:15:17,Delivered,620.07
4063,1050,8,1.0,2026-02-08 11:35:22,Delivered,1451.56
4064,764,23,,2026-05-18 12:31:06,Delivered,2902.5
4065,788,14,,2026-04-03 07:14:33,Delivered,544.4
4066,89,24,,2026-05-29 16:34:07,Delivered,1474.94
4067,810,6,,2026-07-31 17:00:03,Delivered,589.84
4068,408,26,,2026-06-28 14:42:25,Delivered,1563.59
4069,1157,19,,2026-02-07 23:01:11,Cancelled,1686.53
4070,718,17,,2026-05-23 09:57:05,Cancelled,2334.48
4071,1034,10,3.0,2026-03-31 09:48:25,Delivered,1339.94
4072,561,17,,2026-05-31 13:56:32,Delivered,1058.02
4073,407,2,,2026-07-29 17:13:04,Delivered,1687.37
4074,544,10,5.0,2026-07-31 18:48:59,Delivered,2013.24
4075,1165,11,,2026-03-24 16:14:19,Delivered,24.61
4076,1017,3,,2026-07-10 20:48:21,Delivered,1904.2
4077,538,8,,2026-07-10 10:33:23,Delivered,743.36
4078,780,9,,2026-02-18 15:40:54,Delivered,3089.6
4079,411,23,,2026-03-28 22:37:16,Delivered,371.18
4080,181,21,,2026-07-15 11:11:29,Delivered,4680.97
4081,920,10,,2026-04-02 11:47:15,Delivered,4821.34
4082,124,21,1.0,2026-03-07 11:12:44,Delivered,1561.36
4083,251,15,,2026-07-18 21:17:14,Delivered,5953.22
4084,1092,6,,2026-05-11 18:02:17,Cancelled,2019.87
4085,629,30,,2026-05-23 15:12:25,Delivered,4046.64
4086,613,15,,2026-03-03 10:25:59,Cancelled,2165.44
4087,755,14,,2026-05-20 15:06:06,Delivered,5541.82
4088,115,21,2.0,2026-03-19 20:55:01,Delivered,823.96
4089,1096,9,,2026-07-04 18:33:49,Delivered,1921.72
4090,354,9,4.0,2026-02-12 14:01:53,Delivered,3681.06
4091,21,25,1.0,2026-04-14 13:21:04,Returned,1154.76
4092,1045,27,,2026-05-03 20:40:01,Delivered,1305.95
4093,523,6,,2026-06-26 16:53:40,Delivered,140.86
4094,23,3,,2026-05-15 21:01:50,Placed,3055.92
4095,71,10,,2026-04-22 19:22:53,Cancelled,513.58
4096,227,4,,2026-03-27 16:52:01,Delivered,75.93
4097,847,18,,2026-03-22 18:24:02,Delivered,5252.92
4098,1077,18,,2026-05-27 12:28:39,Delivered,265.93
4099,1013,15,,2026-05-25 09:47:53,Cancelled,342.09
4100,1085,3,5.0,2026-05-14 15:52:36,Delivered,4066.95
4101,1169,10,,2026-05-31 21:32:31,Delivered,2400.74
4102,167,18,,2026-06-11 11:39:35,Delivered,1653.01
4103,663,11,,2026-05-21 19:24:28,Delivered,2742.32
4104,965,11,3.0,2026-06-22 08:58:28,Delivered,1170.37
4105,608,10,,2026-07-03 18:35:47,Delivered,745.26
4106,79,8,5.0,2026-04-15 16:17:51,Delivered,932.39
4107,888,14,,2026-06-01 09:22:42,Delivered,728.26
4108,82,29,,2026-04-28 22:23:38,Delivered,1744.61
4109,868,4,,2026-03-12 21:40:59,Delivered,1073.59
4110,1013,14,,2026-03-16 12:44:37,Delivered,1589.92
4111,46,27,,2026-04-18 09:58:03,Delivered,1013.15
4112,452,6,,2026-02-23 17:26:00,Delivered,3578.62
4113,54,10,,2026-04-03 12:07:08,Cancelled,221.44
4114,137,22,,2026-02-06 23:39:24,Returned,3174.46
4115,303,12,,2026-03-26 15:44:17,Delivered,592.66
4116,620,22,,2026-03-21 08:31:54,Delivered,2530.9
4117,935,12,,2026-08-01 13:27:40,Delivered,3714.25
4118,338,6,3.0,2026-06-14 15:56:16,Delivered,693.07
4119,1060,11,1.0,2026-02-21 18:13:31,Delivered,782.42
4120,267,6,,2026-02-21 13:11:14,Delivered,4712.89
4121,1184,15,,2026-03-04 16:35:16,Delivered,6448.48
4122,396,15,,2026-02-19 20:31:09,Delivered,826.26
4123,599,8,,2026-05-28 22:40:47,Delivered,2854.06
4124,737,15,5.0,2026-02-09 22:07:39,Cancelled,4108.15
4125,470,18,,2026-06-11 08:24:21,Delivered,2198.38
4126,1184,16,,2026-03-03 09:55:04,Cancelled,3189.93
4127,932,9,3.0,2026-06-26 16:11:36,Delivered,3422.06
4128,658,13,,2026-06-23 07:09:04,Returned,896.53
4129,320,17,,2026-06-02 11:34:45,Delivered,2340.57
4130,74,19,,2026-06-17 07:34:40,Delivered,4699.11
4131,695,2,1.0,2026-02-09 19:10:06,Cancelled,3113.37
4132,475,18,,2026-06-13 12:01:27,Delivered,168.03
4133,150,17,,2026-05-10 20:41:44,Delivered,3653.03
4134,19,6,,2026-04-04 08:25:27,Delivered,806.71
4135,179,10,,2026-06-07 17:50:57,Delivered,1886.02
4136,425,21,,2026-02-12 20:23:58,Cancelled,1707.84
4137,185,13,2.0,2026-07-28 07:00:22,Delivered,3125.94
4138,702,6,,2026-04-17 12:26:14,Delivered,1880.28
4139,37,26,,2026-02-16 22:42:55,Returned,1846.86
4140,62,6,,2026-02-17 15:32:06,Delivered,4614.65
4141,616,18,,2026-07-30 23:37:55,Delivered,275.13
4142,395,10,4.0,2026-06-09 13:51:46,Delivered,3292.49
4143,753,25,1.0,2026-05-13 12:43:00,Cancelled,2651.98
4144,948,12,2.0,2026-06-05 16:57:12,Cancelled,1795.66
4145,816,6,,2026-07-11 20:16:49,Delivered,3425.14
4146,475,17,,2026-03-01 10:00:49,Cancelled,4859.21
4147,1080,9,,2026-02-10 11:24:36,Delivered,3427.42
4148,2,21,5.0,2026-04-15 09:26:57,Delivered,3247.0
4149,1183,26,,2026-02-23 12:55:48,Delivered,3071.42
4150,211,6,,2026-07-23 11:54:20,Delivered,3141.76
4151,766,27,,2026-07-26 22:32:52,Delivered,281.72
4152,37,25,3.0,2026-03-18 12:40:18,Delivered,36.18
4153,622,2,4.0,2026-06-25 07:11:47,Delivered,1909.78
4154,91,6,4.0,2026-05-13 16:48:25,Delivered,2194.35
4155,517,6,,2026-02-12 22:12:14,Delivered,2635.8
4156,559,3,,2026-05-17 14:17:54,Delivered,287.63
4157,634,21,,2026-04-23 19:22:46,Delivered,3551.71
4158,722,9,,2026-04-10 13:31:26,Delivered,3636.82
4159,545,6,,2026-05-22 15:38:27,Delivered,2516.95
4160,336,25,3.0,2026-02-10 18:15:39,Delivered,1082.63
4161,921,30,,2026-04-18 07:39:59,Delivered,2442.44
4162,763,15,4.0,2026-06-09 19:37:02,Delivered,213.86
4163,276,9,,2026-07-04 23:39:12,Delivered,3417.37
4164,1006,29,3.0,2026-02-26 21:02:17,Delivered,2934.82
4165,1060,10,3.0,2026-05-06 15:19:34,Delivered,131.35
4166,387,6,,2026-07-01 14:24:32,Delivered,920.92
4167,173,21,,2026-07-06 19:44:41,Returned,1041.08
4168,569,8,,2026-03-11 08:35:07,Delivered,2879.94
4169,289,11,,2026-03-06 11:33:48,Delivered,786.24
4170,1087,18,,2026-03-29 10:42:29,Delivered,4593.41
4171,71,11,,2026-04-27 12:39:07,Cancelled,2758.59
4172,16,25,,2026-07-07 15:02:26,Delivered,2436.24
4173,511,2,,2026-04-27 08:59:41,Delivered,3375.07
4174,214,29,2.0,2026-02-24 13:24:27,Delivered,2139.0
4175,41,22,,2026-06-05 09:46:22,Delivered,6155.36
4176,464,6,,2026-05-09 16:06:48,Delivered,995.52
4177,630,18,,2026-03-12 20:39:19,Delivered,1597.1
4178,522,8,,2026-06-15 07:06:51,Delivered,2007.72
4179,721,12,4.0,2026-05-28 15:54:40,Delivered,553.85
4180,71,11,2.0,2026-06-07 08:17:59,Delivered,2201.47
4181,478,9,3.0,2026-05-10 17:11:54,Delivered,1826.94
4182,460,10,,2026-06-03 09:29:46,Delivered,3959.44
4183,55,17,,2026-02-18 23:27:13,Delivered,2604.38
4184,605,17,2.0,2026-03-25 08:19:10,Delivered,1902.46
4185,469,2,,2026-03-11 18:03:33,Delivered,4329.73
4186,590,8,,2026-04-08 23:21:16,Delivered,1072.98
4187,165,19,,2026-05-23 09:49:47,Cancelled,394.96
4188,979,30,,2026-06-18 15:55:01,Delivered,4459.08
4189,1192,4,,2026-06-05 21:12:51,Delivered,238.44
4190,669,18,,2026-03-08 17:23:21,Delivered,3246.32
4191,342,26,,2026-07-10 08:34:14,Delivered,1505.54
4192,890,26,1.0,2026-06-10 08:52:29,Delivered,3662.49
4193,470,17,,2026-04-26 12:06:41,Delivered,1359.31
4194,1024,29,1.0,2026-06-13 15:17:52,Delivered,3057.53
4195,37,25,3.0,2026-04-17 20:42:49,Placed,2782.78
4196,113,3,,2026-08-04 19:25:06,Cancelled,1984.47
4197,294,10,,2026-02-19 15:55:05,Delivered,695.33
4198,1192,2,,2026-06-02 17:18:12,Delivered,1757.67
4199,813,13,,2026-08-03 09:39:43,Delivered,1671.8
4200,272,13,3.0,2026-05-14 23:26:13,Delivered,293.86
4201,41,22,,2026-05-07 16:32:38,Delivered,2445.36
4202,106,18,4.0,2026-07-24 21:48:42,Delivered,2306.57
4203,1175,24,,2026-06-19 21:02:28,Delivered,3687.14
4204,555,30,,2026-02-26 13:44:44,Delivered,2047.06
4205,305,15,1.0,2026-07-26 21:14:27,Delivered,387.99
4206,896,30,,2026-02-24 20:04:53,Delivered,3530.16
4207,241,10,,2026-04-17 07:50:12,Delivered,6092.65
4208,1103,17,2.0,2026-07-08 12:30:12,Delivered,45.25
4209,730,27,,2026-06-20 07:27:56,Delivered,2231.37
4210,1133,6,,2026-05-25 08:37:36,Delivered,3645.65
4211,601,11,,2026-02-25 18:49:04,Delivered,428.11
4212,434,8,,2026-07-09 15:27:29,Cancelled,6804.08
4213,787,12,,2026-02-05 16:27:42,Delivered,1309.25
4214,185,12,5.0,2026-03-14 15:55:48,Delivered,3046.75
4215,394,18,,2026-07-24 17:31:55,Delivered,2088.6
4216,728,11,,2026-03-18 16:44:47,Delivered,2873.7
4217,685,9,,2026-05-06 11:29:18,Placed,646.14
4218,1060,10,,2026-05-04 09:45:05,Delivered,1807.84
4219,616,18,,2026-05-14 18:57:10,Delivered,1895.97
4220,32,18,3.0,2026-06-04 13:08:23,Delivered,4634.03
4221,201,3,,2026-06-12 21:32:11,Cancelled,1434.64
4222,980,26,,2026-03-11 11:29:49,Delivered,4057.28
4223,361,24,,2026-05-22 13:01:09,Delivered,3576.67
4224,972,10,,2026-05-14 20:38:44,Delivered,5942.31
4225,556,15,,2026-05-13 16:01:45,Delivered,424.88
4226,174,21,,2026-04-05 09:32:01,Delivered,1417.92
4227,767,6,,2026-02-17 19:06:35,Delivered,3014.23
4228,83,30,3.0,2026-07-21 07:36:01,Delivered,2310.62
4229,187,11,,2026-02-25 20:12:14,Delivered,4450.73
4230,1197,6,2.0,2026-07-28 18:20:12,Delivered,1415.81
4231,797,6,,2026-07-29 16:57:28,Delivered,828.57
4232,786,11,,2026-02-09 17:50:50,Delivered,4791.78
4233,384,28,,2026-03-16 19:18:26,Delivered,3744.97
4234,1004,22,1.0,2026-05-28 10:18:52,Delivered,1736.15
4235,1095,26,,2026-07-29 22:23:21,Delivered,3203.03
4236,860,15,1.0,2026-03-29 16:22:35,Delivered,1603.3
4237,1078,2,,2026-04-27 08:39:43,Delivered,1306.12
4238,214,27,,2026-02-05 07:34:22,Delivered,3165.74
4239,1024,29,,2026-03-01 11:53:47,Delivered,3327.55
4240,1049,4,,2026-07-02 15:21:17,Delivered,2916.02
4241,835,19,,2026-07-30 11:06:09,Delivered,1110.04
4242,1049,4,1.0,2026-03-26 15:12:49,Placed,1069.58
4243,138,24,,2026-06-10 09:25:49,Delivered,509.91
4244,773,17,,2026-04-26 12:27:12,Delivered,368.1
4245,23,3,,2026-04-19 08:42:37,Delivered,3035.01
4246,379,3,,2026-06-26 12:40:53,Delivered,1677.32
4247,103,8,,2026-02-25 08:21:41,Delivered,2468.54
4248,218,23,3.0,2026-03-20 17:30:08,Returned,248.62
4249,1200,4,,2026-05-05 15:03:48,Delivered,595.72
4250,375,29,3.0,2026-05-05 20:03:52,Delivered,2916.56
4251,32,17,3.0,2026-07-18 10:41:44,Delivered,596.06
4252,743,4,3.0,2026-05-02 14:24:09,Delivered,4482.12
4253,898,9,,2026-02-16 22:02:57,Delivered,489.3
4254,684,11,,2026-05-27 07:44:53,Delivered,43.41
4255,683,13,1.0,2026-07-02 09:43:03,Returned,699.17
4256,485,8,,2026-05-02 20:13:13,Cancelled,2363.45
4257,1117,9,4.0,2026-05-02 14:07:24,Delivered,454.19
4258,576,11,,2026-04-24 14:49:05,Delivered,2831.81
4259,59,2,,2026-02-14 12:48:28,Delivered,2906.11
4260,696,14,,2026-02-26 10:24:03,Cancelled,1786.4
4261,355,8,,2026-03-24 20:01:25,Returned,4798.41
4262,512,25,3.0,2026-03-12 23:10:54,Delivered,912.09
4263,27,16,,2026-07-13 19:08:03,Delivered,307.4
4264,384,29,1.0,2026-05-15 22:04:58,Delivered,1501.22
4265,259,23,,2026-02-06 11:12:17,Delivered,6597.82
4266,608,10,,2026-06-22 14:06:02,Delivered,6030.32
4267,1172,16,,2026-07-13 16:12:12,Delivered,4190.23
4268,239,30,2.0,2026-06-18 15:52:37,Delivered,495.01
4269,320,19,,2026-05-09 20:32:31,Delivered,981.8
4270,432,11,,2026-07-04 15:29:49,Delivered,2337.61
4271,730,28,4.0,2026-08-03 15:16:03,Delivered,1864.22
4272,876,12,,2026-06-18 14:59:01,Delivered,3506.48
4273,532,13,,2026-03-06 14:34:09,Delivered,242.67
4274,559,4,4.0,2026-05-15 14:42:15,Cancelled,3294.83
4275,1129,22,,2026-02-05 10:36:13,Cancelled,3531.0
4276,973,8,,2026-06-23 12:23:22,Cancelled,5062.74
4277,1134,6,,2026-06-25 20:27:08,Delivered,330.8
4278,78,26,,2026-07-29 20:32:55,Delivered,5165.39
4279,1039,12,,2026-07-30 23:12:16,Delivered,2114.86
4280,628,26,4.0,2026-08-04 19:37:46,Delivered,4319.41
4281,47,18,,2026-02-27 20:12:22,Delivered,162.6
4282,688,22,,2026-03-08 13:19:38,Delivered,2148.5
4283,295,25,,2026-04-13 20:59:10,Delivered,5974.76
4284,427,10,,2026-07-07 11:30:43,Delivered,1346.94
4285,476,22,,2026-04-15 19:54:47,Delivered,3660.49
4286,699,10,,2026-03-26 15:46:40,Delivered,876.4
4287,484,15,4.0,2026-02-14 13:16:14,Delivered,578.96
4288,961,16,,2026-07-16 18:32:22,Delivered,629.86
4289,721,13,,2026-06-10 15:57:12,Delivered,3213.12
4290,866,18,,2026-08-01 15:02:35,Delivered,2120.36
4291,2,23,5.0,2026-06-10 07:55:17,Delivered,3136.62
4292,347,6,,2026-06-08 11:48:32,Delivered,1972.53
4293,663,11,,2026-03-01 20:03:42,Delivered,554.96
4294,783,27,,2026-07-01 23:25:33,Delivered,5812.77
4295,1084,17,,2026-02-05 18:20:11,Delivered,4204.91
4296,296,12,,2026-03-27 12:25:29,Delivered,3981.46
4297,216,25,,2026-07-11 19:52:44,Cancelled,4353.39
4298,805,19,,2026-02-11 16:43:37,Delivered,2356.62
4299,577,11,,2026-04-26 09:14:04,Delivered,6321.54
4300,233,13,,2026-07-12 21:09:35,Delivered,3668.95
4301,150,18,,2026-04-17 15:41:10,Delivered,996.64
4302,365,9,,2026-02-19 22:35:10,Delivered,864.02
4303,629,29,,2026-03-17 22:05:10,Delivered,743.46
4304,959,3,4.0,2026-06-10 07:03:18,Delivered,1603.01
4305,65,11,,2026-07-21 22:10:43,Delivered,494.54
4306,842,18,2.0,2026-06-30 07:58:05,Delivered,1845.89
4307,1117,8,,2026-06-11 14:36:59,Delivered,3463.05
4308,894,26,,2026-04-01 21:38:41,Delivered,715.32
4309,964,24,,2026-04-15 13:05:46,Delivered,538.58
4310,85,29,,2026-03-20 19:22:50,Cancelled,2999.72
4311,401,18,,2026-06-04 23:19:42,Delivered,2785.47
4312,75,26,1.0,2026-05-21 07:18:34,Delivered,962.98
4313,214,29,2.0,2026-05-30 18:30:51,Delivered,2894.84
4314,1040,29,,2026-05-31 12:08:15,Delivered,2223.12
4315,634,22,1.0,2026-07-02 08:52:19,Returned,3226.28
4316,102,6,,2026-05-12 13:28:56,Delivered,2071.3
4317,1147,3,,2026-06-08 12:42:24,Delivered,3371.65
4318,200,16,,2026-06-23 07:08:28,Cancelled,4472.56
4319,568,8,4.0,2026-06-23 09:20:03,Delivered,771.22
4320,429,21,3.0,2026-07-06 15:45:03,Delivered,3552.94
4321,702,6,,2026-08-03 23:46:02,Delivered,1956.93
4322,524,11,,2026-02-16 14:02:11,Delivered,2711.28
4323,991,13,,2026-08-04 19:33:42,Delivered,1400.58
4324,158,30,4.0,2026-03-13 17:42:09,Cancelled,2334.05
4325,750,16,4.0,2026-03-01 13:47:19,Placed,1055.01
4326,686,17,,2026-04-07 14:47:56,Delivered,3946.98
4327,748,21,,2026-03-12 13:54:24,Delivered,3216.06
4328,545,6,,2026-03-20 10:27:33,Delivered,2832.66
4329,149,4,,2026-07-13 22:30:34,Delivered,2318.92
4330,499,30,4.0,2026-03-24 16:02:25,Returned,2156.26
4331,823,14,,2026-06-15 13:13:23,Delivered,3609.79
4332,721,13,,2026-03-03 16:01:03,Delivered,935.66
4333,1105,6,,2026-07-02 12:34:52,Delivered,2079.21
4334,1162,19,4.0,2026-03-24 08:43:31,Cancelled,987.79
4335,1112,10,,2026-06-21 12:29:36,Delivered,4186.32
4336,269,29,,2026-02-17 16:39:53,Delivered,490.86
4337,546,14,,2026-03-03 22:04:52,Cancelled,104.7
4338,902,13,,2026-03-29 22:47:08,Delivered,1370.18
4339,580,21,,2026-04-23 11:05:45,Delivered,265.93
4340,620,22,,2026-06-11 16:06:15,Delivered,5030.02
4341,468,13,,2026-06-17 07:19:35,Delivered,2144.43
4342,462,22,,2026-04-24 09:42:19,Delivered,1859.13
4343,720,14,3.0,2026-04-11 22:57:48,Delivered,1605.41
4344,553,19,,2026-07-29 20:34:34,Delivered,1537.34
4345,1170,3,5.0,2026-06-17 12:51:00,Delivered,3884.58
4346,687,18,,2026-07-08 11:56:38,Delivered,3645.04
4347,802,10,,2026-05-03 12:02:16,Delivered,3381.57
4348,1119,21,2.0,2026-04-25 22:22:29,Delivered,1005.98
4349,961,16,5.0,2026-04-12 12:46:26,Delivered,2328.36
4350,348,3,5.0,2026-06-30 22:52:23,Returned,4719.38
4351,602,17,,2026-04-27 08:45:57,Delivered,186.74
4352,1141,6,,2026-08-02 07:50:38,Delivered,235.12
4353,240,3,3.0,2026-06-15 18:52:22,Returned,1135.06
4354,35,12,3.0,2026-02-05 13:25:02,Delivered,2444.32
4355,540,21,,2026-03-10 10:51:15,Delivered,1347.72
4356,1122,26,,2026-07-13 14:15:22,Delivered,4623.32
4357,813,13,,2026-05-14 21:22:16,Delivered,2232.32
4358,749,2,,2026-04-17 13:46:40,Delivered,349.47
4359,359,17,,2026-06-15 21:57:19,Delivered,136.1
4360,525,3,,2026-05-22 21:57:59,Delivered,2355.56
4361,988,11,,2026-06-15 13:12:26,Delivered,1574.65
4362,889,30,,2026-06-06 23:25:36,Cancelled,1583.92
4363,890,25,,2026-02-08 15:14:38,Delivered,4015.27
4364,130,8,2.0,2026-06-29 09:14:07,Delivered,1009.87
4365,214,28,,2026-06-04 11:19:35,Cancelled,4048.78
4366,667,21,,2026-06-09 12:22:18,Delivered,4444.09
4367,222,16,,2026-07-29 20:39:00,Delivered,1445.63
4368,1105,6,,2026-05-26 11:58:27,Delivered,2102.98
4369,271,8,,2026-04-19 07:08:38,Returned,388.27
4370,650,29,,2026-08-01 20:49:47,Delivered,3048.08
4371,61,13,,2026-07-11 15:24:24,Delivered,328.38
4372,647,12,,2026-02-28 18:47:44,Delivered,2456.53
4373,240,2,,2026-05-18 20:52:16,Delivered,4010.25
4374,371,9,,2026-03-11 11:50:42,Delivered,3111.3
4375,491,25,,2026-04-01 10:33:24,Delivered,573.92
4376,509,19,,2026-05-30 18:57:06,Cancelled,477.56
4377,236,6,2.0,2026-05-03 18:37:12,Cancelled,1510.0
4378,140,13,,2026-05-05 21:19:35,Delivered,2356.82
4379,1139,14,,2026-06-02 18:25:53,Cancelled,1948.69
4380,306,27,4.0,2026-07-11 12:44:13,Returned,1531.11
4381,526,11,,2026-06-13 10:56:33,Delivered,2863.31
4382,1100,12,,2026-05-17 08:01:38,Delivered,2128.45
4383,783,30,,2026-05-20 15:42:49,Cancelled,1522.75
4384,1106,9,,2026-04-05 10:03:00,Delivered,634.06
4385,504,26,,2026-06-09 21:02:35,Delivered,467.78
4386,302,25,5.0,2026-02-22 07:03:16,Delivered,5505.66
4387,1172,14,4.0,2026-07-01 21:18:24,Placed,2320.42
4388,896,27,,2026-02-10 16:59:27,Cancelled,5015.91
4389,245,19,,2026-02-11 23:50:07,Delivered,1823.33
4390,891,18,,2026-03-23 22:38:27,Delivered,4903.6
4391,1170,4,,2026-07-24 15:02:22,Delivered,60.89
4392,43,6,,2026-02-25 17:16:33,Delivered,1419.78
4393,32,19,,2026-04-21 08:48:04,Delivered,3248.21
4394,1096,9,,2026-05-05 22:43:01,Delivered,5757.49
4395,571,14,,2026-04-06 23:04:35,Delivered,3083.23
4396,254,14,,2026-05-07 22:23:00,Delivered,735.42
4397,752,9,,2026-03-29 21:00:02,Delivered,1453.66
4398,1080,9,4.0,2026-02-14 16:32:33,Delivered,2101.63
4399,352,14,,2026-02-19 19:50:54,Delivered,3878.96
4400,795,16,,2026-07-31 08:09:56,Delivered,3691.73
4401,1199,14,,2026-05-02 10:50:04,Delivered,2956.92
4402,317,11,,2026-04-08 19:52:45,Delivered,1856.92
4403,799,25,2.0,2026-06-30 23:13:11,Returned,2456.18
4404,288,25,,2026-07-24 12:42:54,Delivered,5004.76
4405,975,16,,2026-07-07 18:56:47,Delivered,1926.73
4406,185,13,,2026-04-03 12:58:18,Delivered,2335.96
4407,227,4,,2026-05-08 20:02:32,Delivered,1293.85
4408,361,24,,2026-08-01 18:33:43,Placed,932.31
4409,522,9,1.0,2026-06-10 19:16:17,Delivered,1784.21
4410,862,27,4.0,2026-05-24 10:45:02,Delivered,263.73
4411,543,25,5.0,2026-08-02 22:13:16,Cancelled,5711.59
4412,881,16,,2026-06-06 15:37:54,Returned,3337.03
4413,808,28,,2026-04-19 13:59:30,Delivered,2473.22
4414,331,11,1.0,2026-08-03 21:52:25,Delivered,3104.76
4415,606,8,,2026-03-25 13:50:14,Delivered,5411.18
4416,614,25,4.0,2026-02-27 15:32:29,Delivered,2899.4
4417,929,19,,2026-02-07 23:52:45,Delivered,5332.1
4418,23,2,,2026-03-13 22:09:49,Delivered,5596.83
4419,883,21,,2026-05-14 10:55:26,Delivered,1108.08
4420,412,8,,2026-06-25 15:12:49,Delivered,3017.6
4421,1071,24,,2026-07-13 09:26:19,Delivered,1949.52
4422,274,19,2.0,2026-08-01 11:33:03,Delivered,700.31
4423,842,17,4.0,2026-04-09 16:21:29,Delivered,1555.89
4424,446,26,,2026-08-02 16:49:22,Delivered,1190.0
4425,285,16,,2026-07-02 21:49:50,Delivered,1639.6
4426,161,16,,2026-02-05 17:38:45,Delivered,4372.69
4427,658,12,,2026-06-20 19:44:41,Delivered,242.88
4428,1037,23,3.0,2026-06-27 08:32:37,Delivered,3297.21
4429,188,3,1.0,2026-05-08 19:52:03,Delivered,184.75
4430,33,18,,2026-03-02 15:08:16,Delivered,1366.04
4431,902,12,,2026-07-12 09:38:15,Delivered,3830.48
4432,55,18,,2026-06-17 10:04:52,Delivered,982.13
4433,124,21,,2026-03-18 07:26:16,Delivered,673.24
4434,661,6,,2026-03-19 10:38:17,Delivered,267.16
4435,501,15,,2026-02-27 15:57:55,Delivered,1757.68
4436,568,8,,2026-08-04 07:15:39,Cancelled,5010.22
4437,817,10,3.0,2026-08-01 10:06:22,Cancelled,748.14
4438,240,4,,2026-04-12 23:42:06,Delivered,2074.86
4439,126,12,,2026-03-07 11:25:57,Cancelled,2841.08
4440,1095,26,,2026-03-23 07:03:57,Delivered,3392.88
4441,478,8,,2026-06-15 16:38:28,Delivered,900.62
4442,535,24,,2026-04-26 07:40:47,Delivered,2644.47
4443,357,8,,2026-03-12 08:02:25,Delivered,1636.32
4444,196,26,,2026-02-21 13:42:09,Delivered,3005.96
4445,750,16,5.0,2026-05-11 19:54:28,Delivered,663.99
4446,403,6,,2026-05-09 20:54:06,Delivered,2216.94
4447,669,18,,2026-05-26 12:13:33,Delivered,1879.59
4448,1031,11,,2026-02-24 23:45:59,Delivered,5626.48
4449,679,9,,2026-05-22 14:09:01,Placed,2530.7
4450,269,29,5.0,2026-07-15 11:59:55,Delivered,4894.88
4451,526,10,,2026-04-19 08:35:57,Returned,3373.42
4452,912,21,,2026-05-06 19:22:29,Delivered,1420.44
4453,24,22,,2026-07-11 15:11:59,Delivered,2377.86
4454,1197,6,,2026-06-05 18:09:54,Delivered,1879.04
4455,461,6,,2026-06-14 17:22:27,Delivered,1901.0
4456,408,25,,2026-02-23 21:06:13,Delivered,595.43
4457,693,24,3.0,2026-07-12 13:26:44,Delivered,2232.95
4458,927,6,,2026-02-20 09:14:11,Delivered,3567.66
4459,455,18,5.0,2026-04-08 12:14:50,Delivered,4102.43
4460,734,13,,2026-05-26 15:00:06,Delivered,2803.94
4461,705,28,3.0,2026-07-05 14:49:32,Delivered,1274.68
4462,391,9,4.0,2026-02-08 16:28:50,Delivered,923.38
4463,385,18,,2026-06-08 16:21:30,Delivered,2906.89
4464,1147,2,,2026-07-21 15:16:23,Delivered,3250.93
4465,310,8,4.0,2026-06-21 18:22:04,Delivered,571.51
4466,1053,6,,2026-04-04 22:18:48,Delivered,847.3
4467,610,3,,2026-03-16 16:15:46,Placed,3479.65
4468,378,6,,2026-06-26 10:05:26,Delivered,490.29
4469,135,26,,2026-04-12 19:20:13,Cancelled,806.36
4470,1062,10,3.0,2026-05-14 17:55:19,Delivered,973.09
4471,957,12,,2026-03-23 10:21:55,Delivered,4020.08
4472,432,10,3.0,2026-07-13 16:03:23,Delivered,564.29
4473,442,16,,2026-05-07 08:58:41,Delivered,2521.21
4474,637,26,,2026-04-01 17:40:26,Delivered,3265.11
4475,1073,27,,2026-06-03 12:20:18,Delivered,580.76
4476,1191,29,,2026-07-03 13:54:24,Delivered,2717.18
4477,954,12,2.0,2026-04-23 13:15:48,Delivered,2568.74
4478,813,12,3.0,2026-07-19 20:56:12,Delivered,1584.9
4479,875,30,,2026-07-21 13:16:51,Delivered,824.84
4480,139,13,5.0,2026-07-31 13:50:17,Delivered,431.55
4481,80,14,,2026-07-09 12:28:47,Delivered,275.58
4482,127,13,,2026-05-29 16:49:21,Delivered,2244.74
4483,851,16,,2026-06-28 15:33:49,Delivered,55.2
4484,771,22,,2026-02-19 17:46:55,Delivered,3822.85
4485,1125,8,,2026-03-11 20:06:22,Delivered,2849.22
4486,350,24,,2026-05-01 11:56:32,Delivered,1615.12
4487,534,9,3.0,2026-05-08 16:12:57,Delivered,1263.63
4488,474,6,,2026-03-23 11:47:13,Delivered,1646.66
4489,309,19,,2026-02-08 14:29:34,Delivered,2477.4
4490,142,19,,2026-05-05 12:08:04,Delivered,2522.02
4491,162,23,,2026-07-20 11:33:18,Delivered,1944.77
4492,155,13,,2026-04-15 20:25:22,Delivered,2671.61
4493,920,11,,2026-06-22 11:16:07,Delivered,2814.29
4494,266,4,,2026-03-09 16:29:01,Placed,2677.58
4495,648,24,,2026-03-17 18:49:19,Delivered,950.4
4496,310,9,,2026-03-01 12:13:05,Delivered,2169.68
4497,498,6,,2026-05-05 23:07:35,Delivered,2977.02
4498,1093,17,,2026-06-26 17:05:46,Cancelled,4329.25
4499,770,10,5.0,2026-02-16 13:27:36,Delivered,1340.06
4500,1,10,5.0,2026-03-07 19:17:19,Delivered,2204.83
4501,682,6,,2026-06-07 16:28:10,Delivered,3130.63
4502,1122,25,,2026-07-06 08:17:07,Delivered,3968.27
4503,73,8,,2026-03-24 07:53:32,Delivered,1496.52
4504,628,24,,2026-03-16 16:05:41,Delivered,4268.22
4505,204,25,4.0,2026-03-15 10:14:01,Delivered,1420.63
4506,41,22,,2026-07-28 14:51:37,Delivered,6040.36
4507,60,23,2.0,2026-05-30 13:48:16,Delivered,1580.83
4508,1175,25,,2026-03-22 20:24:53,Delivered,2119.92
4509,476,22,2.0,2026-03-13 14:20:37,Delivered,824.34
4510,229,3,,2026-07-02 13:01:57,Cancelled,5868.6
4511,494,11,2.0,2026-06-16 21:35:39,Delivered,4054.04
4512,1035,8,,2026-05-19 19:21:14,Delivered,3078.22
4513,1105,6,,2026-03-18 18:11:13,Returned,1027.2
4514,898,9,5.0,2026-05-01 08:57:03,Delivered,4030.26
4515,578,14,,2026-07-22 07:21:42,Delivered,1479.26
4516,637,25,,2026-04-19 17:44:00,Cancelled,4710.23
4517,157,8,,2026-05-22 12:37:38,Delivered,1670.27
4518,64,14,,2026-07-11 16:44:32,Delivered,3265.16
4519,413,15,,2026-05-11 16:59:12,Delivered,4117.3
4520,412,9,,2026-02-08 11:32:53,Delivered,2637.52
4521,460,10,,2026-07-07 18:55:11,Delivered,4574.49
4522,776,15,,2026-03-30 13:14:53,Delivered,224.13
4523,152,17,,2026-06-11 17:22:29,Delivered,686.63
4524,818,6,5.0,2026-03-16 19:06:57,Delivered,1440.92
4525,832,2,,2026-06-17 08:45:20,Delivered,4232.37
4526,822,12,1.0,2026-04-02 08:02:45,Delivered,2513.9
4527,154,12,,2026-04-26 12:35:27,Delivered,4071.29
4528,1013,14,,2026-04-27 14:06:24,Delivered,680.3
4529,888,15,,2026-07-09 07:50:31,Delivered,3660.59
4530,236,6,,2026-02-16 15:02:23,Delivered,2175.18
4531,103,8,,2026-04-26 18:48:29,Returned,2841.63
4532,70,6,,2026-06-10 15:37:41,Delivered,3233.24
4533,944,9,,2026-04-05 23:17:22,Delivered,3785.12
4534,218,22,,2026-07-06 10:02:14,Delivered,603.89
4535,865,12,4.0,2026-05-07 11:58:44,Delivered,2115.17
4536,901,10,2.0,2026-04-13 22:23:13,Delivered,1981.53
4537,323,22,,2026-07-20 12:55:09,Cancelled,3153.36
4538,849,30,,2026-06-09 07:49:06,Delivered,3495.64
4539,441,18,,2026-03-14 22:45:12,Delivered,2167.14
4540,281,21,,2026-04-08 07:44:34,Delivered,1526.64
4541,419,13,,2026-06-08 13:56:12,Delivered,4139.84
4542,384,27,,2026-06-16 08:17:45,Delivered,2128.89
4543,304,19,2.0,2026-07-19 10:42:58,Delivered,5006.07
4544,876,12,5.0,2026-06-22 11:35:41,Delivered,3732.82
4545,418,10,,2026-06-01 08:52:51,Delivered,2185.4
4546,389,13,,2026-06-01 07:09:25,Delivered,2162.91
4547,955,22,,2026-05-07 14:21:39,Delivered,1003.33
4548,1030,26,4.0,2026-03-09 12:45:25,Delivered,65.07
4549,481,27,,2026-06-25 12:10:49,Delivered,165.62
4550,949,13,,2026-03-24 16:16:12,Placed,3484.34
4551,1048,13,,2026-02-20 10:31:59,Delivered,3255.39
4552,723,18,4.0,2026-04-30 13:25:57,Delivered,2966.52
4553,438,28,,2026-04-20 21:23:29,Placed,772.51
4554,643,27,,2026-05-02 22:51:15,Delivered,499.38
4555,552,3,5.0,2026-04-04 13:53:34,Delivered,2863.78
4556,1130,26,,2026-07-21 10:51:47,Cancelled,1447.24
4557,790,22,,2026-05-08 10:24:26,Delivered,824.77
4558,1086,25,,2026-07-05 07:14:31,Delivered,1909.84
4559,749,3,,2026-07-15 08:14:35,Delivered,1325.7
4560,859,27,,2026-05-09 21:35:13,Delivered,229.56
4561,1039,12,3.0,2026-06-10 23:40:40,Cancelled,3967.32
4562,630,18,5.0,2026-03-27 09:01:41,Delivered,3518.72
4563,697,6,,2026-03-23 14:08:28,Delivered,201.3
4564,226,15,,2026-04-08 14:18:57,Delivered,872.75
4565,810,6,,2026-04-15 17:34:32,Delivered,1631.54
4566,826,11,,2026-02-25 12:02:37,Delivered,615.87
4567,839,10,4.0,2026-03-24 11:46:53,Delivered,757.34
4568,869,19,,2026-05-09 12:19:43,Delivered,4479.64
4569,937,6,,2026-07-28 15:24:45,Returned,2011.84
4570,653,14,,2026-04-24 09:20:29,Delivered,2716.56
4571,230,18,,2026-03-17 11:37:14,Delivered,3363.39
4572,1183,25,,2026-02-16 16:04:06,Cancelled,4505.9
4573,314,21,3.0,2026-06-02 20:08:07,Delivered,951.7
4574,1111,9,,2026-06-04 10:05:03,Delivered,3240.58
4575,1002,13,,2026-03-07 16:11:52,Delivered,2266.67
4576,611,3,2.0,2026-05-07 23:42:56,Delivered,4162.9
4577,1029,19,,2026-04-20 11:19:08,Delivered,491.23
4578,55,18,,2026-06-17 15:25:30,Delivered,834.81
4579,140,13,2.0,2026-06-05 11:40:09,Delivered,2555.07
4580,498,6,2.0,2026-03-11 21:16:49,Placed,945.32
4581,1065,21,,2026-04-16 17:43:55,Delivered,3532.24
4582,1087,17,,2026-04-18 09:16:37,Delivered,726.84
4583,904,19,,2026-07-27 08:24:28,Returned,3934.45
4584,637,26,2.0,2026-07-28 22:36:44,Delivered,1795.23
4585,864,28,,2026-07-09 10:47:37,Returned,2660.01
4586,862,29,,2026-05-05 15:53:25,Delivered,2273.73
4587,89,24,,2026-07-05 23:31:34,Delivered,3836.16
4588,810,6,,2026-03-26 12:19:46,Delivered,1607.87
4589,949,12,,2026-06-03 11:12:36,Delivered,2565.6
4590,1170,2,,2026-03-19 15:46:44,Delivered,1435.12
4591,1099,9,,2026-06-14 16:57:04,Placed,4486.93
4592,343,17,,2026-06-12 15:55:45,Delivered,317.01
4593,476,21,,2026-03-02 07:10:56,Delivered,2437.96
4594,303,12,3.0,2026-06-28 11:09:47,Delivered,665.47
4595,1071,24,3.0,2026-07-27 12:10:30,Delivered,1348.43
4596,966,6,3.0,2026-05-18 15:50:46,Cancelled,929.24
4597,1090,25,,2026-03-03 15:40:16,Delivered,2221.84
4598,698,8,,2026-03-06 15:45:17,Delivered,769.07
4599,464,6,5.0,2026-05-03 14:27:17,Cancelled,3889.2
4600,247,6,1.0,2026-02-17 16:50:35,Cancelled,687.74
4601,714,3,1.0,2026-06-29 13:08:12,Delivered,2115.35
4602,249,6,,2026-07-20 12:43:07,Delivered,1830.34
4603,642,22,,2026-04-27 20:07:52,Delivered,1235.31
4604,816,6,,2026-04-07 19:39:22,Delivered,2190.49
4605,16,24,,2026-08-03 12:06:18,Placed,21.58
4606,1129,23,,2026-05-31 19:14:23,Delivered,2857.86
4607,321,17,5.0,2026-05-20 11:40:01,Delivered,1829.9
4608,739,6,5.0,2026-05-22 22:06:32,Placed,3435.1
4609,827,21,,2026-02-11 10:24:00,Delivered,2221.84
4610,811,24,,2026-04-19 16:37:44,Delivered,1920.43
4611,716,24,,2026-04-08 12:59:45,Delivered,1488.38
4612,775,6,,2026-07-11 20:21:31,Delivered,4160.19
4613,381,4,2.0,2026-02-06 23:42:52,Delivered,1765.03
4614,129,8,,2026-04-07 18:46:06,Delivered,603.72
4615,1198,13,,2026-04-20 12:27:05,Delivered,1182.69
4616,452,6,,2026-03-12 19:48:24,Delivered,3843.99
4617,176,27,,2026-03-11 07:19:17,Delivered,700.68
4618,663,10,,2026-08-03 20:54:06,Delivered,1576.92
4619,345,11,,2026-08-03 23:38:51,Delivered,1928.07
4620,533,6,4.0,2026-08-04 20:35:48,Delivered,3926.41
4621,88,16,3.0,2026-05-01 22:55:24,Delivered,870.72
4622,150,18,,2026-06-07 10:47:37,Delivered,2216.86
4623,1008,26,1.0,2026-07-23 09:59:33,Delivered,2428.32
4624,660,12,,2026-02-20 16:48:01,Placed,1301.53
4625,313,4,,2026-04-26 23:39:53,Delivered,854.66
4626,702,6,3.0,2026-02-14 09:31:01,Delivered,1341.49
4627,982,2,,2026-02-09 22:21:34,Delivered,2792.15
4628,825,9,,2026-02-26 08:20:02,Delivered,3329.19
4629,92,25,,2026-07-03 22:05:15,Delivered,5053.58
4630,445,9,,2026-05-20 22:00:53,Delivered,2905.06
4631,647,13,,2026-02-11 13:24:35,Delivered,3191.61
4632,383,12,,2026-05-15 17:33:32,Delivered,3675.07
4633,370,4,4.0,2026-06-19 14:34:34,Delivered,185.87
4634,578,15,,2026-03-22 10:08:46,Delivered,1497.87
4635,1165,10,,2026-03-29 22:17:15,Delivered,1063.72
4636,903,12,,2026-06-03 10:38:50,Delivered,2562.04
4637,565,17,,2026-06-15 23:49:56,Delivered,2057.78
4638,35,12,1.0,2026-04-20 17:12:47,Cancelled,2239.27
4639,681,27,,2026-07-10 12:42:57,Delivered,4705.63
4640,264,6,,2026-03-28 17:30:24,Delivered,5127.92
4641,1191,28,,2026-06-06 11:47:53,Delivered,2615.9
4642,130,9,5.0,2026-04-08 21:53:20,Delivered,3700.34
4643,766,30,,2026-02-11 17:32:42,Delivered,1944.16
4644,916,4,,2026-07-15 08:27:36,Delivered,65.26
4645,775,6,3.0,2026-07-13 08:15:03,Cancelled,687.12
4646,963,11,1.0,2026-04-11 14:24:06,Delivered,1876.07
4647,308,3,4.0,2026-07-18 23:39:51,Delivered,2911.45
4648,42,16,,2026-04-25 18:29:45,Delivered,388.78
4649,1110,15,,2026-03-05 08:41:37,Delivered,779.12
4650,707,23,,2026-06-04 16:49:20,Delivered,2015.67
4651,391,8,,2026-02-22 13:03:50,Delivered,2813.77
4652,1171,8,3.0,2026-02-17 22:46:41,Delivered,111.68
4653,43,6,,2026-02-06 19:53:06,Delivered,3195.15
4654,524,11,,2026-04-18 22:53:17,Delivered,1570.01
4655,398,16,2.0,2026-06-12 19:49:44,Cancelled,2996.75
4656,600,18,,2026-07-13 16:31:33,Delivered,6517.26
4657,362,9,5.0,2026-07-08 07:45:50,Delivered,1415.91
4658,1188,15,,2026-06-09 11:14:03,Cancelled,1996.39
4659,381,4,2.0,2026-05-04 08:00:47,Delivered,1425.81
4660,76,8,,2026-05-26 09:34:40,Delivered,2910.74
4661,376,25,,2026-07-13 20:48:41,Delivered,5451.11
4662,1170,4,,2026-07-09 08:32:55,Returned,2228.1
4663,26,24,,2026-07-16 15:29:22,Delivered,5230.1
4664,565,18,4.0,2026-07-22 16:20:50,Delivered,2437.43
4665,316,2,,2026-03-30 12:34:43,Delivered,2033.31
4666,656,2,3.0,2026-03-15 12:35:23,Delivered,2871.93
4667,29,6,,2026-03-02 10:20:21,Placed,727.76
4668,282,9,,2026-06-18 10:42:48,Returned,4711.51
4669,16,25,,2026-04-10 16:32:47,Placed,645.26
4670,494,10,,2026-03-07 09:25:25,Delivered,3746.44
4671,1105,6,1.0,2026-05-08 13:32:12,Delivered,2400.28
4672,192,21,2.0,2026-02-20 23:50:51,Placed,1283.23
4673,721,12,,2026-06-15 13:54:26,Delivered,2928.04
4674,608,10,,2026-05-31 18:36:27,Delivered,3140.86
4675,178,15,,2026-03-13 12:29:09,Delivered,6804.56
4676,261,18,1.0,2026-07-03 15:32:15,Delivered,1819.08
4677,790,21,,2026-06-29 08:12:15,Delivered,5170.34
4678,552,3,5.0,2026-06-28 08:15:42,Delivered,3769.48
4679,456,12,,2026-03-03 09:37:36,Delivered,3223.32
4680,322,6,,2026-02-28 07:27:08,Returned,7636.48
4681,324,13,,2026-05-29 22:33:50,Delivered,1166.31
4682,352,15,5.0,2026-06-01 18:25:34,Cancelled,719.7
4683,1086,26,,2026-06-04 23:22:58,Delivered,3942.63
4684,694,3,,2026-04-19 08:47:10,Cancelled,4036.46
4685,610,3,3.0,2026-05-22 17:10:51,Delivered,4890.18
4686,18,6,4.0,2026-06-06 10:58:05,Delivered,212.06
4687,650,29,,2026-05-16 11:45:41,Delivered,2221.82
4688,1123,6,,2026-07-24 20:46:17,Delivered,2640.97
4689,148,27,2.0,2026-07-18 18:09:24,Delivered,4056.36
4690,329,6,,2026-07-06 20:27:18,Delivered,4526.42
4691,265,15,2.0,2026-06-05 19:52:06,Delivered,511.99
4692,53,6,,2026-04-07 10:55:26,Delivered,1214.24
4693,896,30,,2026-07-03 17:48:52,Returned,505.3
4694,492,29,,2026-02-22 11:54:23,Delivered,995.7
4695,1078,4,,2026-07-03 07:39:58,Delivered,2841.54
4696,1128,21,,2026-02-08 07:13:55,Delivered,2671.87
4697,372,27,,2026-06-19 09:04:00,Placed,2931.35
4698,921,30,,2026-06-22 10:03:55,Delivered,4522.06
4699,1146,13,,2026-08-02 20:22:59,Delivered,5182.12
4700,452,6,,2026-07-01 16:03:08,Delivered,3499.82
4701,587,27,2.0,2026-03-08 16:44:29,Delivered,1051.98
4702,614,26,,2026-08-02 09:46:58,Delivered,1401.36
4703,671,13,,2026-03-01 13:51:19,Delivered,2657.8
4704,846,6,1.0,2026-05-28 16:41:47,Cancelled,1782.88
4705,391,9,,2026-07-04 17:07:23,Cancelled,4735.13
4706,663,11,,2026-03-19 18:29:13,Delivered,5604.03
4707,59,2,,2026-03-26 10:59:10,Delivered,1086.46
4708,185,12,,2026-02-28 18:11:00,Delivered,788.46
4709,742,27,1.0,2026-03-14 07:16:42,Delivered,2672.98
4710,1011,17,,2026-06-16 10:39:16,Delivered,1353.88
4711,77,24,,2026-03-02 22:17:22,Delivered,2873.37
4712,45,12,2.0,2026-03-09 12:13:03,Delivered,1972.59
4713,82,30,,2026-02-20 11:17:32,Delivered,1997.86
4714,1135,15,,2026-02-16 16:13:47,Delivered,2535.92
4715,576,10,,2026-02-06 18:07:45,Delivered,377.42
4716,18,6,2.0,2026-07-13 22:06:55,Delivered,1679.34
4717,643,30,,2026-02-19 21:20:57,Returned,1907.94
4718,717,6,,2026-05-29 17:52:53,Delivered,1150.28
4719,737,14,,2026-06-10 23:51:00,Delivered,1661.05
4720,1000,19,,2026-08-01 21:51:58,Delivered,501.1
4721,822,13,5.0,2026-04-17 22:45:14,Delivered,601.2
4722,1043,22,2.0,2026-03-11 19:34:20,Delivered,55.22
4723,308,2,4.0,2026-04-07 21:15:10,Delivered,3333.86
4724,426,12,,2026-06-21 07:31:43,Delivered,5952.21
4725,452,6,1.0,2026-07-17 15:05:04,Delivered,5427.73
4726,463,15,4.0,2026-07-27 23:12:37,Delivered,2278.98
4727,253,6,,2026-07-19 18:04:19,Delivered,4616.31
4728,195,28,,2026-03-02 09:51:29,Delivered,2111.86
4729,622,4,,2026-05-22 20:04:26,Delivered,1595.5
4730,1010,27,3.0,2026-03-02 07:13:00,Delivered,1329.14
4731,306,29,2.0,2026-06-01 11:02:20,Delivered,1770.04
4732,450,13,5.0,2026-04-04 11:48:52,Delivered,3978.94
4733,550,11,,2026-06-27 11:44:57,Returned,249.16
4734,860,14,,2026-07-27 08:11:47,Delivered,4362.44
4735,20,2,,2026-04-22 17:12:35,Delivered,50.11
4736,343,19,,2026-07-30 20:08:50,Delivered,2827.83
4737,899,13,,2026-07-30 20:46:57,Cancelled,1801.88
4738,255,23,,2026-05-06 21:37:46,Returned,1032.39
4739,429,21,,2026-06-07 12:06:49,Delivered,3038.51
4740,601,11,,2026-06-24 12:42:15,Cancelled,4436.63
4741,713,18,,2026-02-26 14:39:43,Delivered,2873.63
4742,950,2,,2026-03-15 15:53:25,Delivered,5831.58
4743,315,18,,2026-02-19 20:45:53,Cancelled,892.71
4744,968,23,1.0,2026-03-03 07:10:23,Cancelled,1152.58
4745,259,22,4.0,2026-04-16 23:34:16,Delivered,686.25
4746,379,4,,2026-07-10 18:30:05,Delivered,2663.06
4747,1179,21,2.0,2026-06-21 13:38:13,Delivered,2071.82
4748,757,16,,2026-07-19 23:01:20,Delivered,82.07
4749,764,21,,2026-03-11 09:59:49,Delivered,2461.45
4750,1130,25,4.0,2026-06-22 20:05:25,Delivered,2165.84
4751,492,27,,2026-07-05 21:46:21,Delivered,3198.02
4752,241,11,4.0,2026-05-10 17:15:29,Delivered,1640.83
4753,418,10,,2026-05-24 16:24:51,Delivered,1018.92
4754,552,3,,2026-02-15 11:50:13,Delivered,217.94
4755,257,21,,2026-03-26 08:42:05,Returned,481.6
4756,814,12,,2026-06-15 13:01:25,Delivered,521.07
4757,261,17,,2026-06-11 21:05:54,Delivered,2779.88
4758,783,28,,2026-07-30 13:22:43,Delivered,2681.05
4759,953,6,,2026-07-22 22:49:51,Delivered,129.92
4760,107,18,,2026-03-28 16:00:00,Cancelled,2965.66
4761,408,26,,2026-06-18 12:37:24,Delivered,1826.58
4762,179,11,,2026-06-02 20:52:14,Delivered,1189.76
4763,968,23,,2026-05-02 19:08:46,Delivered,2279.38
4764,289,11,,2026-03-08 23:41:37,Delivered,1290.33
4765,570,16,,2026-07-15 12:00:03,Delivered,666.71
4766,970,6,5.0,2026-03-15 18:27:35,Delivered,3579.45
4767,353,9,4.0,2026-03-10 15:46:24,Delivered,3934.23
4768,184,11,3.0,2026-03-13 18:29:08,Delivered,1378.2
4769,21,26,5.0,2026-06-16 09:29:33,Delivered,4789.23
4770,1145,19,1.0,2026-07-13 15:28:29,Delivered,967.1
4771,786,10,,2026-03-22 23:15:01,Delivered,1990.56
4772,287,6,,2026-06-21 17:43:44,Delivered,496.9
4773,644,22,,2026-03-13 15:24:57,Delivered,4507.12
4774,581,23,,2026-07-11 15:42:09,Cancelled,2858.87
4775,771,22,,2026-05-20 12:37:06,Delivered,2251.26
4776,684,11,,2026-04-04 10:09:31,Delivered,1558.52
4777,127,13,5.0,2026-02-25 23:54:21,Delivered,1143.66
4778,662,27,,2026-02-13 19:42:23,Delivered,2798.75
4779,620,22,,2026-08-03 13:20:12,Delivered,2626.1
4780,378,6,,2026-07-17 11:36:39,Delivered,2857.36
4781,274,19,5.0,2026-06-16 17:37:57,Delivered,2479.08
4782,816,6,,2026-06-02 19:46:28,Cancelled,2835.61
4783,313,4,,2026-06-04 19:46:27,Delivered,1764.33
4784,194,24,,2026-05-10 07:00:42,Delivered,947.92
4785,1081,13,,2026-04-29 19:17:32,Delivered,1458.49
4786,796,6,,2026-06-06 14:31:24,Delivered,1222.92
4787,748,21,,2026-07-08 17:37:08,Delivered,4926.91
4788,956,2,1.0,2026-03-17 15:59:53,Cancelled,3793.48
4789,661,6,,2026-04-08 12:20:45,Cancelled,355.11
4790,385,18,1.0,2026-02-18 14:59:30,Delivered,1447.83
4791,655,24,3.0,2026-05-04 22:40:47,Delivered,864.8
4792,58,29,,2026-02-28 12:28:56,Cancelled,6860.89
4793,200,14,5.0,2026-05-18 10:52:04,Returned,3360.52
4794,1053,6,,2026-06-14 23:24:36,Cancelled,495.06
4795,1127,11,,2026-04-03 13:49:54,Delivered,2248.92
4796,734,12,,2026-02-25 13:20:12,Delivered,144.0
4797,860,16,4.0,2026-03-29 07:31:40,Delivered,1202.43
4798,1009,9,,2026-05-05 11:23:52,Cancelled,3666.62
4799,1122,26,,2026-08-04 23:04:54,Delivered,2159.1
4800,221,19,5.0,2026-02-28 19:50:09,Delivered,4428.66
4801,1037,22,2.0,2026-05-07 16:58:59,Cancelled,1946.23
4802,547,13,4.0,2026-04-21 16:47:44,Delivered,1301.87
4803,950,2,,2026-05-15 21:23:59,Delivered,3926.75
4804,586,11,3.0,2026-06-05 15:08:46,Delivered,3087.89
4805,434,9,,2026-03-21 15:30:54,Delivered,3996.59
4806,763,15,,2026-04-18 16:48:56,Delivered,1539.7
4807,1147,2,,2026-04-27 14:55:49,Cancelled,707.67
4808,166,11,3.0,2026-07-30 17:45:58,Delivered,2764.23
4809,47,18,,2026-02-10 07:29:08,Delivered,1788.56
4810,1190,3,,2026-04-18 12:23:34,Delivered,1666.44
4811,471,23,4.0,2026-07-24 17:14:48,Delivered,647.72
4812,310,9,,2026-03-28 16:59:23,Delivered,4237.77
4813,556,16,,2026-04-18 18:04:32,Delivered,5129.34
4814,1112,11,,2026-04-25 07:16:24,Delivered,2914.83
4815,1091,22,,2026-03-21 23:58:04,Delivered,1639.37
4816,353,8,,2026-02-21 23:30:10,Delivered,1412.71
4817,69,6,3.0,2026-08-01 12:37:52,Returned,598.88
4818,595,29,,2026-06-24 21:58:07,Delivered,1538.48
4819,443,14,,2026-02-24 13:07:59,Delivered,3933.66
4820,108,15,5.0,2026-07-30 21:53:56,Cancelled,1627.01
4821,676,3,5.0,2026-05-29 08:11:51,Delivered,1935.99
4822,455,18,,2026-04-01 19:06:58,Delivered,3052.43
4823,720,15,,2026-05-27 07:01:40,Returned,1718.94
4824,180,22,,2026-03-15 20:48:14,Delivered,1572.08
4825,109,4,,2026-05-07 08:57:39,Delivered,1288.46
4826,1183,24,2.0,2026-05-18 10:41:51,Delivered,1127.58
4827,151,6,,2026-07-02 13:11:35,Delivered,2901.51
4828,1147,2,,2026-04-01 07:50:21,Delivered,434.23
4829,176,27,,2026-02-21 11:40:19,Delivered,2387.47
4830,1063,3,,2026-02-25 11:00:21,Returned,2568.86
4831,658,13,,2026-05-08 10:20:33,Delivered,955.14
4832,792,23,2.0,2026-03-05 19:45:25,Delivered,1291.12
4833,592,6,,2026-02-28 12:00:12,Delivered,3450.68
4834,644,21,,2026-07-06 20:53:46,Delivered,1865.84
4835,94,3,,2026-07-20 23:49:00,Delivered,469.92
4836,368,3,,2026-06-20 20:37:02,Delivered,687.54
4837,607,25,1.0,2026-07-27 21:15:51,Delivered,2006.92
4838,337,27,,2026-05-11 19:48:15,Delivered,5035.23
4839,117,11,,2026-03-23 18:46:04,Delivered,2735.04
4840,628,25,,2026-03-01 08:00:53,Delivered,5665.71
4841,230,17,,2026-03-15 15:53:56,Returned,256.52
4842,75,25,,2026-03-02 22:27:39,Delivered,3595.64
4843,803,2,,2026-07-28 21:56:52,Delivered,4283.12
4844,1027,6,5.0,2026-05-29 22:36:44,Delivered,1750.66
4845,209,15,,2026-06-01 13:46:09,Delivered,497.64
4846,463,15,,2026-06-02 19:13:40,Delivered,4547.13
4847,254,16,4.0,2026-03-29 15:16:37,Delivered,1624.17
4848,1095,24,,2026-04-03 15:38:22,Delivered,3366.65
4849,368,3,,2026-02-11 08:41:15,Returned,1555.65
4850,467,24,1.0,2026-02-09 16:45:48,Delivered,3406.99
4851,627,8,,2026-02-20 17:39:56,Delivered,1621.14
4852,1087,19,2.0,2026-02-13 11:46:20,Delivered,3312.92
4853,651,26,,2026-06-01 18:35:04,Delivered,521.07
4854,439,9,1.0,2026-05-05 18:31:03,Delivered,524.12
4855,655,26,,2026-04-07 23:10:03,Delivered,4422.04
4856,394,19,2.0,2026-03-10 15:02:13,Delivered,1741.6
4857,837,22,,2026-08-03 14:43:08,Delivered,1104.76
4858,281,23,,2026-07-08 12:18:37,Delivered,1255.57
4859,205,15,4.0,2026-05-17 22:00:00,Cancelled,1103.06
4860,625,23,,2026-02-23 15:09:15,Delivered,116.22
4861,1185,23,3.0,2026-06-10 15:07:59,Delivered,2186.4
4862,714,3,,2026-07-15 16:27:20,Delivered,3503.83
4863,307,29,,2026-03-30 16:10:36,Cancelled,1447.92
4864,862,29,,2026-06-14 08:24:42,Delivered,2995.16
4865,219,3,,2026-05-09 10:53:58,Delivered,2431.34
4866,732,3,,2026-06-19 18:48:14,Delivered,288.6
4867,678,6,,2026-03-12 08:05:32,Delivered,4800.66
4868,530,11,2.0,2026-06-05 19:33:29,Delivered,5163.96
4869,1103,19,,2026-05-01 17:32:18,Delivered,244.23
4870,168,17,2.0,2026-03-07 22:09:21,Delivered,1683.75
4871,163,3,4.0,2026-03-19 19:16:34,Delivered,1895.67
4872,679,8,2.0,2026-02-19 23:53:36,Delivered,1482.67
4873,622,2,,2026-07-25 08:22:14,Delivered,2214.79
4874,264,6,,2026-07-01 19:19:53,Cancelled,4238.19
4875,399,13,,2026-04-08 12:31:50,Delivered,2522.36
4876,79,8,,2026-03-31 18:23:02,Delivered,5161.49
4877,1062,10,,2026-07-10 10:11:40,Delivered,695.06
4878,1051,15,,2026-02-12 10:00:33,Returned,28.92
4879,577,11,2.0,2026-07-11 22:16:14,Placed,2219.26
4880,916,4,1.0,2026-07-23 13:48:42,Delivered,401.99
4881,1008,25,,2026-05-02 18:46:04,Delivered,5492.6
4882,814,13,,2026-04-25 19:23:39,Delivered,2660.99
4883,392,29,,2026-04-25 18:21:27,Delivered,354.63
4884,526,10,,2026-04-10 11:31:48,Delivered,968.42
4885,213,11,,2026-05-04 08:15:56,Delivered,794.31
4886,520,3,,2026-07-29 18:16:56,Delivered,6012.32
4887,683,13,,2026-03-13 12:53:29,Cancelled,509.96
4888,258,15,,2026-06-04 14:50:18,Delivered,2632.3
4889,1104,6,,2026-05-28 22:48:11,Returned,1566.54
4890,47,17,,2026-04-28 21:09:41,Delivered,1814.75
4891,287,6,,2026-03-18 14:42:31,Delivered,6647.92
4892,253,6,,2026-06-09 10:57:42,Delivered,2298.67
4893,756,25,,2026-03-17 12:28:19,Delivered,2181.47
4894,943,24,,2026-04-15 22:48:10,Delivered,702.42
4895,748,23,,2026-03-12 20:27:08,Delivered,4138.62
4896,37,26,,2026-03-30 18:06:06,Delivered,2604.65
4897,102,6,,2026-05-05 21:44:21,Delivered,3849.1
4898,291,9,,2026-04-17 07:57:43,Delivered,5111.47
4899,440,26,,2026-06-20 14:50:52,Delivered,2079.28
4900,742,30,,2026-02-23 10:58:43,Delivered,1769.52
4901,978,25,,2026-02-21 21:15:41,Delivered,1706.86
4902,748,21,,2026-06-27 16:05:10,Delivered,2645.59
4903,22,11,,2026-05-22 11:01:24,Delivered,3029.81
4904,297,10,,2026-04-05 17:42:09,Delivered,32.48
4905,54,10,,2026-07-11 18:51:16,Returned,4120.16
4906,616,17,,2026-03-15 22:23:57,Delivered,2328.33
4907,174,22,,2026-04-05 07:04:29,Returned,979.69
4908,98,17,,2026-07-28 21:11:12,Delivered,2214.16
4909,774,16,,2026-03-10 20:16:52,Delivered,2330.82
4910,535,24,,2026-07-15 15:00:27,Delivered,2320.7
4911,109,4,,2026-06-11 14:20:09,Delivered,3522.87
4912,588,24,,2026-05-23 16:47:17,Delivered,3865.16
4913,1129,21,,2026-04-27 08:48:10,Delivered,740.17
4914,576,11,,2026-07-17 19:48:26,Placed,5568.7
4915,410,6,,2026-07-16 13:01:45,Delivered,1450.75
4916,493,17,,2026-07-03 19:36:37,Delivered,460.49
4917,1200,4,,2026-05-15 23:44:45,Placed,2939.46
4918,503,12,,2026-04-29 13:13:07,Delivered,569.8
4919,553,19,2.0,2026-03-13 20:08:28,Delivered,4160.54
4920,531,14,,2026-03-18 11:40:06,Delivered,1783.65
4921,873,6,5.0,2026-06-19 17:49:40,Delivered,3674.13
4922,1155,12,2.0,2026-06-16 12:45:07,Delivered,6328.85
4923,257,23,,2026-03-30 23:43:34,Delivered,4068.17
4924,833,9,,2026-03-14 13:12:03,Delivered,899.68
4925,1180,27,2.0,2026-04-21 15:30:32,Delivered,4086.33
4926,195,28,,2026-04-13 21:32:30,Delivered,3343.93
4927,471,23,,2026-03-22 18:52:43,Delivered,716.85
4928,147,17,2.0,2026-06-06 23:07:00,Delivered,55.47
4929,355,8,3.0,2026-03-01 22:07:10,Returned,2495.28
4930,195,29,,2026-07-22 10:18:51,Delivered,1036.36
4931,407,3,,2026-07-01 13:20:30,Delivered,1929.38
4932,983,27,,2026-03-21 19:52:29,Delivered,211.24
4933,634,23,1.0,2026-07-22 14:00:17,Delivered,1578.21
4934,23,4,,2026-05-26 17:20:34,Delivered,1416.01
4935,491,24,,2026-04-03 18:54:34,Delivered,1280.8
4936,639,3,,2026-06-07 20:59:08,Cancelled,3491.56
4937,266,4,,2026-04-13 23:09:27,Delivered,3137.2
4938,1118,12,4.0,2026-07-18 15:40:38,Delivered,899.88
4939,91,6,,2026-02-25 20:13:02,Cancelled,3243.85
4940,995,11,,2026-07-28 21:47:43,Delivered,4265.88
4941,232,14,,2026-03-30 16:44:54,Delivered,3528.03
4942,926,29,,2026-06-16 10:25:19,Delivered,1977.32
4943,104,8,,2026-06-19 21:25:25,Cancelled,314.93
4944,1010,28,2.0,2026-07-09 08:10:56,Delivered,3140.25
4945,1076,8,,2026-02-05 20:06:58,Delivered,526.34
4946,1099,8,,2026-07-18 20:39:29,Cancelled,3557.46
4947,581,23,,2026-02-06 11:00:56,Delivered,1681.98
4948,1052,22,,2026-05-09 18:18:19,Delivered,680.87
4949,820,11,,2026-06-13 11:43:23,Delivered,3058.74
4950,392,27,,2026-03-24 13:09:02,Delivered,5092.52
4951,95,28,3.0,2026-04-23 19:08:50,Cancelled,1930.7
4952,432,11,,2026-03-16 19:07:14,Delivered,1808.46
4953,74,19,4.0,2026-02-08 17:16:59,Delivered,1509.82
4954,119,22,,2026-07-07 14:35:43,Delivered,1463.8
4955,347,6,1.0,2026-03-24 11:50:56,Delivered,2520.08
4956,241,11,,2026-03-23 16:30:57,Delivered,401.56
4957,192,23,3.0,2026-06-22 08:02:32,Delivered,1335.56
4958,210,15,,2026-05-09 16:47:31,Delivered,1982.89
4959,960,25,,2026-04-17 19:08:28,Delivered,1443.78
4960,52,18,,2026-02-25 16:55:24,Delivered,1940.94
4961,536,4,,2026-05-17 19:51:46,Delivered,2326.39
4962,1089,25,1.0,2026-03-15 09:18:36,Delivered,2462.61
4963,826,11,,2026-06-28 16:20:03,Delivered,4440.31
4964,459,25,,2026-07-24 19:27:22,Delivered,1098.76
4965,341,21,,2026-06-27 17:30:48,Delivered,1620.95
4966,249,6,,2026-04-14 14:37:12,Delivered,38.46
4967,172,10,,2026-05-31 17:09:40,Delivered,1927.34
4968,142,17,,2026-02-16 07:22:10,Delivered,5810.14
4969,849,29,,2026-02-08 08:38:10,Cancelled,1896.62
4970,509,18,,2026-05-04 17:19:20,Delivered,3961.29
4971,672,9,1.0,2026-06-08 20:54:38,Cancelled,209.2
4972,935,12,,2026-02-12 09:21:54,Delivered,377.28
4973,1171,8,1.0,2026-08-04 17:08:45,Delivered,1505.47
4974,669,18,4.0,2026-07-13 18:50:07,Delivered,1306.68
4975,902,13,,2026-07-23 21:03:53,Delivered,282.74
4976,157,8,,2026-03-21 23:40:57,Delivered,1182.77
4977,29,6,,2026-07-22 11:11:18,Delivered,926.95
4978,667,21,,2026-06-26 15:13:53,Delivered,4547.11
4979,512,26,5.0,2026-06-24 09:45:11,Delivered,3985.09
4980,520,2,,2026-05-26 21:41:30,Delivered,3081.8
4981,917,17,5.0,2026-04-25 19:22:42,Delivered,3862.55
4982,789,8,5.0,2026-02-19 23:28:06,Delivered,2385.72
4983,1073,30,3.0,2026-03-20 07:59:26,Delivered,3506.35
4984,704,25,,2026-03-14 13:24:26,Delivered,3575.36
4985,1087,17,,2026-03-03 17:54:08,Delivered,680.3
4986,993,30,,2026-03-27 10:44:59,Delivered,8920.11
4987,911,6,,2026-06-28 10:43:55,Delivered,1430.76
4988,171,6,,2026-02-25 10:50:57,Delivered,4239.88
4989,675,4,,2026-05-13 16:33:59,Delivered,1235.31
4990,4,4,,2026-07-06 11:53:42,Delivered,707.35
4991,151,6,,2026-04-05 23:41:49,Delivered,4302.15
4992,846,6,,2026-05-26 15:03:31,Delivered,5516.33
4993,611,4,,2026-03-07 21:20:16,Delivered,1208.02
4994,912,23,,2026-03-11 18:04:20,Delivered,5973.14
4995,758,24,5.0,2026-04-01 17:37:34,Delivered,1028.66
4996,339,10,,2026-06-15 23:06:51,Delivered,3495.96
4997,936,6,,2026-04-25 14:05:13,Cancelled,2204.63
4998,324,12,,2026-06-13 16:57:41,Delivered,7011.13
4999,167,19,5.0,2026-04-13 16:48:58,Delivered,788.96
5000,28,27,2.0,2026-03-18 08:31:22,Delivered,3215.12
5001,942,29,,2026-04-05 16:01:21,Delivered,5247.79
5002,1068,3,,2026-05-22 13:34:42,Delivered,2684.11
5003,826,10,,2026-06-13 07:16:27,Delivered,1350.93
5004,1171,9,,2026-02-20 14:42:26,Delivered,1877.57
5005,1097,18,,2026-07-27 07:07:44,Delivered,1085.04
5006,1195,14,,2026-07-19 20:01:10,Returned,5317.01
5007,472,10,,2026-05-23 08:37:48,Delivered,3621.08
5008,1149,25,,2026-02-28 19:12:02,Returned,3456.88
5009,316,3,,2026-02-12 21:07:34,Delivered,2816.82
5010,286,10,,2026-02-26 21:13:46,Delivered,2703.31
5011,956,4,,2026-07-25 09:03:15,Delivered,1451.25
5012,1044,24,,2026-03-23 21:02:47,Delivered,2466.9
5013,452,6,,2026-04-18 22:31:17,Delivered,927.44
5014,1012,19,3.0,2026-04-20 09:05:14,Delivered,4502.52
5015,31,6,,2026-05-20 07:02:55,Delivered,4092.87
5016,637,24,,2026-04-19 11:20:44,Cancelled,1046.85
5017,660,12,2.0,2026-02-18 17:37:36,Delivered,2305.7
5018,115,23,,2026-06-15 15:55:43,Delivered,1150.29
5019,61,13,,2026-07-30 08:22:42,Delivered,1550.63
5020,829,28,5.0,2026-03-11 17:55:12,Delivered,1505.76
5021,7,16,,2026-05-18 07:48:37,Delivered,293.5
5022,983,28,,2026-03-28 17:42:09,Delivered,2822.91
5023,878,2,5.0,2026-06-26 21:50:38,Delivered,728.64
5024,1138,2,2.0,2026-03-10 10:26:15,Cancelled,1691.98
5025,672,8,,2026-05-22 12:55:37,Delivered,2740.7
5026,238,4,,2026-03-15 22:27:29,Delivered,2381.17
5027,1019,9,,2026-07-15 12:35:53,Delivered,2349.21
5028,622,3,4.0,2026-05-21 14:15:01,Delivered,1617.28
5029,553,17,,2026-05-30 17:06:28,Delivered,1849.61
5030,426,13,,2026-05-09 21:10:57,Delivered,2718.02
5031,474,6,1.0,2026-04-30 14:23:06,Delivered,888.88
5032,464,6,,2026-06-04 20:12:00,Delivered,2587.04
5033,1068,3,,2026-03-30 23:55:23,Placed,639.75
5034,1073,28,,2026-04-04 11:54:53,Returned,411.95
5035,1082,17,,2026-05-04 17:46:56,Delivered,3185.42
5036,281,21,,2026-06-03 17:50:31,Delivered,1455.52
5037,272,12,1.0,2026-08-03 21:01:33,Delivered,3241.35
5038,323,21,,2026-07-11 19:24:24,Delivered,527.99
5039,255,21,3.0,2026-05-22 11:10:13,Delivered,2323.62
5040,337,28,,2026-02-05 17:25:12,Delivered,1162.14
5041,292,10,,2026-05-08 22:46:26,Cancelled,1913.16
5042,683,13,,2026-06-14 12:13:06,Delivered,2903.02
5043,119,23,,2026-03-24 10:21:40,Cancelled,3133.22
5044,114,16,5.0,2026-05-20 07:04:03,Delivered,1609.72
5045,59,4,,2026-05-26 11:46:00,Delivered,4607.78
5046,764,22,,2026-03-16 23:49:16,Cancelled,1330.5
5047,67,6,,2026-05-11 15:54:15,Delivered,3756.72
5048,215,27,,2026-04-02 14:09:35,Delivered,1339.98
5049,75,26,,2026-07-09 08:45:45,Delivered,5009.71
5050,650,28,,2026-04-04 21:10:14,Delivered,958.11
5051,622,4,,2026-03-15 22:59:53,Delivered,3826.85
5052,553,17,4.0,2026-06-22 08:29:45,Delivered,1494.67
5053,327,18,,2026-05-12 10:49:12,Delivered,86.32
5054,94,3,,2026-03-07 22:11:35,Delivered,840.79
5055,786,11,,2026-08-02 12:38:38,Delivered,8108.46
5056,865,12,,2026-03-15 16:28:10,Delivered,512.7
5057,875,30,,2026-07-28 17:00:48,Delivered,412.76
5058,628,25,,2026-04-08 15:56:50,Delivered,3334.14
5059,1083,6,3.0,2026-03-06 11:07:15,Delivered,1171.82
5060,487,10,3.0,2026-03-08 09:28:12,Delivered,2082.62
5061,766,27,,2026-03-02 19:16:31,Returned,1162.09
5062,639,3,,2026-06-05 15:37:34,Cancelled,2763.76
5063,139,12,,2026-06-22 11:54:56,Delivered,3468.16
5064,166,10,,2026-06-20 20:29:27,Delivered,2850.34
5065,56,4,,2026-04-12 22:21:58,Delivered,1990.71
5066,556,15,,2026-03-08 08:08:53,Delivered,575.26
5067,1067,16,5.0,2026-04-14 14:41:46,Delivered,2679.61
5068,1117,8,,2026-05-20 18:50:50,Delivered,378.54
5069,66,6,,2026-06-19 15:20:31,Cancelled,1999.89
5070,196,25,,2026-03-23 19:17:02,Delivered,2968.49
5071,663,11,,2026-08-03 12:24:06,Delivered,2813.04
5072,491,26,,2026-04-09 22:14:28,Delivered,5630.35
5073,308,4,,2026-04-22 10:10:15,Delivered,816.52
5074,114,14,,2026-04-14 12:48:44,Cancelled,888.99
5075,430,15,4.0,2026-03-12 22:52:48,Cancelled,2142.26
5076,239,29,,2026-06-03 17:52:53,Delivered,5381.24
5077,162,22,,2026-04-04 19:13:25,Returned,541.39
5078,1199,15,,2026-03-03 19:02:24,Returned,2112.14
5079,667,23,1.0,2026-05-02 09:14:52,Delivered,3799.75
5080,712,11,3.0,2026-07-04 12:53:32,Delivered,3629.25
5081,788,15,,2026-07-12 16:31:19,Delivered,1568.64
5082,535,24,,2026-04-26 18:54:48,Delivered,4731.18
5083,319,26,3.0,2026-07-14 14:06:33,Cancelled,1640.5
5084,30,22,5.0,2026-07-10 13:18:49,Delivered,2797.07
5085,1190,3,,2026-03-02 09:58:06,Cancelled,2375.3
5086,320,19,,2026-07-31 12:34:59,Cancelled,6402.72
5087,944,9,,2026-07-30 16:40:13,Delivered,1450.74
5088,69,6,,2026-07-07 17:24:04,Delivered,141.37
5089,865,13,,2026-02-09 10:34:56,Delivered,593.48
5090,57,27,2.0,2026-03-28 12:07:01,Delivered,702.58
5091,995,10,3.0,2026-03-16 22:50:56,Delivered,966.46
5092,696,16,4.0,2026-07-12 11:40:15,Delivered,3633.86
5093,1065,22,,2026-04-23 16:52:25,Delivered,1660.96
5094,190,26,,2026-04-04 11:38:13,Delivered,1920.61
5095,783,27,5.0,2026-04-02 21:32:03,Delivered,2389.53
5096,954,12,,2026-06-17 23:39:35,Delivered,2058.72
5097,183,10,3.0,2026-06-17 09:39:10,Delivered,301.25
5098,1025,6,,2026-07-05 07:43:41,Returned,2352.49
5099,234,3,,2026-05-17 23:38:14,Delivered,5701.94
5100,53,6,,2026-06-24 14:16:24,Delivered,3403.15
5101,1186,10,,2026-06-01 21:48:26,Delivered,2691.67
5102,526,11,,2026-03-07 09:37:48,Delivered,930.84
5103,766,30,4.0,2026-02-23 15:32:52,Delivered,2961.2
5104,849,28,,2026-04-03 11:11:58,Delivered,5270.63
5105,1045,29,,2026-04-15 15:30:11,Delivered,1125.96
5106,901,10,,2026-06-25 10:39:31,Delivered,1104.76
5107,1126,14,,2026-04-15 12:45:57,Delivered,782.92
5108,686,18,2.0,2026-06-05 15:02:03,Delivered,348.99
5109,729,6,,2026-08-02 08:21:32,Delivered,1371.02
5110,217,9,,2026-07-20 18:11:11,Returned,1531.96
5111,963,10,,2026-02-26 16:17:01,Delivered,3398.37
5112,308,2,,2026-03-25 12:30:49,Delivered,1162.3
5113,880,9,,2026-02-13 16:18:14,Placed,1311.97
5114,246,23,,2026-07-16 22:00:00,Delivered,1106.12
5115,1111,9,,2026-05-08 18:26:45,Cancelled,727.28
5116,982,2,,2026-05-24 23:19:02,Delivered,1351.41
5117,1005,10,,2026-07-29 12:29:50,Delivered,862.3
5118,872,12,4.0,2026-03-29 07:07:28,Cancelled,1321.83
5119,776,16,,2026-03-31 12:02:43,Delivered,2047.18
5120,777,30,,2026-07-12 23:09:08,Delivered,1550.46
5121,158,29,5.0,2026-03-08 20:42:27,Delivered,4708.42
5122,392,29,,2026-05-22 22:39:37,Delivered,1751.34
5123,10,10,,2026-06-29 13:32:20,Delivered,435.85
5124,1032,8,5.0,2026-06-06 16:42:46,Delivered,1134.17
5125,634,23,4.0,2026-06-01 20:01:30,Delivered,291.2
5126,686,19,1.0,2026-05-28 19:28:50,Delivered,1185.59
5127,991,13,,2026-06-29 21:24:48,Delivered,3579.49
5128,1173,17,,2026-04-22 18:53:16,Delivered,608.54
5129,852,8,,2026-04-03 16:07:24,Delivered,2386.99
5130,801,3,,2026-06-24 12:39:59,Delivered,1286.52
5131,626,26,,2026-07-31 17:15:00,Delivered,1470.87
5132,621,13,,2026-07-07 13:55:18,Delivered,1100.35
5133,1057,17,,2026-07-28 18:52:27,Delivered,4649.79
5134,794,26,,2026-04-14 14:26:53,Delivered,3581.32
5135,292,10,3.0,2026-05-22 15:45:11,Delivered,1242.42
5136,999,9,,2026-06-30 11:35:23,Returned,5979.94
5137,572,12,,2026-02-09 12:59:18,Delivered,3918.7
5138,363,26,,2026-06-25 11:22:19,Delivered,706.67
5139,48,4,2.0,2026-03-10 12:18:54,Cancelled,955.71
5140,286,10,,2026-06-08 13:02:43,Delivered,2500.38
5141,172,11,,2026-06-13 16:04:14,Delivered,1719.76
5142,21,25,,2026-03-02 18:27:56,Delivered,2541.3
5143,1125,8,,2026-06-07 19:45:38,Delivered,355.67
5144,108,15,,2026-02-11 12:48:29,Delivered,4240.44
5145,841,4,4.0,2026-02-15 10:50:17,Delivered,254.73
5146,602,17,,2026-06-20 13:39:44,Delivered,2555.54
5147,1005,11,,2026-02-10 12:33:48,Delivered,2930.38
5148,920,11,,2026-06-07 15:00:20,Delivered,663.64
5149,369,11,,2026-02-22 18:06:32,Delivered,3985.51
5150,92,25,5.0,2026-06-13 20:23:30,Delivered,2092.9
5151,139,12,,2026-05-26 11:23:25,Delivered,4610.55
5152,1071,24,,2026-07-27 19:48:49,Delivered,3050.38
5153,777,27,,2026-03-30 08:48:13,Delivered,1189.76
5154,455,19,,2026-04-16 17:26:46,Delivered,86.82
5155,979,30,,2026-03-13 16:23:31,Delivered,1945.32
5156,721,12,3.0,2026-06-20 08:48:34,Delivered,2246.02
5157,371,9,,2026-07-20 18:23:15,Cancelled,1422.7
5158,1036,11,5.0,2026-04-09 20:02:46,Delivered,757.43
5159,425,21,,2026-07-12 10:11:37,Delivered,3912.21
5160,410,6,5.0,2026-02-25 19:24:18,Delivered,1821.12
5161,646,16,,2026-02-05 13:28:10,Delivered,2558.22
5162,114,16,,2026-02-26 14:05:42,Delivered,4232.76
5163,63,28,4.0,2026-05-04 18:06:38,Delivered,2961.45
5164,575,24,,2026-03-10 07:30:25,Delivered,427.33
5165,263,9,,2026-06-05 18:52:55,Delivered,4608.34
5166,581,22,2.0,2026-03-12 16:44:09,Delivered,1280.07
5167,1092,6,,2026-08-03 14:01:19,Delivered,3075.29
5168,557,6,,2026-04-08 23:13:46,Delivered,2756.35
5169,174,22,,2026-05-03 11:41:41,Delivered,3209.61
5170,802,11,3.0,2026-03-18 10:46:36,Delivered,1268.67
5171,834,9,,2026-07-14 10:30:17,Delivered,1927.62
5172,1157,17,,2026-05-03 22:16:20,Delivered,1850.3
5173,737,14,,2026-05-20 23:30:49,Delivered,2773.87
5174,900,18,,2026-06-12 19:37:12,Delivered,2273.72
5175,872,13,1.0,2026-03-30 17:01:39,Delivered,4179.91
5176,550,11,,2026-05-17 17:14:34,Delivered,5852.3
5177,652,11,,2026-06-25 07:41:42,Delivered,784.04
5178,885,6,,2026-03-20 11:31:21,Delivered,2239.74
5179,61,12,,2026-08-02 23:51:43,Delivered,5274.72
5180,697,6,1.0,2026-07-03 18:53:43,Delivered,3203.04
5181,223,11,,2026-05-18 16:34:31,Delivered,4305.23
5182,180,22,,2026-04-02 21:20:47,Delivered,2702.33
5183,600,17,,2026-07-06 11:12:38,Delivered,2030.41
5184,301,17,3.0,2026-05-25 15:02:25,Delivered,2917.7
5185,973,9,,2026-04-14 09:08:37,Cancelled,2910.37
5186,183,10,,2026-02-24 07:36:41,Delivered,2734.4
5187,1029,18,,2026-06-27 08:49:21,Delivered,4607.24
5188,640,18,,2026-04-29 18:56:21,Delivered,703.28
5189,1184,15,,2026-04-07 11:57:42,Returned,5178.04
5190,1040,28,1.0,2026-02-05 23:02:40,Delivered,3851.06
5191,832,2,,2026-02-14 07:22:45,Delivered,2091.24
5192,899,12,3.0,2026-06-07 22:17:08,Delivered,2049.41
5193,578,15,3.0,2026-05-24 08:34:16,Delivered,468.74
5194,825,8,3.0,2026-07-28 09:34:55,Delivered,2908.66
5195,906,15,,2026-04-16 20:57:16,Delivered,1464.16
5196,135,26,4.0,2026-03-02 17:19:52,Delivered,1308.73
5197,261,17,2.0,2026-03-29 12:33:49,Delivered,1286.9
5198,1154,13,,2026-03-04 10:22:32,Delivered,2466.06
5199,432,11,,2026-04-02 13:12:08,Delivered,4720.15
5200,261,18,,2026-08-02 13:09:51,Delivered,325.64
5201,901,11,,2026-02-10 07:03:45,Delivered,4107.49
5202,1046,12,,2026-06-18 08:13:07,Delivered,1234.63
5203,959,2,2.0,2026-06-16 20:31:40,Delivered,1107.29
5204,257,21,,2026-05-17 15:46:39,Delivered,4036.86
5205,699,11,4.0,2026-06-26 19:20:20,Delivered,2993.02
5206,1098,11,,2026-02-23 13:52:32,Delivered,2212.56
5207,429,22,,2026-04-21 11:51:01,Delivered,3703.4
5208,311,19,,2026-03-01 20:49:39,Delivered,550.98
5209,570,16,3.0,2026-06-29 17:21:19,Delivered,2070.06
5210,311,17,,2026-04-17 22:59:24,Cancelled,3856.49
5211,81,26,2.0,2026-05-15 09:45:39,Delivered,1847.84
5212,926,30,,2026-07-08 18:48:56,Delivered,1731.69
5213,1195,15,,2026-03-03 22:50:44,Delivered,709.84
5214,1167,13,,2026-03-07 10:24:37,Delivered,594.55
5215,266,4,,2026-06-27 09:25:38,Delivered,978.6
5216,474,6,,2026-03-02 09:13:07,Delivered,1888.4
5217,384,28,,2026-06-07 09:25:49,Placed,2081.34
5218,239,28,,2026-03-10 17:26:10,Delivered,6120.0
5219,1111,8,5.0,2026-04-06 14:04:11,Delivered,1941.24
5220,333,14,,2026-06-16 10:03:11,Cancelled,2150.68
5221,728,10,1.0,2026-03-31 10:40:59,Delivered,5472.93
5222,825,9,,2026-03-09 08:17:18,Delivered,360.22
5223,132,6,,2026-05-01 10:32:57,Delivered,1096.92
5224,216,26,,2026-06-07 18:56:42,Delivered,3256.8
5225,902,13,,2026-04-16 19:12:46,Delivered,340.06
5226,1158,18,5.0,2026-06-12 16:48:41,Delivered,3130.27
5227,144,30,,2026-07-07 23:45:15,Delivered,4313.62
5228,923,10,,2026-07-11 20:41:22,Delivered,5444.51
5229,470,17,3.0,2026-08-03 23:46:25,Returned,2777.81
5230,192,23,5.0,2026-05-23 18:45:02,Delivered,2156.45
5231,760,21,,2026-05-15 16:28:42,Delivered,2318.44
5232,1139,14,5.0,2026-04-28 08:26:04,Delivered,3264.37
5233,885,6,,2026-04-20 23:48:19,Delivered,2050.29
5234,293,14,,2026-03-23 07:39:14,Returned,1192.16
5235,1018,6,5.0,2026-06-14 11:47:46,Delivered,2872.92
5236,945,11,,2026-07-09 18:02:29,Delivered,2486.94
5237,801,2,,2026-03-18 15:48:18,Delivered,2588.24
5238,178,14,,2026-02-15 12:53:01,Delivered,2329.89
5239,1025,6,4.0,2026-06-13 23:14:11,Delivered,1475.85
5240,727,21,,2026-02-21 14:17:36,Delivered,5566.65
5241,131,30,2.0,2026-04-03 22:52:55,Delivered,3153.64
5242,101,23,,2026-06-07 19:44:40,Placed,2173.64
5243,800,23,,2026-05-22 15:58:35,Delivered,1504.52
5244,134,25,5.0,2026-02-14 08:17:52,Returned,1683.0
5245,1173,18,1.0,2026-04-19 23:52:01,Delivered,1581.8
5246,628,25,,2026-02-13 15:40:26,Delivered,1533.68
5247,552,4,,2026-03-22 07:14:34,Delivered,3548.35
5248,663,11,3.0,2026-05-14 09:26:53,Delivered,1887.49
5249,498,6,,2026-07-14 21:15:23,Returned,711.34
5250,791,25,,2026-05-13 14:17:49,Cancelled,2079.08
5251,336,26,2.0,2026-05-03 17:11:03,Delivered,3457.61
5252,683,12,,2026-02-13 18:38:32,Returned,2763.72
5253,292,10,,2026-03-29 20:34:54,Delivered,3134.22
5254,746,18,,2026-03-13 07:14:25,Delivered,1950.72
5255,7,15,,2026-04-22 15:28:51,Delivered,7229.02
5256,730,29,,2026-07-23 18:45:04,Delivered,3179.1
5257,339,11,,2026-04-09 17:54:33,Placed,1514.0
5258,1034,11,,2026-04-12 07:43:07,Cancelled,4532.72
5259,1052,23,,2026-04-17 17:22:07,Delivered,1209.54
5260,661,6,3.0,2026-05-10 07:16:33,Delivered,2525.95
5261,105,14,,2026-07-21 09:19:51,Delivered,510.09
5262,958,6,,2026-07-02 17:38:41,Delivered,2690.37
5263,1155,12,,2026-03-21 11:09:38,Delivered,3026.99
5264,220,27,,2026-05-13 07:32:53,Delivered,2187.14
5265,801,3,2.0,2026-02-27 19:31:31,Delivered,213.79
5266,651,24,,2026-05-27 20:13:00,Cancelled,1005.77
5267,95,29,4.0,2026-06-26 22:13:11,Delivered,224.98
5268,106,19,,2026-02-09 16:02:21,Delivered,1113.18
5269,399,13,,2026-05-04 09:42:41,Delivered,1771.74
5270,215,28,,2026-05-27 19:36:56,Delivered,1246.22
5271,521,17,,2026-04-02 10:32:55,Cancelled,3183.8
5272,522,9,,2026-04-22 21:54:40,Delivered,558.98
5273,871,13,,2026-02-20 21:06:40,Delivered,611.68
5274,355,8,,2026-07-09 13:55:21,Delivered,301.65
5275,838,28,,2026-06-09 11:24:06,Returned,4097.94
5276,154,13,,2026-07-12 10:30:57,Delivered,4055.12
5277,1193,12,,2026-06-24 23:34:38,Delivered,3528.34
5278,1022,13,3.0,2026-04-09 15:01:25,Delivered,2007.35
5279,190,24,4.0,2026-03-04 18:00:36,Cancelled,4794.43
5280,453,24,5.0,2026-04-21 18:16:12,Delivered,2007.05
5281,686,18,,2026-02-19 20:20:49,Cancelled,3848.1
5282,375,28,,2026-04-15 10:13:39,Delivered,972.87
5283,977,10,5.0,2026-04-16 12:17:33,Delivered,3669.17
5284,607,26,,2026-02-20 09:55:38,Delivered,317.95
5285,828,8,,2026-07-21 09:44:11,Delivered,2874.19
5286,1104,6,,2026-07-13 13:42:54,Returned,3251.82
5287,944,8,,2026-04-08 22:13:50,Delivered,2062.73
5288,237,23,,2026-05-29 19:42:03,Delivered,2809.1
5289,663,11,,2026-03-17 12:44:04,Returned,2547.29
5290,1003,13,4.0,2026-03-14 20:09:44,Delivered,1949.56
5291,517,6,,2026-03-19 21:41:18,Delivered,1996.93
5292,544,11,,2026-05-18 16:10:06,Delivered,2997.63
5293,946,6,,2026-03-09 14:26:42,Delivered,2137.74
5294,733,8,1.0,2026-05-25 09:47:05,Delivered,1406.63
5295,860,15,,2026-06-27 10:52:19,Cancelled,1386.78
5296,880,9,5.0,2026-06-28 19:08:07,Returned,3421.46
5297,750,14,3.0,2026-03-11 10:37:31,Delivered,4323.74
5298,842,18,,2026-04-02 14:39:26,Delivered,946.15
5299,424,24,2.0,2026-07-22 16:49:18,Delivered,3652.17
5300,549,9,,2026-07-24 13:29:54,Delivered,615.87
5301,310,8,,2026-06-17 14:51:02,Delivered,3110.47
5302,137,23,2.0,2026-06-02 10:58:10,Cancelled,1504.09
5303,235,27,,2026-02-22 14:54:47,Delivered,4007.5
5304,1166,18,,2026-02-18 12:57:48,Delivered,6065.77
5305,535,24,,2026-03-02 09:01:59,Delivered,1076.65
5306,967,10,,2026-03-11 23:04:48,Delivered,3395.91
5307,660,13,,2026-03-17 19:12:00,Delivered,919.92
5308,85,29,,2026-05-18 13:08:55,Cancelled,2184.12
5309,937,6,,2026-05-13 09:27:39,Delivered,2808.4
5310,120,23,,2026-03-20 18:11:45,Delivered,1545.99
5311,357,8,,2026-05-02 13:49:54,Delivered,1478.25
5312,186,6,,2026-03-10 14:42:47,Delivered,3694.86
5313,1109,11,,2026-04-25 18:08:10,Delivered,4032.04
5314,288,25,,2026-04-12 07:05:52,Delivered,4544.88
5315,533,6,4.0,2026-02-26 17:56:16,Delivered,647.17
5316,718,19,,2026-03-06 21:13:07,Delivered,849.76
5317,656,2,,2026-07-09 22:19:27,Delivered,1021.34
5318,463,16,,2026-05-31 23:44:02,Delivered,2792.61
5319,749,3,,2026-03-25 19:00:46,Placed,3075.55
5320,664,19,,2026-04-16 19:08:53,Delivered,2380.22
5321,918,6,,2026-03-01 15:06:32,Delivered,991.28
5322,1,11,,2026-02-23 07:53:05,Delivered,4072.69
5323,683,13,,2026-04-29 21:31:01,Delivered,468.28
5324,469,2,,2026-02-25 11:52:24,Returned,560.32
5325,187,11,,2026-03-28 23:01:01,Delivered,1427.9
5326,116,12,,2026-02-17 13:44:24,Delivered,762.26
5327,245,17,,2026-04-09 15:11:48,Delivered,3890.0
5328,1110,15,2.0,2026-04-29 23:49:53,Delivered,1660.51
5329,223,11,2.0,2026-04-26 22:15:04,Delivered,446.54
5330,152,19,,2026-05-04 22:08:52,Cancelled,1929.56
5331,213,10,3.0,2026-06-14 10:24:39,Delivered,666.17
5332,877,9,,2026-05-01 10:12:14,Delivered,4811.83
5333,498,6,4.0,2026-05-18 20:04:13,Returned,3325.12
5334,854,6,,2026-05-21 11:12:59,Delivered,1651.6
5335,819,10,,2026-06-01 18:16:50,Delivered,1244.77
5336,902,13,,2026-05-02 08:09:48,Cancelled,104.7
5337,510,25,,2026-05-28 17:53:28,Cancelled,3824.62
5338,473,16,,2026-07-15 14:54:32,Delivered,320.2
5339,1055,12,,2026-04-08 13:40:40,Delivered,410.67
5340,876,12,,2026-04-23 19:16:09,Delivered,788.01
5341,282,9,4.0,2026-03-24 10:28:50,Delivered,1010.79
5342,201,3,4.0,2026-04-06 13:18:17,Delivered,4897.1
5343,1047,6,1.0,2026-05-29 09:01:54,Delivered,2885.29
5344,887,23,3.0,2026-05-27 12:52:36,Delivered,2034.35
5345,1094,28,,2026-07-24 20:46:08,Delivered,2202.75
5346,308,3,,2026-03-04 09:11:26,Delivered,717.86
5347,452,6,,2026-02-18 23:55:10,Delivered,1604.52
5348,400,14,,2026-04-14 14:41:35,Delivered,2934.7
5349,257,22,5.0,2026-04-23 08:55:04,Delivered,4815.34
5350,254,15,1.0,2026-07-21 08:15:14,Delivered,1574.93
5351,649,2,,2026-05-08 11:55:58,Delivered,424.11
5352,1009,8,,2026-03-04 15:44:02,Cancelled,472.84
5353,361,26,,2026-05-15 16:04:12,Cancelled,2366.79
5354,757,15,,2026-07-18 12:23:53,Delivered,3469.57
5355,23,3,,2026-02-26 23:51:20,Delivered,1333.27
5356,1015,15,,2026-07-11 07:04:27,Returned,266.98
5357,71,11,,2026-03-04 22:24:57,Cancelled,371.19
5358,167,17,,2026-06-13 16:55:56,Delivered,669.42
5359,204,25,,2026-02-25 07:51:11,Delivered,3486.0
5360,26,24,2.0,2026-05-18 07:37:57,Delivered,1935.14
5361,83,29,,2026-06-06 09:28:43,Cancelled,2454.83
5362,1049,4,,2026-03-25 23:05:26,Delivered,3534.6
5363,964,25,1.0,2026-05-01 19:49:39,Cancelled,658.26
5364,452,6,,2026-06-02 19:11:23,Cancelled,1245.13
5365,1052,21,3.0,2026-06-15 22:45:40,Returned,4125.81
5366,606,8,,2026-05-17 23:46:08,Delivered,875.12
5367,1157,17,,2026-07-08 19:30:03,Delivered,3777.76
5368,584,21,,2026-03-08 10:45:30,Delivered,2915.27
5369,313,4,3.0,2026-07-23 21:30:55,Delivered,3488.19
5370,920,10,3.0,2026-03-10 11:40:41,Cancelled,383.31
5371,1200,2,,2026-05-10 14:35:28,Returned,4028.19
5372,1167,13,,2026-03-10 09:51:17,Delivered,2233.41
5373,788,14,,2026-07-17 15:37:13,Delivered,4222.29
5374,592,6,,2026-07-01 09:52:25,Delivered,3235.11
5375,1047,6,4.0,2026-05-06 23:02:05,Delivered,2579.45
5376,389,13,,2026-03-12 18:07:31,Delivered,4873.36
5377,1043,21,3.0,2026-07-18 09:26:18,Delivered,72.26
5378,1183,25,2.0,2026-03-15 10:28:18,Delivered,504.46
5379,848,4,,2026-06-18 07:55:28,Delivered,1798.75
5380,549,8,,2026-04-10 15:32:02,Delivered,1314.73
5381,696,15,,2026-06-12 07:43:26,Delivered,2514.24
5382,793,12,,2026-06-24 15:18:16,Delivered,3292.66
5383,868,4,3.0,2026-06-08 22:03:04,Cancelled,2840.5
5384,222,14,,2026-06-10 12:07:15,Delivered,3717.34
5385,209,15,,2026-05-14 22:03:39,Delivered,5323.97
5386,1108,12,4.0,2026-05-09 21:28:28,Delivered,806.97
5387,85,27,4.0,2026-02-10 09:10:24,Delivered,1734.26
5388,561,18,,2026-03-20 11:23:02,Cancelled,4425.29
5389,292,11,4.0,2026-06-18 22:59:44,Delivered,1731.91
5390,983,29,4.0,2026-04-12 09:02:28,Delivered,3419.67
5391,912,21,,2026-05-23 18:23:12,Cancelled,1010.98
5392,308,4,,2026-07-30 20:42:39,Delivered,3135.16
5393,476,23,4.0,2026-04-24 12:09:52,Returned,696.93
5394,650,29,,2026-06-25 13:51:56,Returned,3346.17
5395,366,17,,2026-05-10 14:24:53,Delivered,4870.53
5396,1037,21,,2026-06-26 17:48:04,Placed,1061.52
5397,714,2,3.0,2026-06-20 21:50:37,Returned,1597.06
5398,608,10,,2026-05-17 20:47:29,Delivered,3352.02
5399,1067,15,,2026-04-25 19:29:32,Delivered,3994.09
5400,64,16,,2026-04-21 16:29:22,Delivered,1638.35
5401,1074,11,4.0,2026-03-01 23:25:41,Cancelled,1518.68
5402,998,13,,2026-06-18 11:29:53,Delivered,2325.57
5403,377,21,,2026-05-28 15:22:30,Delivered,336.06
5404,95,27,,2026-06-03 18:39:32,Delivered,1255.64
5405,530,10,,2026-05-03 17:50:42,Cancelled,1207.4
5406,554,3,4.0,2026-03-12 20:12:08,Delivered,1196.26
5407,386,13,,2026-07-12 23:01:05,Delivered,502.47
5408,411,22,,2026-02-07 08:21:55,Delivered,1044.57
5409,1178,8,2.0,2026-03-13 12:49:32,Delivered,1935.8
5410,615,17,3.0,2026-04-07 09:47:54,Delivered,2001.46
5411,440,25,,2026-05-21 15:58:40,Delivered,2511.6
5412,92,26,1.0,2026-07-07 23:05:09,Delivered,2433.92
5413,78,25,,2026-06-12 09:47:06,Placed,4426.78
5414,487,10,,2026-07-11 21:28:13,Delivered,297.02
5415,1009,9,,2026-07-15 17:49:16,Delivered,115.6
5416,1013,16,,2026-05-24 14:51:03,Delivered,237.76
5417,892,24,,2026-05-01 14:00:30,Delivered,449.24
5418,962,4,,2026-03-25 13:48:57,Delivered,2161.29
5419,926,27,,2026-02-25 21:53:09,Delivered,236.42
5420,1100,13,,2026-06-21 13:12:03,Delivered,1120.37
5421,243,17,,2026-04-13 17:26:59,Delivered,5391.27
5422,536,2,,2026-05-10 12:02:55,Delivered,1629.66
5423,822,13,,2026-04-30 16:34:10,Delivered,130.52
5424,728,10,,2026-02-23 15:32:07,Cancelled,2003.14
5425,467,24,,2026-03-04 23:21:38,Delivered,3925.72
5426,909,26,,2026-04-01 20:37:31,Delivered,4260.55
5427,83,29,3.0,2026-07-30 09:35:51,Delivered,5701.02
5428,210,16,,2026-05-22 09:39:09,Delivered,70.43
5429,1057,17,,2026-04-01 07:57:10,Delivered,728.64
5430,239,28,3.0,2026-06-18 21:30:59,Cancelled,1717.34
5431,227,2,,2026-03-12 11:26:33,Delivered,645.08
5432,810,6,,2026-06-25 08:56:39,Delivered,863.75
5433,389,13,,2026-07-31 11:08:52,Delivered,3521.83
5434,299,6,2.0,2026-07-15 17:35:25,Delivered,2102.64
5435,948,12,,2026-08-03 18:27:42,Delivered,4943.14
5436,948,13,,2026-06-21 23:01:06,Delivered,1915.35
5437,209,14,3.0,2026-07-17 10:07:59,Returned,1390.5
5438,1117,9,,2026-02-14 17:57:09,Delivered,1011.62
5439,428,9,2.0,2026-05-17 16:42:11,Placed,1156.73
5440,50,9,,2026-06-08 13:33:28,Delivered,1709.32
5441,1017,4,4.0,2026-04-30 13:40:56,Delivered,920.65
5442,91,6,,2026-03-29 20:25:39,Delivered,1792.21
5443,835,17,,2026-04-26 08:27:44,Delivered,1515.9
5444,336,24,,2026-03-27 19:05:36,Delivered,1005.79
5445,886,23,,2026-07-06 14:47:54,Placed,2499.39
5446,620,21,,2026-07-11 08:58:06,Delivered,511.93
5447,513,2,3.0,2026-04-22 14:41:14,Delivered,1337.97
5448,122,23,,2026-03-03 11:24:42,Delivered,2877.26
5449,398,16,,2026-07-30 12:15:16,Delivered,1026.27
5450,842,18,,2026-03-19 14:03:33,Delivered,2565.91
5451,283,10,,2026-05-29 11:03:30,Delivered,4177.31
5452,380,11,4.0,2026-06-29 08:31:55,Delivered,86.53
5453,1134,6,,2026-06-01 19:20:36,Delivered,3359.98
5454,894,25,,2026-03-02 13:43:41,Delivered,3169.45
5455,704,24,,2026-04-05 09:02:06,Delivered,3739.83
5456,178,14,,2026-05-18 22:00:07,Cancelled,3471.76
5457,485,8,,2026-05-04 16:50:15,Delivered,2863.35
5458,798,10,,2026-02-14 22:44:42,Delivered,446.79
5459,1183,25,2.0,2026-04-11 17:18:22,Delivered,2404.98
5460,1189,6,,2026-02-15 12:05:37,Delivered,130.52
5461,200,16,,2026-03-24 12:59:48,Delivered,6316.86
5462,889,29,,2026-03-04 08:55:08,Placed,1350.87
5463,856,10,,2026-04-15 23:09:16,Delivered,4402.01
5464,287,6,,2026-04-26 11:49:56,Delivered,1146.41
5465,1197,6,,2026-06-20 14:50:22,Delivered,2555.23
5466,183,11,,2026-05-12 13:22:57,Delivered,648.41
5467,138,26,,2026-03-26 15:23:51,Returned,4252.26
5468,957,12,3.0,2026-02-08 21:16:40,Delivered,793.32
5469,243,18,3.0,2026-05-09 23:38:34,Delivered,3767.79
5470,129,9,2.0,2026-03-03 14:05:34,Returned,259.23
5471,704,26,2.0,2026-06-18 14:10:55,Delivered,2480.16
5472,479,30,,2026-07-28 20:43:15,Cancelled,4331.65
5473,1170,4,,2026-03-06 16:22:39,Delivered,1265.92
5474,280,6,3.0,2026-06-17 09:21:22,Returned,1343.09
5475,446,26,,2026-05-17 16:18:18,Delivered,2312.76
5476,347,6,,2026-06-13 07:03:44,Placed,2176.84
5477,151,6,,2026-04-07 08:32:27,Delivered,3275.75
5478,122,23,,2026-05-28 10:39:08,Delivered,1285.46
5479,124,23,,2026-04-27 21:52:03,Cancelled,1043.34
5480,65,11,2.0,2026-04-21 18:24:58,Delivered,2775.68
5481,13,6,,2026-07-31 14:16:34,Cancelled,1119.56
5482,1095,25,,2026-03-07 20:02:57,Delivered,1912.23
5483,1081,12,,2026-04-20 18:11:58,Delivered,2145.35
5484,398,14,,2026-07-28 09:23:02,Delivered,2857.76
5485,642,23,,2026-06-01 11:32:02,Delivered,1345.39
5486,808,29,,2026-07-15 14:56:22,Delivered,1972.07
5487,653,16,,2026-02-16 16:09:35,Delivered,2991.28
5488,64,15,,2026-05-31 13:46:44,Delivered,2672.08
5489,291,8,,2026-02-28 18:05:47,Delivered,3304.55
5490,614,26,,2026-03-27 11:06:26,Delivered,1739.09
5491,595,29,,2026-06-28 20:02:06,Delivered,1454.09
5492,902,12,,2026-07-02 23:09:16,Delivered,1767.24
5493,706,19,,2026-07-17 11:09:47,Delivered,1786.6
5494,859,29,,2026-07-15 13:47:15,Delivered,4691.75
5495,1186,11,,2026-07-28 11:27:44,Delivered,3039.32
5496,1141,6,,2026-08-02 12:14:26,Delivered,2319.37
5497,723,17,1.0,2026-06-26 22:20:32,Cancelled,1827.07
5498,873,6,,2026-02-27 13:13:01,Delivered,2067.92
5499,1124,23,4.0,2026-05-31 08:56:25,Delivered,43.04
5500,434,8,,2026-04-13 16:45:48,Delivered,1779.59
5501,1089,26,5.0,2026-04-03 22:14:43,Cancelled,2836.1
5502,732,2,,2026-03-12 23:23:33,Cancelled,1038.0
5503,916,2,1.0,2026-03-28 15:49:16,Delivered,1121.56
5504,607,26,,2026-05-03 21:42:24,Placed,359.22
5505,618,23,,2026-06-29 21:35:38,Delivered,805.92
5506,314,21,,2026-07-01 11:41:10,Delivered,821.07
5507,960,26,,2026-02-23 12:15:11,Cancelled,4138.59
5508,1179,21,,2026-02-09 13:43:28,Delivered,803.01
5509,819,10,,2026-05-15 12:26:18,Delivered,1622.96
5510,964,24,,2026-04-06 13:30:33,Delivered,633.94
5511,169,29,,2026-06-24 19:11:41,Delivered,602.28
5512,209,16,2.0,2026-06-27 23:27:53,Delivered,2112.52
5513,209,16,,2026-04-22 15:08:59,Cancelled,4104.67
5514,202,18,,2026-04-28 23:26:44,Delivered,5103.72
5515,373,23,,2026-07-16 19:17:31,Delivered,5817.15
5516,1194,23,,2026-07-13 19:44:32,Delivered,1076.02
5517,891,19,,2026-03-02 19:34:41,Delivered,3159.91
5518,222,15,4.0,2026-03-17 15:00:39,Delivered,3930.83
5519,315,17,,2026-03-05 18:03:20,Delivered,3410.64
5520,178,14,4.0,2026-06-14 09:04:59,Delivered,863.1
5521,594,11,5.0,2026-05-19 13:36:37,Delivered,1920.65
5522,27,15,,2026-06-03 23:12:29,Delivered,3286.3
5523,363,24,2.0,2026-06-20 10:34:00,Delivered,3956.3
5524,1121,15,5.0,2026-05-05 21:56:40,Delivered,719.26
5525,103,8,,2026-07-04 20:11:48,Delivered,3935.91
5526,308,2,,2026-03-23 07:59:27,Delivered,4357.61
5527,1034,10,4.0,2026-06-27 10:54:09,Delivered,646.27
5528,421,13,4.0,2026-05-27 14:41:27,Delivered,377.77
5529,900,17,,2026-05-02 18:14:17,Delivered,2703.57
5530,177,6,2.0,2026-04-25 12:43:26,Delivered,2109.78
5531,1092,6,4.0,2026-05-03 12:12:09,Delivered,2113.44
5532,894,25,,2026-02-21 20:49:59,Delivered,2548.75
5533,621,12,1.0,2026-05-18 23:27:14,Delivered,4788.17
5534,420,6,,2026-06-16 09:41:20,Delivered,407.34
5535,1110,16,5.0,2026-05-27 14:31:11,Delivered,3225.29
5536,713,17,5.0,2026-05-04 09:11:13,Cancelled,3624.8
5537,1128,21,4.0,2026-02-12 19:48:08,Delivered,3659.62
5538,682,6,,2026-02-25 13:35:12,Delivered,3495.46
5539,548,26,,2026-06-13 13:04:05,Cancelled,2320.42
5540,1015,15,,2026-02-10 22:17:20,Delivered,1872.55
5541,278,11,,2026-06-10 15:22:13,Delivered,2139.15
5542,18,6,,2026-04-17 20:28:18,Delivered,5362.21
5543,997,13,,2026-06-26 13:30:55,Delivered,544.4
5544,225,28,4.0,2026-06-24 14:09:30,Delivered,1010.38
5545,537,12,,2026-07-02 22:22:05,Cancelled,977.86
5546,1080,8,1.0,2026-07-07 07:55:04,Placed,249.73
5547,897,8,,2026-03-04 10:09:28,Delivered,3590.01
5548,1020,9,,2026-05-07 22:52:38,Delivered,3196.34
5549,584,21,,2026-06-17 15:07:13,Delivered,1455.28
5550,620,23,,2026-05-06 16:27:03,Delivered,1538.8
5551,1069,19,,2026-03-17 18:23:57,Delivered,4887.43
5552,492,28,,2026-05-29 22:56:23,Delivered,6330.96
5553,628,24,2.0,2026-06-07 08:26:53,Delivered,3946.37
5554,921,30,,2026-02-23 16:42:54,Delivered,2069.21
5555,512,24,,2026-07-21 22:06:12,Delivered,4304.01
5556,1012,18,,2026-06-18 08:17:56,Delivered,3662.61
5557,940,18,4.0,2026-06-01 22:05:40,Delivered,424.11
5558,206,3,,2026-07-23 21:57:10,Delivered,1027.16
5559,637,25,,2026-08-01 10:24:56,Delivered,3884.77
5560,570,15,,2026-04-04 17:08:22,Cancelled,3655.97
5561,854,6,,2026-03-16 19:22:42,Delivered,2938.85
5562,969,29,,2026-05-03 23:59:46,Delivered,4071.83
5563,991,13,,2026-06-09 21:33:31,Delivered,3612.16
5564,606,8,,2026-02-23 13:26:07,Delivered,2632.22
5565,1057,17,,2026-02-19 17:16:46,Delivered,1950.28
5566,307,29,4.0,2026-03-26 11:14:59,Delivered,4292.77
5567,382,10,,2026-04-04 11:43:38,Delivered,2185.3
5568,798,10,2.0,2026-07-16 20:47:43,Placed,1955.87
5569,286,11,,2026-05-03 09:20:33,Delivered,2726.94
5570,301,18,,2026-06-07 14:55:46,Delivered,1822.02
5571,1102,26,,2026-04-29 11:42:40,Delivered,3715.8
5572,438,29,,2026-02-10 16:17:37,Returned,1511.77
5573,860,14,,2026-07-12 23:01:54,Delivered,3155.2
5574,129,9,,2026-03-27 13:53:51,Delivered,1056.26
5575,351,23,,2026-07-29 18:16:42,Delivered,2789.32
5576,545,6,3.0,2026-02-09 12:45:17,Delivered,2620.02
5577,868,3,,2026-05-07 16:13:10,Delivered,2875.05
5578,731,15,,2026-04-23 18:47:04,Delivered,642.24
5579,168,17,1.0,2026-02-10 20:37:44,Delivered,5218.69
5580,763,15,,2026-02-13 15:00:57,Delivered,5848.99
5581,941,29,,2026-07-08 09:23:34,Delivered,4056.03
5582,754,18,,2026-02-17 11:19:42,Delivered,935.56
5583,268,8,5.0,2026-07-11 10:14:15,Returned,2950.44
5584,253,6,5.0,2026-07-13 20:29:37,Returned,4560.55
5585,151,6,,2026-06-08 18:30:11,Delivered,2629.81
5586,599,9,,2026-07-24 12:33:43,Cancelled,4843.51
5587,544,10,,2026-06-12 20:21:33,Delivered,1518.25
5588,275,16,4.0,2026-07-11 15:03:16,Delivered,431.44
5589,1064,11,2.0,2026-05-26 18:04:43,Delivered,2322.18
5590,469,3,,2026-07-31 14:47:48,Delivered,632.06
5591,706,17,,2026-05-05 13:57:34,Cancelled,2702.24
5592,329,6,,2026-08-02 15:03:34,Delivered,1515.9
5593,166,11,,2026-07-17 23:52:53,Delivered,813.63
5594,417,3,,2026-05-06 20:31:14,Delivered,3346.26
5595,211,6,,2026-05-05 16:38:54,Delivered,1479.49
5596,822,13,,2026-05-31 12:45:22,Delivered,3179.41
5597,864,30,,2026-04-18 10:32:36,Delivered,1334.86
5598,990,24,,2026-07-20 22:21:44,Delivered,2842.34
5599,383,12,,2026-03-03 15:47:57,Delivered,1761.36
5600,1111,9,,2026-03-01 22:06:00,Delivered,4226.15
5601,373,23,,2026-06-22 20:53:37,Delivered,2269.69
5602,74,18,,2026-03-11 07:22:31,Delivered,4175.77
5603,1081,13,,2026-03-24 20:13:49,Delivered,1136.37
5604,448,4,,2026-07-24 19:56:43,Delivered,5289.43
5605,306,27,,2026-03-25 11:08:16,Delivered,2320.46
5606,194,26,,2026-02-27 07:55:05,Delivered,830.6
5607,663,11,3.0,2026-05-07 09:10:53,Delivered,1522.37
5608,990,24,,2026-05-15 13:24:06,Delivered,4046.66
5609,1108,12,,2026-06-25 20:27:59,Delivered,1425.29
5610,441,19,,2026-06-22 22:23:32,Delivered,1195.46
5611,689,10,,2026-05-31 16:56:39,Returned,451.18
5612,215,30,,2026-04-27 21:49:42,Delivered,1109.3
5613,1190,4,,2026-04-21 19:58:39,Cancelled,3577.08
5614,65,10,,2026-07-10 09:04:21,Delivered,3216.31
5615,637,25,4.0,2026-02-14 07:53:45,Delivered,400.12
5616,890,26,,2026-05-13 23:35:26,Delivered,1049.75
5617,924,19,,2026-05-14 09:38:11,Delivered,2527.05
5618,125,9,,2026-03-14 11:45:00,Cancelled,1917.19
5619,212,26,,2026-03-02 13:08:13,Delivered,1489.78
5620,615,18,,2026-05-09 14:21:24,Delivered,212.48
5621,946,6,5.0,2026-02-20 18:35:01,Delivered,1553.63
5622,354,8,,2026-07-15 09:08:47,Cancelled,4109.2
5623,385,18,2.0,2026-06-07 07:58:01,Delivered,1666.99
5624,1025,6,,2026-03-05 14:13:43,Delivered,1135.5
5625,438,30,,2026-06-05 17:16:44,Returned,4413.28
5626,1170,2,,2026-05-07 21:48:39,Delivered,3943.28
5627,580,23,,2026-04-22 10:51:54,Delivered,1511.1
5628,103,8,2.0,2026-06-02 11:14:21,Delivered,1898.86
5629,191,6,,2026-05-28 23:53:40,Delivered,602.34
5630,30,22,,2026-04-01 18:03:09,Delivered,2617.76
5631,506,8,1.0,2026-02-21 15:46:23,Delivered,211.61
5632,983,29,,2026-03-05 16:56:23,Delivered,1576.92
5633,839,11,1.0,2026-02-23 16:08:55,Cancelled,1461.75
5634,999,9,,2026-07-03 23:40:12,Cancelled,1218.42
5635,401,19,,2026-02-21 15:27:21,Delivered,1263.73
5636,928,21,,2026-07-29 12:49:31,Delivered,3037.08
5637,752,8,,2026-06-28 15:59:47,Delivered,2849.0
5638,262,14,,2026-05-28 20:37:38,Cancelled,385.14
5639,1156,8,4.0,2026-04-27 14:29:54,Delivered,1492.78
5640,828,9,,2026-05-08 08:16:46,Delivered,205.29
5641,626,25,,2026-06-03 08:41:40,Delivered,776.21
5642,267,6,4.0,2026-05-14 15:59:37,Delivered,4074.95
5643,872,13,4.0,2026-08-04 14:04:39,Delivered,2568.91
5644,1119,22,,2026-03-23 15:57:53,Delivered,564.54
5645,817,11,4.0,2026-02-13 14:09:47,Delivered,3311.57
5646,54,10,,2026-06-01 19:40:45,Delivered,261.72
5647,570,15,4.0,2026-04-20 11:37:09,Delivered,2507.52
5648,934,8,,2026-05-07 21:36:57,Cancelled,4929.92
5649,386,12,,2026-05-11 15:35:00,Delivered,215.38
5650,10,11,,2026-03-15 21:06:28,Returned,4464.53
5651,547,12,1.0,2026-03-14 20:00:13,Delivered,2848.66
5652,1124,23,,2026-07-09 20:11:09,Delivered,2338.78
5653,793,13,,2026-05-14 15:09:23,Delivered,569.8
5654,462,21,,2026-05-04 19:50:46,Cancelled,3131.6
5655,625,23,1.0,2026-02-19 13:07:55,Delivered,3473.78
5656,431,10,,2026-06-19 09:19:00,Delivered,1631.28
5657,197,9,,2026-04-29 16:48:26,Delivered,495.06
5658,458,28,,2026-07-27 20:45:34,Delivered,361.28
5659,29,6,,2026-06-15 23:22:50,Cancelled,2820.16
5660,475,18,,2026-06-10 19:55:58,Delivered,2271.36
5661,399,13,4.0,2026-02-09 16:44:06,Delivered,207.14
5662,356,23,,2026-05-20 15:47:23,Delivered,3437.43
5663,858,29,,2026-04-21 08:07:27,Delivered,1337.78
5664,973,9,,2026-04-08 10:08:11,Delivered,2869.06
5665,136,16,,2026-05-01 16:33:44,Returned,5473.97
5666,951,19,5.0,2026-05-06 09:57:29,Delivered,1383.87
5667,214,29,3.0,2026-07-13 10:44:51,Delivered,210.87
5668,227,4,2.0,2026-02-19 07:22:30,Delivered,1286.9
5669,958,6,,2026-03-29 20:25:02,Delivered,3761.11
5670,189,30,,2026-02-14 10:40:17,Delivered,2518.34
5671,328,22,,2026-04-03 07:17:54,Delivered,3626.07
5672,80,16,,2026-03-04 17:38:10,Placed,4410.01
5673,648,25,5.0,2026-06-23 16:40:05,Delivered,2932.71
5674,54,11,,2026-06-25 21:46:39,Placed,2235.05
5675,615,18,,2026-04-21 18:03:52,Delivered,21.58
5676,142,17,,2026-05-27 23:47:57,Delivered,3582.67
5677,496,25,1.0,2026-03-16 14:56:08,Delivered,2763.86
5678,1064,11,,2026-06-08 18:57:07,Delivered,1373.13
5679,191,6,,2026-04-25 09:25:51,Delivered,2037.0
5680,764,22,,2026-06-05 14:29:45,Delivered,1247.56
5681,1112,10,,2026-03-20 21:39:14,Delivered,5196.68
5682,257,21,,2026-03-09 08:00:44,Delivered,1081.56
5683,173,21,1.0,2026-07-02 17:15:46,Delivered,414.44
5684,1019,8,,2026-04-02 23:12:09,Delivered,3946.32
5685,818,6,,2026-07-20 09:39:47,Delivered,4286.13
5686,889,28,,2026-03-16 20:28:23,Delivered,2920.18
5687,239,28,,2026-04-16 19:04:06,Delivered,5439.46
5688,236,6,,2026-03-18 09:27:27,Delivered,2975.51
5689,397,11,3.0,2026-04-25 19:53:48,Delivered,426.39
5690,545,6,,2026-07-22 11:38:21,Delivered,5199.9
5691,736,16,,2026-03-29 17:39:08,Delivered,342.89
5692,87,8,3.0,2026-05-20 07:07:46,Delivered,310.02
5693,732,3,,2026-04-26 17:42:23,Delivered,2892.92
5694,1102,26,5.0,2026-05-05 13:02:20,Delivered,1645.97
5695,138,25,2.0,2026-04-27 21:37:44,Returned,3442.13
5696,1031,10,,2026-05-25 16:43:59,Delivered,610.06
5697,895,25,1.0,2026-08-01 22:48:19,Delivered,1033.65
5698,1132,23,,2026-04-27 11:05:57,Delivered,2577.52
5699,1012,18,,2026-06-25 13:03:31,Delivered,2009.51
5700,459,26,,2026-07-08 12:40:14,Delivered,1945.51
5701,364,21,,2026-03-26 11:47:52,Delivered,2659.06
5702,429,21,,2026-05-28 19:34:48,Cancelled,6136.11
5703,81,25,,2026-03-09 21:58:14,Delivered,672.39
5704,818,6,,2026-03-15 21:14:54,Delivered,956.46
5705,401,19,,2026-06-19 11:46:24,Delivered,2211.68
5706,313,4,,2026-03-22 15:34:13,Cancelled,5498.62
5707,500,12,,2026-05-15 20:21:54,Delivered,690.02
5708,353,9,,2026-04-30 12:44:35,Delivered,1718.68
5709,876,12,,2026-02-21 11:54:14,Delivered,3523.62
5710,18,6,,2026-03-10 09:13:31,Delivered,224.13
5711,1084,19,2.0,2026-04-10 20:04:25,Cancelled,2756.96
5712,569,9,2.0,2026-03-04 17:40:22,Returned,2148.89
5713,1109,10,5.0,2026-02-12 10:01:32,Delivered,1227.17
5714,207,17,1.0,2026-04-18 08:17:48,Delivered,3496.61
5715,786,10,,2026-03-14 15:52:44,Cancelled,2557.76
5716,891,18,,2026-05-28 17:52:36,Delivered,3209.31
5717,76,8,,2026-05-11 23:46:01,Placed,179.1
5718,223,10,,2026-04-04 10:02:31,Delivered,1210.82
5719,460,11,,2026-04-15 17:01:52,Delivered,1206.53
5720,334,13,2.0,2026-04-03 10:50:53,Delivered,1581.44
5721,518,8,,2026-05-25 19:41:01,Delivered,757.0
5722,61,13,,2026-03-18 16:11:30,Delivered,1261.29
5723,643,29,,2026-02-26 11:12:31,Delivered,2423.99
5724,521,17,,2026-07-10 18:10:31,Delivered,3248.16
5725,1175,24,2.0,2026-07-26 18:14:29,Delivered,4098.58
5726,858,30,,2026-06-04 15:02:02,Delivered,1980.23
5727,403,6,,2026-03-13 13:02:00,Delivered,3139.65
5728,485,9,,2026-07-29 21:42:44,Delivered,2679.92
5729,226,16,,2026-05-01 22:46:12,Placed,2285.75
5730,346,6,,2026-06-29 18:54:13,Delivered,2585.87
5731,1031,11,,2026-08-04 11:28:10,Cancelled,4355.97
5732,247,6,,2026-07-20 15:37:39,Delivered,1951.26
5733,636,28,4.0,2026-03-11 17:38:55,Delivered,1613.2
5734,9,11,,2026-02-09 16:20:59,Returned,2194.33
5735,236,6,3.0,2026-07-27 07:08:42,Delivered,1431.05
5736,191,6,,2026-04-30 12:54:32,Delivered,3032.97
5737,507,28,,2026-07-20 13:40:29,Delivered,2548.0
5738,899,12,2.0,2026-03-22 18:04:56,Placed,1251.86
5739,359,17,,2026-05-31 11:49:50,Delivered,3131.61
5740,643,27,5.0,2026-03-06 17:09:55,Returned,3468.49
5741,207,17,,2026-04-06 09:29:02,Delivered,776.64
5742,356,22,1.0,2026-04-08 23:42:04,Delivered,4316.85
5743,640,19,,2026-02-14 15:53:40,Cancelled,1157.54
5744,992,8,,2026-05-27 23:13:24,Delivered,3411.38
5745,321,19,,2026-03-08 21:24:00,Delivered,404.6
5746,946,6,,2026-02-08 12:47:10,Delivered,2193.09
5747,83,27,5.0,2026-03-05 11:07:11,Delivered,3123.44
5748,761,13,1.0,2026-04-08 12:18:28,Cancelled,4355.74
5749,759,15,,2026-03-14 20:29:57,Delivered,485.34
5750,1130,26,4.0,2026-06-28 18:10:02,Delivered,2310.69
5751,770,11,,2026-07-23 12:05:44,Delivered,1083.34
5752,813,13,,2026-07-23 21:24:33,Delivered,1568.66
5753,164,26,,2026-06-27 08:12:44,Delivered,3281.46
5754,361,26,,2026-07-09 11:41:08,Delivered,1662.18
5755,942,27,,2026-03-06 12:14:11,Delivered,677.66
5756,239,30,,2026-05-06 17:41:03,Delivered,3660.57
5757,847,18,,2026-07-06 14:21:11,Delivered,1178.93
5758,864,28,,2026-06-24 11:02:48,Delivered,3231.78
5759,441,17,2.0,2026-05-06 09:53:50,Delivered,2196.97
5760,439,8,,2026-06-29 08:52:46,Cancelled,7089.59
5761,748,22,,2026-03-16 12:48:07,Delivered,4465.9
5762,82,27,,2026-03-31 09:26:46,Delivered,1082.72
5763,419,12,,2026-02-22 18:16:05,Delivered,1602.06
5764,322,6,,2026-03-08 20:18:15,Delivered,38.46
5765,296,13,,2026-06-04 16:38:59,Delivered,4776.5
5766,485,8,,2026-06-18 23:44:02,Delivered,243.56
5767,572,13,,2026-06-13 19:25:46,Delivered,399.88
5768,416,28,,2026-07-18 20:06:40,Delivered,557.52
5769,825,9,,2026-02-19 08:11:15,Returned,2175.2
5770,175,8,,2026-06-08 11:29:15,Delivered,5616.79
5771,1059,22,,2026-03-22 19:51:19,Delivered,2289.53
5772,323,23,3.0,2026-07-06 22:58:28,Delivered,1165.26
5773,424,25,2.0,2026-05-29 15:47:50,Delivered,494.1
5774,498,6,,2026-05-28 09:45:45,Delivered,4006.51
5775,387,6,,2026-06-02 12:37:49,Delivered,2110.98
5776,493,17,,2026-07-31 15:06:01,Delivered,3967.07
5777,62,6,,2026-06-15 11:26:42,Delivered,263.78
5778,635,21,4.0,2026-05-09 07:00:11,Cancelled,2351.95
5779,826,11,,2026-05-29 15:18:55,Delivered,3206.12
5780,811,25,,2026-06-30 17:09:06,Delivered,5366.74
5781,880,9,,2026-02-06 07:42:42,Delivered,4861.71
5782,432,11,3.0,2026-07-22 07:03:52,Delivered,1999.51
5783,4,4,,2026-03-16 23:45:26,Delivered,1147.54
5784,222,14,,2026-07-20 12:07:11,Delivered,2039.23
5785,476,23,,2026-03-31 22:00:06,Delivered,28.9
5786,760,22,,2026-08-04 22:16:23,Delivered,2378.66
5787,930,24,,2026-06-17 12:46:05,Delivered,3354.35
5788,334,13,,2026-04-02 09:32:03,Delivered,695.62
5789,678,6,,2026-03-01 07:26:50,Delivered,2681.37
5790,258,14,,2026-07-03 10:41:16,Delivered,3060.85
5791,174,22,,2026-04-17 10:56:23,Delivered,3138.49
5792,562,25,,2026-02-07 07:52:08,Delivered,3438.6
5793,587,27,2.0,2026-07-10 20:05:43,Delivered,4021.47
5794,1032,8,4.0,2026-03-04 10:24:18,Delivered,1972.98
5795,956,3,,2026-06-05 17:19:47,Delivered,2012.9
5796,1052,22,,2026-03-02 15:22:43,Delivered,3196.22
5797,712,10,4.0,2026-04-25 21:36:31,Delivered,323.33
5798,12,6,,2026-06-19 10:31:58,Delivered,6104.36
5799,996,8,,2026-07-13 09:50:35,Delivered,1594.35
5800,408,24,,2026-05-11 08:06:08,Delivered,922.2
5801,815,11,1.0,2026-03-07 10:20:10,Delivered,1115.66
5802,1023,14,4.0,2026-03-27 07:58:48,Delivered,2668.2
5803,241,10,,2026-05-05 08:01:34,Delivered,4558.82
5804,651,24,,2026-05-06 08:09:56,Delivered,1555.08
5805,112,2,,2026-05-15 21:06:12,Cancelled,2198.07
5806,56,4,,2026-05-25 20:10:34,Delivered,3451.3
5807,818,6,,2026-05-07 13:15:15,Delivered,892.17
5808,709,6,,2026-02-26 23:19:24,Cancelled,489.93
5809,182,2,,2026-06-25 15:52:37,Delivered,888.99
5810,1042,26,,2026-04-30 09:51:42,Delivered,1163.22
5811,567,9,,2026-02-09 21:08:25,Delivered,2952.42
5812,1,10,,2026-07-15 12:42:18,Delivered,404.22
5813,135,25,,2026-07-23 16:02:47,Delivered,4344.1
5814,522,9,1.0,2026-03-18 18:39:24,Delivered,3042.86
5815,590,9,,2026-02-15 19:54:49,Delivered,3000.67
5816,565,18,,2026-02-27 09:45:38,Delivered,5145.32
5817,869,17,,2026-04-30 07:00:37,Delivered,4537.8
5818,758,26,,2026-02-14 12:21:55,Delivered,3385.14
5819,205,14,,2026-06-02 23:31:06,Delivered,161.62
5820,1082,17,,2026-02-21 22:05:18,Delivered,3544.66
5821,694,4,4.0,2026-02-12 20:18:02,Cancelled,2205.49
5822,337,28,,2026-04-28 17:26:53,Delivered,3424.92
5823,11,3,,2026-07-29 23:16:42,Delivered,4167.61
5824,531,14,2.0,2026-06-21 16:54:06,Delivered,2735.36
5825,25,9,,2026-06-18 14:08:38,Delivered,3416.5
5826,848,3,,2026-03-02 09:15:30,Delivered,2075.09
5827,804,8,1.0,2026-04-16 18:43:00,Cancelled,2490.02
5828,74,17,,2026-07-01 17:30:27,Delivered,3079.04
5829,794,26,,2026-03-13 19:48:44,Delivered,1666.38
5830,226,15,,2026-06-22 14:32:22,Delivered,2204.21
5831,1081,12,,2026-07-05 15:41:58,Delivered,1990.68
5832,527,12,,2026-02-28 20:30:50,Delivered,817.48
5833,930,24,,2026-04-10 22:20:40,Delivered,671.15
5834,1053,6,,2026-07-14 19:43:56,Delivered,1202.88
5835,705,27,,2026-06-23 23:20:00,Delivered,2610.06
5836,283,10,1.0,2026-03-08 18:51:53,Delivered,1823.77
5837,982,4,,2026-05-17 11:09:37,Delivered,1317.05
5838,666,10,3.0,2026-02-16 22:42:52,Delivered,2556.02
5839,680,19,,2026-06-17 10:09:47,Delivered,3991.63
5840,188,3,,2026-06-20 13:14:01,Returned,411.95
5841,277,28,,2026-03-17 08:03:29,Delivered,703.28
5842,837,23,,2026-05-23 20:42:09,Cancelled,5036.28
5843,608,10,,2026-04-22 09:58:18,Delivered,3559.97
5844,403,6,3.0,2026-04-03 21:59:29,Delivered,978.0
5845,527,13,,2026-02-09 20:49:17,Delivered,4039.4
5846,556,14,,2026-05-28 12:34:29,Delivered,1973.03
5847,1138,3,,2026-05-26 14:26:26,Delivered,131.89
5848,744,24,,2026-03-21 07:06:02,Cancelled,4806.16
5849,1147,3,,2026-05-15 20:49:18,Delivered,4926.85
5850,968,21,2.0,2026-05-26 16:58:50,Delivered,1552.1
5851,976,11,,2026-05-17 14:02:37,Returned,1408.28
5852,1027,6,,2026-07-08 15:10:45,Delivered,348.96
5853,161,16,5.0,2026-03-31 15:57:01,Delivered,3475.86
5854,223,11,,2026-05-16 23:34:30,Delivered,1841.2
5855,558,6,,2026-03-17 14:10:03,Delivered,6808.24
5856,520,3,4.0,2026-02-15 21:09:40,Delivered,1292.41
5857,473,16,,2026-03-21 18:04:19,Delivered,1135.72
5858,807,8,,2026-07-17 07:08:45,Delivered,2371.76
5859,1176,29,,2026-02-26 21:40:37,Delivered,2729.6
5860,552,4,,2026-03-27 19:42:29,Delivered,1652.57
5861,357,9,,2026-07-26 22:39:48,Delivered,1451.2
5862,180,23,,2026-05-31 09:55:28,Returned,1322.2
5863,1111,8,,2026-05-16 14:18:57,Delivered,43.41
5864,566,6,,2026-04-18 18:39:36,Delivered,420.58
5865,713,17,,2026-05-09 12:59:55,Delivered,2443.86
5866,109,4,3.0,2026-05-13 21:10:04,Cancelled,1882.2
5867,624,11,,2026-07-27 21:24:08,Delivered,849.92
5868,322,6,,2026-06-03 07:40:13,Delivered,1987.01
5869,112,4,,2026-06-05 15:23:10,Cancelled,3008.84
5870,673,10,,2026-06-14 07:26:08,Delivered,2800.11
5871,527,12,,2026-04-15 11:33:00,Delivered,2014.8
5872,311,19,,2026-03-25 20:18:04,Delivered,565.86
5873,64,16,,2026-06-03 18:04:35,Delivered,699.54
5874,949,12,,2026-06-29 19:35:23,Delivered,4536.66
5875,498,6,2.0,2026-08-04 12:02:58,Delivered,1897.56
5876,582,26,,2026-02-21 08:24:08,Cancelled,1112.96
5877,14,4,,2026-07-04 14:36:14,Delivered,3468.42
5878,673,10,,2026-05-26 21:36:12,Delivered,794.57
5879,420,6,,2026-06-04 18:28:50,Delivered,1104.87
5880,1133,6,2.0,2026-04-09 14:58:44,Delivered,3919.44
5881,867,28,,2026-03-23 11:29:50,Delivered,3296.96
5882,1008,26,,2026-06-25 11:11:40,Delivered,1067.01
5883,392,30,5.0,2026-03-17 16:52:29,Delivered,1723.28
5884,143,29,,2026-02-15 07:27:42,Delivered,1736.26
5885,268,8,4.0,2026-02-14 12:53:46,Delivered,2101.06
5886,1153,26,,2026-06-27 20:29:56,Delivered,2770.28
5887,483,23,,2026-04-09 10:04:12,Delivered,1415.87
5888,307,29,,2026-06-05 16:58:15,Delivered,2278.91
5889,906,16,,2026-06-17 18:52:07,Returned,1125.8
5890,1032,8,3.0,2026-04-03 08:02:05,Delivered,3589.79
5891,432,10,,2026-07-04 21:54:58,Delivered,988.71
5892,293,16,1.0,2026-05-25 09:31:45,Delivered,2350.02
5893,299,6,,2026-07-27 12:31:25,Delivered,2035.66
5894,234,3,3.0,2026-03-20 20:38:58,Placed,1023.06
5895,228,27,,2026-07-03 08:53:33,Delivered,2734.18
5896,1036,11,,2026-03-28 14:01:59,Delivered,2979.96
5897,566,6,,2026-03-23 18:22:35,Delivered,2958.34
5898,35,12,,2026-02-08 10:24:30,Cancelled,2540.94
5899,592,6,1.0,2026-03-14 14:48:44,Delivered,2703.99
5900,251,16,,2026-02-08 19:34:53,Delivered,233.92
5901,1107,2,,2026-03-29 21:56:54,Delivered,1199.0
5902,935,13,,2026-03-04 07:37:58,Delivered,2165.32
5903,1139,14,3.0,2026-03-21 19:45:28,Delivered,1486.29
5904,21,25,2.0,2026-05-07 19:09:52,Delivered,5514.26
5905,408,24,2.0,2026-04-26 21:27:55,Delivered,1537.84
5906,912,22,4.0,2026-06-29 13:31:59,Delivered,1410.24
5907,660,12,1.0,2026-05-28 22:20:32,Delivered,4251.76
5908,191,6,,2026-06-25 15:13:06,Delivered,1436.7
5909,902,12,,2026-02-24 08:38:10,Delivered,1829.95
5910,1050,9,2.0,2026-04-04 21:43:35,Delivered,3450.48
5911,1061,21,,2026-06-28 14:06:22,Cancelled,1551.11
5912,218,23,,2026-05-29 11:00:15,Delivered,2356.56
5913,247,6,,2026-04-30 19:32:29,Delivered,2845.98
5914,69,6,2.0,2026-02-07 23:28:12,Cancelled,613.37
5915,304,17,,2026-06-10 12:51:30,Delivered,3403.11
5916,283,10,,2026-07-29 21:48:39,Delivered,2900.24
5917,46,29,4.0,2026-03-07 14:25:12,Cancelled,2084.3
5918,458,30,,2026-07-29 10:17:02,Delivered,664.4
5919,1067,14,,2026-03-20 09:09:21,Delivered,3814.73
5920,134,24,,2026-06-07 09:07:19,Delivered,352.53
5921,847,17,,2026-04-16 22:39:49,Delivered,2201.61
5922,425,21,,2026-03-07 15:08:25,Cancelled,5375.35
5923,1051,14,2.0,2026-07-15 12:02:07,Cancelled,3004.18
5924,784,14,,2026-02-18 20:11:03,Delivered,1449.46
5925,634,23,,2026-02-22 10:18:22,Returned,766.14
5926,731,15,5.0,2026-07-01 23:43:17,Delivered,2110.76
5927,339,11,,2026-02-11 22:11:28,Delivered,2641.2
5928,885,6,3.0,2026-04-18 12:41:34,Delivered,909.1
5929,325,17,5.0,2026-03-04 13:17:44,Delivered,2472.45
5930,883,22,4.0,2026-07-12 18:07:41,Cancelled,413.6
5931,1024,27,,2026-07-11 11:35:40,Cancelled,1072.37
5932,739,6,,2026-03-22 15:36:55,Delivered,1352.32
5933,1046,13,,2026-05-31 11:40:35,Delivered,2594.03
5934,44,24,,2026-06-17 21:09:38,Cancelled,2380.12
5935,982,3,,2026-02-21 08:06:05,Delivered,1824.3
5936,336,25,,2026-03-08 09:44:23,Delivered,4093.94
5937,804,8,,2026-05-19 17:51:18,Delivered,90.44
5938,543,24,,2026-04-13 15:28:01,Delivered,2387.66
5939,1194,22,,2026-04-17 20:33:24,Placed,4940.0
5940,865,12,3.0,2026-05-10 10:22:57,Cancelled,529.28
5941,1074,10,,2026-03-26 10:28:30,Delivered,2096.8
5942,1096,8,,2026-07-11 17:42:38,Delivered,3660.81
5943,990,26,,2026-04-24 23:23:23,Delivered,642.24
5944,179,11,,2026-07-27 19:48:17,Delivered,2008.55
5945,1040,28,2.0,2026-03-25 11:52:24,Delivered,2420.8
5946,474,6,3.0,2026-06-03 22:01:55,Delivered,3376.7
5947,827,23,,2026-02-26 21:01:53,Cancelled,580.76
5948,1100,12,,2026-04-17 22:51:54,Delivered,3648.82
5949,266,3,,2026-07-06 20:36:44,Delivered,6508.23
5950,861,22,,2026-05-29 18:29:41,Delivered,5068.84
5951,679,8,,2026-04-02 17:38:08,Delivered,1783.78
5952,826,11,,2026-04-26 15:33:23,Delivered,3513.29
5953,418,11,,2026-07-27 16:57:28,Delivered,1811.5
5954,312,13,,2026-06-26 19:18:58,Delivered,1040.53
5955,264,6,,2026-07-29 20:57:58,Delivered,2647.16
5956,715,4,,2026-05-29 18:40:19,Delivered,1492.06
5957,1188,15,,2026-06-07 17:43:35,Delivered,4145.63
5958,375,30,,2026-06-08 15:38:51,Delivered,3424.42
5959,1009,9,3.0,2026-03-11 14:03:38,Cancelled,2371.18
5960,1052,23,,2026-07-28 08:07:39,Delivered,1983.94
5961,1118,13,,2026-07-21 07:31:41,Cancelled,2297.0
5962,383,12,,2026-04-03 14:18:59,Delivered,2327.34
5963,1094,28,,2026-04-06 13:50:39,Delivered,4463.17
5964,1122,24,,2026-04-12 22:14:51,Returned,3127.95
5965,398,16,,2026-02-24 16:03:55,Delivered,3108.81
5966,447,21,,2026-02-16 11:29:42,Delivered,4290.99
5967,287,6,,2026-05-11 20:26:19,Cancelled,1404.88
5968,827,23,3.0,2026-06-24 21:07:42,Delivered,1339.23
5969,250,29,3.0,2026-05-18 21:21:24,Delivered,1255.02
5970,1181,29,,2026-05-29 12:36:03,Delivered,1063.72
5971,930,26,5.0,2026-05-24 17:08:43,Delivered,3463.37
5972,143,30,1.0,2026-06-06 14:35:33,Delivered,2019.0
5973,1028,2,,2026-05-02 12:54:35,Delivered,1158.12
5974,957,12,,2026-02-18 10:41:15,Delivered,3268.31
5975,998,13,,2026-02-21 14:44:08,Returned,121.78
5976,572,12,,2026-06-12 21:16:39,Delivered,1623.14
5977,89,24,,2026-07-03 20:17:43,Delivered,2395.22
5978,916,2,,2026-04-15 18:25:53,Delivered,2953.63
5979,582,26,,2026-03-31 15:41:56,Delivered,3269.32
5980,959,2,,2026-02-21 20:19:06,Cancelled,2686.15
5981,432,11,1.0,2026-02-24 16:39:00,Cancelled,700.78
5982,206,2,,2026-07-27 17:44:36,Delivered,4613.54
5983,778,22,,2026-03-16 23:45:39,Delivered,1005.57
5984,355,9,,2026-06-21 08:13:06,Cancelled,3903.12
5985,454,9,,2026-06-20 15:17:19,Delivered,2870.69
5986,74,17,5.0,2026-05-19 17:49:44,Delivered,3715.16
5987,129,9,,2026-02-05 23:39:24,Delivered,3852.45
5988,722,8,,2026-03-31 23:43:14,Delivered,406.18
5989,491,26,5.0,2026-07-07 19:37:44,Delivered,879.13
5990,232,14,5.0,2026-05-20 11:27:13,Delivered,1113.31
5991,50,8,,2026-05-01 18:30:26,Delivered,1495.32
5992,386,12,,2026-04-22 23:38:16,Delivered,1719.87
5993,621,12,,2026-07-03 12:23:31,Delivered,4477.98
5994,961,16,,2026-02-23 22:11:30,Delivered,2156.21
5995,973,9,,2026-05-11 09:14:07,Delivered,138.74
5996,582,26,,2026-06-25 17:13:50,Delivered,2980.73
5997,1058,23,,2026-06-25 09:27:20,Delivered,1603.16
5998,91,6,,2026-04-25 18:26:06,Delivered,328.84
5999,132,6,3.0,2026-06-23 11:46:19,Delivered,1603.17
6000,1017,2,,2026-02-18 23:29:20,Cancelled,6082.78

