payment_id,order_id,payment_method,payment_status,paid_amount,paid_at
1,1,NetBanking,Success,581.43,2026-05-16 18:09:18
2,2,NetBanking,Success,3550.45,2026-03-30 13:08:46
3,3,Wallet,Success,3168.0,2026-04-27 08:03:48
4,4,Wallet,Success,1809.45,2026-07-07 15:32:34
5,5,Card,Success,1659.42,2026-03-10 09:39:03
6,6,UPI,Success,1712.83,2026-02-22 09:44:27
7,7,Card,Success,1782.31,2026-02-27 20:25:12
8,8,NetBanking,Success,559.6,2026-03-22 23:41:59
9,9,Wallet,Refunded,0.0,2026-05-30 07:37:14
10,10,Wallet,Success,2581.18,2026-07-13 21:07:14
11,11,NetBanking,Success,3294.56,2026-04-14 13:13:44
12,12,Card,Success,4503.17,2026-06-30 20:28:08
13,13,COD,Success,2201.79,2026-04-08 14:39:56
14,14,Card,Success,542.01,2026-02-18 10:44:12
15,15,NetBanking,Success,4234.43,2026-05-22 14:01:57
16,16,COD,Success,2302.9,2026-02-12 18:55:56
17,17,Wallet,Success,1525.22,2026-05-23 07:36:41
18,18,UPI,Success,1598.87,2026-03-14 18:22:07
19,19,NetBanking,Success,1987.98,2026-02-21 13:00:15
20,20,NetBanking,Success,1543.26,2026-04-24 19:19:23
21,21,COD,Success,5263.65,2026-04-22 21:42:16
22,22,COD,Success,531.81,2026-05-07 11:01:37
23,23,NetBanking,Success,3328.59,2026-05-05 11:38:40
24,24,Card,Refunded,0.0,2026-07-17 09:33:29
25,25,Card,Success,1765.49,2026-07-12 19:32:36
26,26,Wallet,Refunded,0.0,2026-02-22 16:29:06
27,27,COD,Success,856.61,2026-03-10 08:13:22
28,28,UPI,Success,2721.81,2026-05-02 21:56:44
29,29,Card,Success,3665.3,2026-07-18 12:44:51
30,30,NetBanking,Success,1290.19,2026-05-14 16:42:22
31,31,Card,Success,1811.78,2026-03-28 10:50:07
32,32,UPI,Failed,0.0,2026-07-14 21:07:25
33,33,NetBanking,Success,3626.47,2026-06-07 19:01:27
34,34,Card,Success,1545.64,2026-02-09 13:22:19
35,35,Wallet,Success,3937.63,2026-05-03 20:04:55
36,36,Wallet,Failed,0.0,2026-06-14 11:25:35
37,37,UPI,Success,4557.79,2026-05-20 09:31:54
38,38,Wallet,Success,2585.1,2026-05-15 13:54:45
39,39,Card,Success,1915.6,2026-06-28 08:02:53
40,40,Wallet,Success,4116.56,2026-07-10 15:32:31
41,41,UPI,Success,4331.03,2026-07-06 11:51:02
42,42,COD,Success,632.06,2026-07-12 14:18:11
43,43,COD,Failed,0.0,2026-08-01 17:18:40
44,44,UPI,Success,4734.13,2026-04-03 22:54:59
45,45,COD,Refunded,0.0,2026-03-26 15:48:42
46,46,Card,Success,2759.92,2026-06-13 09:35:35
47,47,UPI,Success,3702.57,2026-06-09 23:32:42
48,48,NetBanking,Success,174.48,2026-06-09 10:15:52
49,49,Card,Failed,0.0,2026-08-03 15:00:25
50,50,UPI,Success,1905.9,2026-08-01 20:44:46
51,51,Wallet,Success,3298.71,2026-06-12 08:36:52
52,52,COD,Success,3929.59,2026-03-11 19:41:41
53,53,Wallet,Success,666.2,2026-03-03 19:55:03
54,54,COD,Success,1479.46,2026-08-02 09:28:33
55,55,NetBanking,Success,1677.26,2026-04-18 22:09:01
56,56,COD,Success,5638.22,2026-06-18 12:50:29
57,57,COD,Success,1381.47,2026-05-23 14:49:17
58,58,Card,Success,2886.85,2026-05-23 19:22:47
59,59,NetBanking,Success,3406.18,2026-07-12 22:10:04
60,60,UPI,Success,3277.33,2026-06-11 17:03:21
61,61,Card,Success,1325.54,2026-03-13 17:35:52
62,62,NetBanking,Success,4128.62,2026-06-08 12:40:07
63,63,NetBanking,Success,1039.62,2026-06-24 09:31:00
64,64,Card,Success,1800.11,2026-07-13 20:21:37
65,65,Wallet,Success,3879.14,2026-07-31 20:56:04
66,66,UPI,Success,1767.05,2026-05-11 22:34:15
67,67,Wallet,Failed,0.0,2026-05-29 18:48:54
68,68,COD,Success,1245.92,2026-07-25 12:57:35
69,69,Card,Success,2184.78,2026-05-02 20:02:03
70,70,Card,Success,4323.06,2026-05-27 23:10:22
71,71,Wallet,Success,4743.26,2026-06-22 14:35:16
72,72,Card,Success,6236.21,2026-06-19 21:38:24
73,73,Card,Success,2099.21,2026-04-13 15:42:53
74,74,Wallet,Success,976.24,2026-04-19 21:08:11
75,75,UPI,Success,562.29,2026-03-24 15:48:14
76,76,COD,Success,550.26,2026-05-19 16:39:15
77,77,UPI,Success,2559.32,2026-06-26 13:08:02
78,78,COD,Success,337.98,2026-07-24 17:47:52
79,79,COD,Success,1766.4,2026-05-30 22:02:41
80,80,UPI,Success,2258.21,2026-07-08 07:45:02
81,81,UPI,Success,187.63,2026-03-17 20:35:58
82,82,NetBanking,Success,2451.58,2026-04-20 17:04:29
83,83,Wallet,Success,3424.02,2026-06-11 23:14:20
84,84,Wallet,Success,4870.73,2026-05-20 11:39:58
85,85,Card,Success,6714.98,2026-03-25 17:50:53
86,86,UPI,Success,376.2,2026-03-26 10:42:59
87,87,COD,Success,4567.19,2026-04-15 09:30:13
88,88,UPI,Success,3166.05,2026-06-13 07:24:03
89,89,Card,Success,4042.81,2026-07-14 12:21:43
90,90,UPI,Success,410.5,2026-03-26 17:12:32
91,91,COD,Success,2011.45,2026-05-13 15:37:27
92,92,UPI,Success,3241.25,2026-07-07 20:53:52
93,93,UPI,Success,2440.26,2026-06-11 21:02:14
94,94,Wallet,Success,5605.38,2026-02-16 19:15:05
95,95,Card,Success,1042.62,2026-04-28 13:02:01
96,96,Card,Refunded,0.0,2026-04-04 18:10:30
97,97,Wallet,Success,5384.87,2026-08-03 22:30:09
98,98,NetBanking,Success,3383.25,2026-02-12 16:21:15
99,99,COD,Success,318.48,2026-04-07 18:21:41
100,100,COD,Success,1082.78,2026-03-28 22:37:05
101,101,NetBanking,Success,2083.45,2026-02-07 11:44:32
102,102,COD,Success,3830.32,2026-04-09 15:41:42
103,103,UPI,Success,1275.12,2026-03-10 19:14:16
104,104,UPI,Success,1450.3,2026-07-18 07:16:37
105,105,UPI,Success,3439.19,2026-06-29 23:27:20
106,106,Card,Success,1411.0,2026-08-03 13:42:54
107,107,COD,Success,2449.42,2026-03-27 14:37:54
108,108,Wallet,Success,3625.68,2026-04-18 11:47:22
109,109,Wallet,Success,2592.82,2026-03-24 18:47:12
110,110,Wallet,Success,1201.49,2026-07-07 13:34:29
111,111,Wallet,Success,2877.06,2026-04-23 18:28:58
112,112,Card,Success,1206.06,2026-02-16 21:39:19
113,113,COD,Success,1955.4,2026-05-01 20:52:28
114,114,Card,Success,1867.75,2026-08-04 08:53:42
115,115,UPI,Success,3950.36,2026-06-20 14:10:51
116,116,Wallet,Success,1067.25,2026-03-01 16:53:26
117,117,Wallet,Success,3590.71,2026-05-02 07:16:33
118,118,COD,Success,729.58,2026-03-18 11:50:12
119,119,Wallet,Success,139.6,2026-06-15 23:32:19
120,120,COD,Success,2754.8,2026-07-06 11:27:30
121,121,UPI,Success,57.39,2026-03-03 21:57:13
122,122,NetBanking,Success,3084.08,2026-04-27 21:24:44
123,123,Card,Success,454.43,2026-02-05 21:50:59
124,124,COD,Success,2379.79,2026-07-25 08:08:16
125,125,NetBanking,Success,2893.92,2026-07-21 21:08:17
126,126,COD,Success,744.24,2026-04-06 18:40:38
127,127,Card,Success,2270.97,2026-05-13 07:43:43
128,128,NetBanking,Success,1424.25,2026-04-28 20:15:14
129,129,Card,Success,1788.78,2026-06-29 22:38:54
130,130,NetBanking,Success,2616.01,2026-04-22 18:20:09
131,131,NetBanking,Success,4910.38,2026-07-12 21:13:20
132,132,UPI,Success,2884.24,2026-03-10 14:42:36
133,133,Card,Success,5758.14,2026-05-03 10:51:00
134,134,Wallet,Refunded,0.0,2026-02-06 09:37:00
135,135,Card,Success,1611.2,2026-02-08 16:16:52
136,136,Card,Success,3768.48,2026-07-02 18:51:02
137,137,NetBanking,Success,6442.61,2026-02-07 10:35:30
138,138,NetBanking,Failed,0.0,2026-06-28 13:03:00
139,139,NetBanking,Refunded,0.0,2026-02-09 18:29:38
140,140,Card,Success,1785.62,2026-05-15 12:03:49
141,141,COD,Success,505.3,2026-07-28 22:58:27
142,142,NetBanking,Success,2455.04,2026-04-23 09:56:49
143,143,Card,Success,2401.56,2026-05-26 15:58:12
144,144,Wallet,Success,796.02,2026-03-03 13:57:03
145,145,Card,Success,314.26,2026-02-09 19:53:43
146,146,Card,Success,2492.82,2026-06-30 22:13:18
147,147,COD,Success,776.03,2026-06-05 08:54:14
148,148,Wallet,Refunded,0.0,2026-04-21 19:23:59
149,149,Card,Success,1044.87,2026-06-24 22:01:33
150,150,COD,Failed,0.0,2026-02-14 21:05:00
151,151,NetBanking,Success,1838.18,2026-04-07 13:21:44
152,152,UPI,Success,1435.23,2026-07-11 14:06:26
153,153,COD,Success,1848.7,2026-05-21 09:35:00
154,154,COD,Success,1822.12,2026-07-28 18:52:15
155,155,Wallet,Success,1992.22,2026-04-29 08:12:13
156,156,NetBanking,Refunded,0.0,2026-06-16 19:57:48
157,157,Wallet,Success,4518.5,2026-04-21 12:50:23
158,158,Wallet,Success,1072.23,2026-06-03 16:46:29
159,159,UPI,Success,854.61,2026-06-18 09:50:26
160,160,UPI,Success,1465.0,2026-04-11 10:47:08
161,161,COD,Success,1200.55,2026-06-30 12:17:09
162,162,COD,Success,944.68,2026-06-08 13:38:28
163,163,UPI,Success,635.36,2026-06-17 07:13:26
164,164,UPI,Failed,0.0,2026-04-24 17:14:23
165,165,Card,Success,3831.23,2026-05-02 20:42:26
166,166,NetBanking,Success,2026.37,2026-06-05 14:35:11
167,167,UPI,Failed,0.0,2026-05-23 23:24:48
168,168,NetBanking,Success,2730.96,2026-06-26 11:36:12
169,169,Wallet,Success,6594.51,2026-03-16 16:58:43
170,170,NetBanking,Success,1259.72,2026-02-05 12:11:25
171,171,Wallet,Success,371.91,2026-05-23 09:15:20
172,172,COD,Success,1942.71,2026-06-16 13:46:48
173,173,UPI,Success,4841.72,2026-06-28 19:29:11
174,174,COD,Success,2732.32,2026-03-26 23:37:33
175,175,UPI,Success,1501.28,2026-03-03 09:07:32
176,176,Card,Success,2873.76,2026-03-07 12:24:41
177,177,NetBanking,Success,4379.77,2026-03-26 13:41:53
178,178,Wallet,Success,2199.23,2026-08-01 20:03:06
179,179,Card,Refunded,0.0,2026-04-23 16:05:10
180,180,Wallet,Success,3321.37,2026-04-03 18:18:09
181,181,Card,Success,5777.96,2026-05-23 15:23:41
182,182,Card,Success,535.99,2026-06-25 17:36:52
183,183,COD,Success,3704.64,2026-07-28 15:38:17
184,184,Wallet,Success,5902.1,2026-02-20 16:39:23
185,185,Wallet,Success,644.15,2026-02-14 23:04:10
186,186,Wallet,Success,4567.55,2026-03-20 10:49:16
187,187,Wallet,Success,3732.53,2026-06-30 09:36:13
188,188,Wallet,Success,1785.13,2026-06-20 09:17:26
189,189,UPI,Success,1772.26,2026-07-05 10:20:49
190,190,Wallet,Success,423.06,2026-05-02 09:29:43
191,191,COD,Success,4437.15,2026-07-29 07:09:11
192,192,Wallet,Success,996.36,2026-03-26 11:56:29
193,193,COD,Success,4316.71,2026-02-28 17:14:46
194,194,Wallet,Success,3214.04,2026-04-13 22:22:13
195,195,NetBanking,Success,1314.44,2026-07-05 08:22:32
196,196,COD,Success,1424.52,2026-04-26 16:44:30
197,197,NetBanking,Refunded,0.0,2026-03-24 08:10:59
198,198,NetBanking,Success,1329.08,2026-05-15 15:29:35
199,199,COD,Success,2912.51,2026-05-13 16:52:54
200,200,UPI,Failed,0.0,2026-07-18 14:40:32
201,201,Wallet,Success,1879.42,2026-03-23 21:15:13
202,202,UPI,Success,2562.69,2026-03-03 14:39:47
203,203,COD,Success,2165.56,2026-03-06 22:03:21
204,204,NetBanking,Success,684.18,2026-05-23 16:07:26
205,205,Wallet,Success,2348.68,2026-06-16 23:57:31
206,206,NetBanking,Refunded,0.0,2026-05-28 21:35:08
207,207,UPI,Success,293.5,2026-05-03 23:50:21
208,208,COD,Success,834.77,2026-05-05 22:56:44
209,209,COD,Success,3208.85,2026-05-05 11:03:50
210,210,UPI,Success,43.41,2026-06-20 14:11:03
211,211,COD,Success,1231.53,2026-06-20 08:31:53
212,212,COD,Success,1768.7,2026-06-30 07:48:35
213,213,Card,Success,3392.03,2026-05-08 13:42:04
214,214,Card,Failed,0.0,2026-05-07 22:56:54
215,215,COD,Success,2874.42,2026-05-06 11:38:25
216,216,Wallet,Success,4166.47,2026-06-30 08:57:29
217,217,UPI,Refunded,0.0,2026-05-02 15:14:08
218,218,Wallet,Success,955.29,2026-02-13 20:15:48
219,219,NetBanking,Success,2941.95,2026-03-18 22:42:16
220,220,NetBanking,Success,1945.1,2026-07-18 17:07:43
221,221,Wallet,Success,1092.6,2026-06-15 17:20:09
222,222,NetBanking,Success,2616.07,2026-06-26 17:47:32
223,223,Wallet,Success,1192.04,2026-07-01 08:07:50
224,224,Wallet,Success,2044.18,2026-03-29 17:21:37
225,225,Wallet,Success,372.12,2026-04-29 10:02:41
226,226,Card,Success,4185.96,2026-07-28 14:36:40
227,227,Wallet,Success,1797.63,2026-05-01 18:02:03
228,228,Card,Success,786.24,2026-03-15 08:17:47
229,229,UPI,Success,69.36,2026-03-08 18:38:50
230,230,Card,Success,461.12,2026-08-01 15:44:50
231,231,Card,Success,3390.54,2026-02-09 16:40:05
232,232,Wallet,Success,216.24,2026-07-18 07:52:21
233,233,NetBanking,Success,3569.33,2026-05-21 11:06:25
234,234,UPI,Success,3053.8,2026-08-02 19:21:04
235,235,Wallet,Success,4639.64,2026-03-12 13:37:22
236,236,Wallet,Success,550.84,2026-06-06 09:17:11
237,237,Card,Success,4347.21,2026-02-12 07:44:05
238,238,Card,Success,4233.65,2026-04-18 11:50:09
239,239,Wallet,Success,3537.55,2026-07-15 17:03:00
240,240,COD,Success,235.55,2026-04-16 17:34:24
241,241,UPI,Success,1401.7,2026-03-25 18:27:09
242,242,COD,Success,3184.78,2026-03-20 15:01:52
243,243,UPI,Success,3798.97,2026-06-22 13:17:28
244,244,COD,Success,2793.92,2026-06-24 07:52:29
245,245,NetBanking,Success,834.68,2026-05-05 08:51:56
246,246,Wallet,Success,2559.63,2026-04-21 23:31:32
247,247,NetBanking,Success,1877.82,2026-05-14 17:08:48
248,248,COD,Success,1796.83,2026-07-08 12:43:26
249,249,Card,Success,637.71,2026-04-04 23:27:33
250,250,COD,Success,895.14,2026-02-26 17:26:03
251,251,NetBanking,Success,1880.68,2026-04-23 10:04:16
252,252,Card,Success,5166.13,2026-03-12 10:52:56
253,253,NetBanking,Success,896.98,2026-03-17 11:13:36
254,254,Wallet,Success,2039.64,2026-02-17 11:20:06
255,255,COD,Success,2294.14,2026-04-02 22:08:35
256,256,Card,Success,2294.24,2026-04-04 07:21:02
257,257,Card,Success,490.8,2026-03-07 10:02:02
258,258,Card,Success,1403.34,2026-03-24 11:06:53
259,259,COD,Success,4033.33,2026-04-10 18:43:53
260,260,UPI,Success,3383.65,2026-05-16 19:18:42
261,261,COD,Success,1839.02,2026-07-22 14:37:14
262,262,NetBanking,Success,3975.74,2026-06-18 09:46:14
263,263,Wallet,Success,497.64,2026-05-21 13:38:54
264,264,Wallet,Failed,0.0,2026-07-23 21:29:30
265,265,NetBanking,Success,4975.73,2026-06-09 14:35:38
266,266,NetBanking,Success,2460.89,2026-04-06 07:54:22
267,267,Card,Success,3124.43,2026-02-19 16:43:09
268,268,UPI,Success,777.54,2026-07-07 14:34:13
269,269,COD,Success,444.39,2026-02-06 11:06:11
270,270,NetBanking,Success,595.03,2026-04-25 09:32:56
271,271,Card,Success,1542.18,2026-04-12 21:21:37
272,272,NetBanking,Success,1793.55,2026-06-19 07:15:02
273,273,NetBanking,Success,468.6,2026-04-21 07:56:56
274,274,NetBanking,Success,1441.76,2026-03-06 10:41:16
275,275,NetBanking,Success,1629.32,2026-03-12 13:08:49
276,276,Card,Success,5396.95,2026-03-04 17:18:01
277,277,NetBanking,Success,2960.55,2026-03-27 09:51:30
278,278,COD,Success,1236.28,2026-07-24 11:47:24
279,279,COD,Success,2375.61,2026-03-29 15:40:09
280,280,Card,Success,2411.72,2026-04-21 21:40:45
281,281,COD,Success,1766.14,2026-07-17 16:30:15
282,282,NetBanking,Success,1476.74,2026-04-01 12:13:37
283,283,Card,Success,868.46,2026-03-18 08:12:11
284,284,COD,Success,2999.54,2026-05-23 19:21:12
285,285,UPI,Success,2917.99,2026-03-06 23:56:14
286,286,Card,Success,2409.05,2026-05-15 15:54:36
287,287,UPI,Success,2364.44,2026-05-17 12:31:55
288,288,Wallet,Failed,0.0,2026-06-26 08:26:30
289,289,Card,Success,3371.73,2026-05-04 19:12:20
290,290,NetBanking,Success,1885.88,2026-07-02 23:44:37
291,291,Wallet,Success,3996.83,2026-02-19 16:51:07
292,292,Card,Success,3673.4,2026-04-21 13:52:07
293,293,Card,Success,3341.75,2026-07-09 16:04:41
294,294,UPI,Success,1286.52,2026-06-13 11:19:09
295,295,COD,Success,1363.19,2026-07-18 09:28:27
296,296,Card,Success,3310.09,2026-06-18 14:45:46
297,297,Wallet,Success,2502.01,2026-03-30 19:54:50
298,298,UPI,Success,297.02,2026-06-10 09:07:37
299,299,Wallet,Success,1289.75,2026-02-16 17:12:05
300,300,COD,Success,1212.66,2026-05-02 11:17:24
301,301,COD,Success,4559.82,2026-07-31 16:52:28
302,302,COD,Success,3685.94,2026-02-08 20:34:43
303,303,Wallet,Failed,0.0,2026-02-18 12:27:59
304,304,COD,Success,2995.57,2026-02-22 23:24:53
305,305,Card,Success,2825.44,2026-03-12 18:06:02
306,306,UPI,Success,3172.04,2026-05-14 19:54:20
307,307,UPI,Success,2457.73,2026-04-24 09:03:17
308,308,Card,Success,382.14,2026-05-27 21:58:11
309,309,UPI,Success,1776.6,2026-04-29 18:11:14
310,310,NetBanking,Success,3827.16,2026-03-15 14:02:34
311,311,Wallet,Success,3253.64,2026-04-22 20:32:52
312,312,COD,Success,1715.18,2026-03-23 09:48:39
313,313,Card,Success,2246.25,2026-06-06 23:11:28
314,314,NetBanking,Success,2224.02,2026-06-04 22:32:22
315,315,UPI,Success,4213.08,2026-07-21 10:58:09
316,316,NetBanking,Success,2581.55,2026-03-11 22:10:45
317,317,NetBanking,Success,7066.48,2026-03-14 12:00:25
318,318,Card,Success,4674.44,2026-07-04 20:18:59
319,319,NetBanking,Success,3644.16,2026-03-26 23:51:38
320,320,Wallet,Success,1096.64,2026-02-23 19:53:48
321,321,NetBanking,Success,1057.31,2026-07-20 19:26:35
322,322,Wallet,Refunded,0.0,2026-07-04 23:02:15
323,323,NetBanking,Success,3293.11,2026-03-04 23:49:26
324,324,UPI,Success,3181.15,2026-05-07 23:20:07
325,325,Card,Success,2354.98,2026-06-17 15:26:09
326,326,NetBanking,Success,848.76,2026-05-24 21:35:45
327,327,UPI,Success,4261.68,2026-04-15 20:20:23
328,328,Card,Success,716.78,2026-07-30 18:46:42
329,329,Card,Success,2562.4,2026-05-13 07:20:37
330,330,Wallet,Success,175.82,2026-04-21 08:09:54
331,331,NetBanking,Success,2107.22,2026-06-27 21:28:13
332,332,NetBanking,Success,2719.76,2026-05-09 11:18:00
333,333,Wallet,Success,3303.46,2026-02-17 18:02:05
334,334,Wallet,Success,407.34,2026-07-31 14:06:13
335,335,NetBanking,Success,1046.44,2026-03-03 11:36:52
336,336,COD,Success,1417.58,2026-06-25 10:16:38
337,337,UPI,Success,1294.17,2026-05-08 20:03:54
338,338,Wallet,Success,2843.96,2026-06-11 16:04:23
339,339,NetBanking,Success,393.97,2026-02-24 23:30:14
340,340,Card,Success,6817.4,2026-05-14 20:33:46
341,341,Wallet,Failed,0.0,2026-05-26 18:43:50
342,342,NetBanking,Success,3248.76,2026-05-11 07:56:07
343,343,Wallet,Failed,0.0,2026-04-17 10:58:07
344,344,Card,Failed,0.0,2026-04-17 10:24:35
345,345,NetBanking,Success,4351.39,2026-03-28 13:12:54
346,346,Wallet,Success,956.46,2026-07-30 22:54:53
347,347,COD,Success,2437.11,2026-02-13 11:36:33
348,348,COD,Success,3046.77,2026-06-04 23:58:49
349,349,UPI,Success,2960.31,2026-04-28 23:24:28
350,350,Wallet,Success,5328.44,2026-04-10 09:32:54
351,351,NetBanking,Success,1968.22,2026-06-23 12:29:08
352,352,NetBanking,Success,205.2,2026-07-02 14:39:44
353,353,COD,Success,603.58,2026-03-06 16:20:29
354,354,NetBanking,Success,3204.2,2026-05-09 18:36:29
355,355,NetBanking,Success,2021.2,2026-04-22 14:20:13
356,356,NetBanking,Success,3677.58,2026-02-13 14:25:51
357,357,Card,Success,3790.42,2026-02-24 12:08:30
358,358,Card,Success,4365.27,2026-06-30 16:19:15
359,359,UPI,Success,1616.02,2026-06-03 17:19:17
360,360,COD,Failed,0.0,2026-06-28 08:51:56
361,361,NetBanking,Refunded,0.0,2026-04-01 08:30:43
362,362,Wallet,Success,3193.99,2026-04-04 20:35:58
363,363,Wallet,Success,1949.68,2026-04-15 18:38:33
364,364,COD,Success,4154.17,2026-05-26 23:55:45
365,365,NetBanking,Success,2833.27,2026-02-17 23:15:41
366,366,Wallet,Success,753.12,2026-06-15 08:47:40
367,367,Card,Success,3753.49,2026-03-03 19:16:20
368,368,Card,Success,3469.42,2026-02-09 23:41:26
369,369,UPI,Success,527.92,2026-06-14 11:24:17
370,370,UPI,Success,4127.73,2026-06-05 22:20:04
371,371,UPI,Success,3008.6,2026-04-24 19:09:54
372,372,UPI,Failed,0.0,2026-06-17 18:18:24
373,373,UPI,Success,3050.28,2026-05-31 14:57:00
374,374,UPI,Success,569.49,2026-05-08 16:52:23
375,375,Card,Refunded,0.0,2026-07-19 16:48:53
376,376,COD,Failed,0.0,2026-03-04 23:36:17
377,377,UPI,Failed,0.0,2026-04-02 14:51:42
378,378,Wallet,Failed,0.0,2026-02-09 07:53:54
379,379,Wallet,Success,4269.4,2026-03-27 13:04:24
380,380,Card,Refunded,0.0,2026-06-03 11:48:49
381,381,Wallet,Success,1579.93,2026-04-22 10:57:22
382,382,COD,Success,2065.94,2026-04-12 22:25:26
383,383,Wallet,Success,4901.61,2026-04-08 19:39:00
384,384,Card,Success,2983.66,2026-07-25 18:49:04
385,385,Wallet,Success,300.67,2026-06-22 10:46:13
386,386,NetBanking,Success,4123.42,2026-07-28 07:02:48
387,387,Wallet,Success,320.2,2026-02-14 09:10:19
388,388,NetBanking,Success,3108.01,2026-06-27 22:03:26
389,389,Wallet,Success,956.46,2026-07-20 09:28:54
390,390,Card,Success,5036.41,2026-05-26 19:52:50
391,391,NetBanking,Success,764.02,2026-04-20 07:55:03
392,392,NetBanking,Success,3454.89,2026-03-07 14:55:40
393,393,NetBanking,Success,3581.83,2026-02-12 09:48:51
394,394,COD,Success,4043.23,2026-05-12 12:59:13
395,395,COD,Success,1968.38,2026-06-12 11:31:55
396,396,Card,Success,1796.96,2026-04-13 09:14:39
397,397,UPI,Success,966.53,2026-06-20 23:58:52
398,398,Card,Success,643.17,2026-05-08 13:27:58
399,399,Card,Success,2971.83,2026-05-10 15:59:52
400,400,COD,Success,1033.12,2026-06-04 17:18:50
401,401,UPI,Success,2890.18,2026-05-08 19:03:37
402,402,Card,Success,1550.44,2026-03-13 10:06:11
403,403,COD,Success,2251.7,2026-06-09 12:02:13
404,404,UPI,Success,2595.8,2026-07-02 10:48:45
405,405,Card,Success,1816.23,2026-06-09 12:26:09
406,406,Wallet,Success,4598.36,2026-06-06 14:16:46
407,407,NetBanking,Failed,0.0,2026-05-06 14:45:58
408,408,UPI,Success,5533.44,2026-03-05 20:34:21
409,409,NetBanking,Success,337.73,2026-06-15 20:01:44
410,410,Wallet,Success,2049.26,2026-03-20 22:46:44
411,411,Card,Success,615.6,2026-06-22 00:03:04
412,412,UPI,Refunded,0.0,2026-03-31 12:25:27
413,413,NetBanking,Success,5597.75,2026-05-04 19:10:44
414,414,Card,Success,2062.0,2026-06-13 22:34:25
415,415,COD,Success,1902.42,2026-07-19 12:03:13
416,416,UPI,Success,6837.7,2026-03-29 09:18:43
417,417,Card,Refunded,0.0,2026-07-29 19:05:51
418,418,UPI,Success,1348.31,2026-04-29 19:33:55
419,419,UPI,Success,903.66,2026-02-24 23:15:16
420,420,COD,Success,2345.91,2026-06-21 07:14:43
421,421,UPI,Success,2765.53,2026-02-26 17:50:15
422,422,Wallet,Success,2276.84,2026-04-02 13:43:40
423,423,COD,Success,200.24,2026-04-30 13:37:53
424,424,COD,Success,3726.33,2026-02-13 22:22:34
425,425,Card,Refunded,0.0,2026-03-13 17:09:47
426,426,Card,Failed,0.0,2026-03-27 17:36:20
427,427,Wallet,Success,3018.72,2026-03-06 20:18:12
428,428,NetBanking,Success,3957.1,2026-07-24 23:12:41
429,429,NetBanking,Success,1461.98,2026-07-26 10:44:27
430,430,UPI,Success,168.85,2026-07-30 18:11:58
431,431,NetBanking,Success,735.3,2026-08-03 23:08:37
432,432,Wallet,Success,1377.89,2026-02-21 16:45:45
433,433,Wallet,Success,1216.7,2026-06-25 11:59:46
434,434,Wallet,Success,3395.99,2026-03-19 07:58:09
435,435,Wallet,Success,3590.27,2026-07-09 21:22:27
436,436,NetBanking,Success,3938.11,2026-05-12 08:10:46
437,437,Card,Success,2969.12,2026-04-22 09:35:02
438,438,NetBanking,Success,352.75,2026-05-08 10:29:18
439,439,NetBanking,Success,2416.38,2026-07-22 17:52:24
440,440,Card,Success,501.85,2026-06-26 14:46:59
441,441,Card,Refunded,0.0,2026-07-19 11:40:54
442,442,COD,Success,3479.33,2026-07-22 11:22:08
443,443,COD,Success,3368.95,2026-07-05 18:52:58
444,444,NetBanking,Success,2755.4,2026-05-17 12:13:46
445,445,Card,Success,2937.81,2026-02-05 20:03:29
446,446,Card,Success,1857.0,2026-02-24 15:59:01
447,447,UPI,Success,2915.13,2026-04-03 20:14:07
448,448,Wallet,Success,5038.94,2026-06-03 17:10:44
449,449,Card,Success,1551.66,2026-03-12 12:49:04
450,450,UPI,Success,277.87,2026-04-21 07:58:58
451,451,NetBanking,Success,4303.28,2026-03-30 10:10:31
452,452,NetBanking,Success,1219.73,2026-05-19 08:37:50
453,453,Card,Success,3291.89,2026-04-16 10:23:13
454,454,Wallet,Failed,0.0,2026-02-25 12:27:07
455,455,Card,Success,2751.87,2026-03-13 09:18:31
456,456,UPI,Failed,0.0,2026-06-19 17:05:08
457,457,Wallet,Success,3347.49,2026-04-22 09:23:25
458,458,COD,Success,2973.35,2026-06-13 08:18:01
459,459,Card,Success,3849.71,2026-05-03 09:03:22
460,460,COD,Success,1770.39,2026-07-10 07:36:30
461,461,NetBanking,Success,3272.27,2026-02-14 10:13:13
462,462,Wallet,Success,2503.31,2026-06-13 07:11:09
463,463,UPI,Success,1035.73,2026-07-18 15:37:53
464,464,NetBanking,Success,2135.49,2026-07-27 23:39:25
465,465,COD,Success,827.19,2026-07-02 11:55:23
466,466,NetBanking,Success,3055.56,2026-05-20 16:21:49
467,467,COD,Success,1234.83,2026-06-07 15:17:15
468,468,NetBanking,Success,5977.66,2026-04-09 18:52:08
469,469,COD,Success,2222.72,2026-02-10 22:01:09
470,470,UPI,Success,2729.05,2026-07-30 18:39:23
471,471,NetBanking,Success,1518.36,2026-04-10 23:34:21
472,472,Card,Success,478.08,2026-02-08 17:44:34
473,473,COD,Success,1018.2,2026-05-30 10:40:41
474,474,Wallet,Success,3910.44,2026-03-21 10:43:58
475,475,Wallet,Success,4860.0,2026-03-20 21:32:30
476,476,Card,Success,920.88,2026-03-16 12:37:23
477,477,UPI,Success,2729.48,2026-04-21 21:26:24
478,478,UPI,Success,3117.11,2026-02-06 22:33:01
479,479,UPI,Success,1241.19,2026-07-26 08:19:42
480,480,Card,Success,6095.52,2026-06-29 20:47:21
481,481,COD,Success,2317.11,2026-04-23 19:55:33
482,482,Card,Success,1333.22,2026-03-29 18:12:59
483,483,Wallet,Success,3250.66,2026-05-24 08:05:42
484,484,UPI,Refunded,0.0,2026-04-25 16:37:15
485,485,UPI,Success,1113.39,2026-06-17 16:47:14
486,486,COD,Success,4997.62,2026-06-15 16:19:29
487,487,Card,Success,525.34,2026-04-01 18:26:59
488,488,Wallet,Success,491.92,2026-06-20 13:35:41
489,489,Wallet,Success,2037.74,2026-03-14 09:39:04
490,490,COD,Success,2411.66,2026-06-22 19:52:50
491,491,COD,Success,3245.45,2026-07-14 07:05:18
492,492,NetBanking,Success,3169.96,2026-02-14 18:17:42
493,493,NetBanking,Success,5371.31,2026-03-08 00:01:32
494,494,Card,Success,492.57,2026-03-10 22:40:53
495,495,Card,Success,2421.4,2026-06-13 23:40:02
496,496,Card,Success,2723.57,2026-06-01 11:15:40
497,497,NetBanking,Success,1689.8,2026-06-13 14:20:50
498,498,COD,Success,2566.1,2026-06-12 11:50:29
499,499,UPI,Success,1454.18,2026-03-01 19:42:51
500,500,Wallet,Success,1531.92,2026-03-20 07:50:16
501,501,COD,Success,205.28,2026-06-08 23:10:51
502,502,COD,Success,2426.96,2026-06-05 08:48:36
503,503,Wallet,Success,1399.28,2026-06-01 18:41:05
504,504,Wallet,Success,685.28,2026-02-18 18:04:27
505,505,UPI,Success,4517.4,2026-03-27 19:53:55
506,506,Card,Success,1720.36,2026-05-14 07:14:07
507,507,COD,Success,1861.1,2026-04-02 19:44:27
508,508,NetBanking,Success,2072.53,2026-07-05 11:50:52
509,509,NetBanking,Failed,0.0,2026-07-15 14:47:26
510,510,COD,Success,247.46,2026-02-26 10:25:48
511,511,UPI,Success,998.76,2026-05-02 13:10:55
512,512,Card,Success,3937.53,2026-06-21 07:57:08
513,513,COD,Success,985.76,2026-04-27 21:18:02
514,514,UPI,Success,389.17,2026-05-04 12:04:39
515,515,Card,Success,2393.33,2026-04-16 07:51:11
516,516,Card,Success,1939.06,2026-06-21 22:57:28
517,517,COD,Success,2592.42,2026-05-14 07:08:06
518,518,Card,Failed,0.0,2026-06-14 22:38:35
519,519,COD,Refunded,0.0,2026-03-07 09:59:56
520,520,UPI,Success,1913.3,2026-03-28 13:15:25
521,521,UPI,Failed,0.0,2026-03-03 20:03:53
522,522,NetBanking,Success,2064.0,2026-04-19 07:09:46
523,523,Card,Success,6686.27,2026-06-17 08:59:52
524,524,Wallet,Success,541.39,2026-06-03 07:45:56
525,525,Wallet,Refunded,0.0,2026-06-06 07:49:27
526,526,UPI,Refunded,0.0,2026-05-27 18:53:05
527,527,Wallet,Success,3022.45,2026-05-10 16:35:02
528,528,NetBanking,Success,2341.84,2026-02-21 11:05:37
529,529,COD,Success,1988.86,2026-02-22 11:24:43
530,530,UPI,Success,2940.95,2026-07-15 22:52:31
531,531,UPI,Success,4037.86,2026-05-11 20:49:28
532,532,Wallet,Success,6942.95,2026-04-20 07:15:02
533,533,NetBanking,Success,1325.93,2026-07-18 07:51:05
534,534,UPI,Success,2492.77,2026-03-09 19:18:16
535,535,NetBanking,Success,2704.49,2026-07-20 12:59:58
536,536,Wallet,Success,1629.02,2026-04-14 07:57:36
537,537,UPI,Failed,0.0,2026-06-01 19:52:05
538,538,COD,Success,2273.9,2026-07-27 16:50:46
539,539,COD,Success,3458.79,2026-04-09 21:11:44
540,540,NetBanking,Success,1494.69,2026-03-20 17:15:38
541,541,NetBanking,Success,6695.38,2026-02-22 18:43:05
542,542,Card,Success,442.88,2026-03-13 21:02:49
543,543,Card,Success,998.64,2026-02-15 09:08:35
544,544,Wallet,Success,776.8,2026-03-17 10:49:44
545,545,NetBanking,Success,2229.72,2026-04-27 19:43:28
546,546,Wallet,Success,1776.18,2026-06-24 13:50:54
547,547,Wallet,Refunded,0.0,2026-07-28 20:51:24
548,548,NetBanking,Success,2381.94,2026-08-02 10:14:17
549,549,Card,Success,1021.23,2026-05-09 14:41:19
550,550,Wallet,Success,4551.91,2026-06-08 07:34:49
551,551,NetBanking,Success,1430.51,2026-05-28 15:46:08
552,552,NetBanking,Success,152.92,2026-03-03 20:59:40
553,553,Card,Refunded,0.0,2026-04-03 11:35:40
554,554,UPI,Success,2276.21,2026-05-11 16:17:24
555,555,NetBanking,Success,2536.1,2026-07-30 09:38:39
556,556,UPI,Success,4602.26,2026-03-04 23:50:06
557,557,NetBanking,Success,739.75,2026-02-11 13:40:01
558,558,UPI,Success,2446.55,2026-02-27 08:35:01
559,559,Wallet,Success,1982.7,2026-05-12 11:37:41
560,560,COD,Success,3065.71,2026-04-25 07:16:01
561,561,Wallet,Success,803.09,2026-07-22 22:28:43
562,562,Card,Success,1729.52,2026-03-04 16:52:43
563,563,COD,Success,982.19,2026-07-19 18:00:49
564,564,Card,Success,1810.75,2026-03-07 18:50:07
565,565,Wallet,Success,1611.02,2026-07-06 20:14:26
566,566,Wallet,Success,1413.18,2026-03-09 08:36:04
567,567,COD,Success,5423.05,2026-03-30 13:04:21
568,568,COD,Success,2928.73,2026-06-23 08:14:24
569,569,Wallet,Refunded,0.0,2026-06-01 18:00:34
570,570,UPI,Success,1178.15,2026-04-22 08:14:58
571,571,COD,Success,1592.61,2026-02-09 19:35:49
572,572,COD,Success,1814.37,2026-04-14 09:14:41
573,573,UPI,Refunded,0.0,2026-05-20 13:27:37
574,574,Card,Success,3037.42,2026-08-04 09:38:49
575,575,NetBanking,Success,1705.5,2026-03-01 13:09:21
576,576,COD,Success,1368.36,2026-06-08 12:43:31
577,577,Wallet,Success,1103.42,2026-08-04 16:57:36
578,578,NetBanking,Success,3745.06,2026-02-17 16:32:59
579,579,Wallet,Refunded,0.0,2026-06-26 10:52:51
580,580,NetBanking,Success,1621.71,2026-02-28 18:30:09
581,581,NetBanking,Success,3625.83,2026-06-20 17:01:58
582,582,NetBanking,Success,2350.37,2026-05-06 23:14:28
583,583,Wallet,Success,1154.04,2026-07-19 13:36:29
584,584,COD,Success,3294.82,2026-02-15 14:33:04
585,585,Wallet,Success,1978.54,2026-07-30 07:55:06
586,586,Card,Success,1422.68,2026-06-13 17:52:48
587,587,Card,Success,2562.14,2026-07-30 07:08:36
588,588,NetBanking,Success,254.41,2026-07-02 16:10:55
589,589,UPI,Failed,0.0,2026-04-29 22:33:26
590,590,COD,Success,4912.33,2026-06-17 20:42:19
591,591,Wallet,Refunded,0.0,2026-07-24 07:06:45
592,592,Card,Success,646.08,2026-03-15 23:47:06
593,593,UPI,Success,1013.24,2026-04-11 21:59:31
594,594,NetBanking,Success,4481.85,2026-05-13 11:51:44
595,595,COD,Success,529.8,2026-07-16 14:15:25
596,596,Wallet,Success,3775.32,2026-05-06 13:58:07
597,597,Wallet,Success,2790.01,2026-05-02 15:02:02
598,598,UPI,Success,3674.32,2026-06-25 21:33:29
599,599,NetBanking,Success,2480.73,2026-07-27 23:00:44
600,600,Wallet,Success,3248.42,2026-02-05 15:05:50
601,601,UPI,Success,679.54,2026-02-26 10:34:54
602,602,UPI,Success,2221.84,2026-07-17 14:36:09
603,603,UPI,Success,3520.47,2026-08-01 10:58:17
604,604,NetBanking,Success,1013.19,2026-05-14 18:04:12
605,605,NetBanking,Success,3748.27,2026-03-13 14:12:42
606,606,NetBanking,Failed,0.0,2026-05-13 15:38:34
607,607,NetBanking,Success,2970.28,2026-06-18 15:38:25
608,608,NetBanking,Success,4375.9,2026-02-09 23:27:53
609,609,UPI,Success,3108.9,2026-05-07 17:12:33
610,610,Card,Success,793.9,2026-07-10 10:15:29
611,611,UPI,Success,1596.01,2026-04-21 11:54:47
612,612,NetBanking,Failed,0.0,2026-03-18 15:20:27
613,613,Card,Success,513.52,2026-08-03 18:42:33
614,614,NetBanking,Success,3889.0,2026-06-18 20:15:50
615,615,Wallet,Success,2068.45,2026-07-17 20:47:57
616,616,COD,Success,4112.5,2026-04-09 09:08:24
617,617,UPI,Success,1387.49,2026-07-08 07:14:38
618,618,UPI,Success,1007.32,2026-03-04 20:41:11
619,619,Card,Success,980.58,2026-06-11 10:58:25
620,620,NetBanking,Success,2121.96,2026-06-06 11:52:14
621,621,COD,Success,1599.69,2026-03-31 13:04:34
622,622,COD,Success,1000.86,2026-02-15 09:55:06
623,623,COD,Success,3705.29,2026-07-15 18:54:27
624,624,Card,Success,1534.44,2026-02-11 12:56:28
625,625,UPI,Success,476.68,2026-04-16 23:46:03
626,626,NetBanking,Success,1020.45,2026-03-05 21:27:18
627,627,Wallet,Success,2027.77,2026-06-06 09:29:21
628,628,NetBanking,Success,430.76,2026-04-07 07:25:15
629,629,NetBanking,Success,2978.64,2026-02-27 20:20:40
630,630,Wallet,Success,2720.27,2026-02-11 23:34:30
631,631,NetBanking,Success,5927.52,2026-06-12 20:38:09
632,632,Wallet,Success,1606.16,2026-06-16 13:49:40
633,633,UPI,Success,1030.66,2026-04-26 18:20:31
634,634,Wallet,Success,743.63,2026-05-31 22:31:09
635,635,Card,Success,1293.44,2026-04-21 08:49:13
636,636,Wallet,Refunded,0.0,2026-05-21 13:26:32
637,637,UPI,Success,2475.05,2026-07-24 08:33:57
638,638,COD,Success,1576.92,2026-05-08 16:28:10
639,639,NetBanking,Success,2685.84,2026-02-16 13:21:19
640,640,UPI,Success,411.95,2026-07-09 17:51:43
641,641,COD,Success,2527.08,2026-05-22 14:24:54
642,642,UPI,Success,43.41,2026-07-20 19:17:10
643,643,NetBanking,Success,2898.29,2026-04-30 15:17:12
644,644,Card,Success,1157.68,2026-04-07 13:09:57
645,645,Card,Success,5916.65,2026-05-23 11:56:14
646,646,NetBanking,Success,3026.93,2026-04-16 10:37:58
647,647,COD,Success,151.58,2026-02-17 16:26:41
648,648,NetBanking,Success,2467.53,2026-05-11 17:59:08
649,649,Wallet,Success,397.88,2026-03-06 20:43:32
650,650,COD,Success,310.02,2026-02-13 15:06:37
651,651,NetBanking,Success,912.16,2026-02-18 20:38:18
652,652,UPI,Success,3595.38,2026-05-02 14:00:04
653,653,NetBanking,Success,268.64,2026-06-30 20:13:18
654,654,Card,Success,1246.39,2026-03-11 11:57:33
655,655,NetBanking,Success,1084.51,2026-05-27 17:13:04
656,656,Card,Success,6025.73,2026-04-19 20:47:06
657,657,UPI,Success,3015.82,2026-04-05 08:52:17
658,658,NetBanking,Success,1353.48,2026-05-10 15:52:00
659,659,Card,Success,4280.44,2026-06-13 07:42:36
660,660,UPI,Success,2097.6,2026-05-31 07:28:36
661,661,COD,Success,805.92,2026-04-08 09:19:14
662,662,NetBanking,Success,2987.51,2026-04-14 13:45:00
663,663,NetBanking,Success,383.07,2026-06-09 16:43:37
664,664,COD,Failed,0.0,2026-06-16 08:43:52
665,665,COD,Success,6489.39,2026-04-25 09:35:06
666,666,NetBanking,Success,141.37,2026-05-19 12:11:48
667,667,Card,Failed,0.0,2026-03-01 13:47:28
668,668,Wallet,Success,507.38,2026-03-16 16:48:16
669,669,NetBanking,Failed,0.0,2026-03-16 09:20:51
670,670,UPI,Success,4052.21,2026-07-20 10:36:51
671,671,Wallet,Success,2690.76,2026-05-07 13:52:41
672,672,Card,Success,2554.2,2026-03-13 08:32:49
673,673,Card,Success,1794.68,2026-07-20 22:47:14
674,674,Card,Success,3589.63,2026-04-13 19:25:12
675,675,NetBanking,Success,3617.78,2026-04-09 08:02:32
676,676,Wallet,Success,3358.01,2026-03-29 15:30:05
677,677,Card,Success,2312.86,2026-04-06 13:41:35
678,678,COD,Failed,0.0,2026-04-30 14:39:42
679,679,Card,Failed,0.0,2026-05-25 10:04:44
680,680,Wallet,Success,2363.09,2026-06-18 07:50:59
681,681,Wallet,Success,2878.92,2026-06-09 18:55:29
682,682,NetBanking,Refunded,0.0,2026-03-06 22:36:03
683,683,COD,Success,5772.77,2026-02-26 15:34:41
684,684,Wallet,Success,1401.36,2026-02-17 15:02:45
685,685,Card,Success,5180.74,2026-03-19 19:52:56
686,686,NetBanking,Success,493.0,2026-02-24 17:57:51
687,687,Card,Success,4280.59,2026-04-29 18:20:59
688,688,COD,Failed,0.0,2026-06-03 22:42:39
689,689,COD,Success,428.58,2026-06-07 23:12:08
690,690,Wallet,Success,2075.38,2026-02-21 21:47:09
691,691,COD,Success,3341.38,2026-05-10 21:25:56
692,692,Wallet,Failed,0.0,2026-03-19 14:00:49
693,693,Card,Success,1173.23,2026-07-13 08:34:17
694,694,NetBanking,Refunded,0.0,2026-07-12 13:35:57
695,695,Card,Success,109.6,2026-03-26 10:37:39
696,696,NetBanking,Failed,0.0,2026-07-10 11:29:18
697,697,COD,Success,5181.66,2026-07-03 19:55:02
698,698,COD,Success,1827.32,2026-05-09 18:12:53
699,699,COD,Success,2419.13,2026-07-10 16:28:48
700,700,Wallet,Success,1314.66,2026-05-11 12:16:29
701,701,Wallet,Success,347.53,2026-02-25 07:56:26
702,702,Card,Success,3771.07,2026-04-14 08:10:24
703,703,Wallet,Success,1172.62,2026-06-02 17:06:00
704,704,COD,Success,3957.5,2026-02-10 21:52:31
705,705,Wallet,Success,2375.38,2026-02-09 22:20:33
706,706,NetBanking,Success,3486.83,2026-04-15 09:03:53
707,707,Card,Success,1886.39,2026-03-04 13:37:14
708,708,COD,Success,1374.52,2026-06-30 17:03:01
709,709,Wallet,Success,2407.95,2026-05-31 18:37:49
710,710,Card,Success,1692.51,2026-06-04 10:46:50
711,711,UPI,Refunded,0.0,2026-05-31 23:02:11
712,712,Wallet,Failed,0.0,2026-03-05 15:32:14
713,713,Card,Success,1911.08,2026-04-22 11:14:37
714,714,UPI,Success,1011.44,2026-05-02 12:10:51
715,715,NetBanking,Success,2297.37,2026-06-18 20:56:51
716,716,UPI,Success,1007.71,2026-03-04 21:38:01
717,717,UPI,Success,3649.05,2026-06-29 09:07:56
718,718,Card,Success,5011.68,2026-02-16 17:27:17
719,719,Card,Success,1374.1,2026-05-03 15:39:59
720,720,UPI,Success,3832.93,2026-03-25 23:07:50
721,721,UPI,Success,3410.28,2026-06-28 23:11:48
722,722,UPI,Success,3821.99,2026-06-04 20:38:09
723,723,UPI,Refunded,0.0,2026-07-30 16:05:54
724,724,UPI,Success,3324.64,2026-03-29 16:52:59
725,725,UPI,Success,474.71,2026-05-15 18:40:40
726,726,UPI,Success,3462.82,2026-07-27 18:39:39
727,727,Wallet,Success,5110.17,2026-03-11 16:11:50
728,728,UPI,Success,1116.16,2026-02-05 22:54:40
729,729,Card,Success,1283.63,2026-07-03 18:45:47
730,730,UPI,Success,2503.66,2026-03-04 17:02:56
731,731,UPI,Success,3644.44,2026-07-17 08:22:38
732,732,COD,Success,3342.92,2026-05-14 09:56:45
733,733,COD,Success,1335.1,2026-03-21 15:43:05
734,734,Wallet,Success,2815.01,2026-03-03 22:03:27
735,735,COD,Success,2128.64,2026-04-12 22:24:27
736,736,NetBanking,Success,3552.93,2026-03-10 22:56:25
737,737,COD,Success,920.51,2026-07-07 14:04:00
738,738,Card,Success,1076.78,2026-07-30 23:50:29
739,739,NetBanking,Success,1418.68,2026-05-10 10:05:27
740,740,Card,Success,1088.55,2026-04-24 21:01:27
741,741,UPI,Success,4146.27,2026-03-08 22:19:24
742,742,UPI,Refunded,0.0,2026-02-16 09:23:44
743,743,Wallet,Success,342.09,2026-07-14 18:58:06
744,744,NetBanking,Success,617.87,2026-05-27 21:27:50
745,745,Card,Success,97.42,2026-06-10 22:12:01
746,746,NetBanking,Success,532.16,2026-06-10 20:59:40
747,747,COD,Failed,0.0,2026-07-15 12:24:25
748,748,Card,Success,2582.81,2026-03-30 14:38:24
749,749,COD,Success,195.03,2026-02-13 08:46:54
750,750,Wallet,Success,2234.0,2026-07-07 23:10:36
751,751,Card,Failed,0.0,2026-06-12 21:27:55
752,752,UPI,Success,2129.7,2026-08-02 12:22:19
753,753,COD,Success,2236.84,2026-06-18 08:08:31
754,754,COD,Failed,0.0,2026-07-11 13:08:52
755,755,NetBanking,Success,3212.16,2026-05-22 10:22:21
756,756,COD,Success,1072.26,2026-05-28 08:30:12
757,757,UPI,Success,5945.9,2026-03-23 17:39:04
758,758,UPI,Success,362.85,2026-06-08 07:30:06
759,759,NetBanking,Success,2515.89,2026-05-22 17:17:27
760,760,UPI,Success,3207.43,2026-07-21 23:13:06
761,761,NetBanking,Success,1152.72,2026-05-01 22:27:56
762,762,Wallet,Success,2809.05,2026-02-17 15:53:51
763,763,NetBanking,Success,5028.25,2026-03-01 17:39:25
764,764,COD,Success,565.48,2026-06-25 11:24:00
765,765,COD,Success,2219.49,2026-04-24 10:50:11
766,766,Card,Success,2104.44,2026-06-04 19:52:29
767,767,NetBanking,Success,2419.61,2026-07-07 12:42:24
768,768,Wallet,Success,377.28,2026-04-26 16:22:22
769,769,UPI,Success,5668.37,2026-04-07 13:18:49
770,770,Card,Success,1358.97,2026-06-01 13:12:10
771,771,Wallet,Success,887.38,2026-03-01 22:23:56
772,772,Card,Success,2494.74,2026-04-18 07:27:47
773,773,UPI,Success,6546.76,2026-06-20 10:25:02
774,774,UPI,Success,2949.47,2026-04-30 19:55:54
775,775,Card,Success,1057.05,2026-04-14 08:27:32
776,776,COD,Success,2612.84,2026-07-30 17:34:53
777,777,Card,Success,5120.9,2026-05-28 15:55:53
778,778,NetBanking,Refunded,0.0,2026-03-11 22:49:44
779,779,NetBanking,Success,736.32,2026-07-23 18:37:46
780,780,Card,Success,4600.62,2026-07-14 21:06:47
781,781,NetBanking,Success,3937.59,2026-06-07 17:04:58
782,782,UPI,Success,5479.83,2026-07-26 09:44:43
783,783,NetBanking,Success,1993.94,2026-07-15 13:32:29
784,784,UPI,Success,3634.85,2026-04-02 16:18:43
785,785,UPI,Success,594.04,2026-02-17 22:52:15
786,786,COD,Failed,0.0,2026-04-25 19:36:00
787,787,Card,Success,2501.79,2026-08-02 14:24:25
788,788,Card,Refunded,0.0,2026-06-09 16:16:10
789,789,COD,Failed,0.0,2026-05-24 22:31:54
790,790,COD,Success,1042.86,2026-05-07 14:54:52
791,791,NetBanking,Success,242.86,2026-04-26 21:39:23
792,792,Wallet,Success,2317.73,2026-05-06 17:34:41
793,793,NetBanking,Success,2072.03,2026-07-02 14:10:43
794,794,UPI,Refunded,0.0,2026-04-21 13:00:25
795,795,UPI,Success,2588.57,2026-05-13 14:08:12
796,796,COD,Refunded,0.0,2026-05-09 18:28:09
797,797,COD,Success,632.0,2026-03-18 18:00:43
798,798,Wallet,Success,4970.24,2026-03-09 09:23:32
799,799,UPI,Success,2362.94,2026-07-31 12:12:57
800,800,UPI,Failed,0.0,2026-06-23 16:46:50
801,801,COD,Success,2443.52,2026-02-25 17:12:25
802,802,COD,Refunded,0.0,2026-04-23 00:00:22
803,803,UPI,Success,3186.32,2026-05-23 23:57:15
804,804,NetBanking,Success,621.54,2026-03-15 17:44:43
805,805,Card,Success,3374.86,2026-05-28 10:05:00
806,806,COD,Failed,0.0,2026-07-04 15:47:11
807,807,Wallet,Refunded,0.0,2026-05-26 19:57:41
808,808,Wallet,Success,5845.31,2026-06-07 10:01:22
809,809,NetBanking,Success,1631.32,2026-04-08 19:46:11
810,810,Card,Success,1453.04,2026-02-24 12:45:16
811,811,COD,Success,2149.54,2026-07-23 11:14:32
812,812,Card,Success,4742.7,2026-06-03 10:27:19
813,813,COD,Success,1482.99,2026-07-24 16:52:45
814,814,COD,Refunded,0.0,2026-03-07 09:26:16
815,815,Card,Success,90.44,2026-04-21 21:20:08
816,816,Card,Success,2556.79,2026-03-23 21:58:57
817,817,COD,Failed,0.0,2026-03-15 13:40:18
818,818,Card,Refunded,0.0,2026-02-14 16:24:05
819,819,Card,Success,2970.88,2026-06-10 14:49:03
820,820,UPI,Success,1763.7,2026-02-10 18:28:03
821,821,UPI,Failed,0.0,2026-05-31 09:49:03
822,822,Wallet,Success,1164.72,2026-04-24 18:57:05
823,823,UPI,Success,1722.88,2026-02-24 10:48:20
824,824,NetBanking,Success,1373.67,2026-05-27 21:45:18
825,825,Wallet,Success,1802.54,2026-05-05 21:21:56
826,826,Wallet,Success,3903.7,2026-06-15 09:15:56
827,827,Wallet,Success,836.32,2026-06-05 14:27:19
828,828,NetBanking,Success,1854.4,2026-04-03 18:52:52
829,829,Wallet,Success,2725.61,2026-03-12 10:34:26
830,830,NetBanking,Success,6157.01,2026-03-18 19:41:03
831,831,Wallet,Refunded,0.0,2026-04-25 22:24:11
832,832,Wallet,Success,4049.78,2026-04-14 11:07:32
833,833,COD,Success,946.09,2026-07-16 08:40:00
834,834,Wallet,Success,3716.14,2026-07-29 19:55:16
835,835,UPI,Success,2136.59,2026-06-14 23:21:19
836,836,Wallet,Success,561.28,2026-04-13 19:09:25
837,837,COD,Success,4130.33,2026-06-19 16:09:37
838,838,COD,Success,1926.16,2026-04-23 23:28:28
839,839,UPI,Success,2138.76,2026-05-17 11:56:31
840,840,COD,Success,495.48,2026-08-04 08:19:12
841,841,Wallet,Success,5759.47,2026-06-07 18:15:21
842,842,UPI,Success,2129.89,2026-07-22 23:02:12
843,843,Card,Success,1959.84,2026-03-31 21:24:32
844,844,UPI,Failed,0.0,2026-05-20 11:35:29
845,845,Card,Success,202.84,2026-03-03 23:58:52
846,846,UPI,Success,541.36,2026-04-22 14:45:44
847,847,COD,Success,3970.66,2026-03-20 22:10:46
848,848,COD,Success,889.97,2026-06-10 23:11:20
849,849,UPI,Success,1896.65,2026-05-28 08:02:34
850,850,Wallet,Success,3026.89,2026-07-05 20:01:03
851,851,COD,Success,589.84,2026-07-09 22:38:11
852,852,UPI,Success,2250.87,2026-03-03 21:18:58
853,853,NetBanking,Success,3586.81,2026-05-26 15:47:15
854,854,Wallet,Success,1742.52,2026-07-01 17:41:16
855,855,COD,Success,250.55,2026-03-24 07:06:03
856,856,UPI,Success,2759.77,2026-03-11 22:31:22
857,857,Wallet,Success,1833.03,2026-06-05 07:47:55
858,858,Card,Success,2775.67,2026-03-17 17:50:05
859,859,COD,Success,2743.68,2026-07-03 21:54:59
860,860,Wallet,Success,4021.04,2026-07-23 07:36:54
861,861,Card,Success,725.12,2026-07-11 08:23:03
862,862,Card,Success,657.6,2026-07-12 12:49:07
863,863,Card,Success,1302.03,2026-03-01 07:14:31
864,864,UPI,Failed,0.0,2026-06-03 18:51:40
865,865,Wallet,Success,475.91,2026-06-03 17:03:37
866,866,NetBanking,Success,2941.03,2026-03-02 09:22:35
867,867,Wallet,Success,3598.95,2026-04-20 18:16:01
868,868,NetBanking,Success,5411.34,2026-06-09 10:09:35
869,869,Card,Success,3187.66,2026-08-02 19:43:29
870,870,Card,Success,2277.87,2026-03-09 22:08:48
871,871,NetBanking,Success,1932.84,2026-08-01 11:02:56
872,872,Wallet,Success,1673.72,2026-03-15 07:05:32
873,873,COD,Success,3846.69,2026-02-11 19:45:57
874,874,COD,Success,1609.87,2026-05-03 10:15:39
875,875,UPI,Success,891.09,2026-06-28 18:45:15
876,876,NetBanking,Success,1431.26,2026-03-06 22:56:33
877,877,COD,Success,287.23,2026-07-09 14:49:33
878,878,Card,Success,3828.39,2026-05-03 18:30:40
879,879,Card,Success,1519.75,2026-03-05 17:53:55
880,880,NetBanking,Success,2117.24,2026-04-30 08:23:04
881,881,UPI,Refunded,0.0,2026-05-21 08:40:19
882,882,Wallet,Success,1885.87,2026-04-03 09:00:10
883,883,Wallet,Success,5696.43,2026-04-25 13:25:13
884,884,Wallet,Success,905.09,2026-05-27 10:09:54
885,885,UPI,Success,2374.98,2026-07-14 23:03:04
886,886,COD,Success,435.88,2026-02-23 23:31:09
887,887,UPI,Success,4007.16,2026-07-27 09:51:34
888,888,Wallet,Success,2615.81,2026-04-17 20:32:42
889,889,Card,Success,2787.51,2026-04-30 15:25:52
890,890,COD,Success,2098.28,2026-05-27 15:30:04
891,891,Card,Success,2580.62,2026-08-04 22:10:12
892,892,COD,Success,4010.46,2026-05-10 10:09:52
893,893,Card,Success,3238.83,2026-02-13 14:32:15
894,894,NetBanking,Success,2381.22,2026-04-29 10:32:41
895,895,NetBanking,Success,2092.52,2026-06-12 11:06:37
896,896,COD,Success,4200.1,2026-08-01 20:18:02
897,897,Wallet,Success,45.22,2026-04-11 18:03:51
898,898,Card,Success,645.98,2026-02-09 07:28:38
899,899,COD,Success,5024.8,2026-07-03 17:17:18
900,900,COD,Success,1048.74,2026-06-28 23:34:10
901,901,COD,Success,2027.22,2026-06-27 14:11:08
902,902,Wallet,Success,886.5,2026-02-22 16:03:53
903,903,UPI,Success,2621.93,2026-06-23 15:43:54
904,904,NetBanking,Success,1581.08,2026-07-23 07:38:34
905,905,Card,Success,1508.24,2026-02-25 20:04:57
906,906,NetBanking,Success,1532.12,2026-08-01 10:19:27
907,907,Card,Success,342.09,2026-04-16 13:16:08
908,908,UPI,Success,2666.66,2026-07-23 17:35:38
909,909,Wallet,Success,1211.16,2026-07-09 14:43:41
910,910,Card,Success,220.8,2026-03-22 21:28:31
911,911,Wallet,Success,3781.95,2026-02-08 20:22:15
912,912,Wallet,Success,3422.9,2026-05-05 12:12:34
913,913,NetBanking,Success,3352.07,2026-04-27 00:00:25
914,914,Card,Success,265.93,2026-06-25 15:36:33
915,915,COD,Success,1923.2,2026-02-28 22:07:45
916,916,UPI,Success,4119.11,2026-02-20 14:56:52
917,917,NetBanking,Success,1508.24,2026-05-24 23:20:51
918,918,Wallet,Success,6188.87,2026-05-08 21:44:13
919,919,Card,Success,2549.82,2026-05-29 18:22:33
920,920,COD,Success,3841.21,2026-03-31 22:01:07
921,921,NetBanking,Success,1818.72,2026-04-05 16:05:48
922,922,NetBanking,Success,2949.95,2026-03-13 09:01:57
923,923,Card,Success,3311.48,2026-07-31 13:55:45
924,924,UPI,Failed,0.0,2026-05-01 09:27:53
925,925,COD,Success,533.96,2026-05-28 08:52:31
926,926,Wallet,Success,3024.86,2026-04-04 15:22:15
927,927,UPI,Success,1712.49,2026-06-15 15:16:38
928,928,Card,Success,1347.72,2026-02-14 15:42:15
929,929,Wallet,Refunded,0.0,2026-06-11 07:40:20
930,930,Wallet,Success,2731.02,2026-04-22 23:41:59
931,931,Wallet,Failed,0.0,2026-03-24 10:02:42
932,932,UPI,Failed,0.0,2026-04-22 13:59:50
933,933,UPI,Success,972.94,2026-04-19 17:16:06
934,934,NetBanking,Success,5182.61,2026-03-23 20:46:14
935,935,NetBanking,Success,4182.56,2026-08-04 18:10:01
936,936,Wallet,Success,1929.86,2026-05-26 13:23:31
937,937,NetBanking,Success,1516.26,2026-04-02 22:23:51
938,938,UPI,Success,330.8,2026-03-17 18:42:11
939,939,NetBanking,Success,273.76,2026-07-05 15:52:20
940,940,Wallet,Success,423.87,2026-02-07 19:06:02
941,941,COD,Success,1944.7,2026-03-27 10:36:18
942,942,COD,Success,1641.6,2026-04-03 20:59:27
943,943,NetBanking,Success,1806.88,2026-06-01 17:17:11
944,944,NetBanking,Success,821.34,2026-03-22 10:29:23
945,945,UPI,Success,2755.57,2026-03-04 17:30:28
946,946,UPI,Success,2312.38,2026-06-25 07:40:41
947,947,NetBanking,Success,1885.52,2026-06-14 13:15:14
948,948,UPI,Success,3305.29,2026-02-10 08:33:15
949,949,COD,Success,3930.4,2026-06-11 17:43:49
950,950,NetBanking,Success,2929.64,2026-03-21 15:27:43
951,951,UPI,Success,2634.01,2026-04-14 17:23:33
952,952,COD,Success,769.28,2026-05-11 18:00:26
953,953,UPI,Failed,0.0,2026-05-02 14:44:39
954,954,NetBanking,Success,1721.3,2026-04-15 14:54:43
955,955,NetBanking,Success,4781.79,2026-04-08 17:27:12
956,956,NetBanking,Success,2135.9,2026-04-27 14:24:27
957,957,UPI,Success,3900.39,2026-03-25 20:45:22
958,958,NetBanking,Success,3143.58,2026-04-22 07:13:17
959,959,NetBanking,Success,2360.79,2026-06-13 10:34:07
960,960,Card,Success,3988.7,2026-05-30 14:36:23
961,961,NetBanking,Success,1448.25,2026-03-27 16:52:16
962,962,UPI,Success,3850.02,2026-07-13 22:07:50
963,963,COD,Success,908.37,2026-06-11 20:29:20
964,964,Wallet,Success,2108.64,2026-03-24 08:30:26
965,965,COD,Success,959.93,2026-04-03 13:29:23
966,966,NetBanking,Success,2757.69,2026-07-31 07:45:32
967,967,COD,Success,2506.11,2026-02-26 11:16:04
968,968,Wallet,Success,1337.04,2026-06-12 00:02:15
969,969,Card,Success,2271.92,2026-05-13 16:44:01
970,970,UPI,Success,2755.22,2026-04-05 19:05:36
971,971,COD,Success,5934.82,2026-07-03 11:30:51
972,972,Card,Success,3766.07,2026-05-14 07:15:59
973,973,NetBanking,Failed,0.0,2026-04-17 12:45:47
974,974,COD,Success,2862.97,2026-02-10 20:03:58
975,975,COD,Success,2585.79,2026-05-27 11:33:50
976,976,Wallet,Success,4912.11,2026-06-10 10:20:58
977,977,Wallet,Success,340.34,2026-05-11 23:49:41
978,978,COD,Success,1649.79,2026-05-19 19:53:43
979,979,COD,Success,1232.01,2026-07-14 15:44:09
980,980,NetBanking,Success,4377.2,2026-06-07 11:47:14
981,981,Wallet,Refunded,0.0,2026-04-14 11:31:41
982,982,Wallet,Success,3893.04,2026-05-21 11:59:20
983,983,Card,Success,1832.35,2026-02-14 18:13:19
984,984,NetBanking,Success,974.54,2026-05-02 23:10:53
985,985,UPI,Refunded,0.0,2026-05-04 20:27:20
986,986,Card,Success,2801.37,2026-06-06 19:18:50
987,987,UPI,Success,5478.75,2026-07-22 13:28:04
988,988,Wallet,Success,3475.16,2026-05-31 10:17:25
989,989,Wallet,Success,5928.88,2026-07-04 11:28:11
990,990,NetBanking,Success,868.46,2026-07-11 21:50:46
991,991,COD,Success,377.77,2026-02-25 08:24:08
992,992,Wallet,Success,1160.22,2026-06-29 08:25:13
993,993,COD,Success,2288.91,2026-06-17 17:20:09
994,994,COD,Success,2866.91,2026-04-22 18:57:58
995,995,UPI,Success,3718.11,2026-04-22 15:07:34
996,996,Card,Success,3004.13,2026-05-08 17:45:55
997,997,Card,Success,2291.06,2026-07-07 22:50:43
998,998,UPI,Success,4004.87,2026-07-17 16:09:33
999,999,NetBanking,Success,3093.42,2026-06-13 08:03:22
1000,1000,COD,Success,575.26,2026-05-12 14:31:17
1001,1001,NetBanking,Failed,0.0,2026-07-23 12:15:46
1002,1002,COD,Success,4096.08,2026-02-15 08:00:32
1003,1003,UPI,Success,3921.48,2026-04-17 11:42:28
1004,1004,Wallet,Success,5177.62,2026-06-01 20:17:30
1005,1005,UPI,Refunded,0.0,2026-05-24 11:02:54
1006,1006,Wallet,Success,86.76,2026-06-10 22:44:01
1007,1007,Wallet,Success,861.52,2026-06-07 14:53:42
1008,1008,Card,Success,174.48,2026-06-16 10:37:04
1009,1009,Card,Success,5657.01,2026-04-28 10:01:23
1010,1010,NetBanking,Success,4314.46,2026-07-13 10:58:50
1011,1011,Card,Success,4046.52,2026-02-10 13:14:23
1012,1012,COD,Success,1379.58,2026-06-24 19:33:32
1013,1013,COD,Success,2216.2,2026-03-15 14:19:53
1014,1014,Card,Success,3613.79,2026-03-09 08:30:48
1015,1015,UPI,Success,1308.54,2026-05-08 21:56:51
1016,1016,Wallet,Success,2131.55,2026-04-29 20:45:49
1017,1017,UPI,Success,3999.02,2026-03-19 08:16:51
1018,1018,COD,Success,669.99,2026-07-05 09:06:08
1019,1019,NetBanking,Success,2370.29,2026-05-30 14:31:52
1020,1020,Wallet,Success,322.27,2026-06-15 00:01:47
1021,1021,COD,Success,615.75,2026-04-04 13:41:52
1022,1022,Wallet,Success,6287.82,2026-04-11 18:22:53
1023,1023,UPI,Success,725.6,2026-06-20 12:42:29
1024,1024,Wallet,Success,1851.49,2026-02-26 08:08:27
1025,1025,UPI,Success,3728.29,2026-06-05 20:48:18
1026,1026,UPI,Success,2779.8,2026-06-28 15:19:41
1027,1027,NetBanking,Success,3033.45,2026-05-30 10:06:06
1028,1028,Wallet,Failed,0.0,2026-05-20 09:44:23
1029,1029,Card,Success,4255.25,2026-04-17 14:06:22
1030,1030,COD,Success,2259.73,2026-05-26 18:55:19
1031,1031,Wallet,Success,1091.39,2026-03-23 10:28:58
1032,1032,NetBanking,Success,5449.74,2026-02-11 11:57:06
1033,1033,NetBanking,Success,3118.06,2026-02-14 09:12:23
1034,1034,COD,Success,232.01,2026-02-20 14:51:23
1035,1035,NetBanking,Success,2616.8,2026-05-20 15:09:18
1036,1036,Card,Success,1987.24,2026-03-22 20:20:14
1037,1037,Card,Success,2497.34,2026-06-29 18:53:35
1038,1038,NetBanking,Success,1201.96,2026-06-19 07:57:08
1039,1039,COD,Success,781.61,2026-07-28 22:14:06
1040,1040,COD,Success,1552.39,2026-03-13 14:49:21
1041,1041,COD,Failed,0.0,2026-03-08 11:26:14
1042,1042,UPI,Success,1480.4,2026-05-15 18:09:24
1043,1043,NetBanking,Success,2416.62,2026-06-21 07:59:26
1044,1044,Card,Success,1979.0,2026-04-30 19:19:56
1045,1045,NetBanking,Success,6362.24,2026-02-21 12:26:55
1046,1046,Card,Success,2359.68,2026-03-05 21:08:47
1047,1047,UPI,Success,2078.56,2026-03-11 21:20:29
1048,1048,NetBanking,Success,4587.5,2026-03-26 07:25:05
1049,1049,UPI,Success,3443.43,2026-07-16 23:47:02
1050,1050,NetBanking,Success,456.04,2026-06-13 17:02:19
1051,1051,NetBanking,Success,5480.44,2026-06-19 17:34:00
1052,1052,UPI,Success,3334.26,2026-05-24 17:35:36
1053,1053,COD,Success,5312.77,2026-04-22 09:36:45
1054,1054,NetBanking,Success,3532.9,2026-04-29 08:59:39
1055,1055,COD,Success,1665.11,2026-05-16 21:27:50
1056,1056,NetBanking,Success,2939.78,2026-05-11 21:36:09
1057,1057,Wallet,Success,4863.58,2026-05-23 17:26:00
1058,1058,UPI,Success,2828.2,2026-03-19 18:51:33
1059,1059,Card,Success,2580.36,2026-06-19 15:51:10
1060,1060,COD,Success,4331.45,2026-04-14 12:21:32
1061,1061,UPI,Success,1820.13,2026-07-07 13:14:06
1062,1062,NetBanking,Success,1302.91,2026-03-26 10:13:10
1063,1063,UPI,Failed,0.0,2026-03-23 12:02:30
1064,1064,UPI,Success,238.95,2026-06-22 17:55:58
1065,1065,COD,Success,765.67,2026-06-10 16:57:39
1066,1066,Card,Success,2000.16,2026-06-23 23:30:35
1067,1067,UPI,Success,5664.14,2026-06-08 21:31:17
1068,1068,COD,Failed,0.0,2026-03-19 15:45:09
1069,1069,Wallet,Success,3115.08,2026-03-03 10:31:54
1070,1070,NetBanking,Success,486.51,2026-07-31 10:17:25
1071,1071,COD,Success,298.84,2026-02-27 07:32:42
1072,1072,Wallet,Success,2351.79,2026-06-17 11:06:04
1073,1073,UPI,Success,1401.36,2026-04-01 13:10:43
1074,1074,Card,Failed,0.0,2026-02-23 15:39:43
1075,1075,COD,Refunded,0.0,2026-07-17 21:52:42
1076,1076,Wallet,Success,587.0,2026-05-21 19:46:15
1077,1077,Card,Failed,0.0,2026-05-13 14:20:38
1078,1078,COD,Success,2568.55,2026-04-27 22:34:05
1079,1079,UPI,Success,2201.52,2026-07-07 12:45:38
1080,1080,Card,Success,980.58,2026-04-08 20:56:14
1081,1081,Wallet,Success,2680.04,2026-08-04 12:18:11
1082,1082,Card,Success,469.92,2026-06-22 22:33:27
1083,1083,UPI,Success,90.32,2026-05-06 18:14:49
1084,1084,Wallet,Success,2775.71,2026-06-09 21:06:14
1085,1085,UPI,Success,2332.15,2026-06-04 18:22:04
1086,1086,NetBanking,Success,521.07,2026-04-05 13:27:50
1087,1087,NetBanking,Success,2312.16,2026-07-17 07:03:57
1088,1088,Wallet,Success,2476.91,2026-02-08 19:09:18
1089,1089,Card,Success,3752.9,2026-03-28 18:52:12
1090,1090,COD,Success,232.44,2026-08-03 07:38:09
1091,1091,Card,Success,2674.22,2026-07-08 14:42:26
1092,1092,UPI,Success,409.8,2026-03-16 07:58:47
1093,1093,Card,Success,1460.67,2026-03-26 22:16:16
1094,1094,NetBanking,Success,1544.16,2026-03-13 11:39:44
1095,1095,Wallet,Success,1841.96,2026-06-24 11:48:48
1096,1096,Card,Success,6331.5,2026-08-01 17:58:07
1097,1097,NetBanking,Refunded,0.0,2026-04-15 17:19:55
1098,1098,Card,Success,4834.21,2026-03-12 22:51:02
1099,1099,UPI,Success,1756.9,2026-05-14 10:52:05
1100,1100,NetBanking,Success,2127.3,2026-04-13 19:30:38
1101,1101,Wallet,Success,3120.72,2026-04-24 12:39:28
1102,1102,Card,Success,2135.99,2026-08-02 17:19:06
1103,1103,Card,Success,884.66,2026-03-15 13:43:39
1104,1104,Wallet,Success,677.26,2026-02-26 08:59:08
1105,1105,UPI,Success,1056.88,2026-05-08 13:51:58
1106,1106,NetBanking,Success,4630.0,2026-05-02 19:12:24
1107,1107,COD,Success,715.08,2026-05-24 19:16:56
1108,1108,UPI,Success,2605.21,2026-03-22 15:33:05
1109,1109,UPI,Success,1645.35,2026-03-21 22:22:39
1110,1110,COD,Failed,0.0,2026-07-02 10:31:38
1111,1111,Card,Success,4827.19,2026-05-19 18:51:30
1112,1112,NetBanking,Success,2192.88,2026-03-28 07:10:26
1113,1113,Wallet,Success,164.2,2026-04-11 14:39:34
1114,1114,COD,Success,1005.75,2026-07-30 23:25:39
1115,1115,Wallet,Success,525.52,2026-06-19 13:45:19
1116,1116,Card,Success,1531.26,2026-03-20 17:58:39
1117,1117,UPI,Success,3809.1,2026-02-13 22:22:15
1118,1118,Card,Success,6047.78,2026-08-03 19:54:00
1119,1119,Card,Success,3729.89,2026-03-26 07:11:06
1120,1120,NetBanking,Success,2511.28,2026-04-20 19:33:14
1121,1121,Card,Refunded,0.0,2026-03-27 09:44:52
1122,1122,Wallet,Success,947.86,2026-04-02 12:25:29
1123,1123,UPI,Success,1987.4,2026-02-16 11:22:27
1124,1124,COD,Success,2077.83,2026-06-01 16:41:56
1125,1125,COD,Refunded,0.0,2026-07-24 16:56:04
1126,1126,Wallet,Success,1974.73,2026-04-10 21:10:29
1127,1127,Card,Success,2740.57,2026-03-16 22:59:54
1128,1128,Wallet,Success,3065.44,2026-03-15 12:25:52
1129,1129,Wallet,Success,495.06,2026-03-10 10:15:10
1130,1130,UPI,Refunded,0.0,2026-06-11 13:59:00
1131,1131,NetBanking,Failed,0.0,2026-07-07 08:49:44
1132,1132,COD,Success,4073.24,2026-04-07 15:25:32
1133,1133,Wallet,Success,232.44,2026-02-06 09:27:00
1134,1134,COD,Success,2021.2,2026-06-21 21:43:08
1135,1135,NetBanking,Success,1798.45,2026-07-24 10:57:18
1136,1136,Card,Success,3274.52,2026-07-11 21:18:32
1137,1137,COD,Success,1185.32,2026-06-06 18:15:13
1138,1138,Card,Success,853.87,2026-02-18 10:16:03
1139,1139,UPI,Success,7393.95,2026-07-10 16:38:08
1140,1140,Wallet,Success,4398.98,2026-03-10 20:03:21
1141,1141,COD,Success,4475.03,2026-03-02 08:17:32
1142,1142,UPI,Success,938.56,2026-07-24 22:07:26
1143,1143,Wallet,Success,2312.16,2026-03-06 22:58:36
1144,1144,UPI,Success,240.8,2026-04-19 08:35:35
1145,1145,UPI,Success,2521.67,2026-04-22 08:06:31
1146,1146,COD,Success,1286.89,2026-07-27 16:53:10
1147,1147,COD,Success,1063.72,2026-02-20 16:55:52
1148,1148,COD,Success,2140.37,2026-06-12 19:45:13
1149,1149,UPI,Success,4593.92,2026-05-02 11:19:32
1150,1150,UPI,Success,2110.76,2026-06-25 09:01:28
1151,1151,Wallet,Success,2149.15,2026-06-13 13:33:57
1152,1152,Card,Success,1987.24,2026-05-30 13:18:51
1153,1153,NetBanking,Success,1737.08,2026-06-27 09:10:11
1154,1154,Wallet,Success,823.72,2026-05-29 09:15:31
1155,1155,COD,Refunded,0.0,2026-02-27 11:42:59
1156,1156,Card,Success,3557.59,2026-05-28 07:04:16
1157,1157,Card,Failed,0.0,2026-02-16 11:10:23
1158,1158,UPI,Refunded,0.0,2026-07-27 16:17:45
1159,1159,UPI,Success,2999.49,2026-04-29 11:22:01
1160,1160,Wallet,Success,1178.5,2026-05-20 18:30:58
1161,1161,NetBanking,Success,3139.04,2026-03-10 23:03:07
1162,1162,NetBanking,Success,2305.9,2026-04-09 17:26:32
1163,1163,Wallet,Success,2039.64,2026-07-13 13:45:56
1164,1164,COD,Success,1725.73,2026-04-07 08:44:17
1165,1165,NetBanking,Success,1743.28,2026-07-18 22:12:30
1166,1166,Card,Success,507.34,2026-06-26 22:08:55
1167,1167,NetBanking,Success,2784.96,2026-02-26 22:51:42
1168,1168,Card,Success,3979.67,2026-03-18 10:28:48
1169,1169,Card,Success,3996.48,2026-04-26 19:58:56
1170,1170,Card,Success,568.45,2026-06-08 12:36:07
1171,1171,UPI,Success,1431.17,2026-03-14 20:45:47
1172,1172,Wallet,Success,1095.7,2026-06-25 12:04:13
1173,1173,COD,Success,530.71,2026-03-21 20:20:01
1174,1174,NetBanking,Success,2148.91,2026-03-09 17:54:59
1175,1175,NetBanking,Success,1183.62,2026-04-10 16:41:39
1176,1176,Wallet,Success,189.56,2026-03-15 12:06:17
1177,1177,UPI,Success,484.46,2026-06-23 10:53:26
1178,1178,Card,Success,3254.34,2026-07-28 12:22:05
1179,1179,NetBanking,Success,3736.38,2026-06-25 07:39:19
1180,1180,COD,Success,2162.81,2026-03-20 18:23:14
1181,1181,UPI,Success,3556.83,2026-04-16 20:34:08
1182,1182,Wallet,Success,1126.45,2026-03-29 19:21:18
1183,1183,NetBanking,Success,2657.64,2026-06-18 18:54:00
1184,1184,NetBanking,Success,3297.36,2026-04-25 16:51:10
1185,1185,Wallet,Success,2461.14,2026-07-05 12:41:15
1186,1186,UPI,Success,6896.48,2026-08-03 07:20:09
1187,1187,Card,Success,1643.8,2026-03-04 15:06:47
1188,1188,UPI,Success,2243.76,2026-02-11 20:11:05
1189,1189,NetBanking,Refunded,0.0,2026-06-23 11:06:00
1190,1190,UPI,Success,1950.87,2026-06-28 23:16:52
1191,1191,Card,Success,4784.94,2026-06-29 23:40:39
1192,1192,UPI,Success,821.16,2026-06-15 18:30:14
1193,1193,UPI,Success,1518.33,2026-03-04 11:41:40
1194,1194,UPI,Success,72.21,2026-05-30 23:34:51
1195,1195,Card,Success,5036.06,2026-04-09 07:39:11
1196,1196,NetBanking,Success,1956.94,2026-05-17 07:47:32
1197,1197,Card,Success,217.94,2026-04-14 15:33:34
1198,1198,Card,Success,1182.01,2026-07-27 15:13:50
1199,1199,UPI,Success,578.04,2026-04-25 17:04:04
1200,1200,Wallet,Success,2550.68,2026-05-15 16:37:04
1201,1201,Card,Success,3442.12,2026-05-29 19:35:05
1202,1202,UPI,Success,951.17,2026-06-26 18:55:19
1203,1203,COD,Success,1549.02,2026-06-25 15:50:44
1204,1204,UPI,Failed,0.0,2026-04-05 10:14:04
1205,1205,Card,Success,3010.71,2026-02-20 08:53:03
1206,1206,Card,Success,749.5,2026-04-01 12:56:29
1207,1207,NetBanking,Success,4112.75,2026-07-02 09:24:20
1208,1208,UPI,Success,2563.96,2026-07-20 17:16:35
1209,1209,UPI,Success,2739.03,2026-05-03 14:03:46
1210,1210,Card,Success,715.19,2026-05-04 11:57:19
1211,1211,Card,Success,1552.5,2026-07-24 11:50:23
1212,1212,NetBanking,Success,3508.38,2026-04-04 20:52:36
1213,1213,Card,Success,789.65,2026-05-24 10:29:55
1214,1214,UPI,Success,973.58,2026-03-27 08:48:47
1215,1215,UPI,Success,4777.42,2026-05-03 15:53:26
1216,1216,UPI,Success,1590.45,2026-04-12 20:25:49
1217,1217,Card,Success,1747.74,2026-05-29 22:57:24
1218,1218,UPI,Success,3572.22,2026-06-13 21:47:35
1219,1219,UPI,Success,2040.04,2026-03-13 11:57:04
1220,1220,NetBanking,Success,1302.38,2026-07-05 08:39:19
1221,1221,Wallet,Success,3285.54,2026-06-04 12:21:49
1222,1222,Wallet,Success,5541.58,2026-03-05 14:07:21
1223,1223,Wallet,Success,2639.72,2026-03-19 15:17:32
1224,1224,UPI,Success,243.56,2026-02-14 13:44:24
1225,1225,Wallet,Success,2154.48,2026-03-13 14:24:00
1226,1226,UPI,Success,3676.55,2026-07-21 13:36:13
1227,1227,COD,Success,3425.53,2026-04-09 21:49:43
1228,1228,COD,Success,1209.13,2026-03-15 13:37:47
1229,1229,Wallet,Success,3875.42,2026-07-24 13:54:17
1230,1230,Wallet,Success,4336.74,2026-06-22 08:55:15
1231,1231,NetBanking,Success,876.63,2026-07-21 15:04:08
1232,1232,Wallet,Success,2648.5,2026-06-17 07:37:16
1233,1233,Wallet,Success,3229.94,2026-08-02 23:28:43
1234,1234,UPI,Refunded,0.0,2026-02-09 23:43:13
1235,1235,UPI,Success,345.14,2026-06-14 22:22:03
1236,1236,COD,Success,2204.14,2026-03-20 14:59:06
1237,1237,Wallet,Success,981.47,2026-03-04 07:16:38
1238,1238,Card,Success,1226.33,2026-05-30 22:43:21
1239,1239,UPI,Success,2479.32,2026-06-16 19:33:22
1240,1240,UPI,Success,4977.05,2026-05-03 18:24:33
1241,1241,NetBanking,Success,3220.89,2026-05-09 17:56:51
1242,1242,COD,Success,2535.94,2026-08-01 23:19:27
1243,1243,Wallet,Success,967.17,2026-03-02 09:26:21
1244,1244,Wallet,Success,728.01,2026-06-10 10:48:22
1245,1245,NetBanking,Success,996.64,2026-07-11 18:04:05
1246,1246,UPI,Success,2870.43,2026-02-28 18:01:23
1247,1247,NetBanking,Success,2038.48,2026-06-27 10:40:38
1248,1248,Card,Success,4169.28,2026-05-15 11:52:40
1249,1249,UPI,Success,964.62,2026-04-16 09:50:06
1250,1250,UPI,Success,913.26,2026-02-11 13:27:57
1251,1251,UPI,Success,2533.5,2026-04-07 16:00:59
1252,1252,NetBanking,Refunded,0.0,2026-04-25 09:09:09
1253,1253,Wallet,Refunded,0.0,2026-08-03 17:57:47
1254,1254,Wallet,Failed,0.0,2026-02-24 23:27:44
1255,1255,Card,Success,2052.64,2026-05-22 10:20:32
1256,1256,NetBanking,Success,1286.13,2026-05-02 10:23:44
1257,1257,UPI,Success,3053.86,2026-06-23 16:21:31
1258,1258,UPI,Success,2038.09,2026-05-20 11:37:07
1259,1259,UPI,Success,3558.08,2026-06-27 19:43:26
1260,1260,Wallet,Success,725.6,2026-07-20 19:26:48
1261,1261,Wallet,Success,139.6,2026-05-15 14:32:33
1262,1262,UPI,Refunded,0.0,2026-04-11 22:55:47
1263,1263,NetBanking,Success,750.5,2026-07-13 10:29:56
1264,1264,COD,Success,2214.25,2026-03-30 21:41:27
1265,1265,NetBanking,Success,353.06,2026-07-01 18:50:02
1266,1266,Wallet,Success,4826.22,2026-07-18 11:03:29
1267,1267,NetBanking,Failed,0.0,2026-05-14 22:22:17
1268,1268,COD,Refunded,0.0,2026-04-10 16:36:54
1269,1269,UPI,Success,174.48,2026-05-21 12:35:48
1270,1270,Card,Success,3252.0,2026-06-28 20:12:10
1271,1271,UPI,Success,4679.95,2026-04-22 14:18:13
1272,1272,UPI,Success,2049.09,2026-02-17 14:34:41
1273,1273,Card,Success,2433.61,2026-05-29 17:49:48
1274,1274,Card,Success,3826.23,2026-03-22 08:01:05
1275,1275,NetBanking,Success,900.62,2026-07-19 21:43:52
1276,1276,UPI,Failed,0.0,2026-06-14 14:15:35
1277,1277,NetBanking,Success,3475.19,2026-03-09 20:18:04
1278,1278,UPI,Success,1138.52,2026-05-26 17:30:11
1279,1279,UPI,Success,2115.05,2026-07-18 18:55:00
1280,1280,NetBanking,Success,2482.31,2026-06-02 10:56:04
1281,1281,Wallet,Failed,0.0,2026-04-24 11:05:44
1282,1282,UPI,Success,264.02,2026-06-04 07:23:05
1283,1283,UPI,Refunded,0.0,2026-08-04 08:59:58
1284,1284,Card,Failed,0.0,2026-07-04 12:29:48
1285,1285,UPI,Success,3662.6,2026-06-16 15:56:16
1286,1286,Card,Success,2892.51,2026-02-06 17:37:12
1287,1287,UPI,Success,2301.82,2026-04-27 21:13:01
1288,1288,UPI,Success,1420.44,2026-03-09 11:16:26
1289,1289,Wallet,Success,2712.17,2026-07-24 09:38:06
1290,1290,Card,Success,704.88,2026-06-27 16:50:44
1291,1291,Card,Success,657.54,2026-03-18 07:47:22
1292,1292,NetBanking,Success,1451.2,2026-06-07 14:44:17
1293,1293,Wallet,Success,1056.29,2026-07-05 18:04:08
1294,1294,COD,Success,2133.9,2026-04-02 13:15:44
1295,1295,COD,Success,757.43,2026-07-31 18:06:36
1296,1296,UPI,Refunded,0.0,2026-07-24 07:30:55
1297,1297,UPI,Success,1294.9,2026-04-29 19:17:25
1298,1298,Wallet,Failed,0.0,2026-02-07 16:06:07
1299,1299,Card,Refunded,0.0,2026-03-28 14:01:57
1300,1300,Wallet,Success,3984.07,2026-06-05 12:36:14
1301,1301,Wallet,Success,1244.14,2026-03-06 15:50:39
1302,1302,NetBanking,Failed,0.0,2026-06-03 15:14:42
1303,1303,NetBanking,Success,765.62,2026-05-27 14:51:55
1304,1304,Card,Success,4653.88,2026-05-17 19:34:39
1305,1305,Card,Success,1194.17,2026-02-13 21:24:56
1306,1306,NetBanking,Success,1993.95,2026-04-23 23:06:11
1307,1307,NetBanking,Success,2733.28,2026-03-22 14:44:55
1308,1308,Wallet,Success,3086.35,2026-03-08 11:53:18
1309,1309,Wallet,Success,866.22,2026-06-26 23:10:14
1310,1310,COD,Success,2798.03,2026-03-06 22:37:17
1311,1311,Wallet,Success,100.48,2026-07-31 14:59:44
1312,1312,COD,Success,1042.9,2026-05-09 15:27:35
1313,1313,Wallet,Success,3149.26,2026-04-04 11:35:07
1314,1314,COD,Success,3231.55,2026-06-17 22:18:15
1315,1315,UPI,Success,2143.96,2026-06-30 22:44:06
1316,1316,NetBanking,Success,2330.16,2026-04-29 20:01:03
1317,1317,NetBanking,Success,1200.46,2026-07-07 20:34:37
1318,1318,COD,Success,378.33,2026-03-19 07:19:58
1319,1319,NetBanking,Success,3653.64,2026-06-07 17:23:20
1320,1320,Wallet,Success,2995.2,2026-05-26 07:16:31
1321,1321,NetBanking,Success,2386.02,2026-07-02 22:18:49
1322,1322,Card,Success,2207.25,2026-07-11 23:28:06
1323,1323,COD,Success,614.8,2026-07-09 11:52:05
1324,1324,COD,Success,2866.22,2026-06-18 08:01:25
1325,1325,COD,Success,6297.62,2026-06-14 23:09:30
1326,1326,Card,Success,4185.96,2026-06-30 09:53:34
1327,1327,Wallet,Success,1239.02,2026-02-13 11:19:15
1328,1328,NetBanking,Success,2911.26,2026-05-29 13:51:06
1329,1329,NetBanking,Success,868.46,2026-03-12 11:44:28
1330,1330,NetBanking,Success,360.16,2026-05-07 17:32:20
1331,1331,Card,Success,1969.94,2026-07-27 22:57:20
1332,1332,NetBanking,Failed,0.0,2026-05-11 22:26:59
1333,1333,Wallet,Success,1325.02,2026-06-24 23:06:35
1334,1334,COD,Success,1636.27,2026-02-21 15:53:42
1335,1335,NetBanking,Success,979.96,2026-05-23 07:05:16
1336,1336,UPI,Success,4621.94,2026-02-23 15:57:06
1337,1337,COD,Success,2633.21,2026-04-09 09:24:27
1338,1338,UPI,Success,3851.3,2026-06-07 16:35:57
1339,1339,Wallet,Success,993.01,2026-03-09 15:06:19
1340,1340,UPI,Success,944.71,2026-05-23 17:12:01
1341,1341,Wallet,Refunded,0.0,2026-03-11 17:05:28
1342,1342,Card,Success,1160.16,2026-07-06 17:45:21
1343,1343,NetBanking,Success,1636.02,2026-07-31 18:24:30
1344,1344,UPI,Success,4422.97,2026-04-18 11:59:56
1345,1345,Card,Success,3633.37,2026-06-19 18:37:45
1346,1346,NetBanking,Success,3697.58,2026-07-29 20:42:39
1347,1347,UPI,Success,1154.4,2026-05-13 23:30:21
1348,1348,NetBanking,Success,2160.38,2026-07-11 07:22:06
1349,1349,Wallet,Success,1530.51,2026-03-18 08:28:20
1350,1350,COD,Success,2932.04,2026-07-14 14:01:26
1351,1351,UPI,Success,1568.59,2026-03-13 17:35:10
1352,1352,UPI,Success,1779.14,2026-03-26 22:27:32
1353,1353,COD,Success,2276.19,2026-08-04 23:59:01
1354,1354,UPI,Success,3896.3,2026-06-04 07:52:30
1355,1355,Wallet,Success,3209.9,2026-06-14 18:41:11
1356,1356,Wallet,Success,4008.7,2026-06-11 16:01:56
1357,1357,Card,Failed,0.0,2026-07-06 00:01:34
1358,1358,UPI,Success,5050.37,2026-05-29 13:42:52
1359,1359,Card,Success,2702.95,2026-06-29 20:06:09
1360,1360,NetBanking,Success,1000.32,2026-07-26 15:34:12
1361,1361,Card,Refunded,0.0,2026-04-16 23:48:53
1362,1362,NetBanking,Success,1983.81,2026-02-05 22:21:25
1363,1363,UPI,Success,298.94,2026-05-23 20:09:42
1364,1364,COD,Success,1872.17,2026-08-04 08:04:25
1365,1365,UPI,Success,4080.43,2026-07-20 14:35:43
1366,1366,Wallet,Success,490.2,2026-06-17 12:28:35
1367,1367,UPI,Success,2240.16,2026-03-01 11:11:48
1368,1368,COD,Success,1703.94,2026-03-30 20:49:15
1369,1369,NetBanking,Success,1735.43,2026-03-26 09:32:19
1370,1370,Wallet,Success,3425.41,2026-04-19 19:38:03
1371,1371,Wallet,Success,3101.9,2026-05-30 12:29:49
1372,1372,Card,Success,1754.47,2026-02-21 23:47:55
1373,1373,Wallet,Success,1075.4,2026-04-07 17:14:34
1374,1374,NetBanking,Success,3743.74,2026-06-23 18:55:07
1375,1375,Wallet,Success,3206.99,2026-03-18 12:36:44
1376,1376,COD,Success,1886.46,2026-06-23 14:43:20
1377,1377,COD,Refunded,0.0,2026-07-01 20:55:00
1378,1378,UPI,Success,428.58,2026-07-04 07:53:42
1379,1379,UPI,Success,2855.64,2026-07-18 14:15:17
1380,1380,Wallet,Success,4142.84,2026-02-09 14:12:51
1381,1381,COD,Success,2878.62,2026-06-24 08:08:21
1382,1382,UPI,Success,2303.76,2026-05-21 14:14:02
1383,1383,UPI,Success,372.81,2026-06-23 10:12:45
1384,1384,Wallet,Success,127.39,2026-06-23 16:15:33
1385,1385,UPI,Success,3831.4,2026-07-21 09:35:37
1386,1386,Card,Success,2201.18,2026-02-24 19:00:55
1387,1387,COD,Success,949.39,2026-07-23 18:28:47
1388,1388,Card,Success,4183.5,2026-03-26 22:01:00
1389,1389,UPI,Success,1273.92,2026-02-08 20:33:00
1390,1390,COD,Success,504.0,2026-05-29 23:05:34
1391,1391,COD,Success,5034.12,2026-04-24 20:49:12
1392,1392,Wallet,Success,1337.44,2026-07-05 23:14:54
1393,1393,NetBanking,Success,3993.42,2026-07-05 19:19:53
1394,1394,UPI,Success,2585.2,2026-03-19 22:38:31
1395,1395,Wallet,Success,3431.34,2026-07-23 12:46:23
1396,1396,NetBanking,Success,2772.58,2026-02-22 10:24:46
1397,1397,UPI,Success,2381.45,2026-05-29 12:05:45
1398,1398,UPI,Success,1405.75,2026-02-06 22:26:54
1399,1399,COD,Success,6340.36,2026-03-05 22:16:55
1400,1400,Card,Success,841.01,2026-02-16 23:28:47
1401,1401,Card,Success,1750.18,2026-04-26 19:47:31
1402,1402,Card,Success,1641.64,2026-03-20 19:00:03
1403,1403,UPI,Failed,0.0,2026-07-18 11:10:17
1404,1404,NetBanking,Success,2169.2,2026-06-14 21:08:40
1405,1405,Card,Success,2996.95,2026-04-18 20:48:59
1406,1406,Card,Refunded,0.0,2026-07-05 10:58:29
1407,1407,NetBanking,Success,2836.78,2026-06-15 19:14:41
1408,1408,NetBanking,Success,380.33,2026-05-21 11:52:39
1409,1409,UPI,Success,2221.58,2026-07-18 12:01:11
1410,1410,UPI,Success,931.45,2026-07-09 10:59:09
1411,1411,Card,Success,3037.46,2026-03-29 12:58:52
1412,1412,Wallet,Success,1925.39,2026-02-14 10:57:39
1413,1413,NetBanking,Success,2779.27,2026-07-20 09:56:45
1414,1414,Wallet,Success,224.13,2026-02-17 17:30:46
1415,1415,COD,Success,1609.83,2026-02-21 16:15:52
1416,1416,Wallet,Failed,0.0,2026-06-30 23:56:38
1417,1417,UPI,Success,940.48,2026-04-24 14:26:02
1418,1418,Wallet,Success,2489.01,2026-07-13 21:43:47
1419,1419,NetBanking,Success,3880.14,2026-02-22 08:48:55
1420,1420,Card,Success,159.69,2026-08-01 14:41:11
1421,1421,Wallet,Success,710.22,2026-06-27 07:08:58
1422,1422,COD,Success,2253.16,2026-04-17 19:19:36
1423,1423,Wallet,Success,2805.21,2026-03-16 07:31:50
1424,1424,NetBanking,Success,1541.5,2026-02-11 17:45:33
1425,1425,UPI,Success,2143.66,2026-06-29 16:57:46
1426,1426,Wallet,Success,2312.16,2026-03-16 12:14:11
1427,1427,COD,Success,314.93,2026-06-10 10:55:29
1428,1428,UPI,Success,5139.88,2026-04-08 11:21:07
1429,1429,COD,Success,861.66,2026-03-26 14:19:01
1430,1430,NetBanking,Refunded,0.0,2026-08-03 08:08:15
1431,1431,Card,Success,2363.68,2026-03-21 11:39:23
1432,1432,Card,Success,3954.97,2026-05-03 14:22:06
1433,1433,UPI,Refunded,0.0,2026-06-21 15:26:18
1434,1434,NetBanking,Success,2816.96,2026-05-20 18:33:48
1435,1435,UPI,Success,3802.58,2026-07-10 12:52:36
1436,1436,Wallet,Success,3353.98,2026-02-25 13:41:04
1437,1437,NetBanking,Success,174.33,2026-03-02 13:42:53
1438,1438,COD,Success,3237.32,2026-05-21 21:02:09
1439,1439,UPI,Success,1482.99,2026-07-24 17:52:59
1440,1440,Card,Success,6940.57,2026-06-07 11:17:06
1441,1441,UPI,Success,2613.28,2026-06-19 16:34:46
1442,1442,Card,Success,2506.99,2026-06-18 18:34:14
1443,1443,Wallet,Success,1757.43,2026-06-22 08:24:44
1444,1444,NetBanking,Success,3884.95,2026-07-29 17:04:35
1445,1445,NetBanking,Success,309.21,2026-06-09 19:52:32
1446,1446,COD,Failed,0.0,2026-03-08 16:49:16
1447,1447,Card,Failed,0.0,2026-06-07 07:53:52
1448,1448,UPI,Refunded,0.0,2026-06-28 15:54:13
1449,1449,NetBanking,Success,4788.3,2026-04-24 19:15:33
1450,1450,NetBanking,Refunded,0.0,2026-05-02 17:22:08
1451,1451,Card,Success,2356.69,2026-02-06 12:34:40
1452,1452,NetBanking,Success,3977.06,2026-04-17 16:30:40
1453,1453,COD,Success,2824.11,2026-06-13 07:35:37
1454,1454,NetBanking,Success,716.94,2026-02-09 13:39:06
1455,1455,COD,Success,2307.69,2026-05-06 15:39:11
1456,1456,Wallet,Success,1150.26,2026-04-12 09:32:43
1457,1457,NetBanking,Success,1234.95,2026-02-17 14:56:18
1458,1458,Wallet,Success,2973.79,2026-04-25 22:24:29
1459,1459,NetBanking,Success,782.04,2026-07-17 14:55:35
1460,1460,NetBanking,Success,6286.29,2026-03-07 13:53:44
1461,1461,COD,Success,2382.96,2026-04-03 16:20:21
1462,1462,UPI,Success,1709.32,2026-02-05 09:00:24
1463,1463,Wallet,Success,130.8,2026-04-13 16:13:39
1464,1464,UPI,Success,1130.24,2026-02-09 11:51:03
1465,1465,UPI,Success,4485.74,2026-02-21 10:03:10
1466,1466,Wallet,Refunded,0.0,2026-04-03 09:04:54
1467,1467,NetBanking,Success,2059.65,2026-03-26 19:43:35
1468,1468,Wallet,Success,5386.7,2026-03-12 13:27:10
1469,1469,Wallet,Refunded,0.0,2026-07-28 14:27:27
1470,1470,COD,Failed,0.0,2026-06-27 08:51:02
1471,1471,Wallet,Refunded,0.0,2026-07-18 23:11:03
1472,1472,Wallet,Success,2136.4,2026-03-31 18:39:14
1473,1473,Wallet,Success,2421.26,2026-05-13 13:54:51
1474,1474,COD,Success,153.97,2026-02-15 12:04:14
1475,1475,Wallet,Success,1252.79,2026-07-27 11:11:35
1476,1476,Card,Success,1301.98,2026-06-26 15:24:31
1477,1477,Card,Success,376.4,2026-07-27 12:54:21
1478,1478,UPI,Success,1916.56,2026-07-23 22:32:09
1479,1479,Card,Success,3532.0,2026-04-10 17:27:42
1480,1480,UPI,Success,1480.62,2026-03-01 19:52:33
1481,1481,UPI,Success,2474.77,2026-03-14 11:15:32
1482,1482,UPI,Success,425.9,2026-02-06 21:48:44
1483,1483,Card,Success,164.2,2026-07-06 14:15:09
1484,1484,NetBanking,Success,541.45,2026-06-08 15:23:38
1485,1485,Card,Success,1887.96,2026-02-26 19:54:34
1486,1486,UPI,Success,1355.71,2026-07-09 12:04:39
1487,1487,COD,Refunded,0.0,2026-03-07 19:05:07
1488,1488,Wallet,Success,4014.73,2026-06-26 18:35:50
1489,1489,Wallet,Success,1863.18,2026-04-17 08:36:58
1490,1490,Card,Success,3813.98,2026-06-30 10:24:41
1491,1491,UPI,Success,2321.56,2026-05-12 15:05:41
1492,1492,NetBanking,Success,3750.98,2026-06-27 16:12:41
1493,1493,Wallet,Success,4990.38,2026-04-02 16:52:04
1494,1494,NetBanking,Refunded,0.0,2026-06-19 10:24:21
1495,1495,Wallet,Success,191.2,2026-04-18 16:38:04
1496,1496,UPI,Success,3369.23,2026-05-25 18:45:44
1497,1497,UPI,Success,3646.76,2026-05-27 12:56:35
1498,1498,NetBanking,Success,3883.44,2026-06-20 14:24:58
1499,1499,UPI,Success,2111.96,2026-06-10 16:16:34
1500,1500,Wallet,Refunded,0.0,2026-05-08 09:26:12
1501,1501,COD,Success,1744.49,2026-04-07 09:50:19
1502,1502,Wallet,Success,504.09,2026-03-24 19:33:12
1503,1503,COD,Success,545.53,2026-07-25 16:58:35
1504,1504,UPI,Success,1675.07,2026-04-17 11:22:41
1505,1505,Wallet,Success,2888.53,2026-07-09 23:27:45
1506,1506,COD,Success,2918.71,2026-06-29 13:56:23
1507,1507,COD,Success,1086.66,2026-04-12 12:10:49
1508,1508,COD,Success,5176.03,2026-07-31 15:24:54
1509,1509,Card,Success,472.84,2026-03-13 18:10:11
1510,1510,Card,Success,3489.51,2026-06-21 16:38:21
1511,1511,COD,Failed,0.0,2026-04-11 11:59:08
1512,1512,Card,Success,340.15,2026-07-23 11:07:14
1513,1513,COD,Success,1959.18,2026-08-02 12:12:42
1514,1514,COD,Success,4160.39,2026-04-04 12:24:37
1515,1515,COD,Success,6619.92,2026-04-12 10:09:25
1516,1516,Card,Refunded,0.0,2026-07-09 10:11:03
1517,1517,NetBanking,Success,2041.95,2026-05-14 08:17:44
1518,1518,Wallet,Success,717.92,2026-07-10 16:35:02
1519,1519,Wallet,Success,1239.82,2026-02-16 19:18:04
1520,1520,COD,Success,2193.44,2026-04-12 09:26:28
1521,1521,UPI,Success,1841.62,2026-05-21 21:57:02
1522,1522,NetBanking,Success,2980.92,2026-06-16 07:10:12
1523,1523,Card,Success,2683.04,2026-03-13 12:01:14
1524,1524,NetBanking,Success,2572.89,2026-05-04 21:41:17
1525,1525,COD,Success,482.17,2026-06-28 08:57:11
1526,1526,Card,Success,624.06,2026-03-12 08:38:36
1527,1527,UPI,Success,544.4,2026-05-03 11:10:02
1528,1528,COD,Success,5845.96,2026-07-21 19:01:29
1529,1529,NetBanking,Success,3100.2,2026-03-13 19:39:02
1530,1530,COD,Success,3957.6,2026-03-03 09:32:01
1531,1531,COD,Success,2691.14,2026-02-21 13:43:06
1532,1532,COD,Success,3914.15,2026-04-30 17:27:38
1533,1533,Wallet,Success,4467.46,2026-03-16 10:52:26
1534,1534,UPI,Success,1397.31,2026-06-07 16:50:41
1535,1535,UPI,Refunded,0.0,2026-02-06 08:23:50
1536,1536,Card,Success,3156.46,2026-07-08 10:46:12
1537,1537,UPI,Success,1287.34,2026-07-30 23:26:11
1538,1538,UPI,Success,888.53,2026-03-23 23:09:23
1539,1539,UPI,Success,3613.96,2026-06-08 19:58:36
1540,1540,Wallet,Success,69.8,2026-05-04 09:08:54
1541,1541,COD,Success,32.48,2026-07-04 13:39:21
1542,1542,NetBanking,Success,3765.39,2026-05-17 12:06:26
1543,1543,Wallet,Success,2810.5,2026-07-27 20:26:24
1544,1544,Card,Success,2831.94,2026-06-12 22:17:56
1545,1545,COD,Success,4040.19,2026-05-30 09:23:28
1546,1546,COD,Success,3759.43,2026-04-23 07:31:08
1547,1547,Card,Success,525.34,2026-05-11 17:02:41
1548,1548,Wallet,Success,2282.48,2026-04-03 09:22:57
1549,1549,Card,Success,2817.23,2026-04-05 09:08:08
1550,1550,COD,Success,1216.85,2026-04-06 14:48:59
1551,1551,UPI,Success,401.68,2026-07-22 12:42:06
1552,1552,UPI,Success,5722.69,2026-02-05 22:43:50
1553,1553,Card,Success,3421.9,2026-05-18 23:39:03
1554,1554,Wallet,Success,2276.62,2026-04-24 13:19:25
1555,1555,Card,Success,1559.63,2026-04-20 18:54:33
1556,1556,COD,Success,6404.3,2026-05-27 16:00:13
1557,1557,Card,Success,3176.59,2026-07-30 17:43:32
1558,1558,Card,Success,2182.95,2026-05-03 23:52:30
1559,1559,COD,Success,3328.81,2026-05-09 14:43:52
1560,1560,Wallet,Success,1968.22,2026-02-12 23:31:00
1561,1561,NetBanking,Success,86.56,2026-07-10 19:21:01
1562,1562,Wallet,Refunded,0.0,2026-06-14 08:54:50
1563,1563,COD,Success,2235.53,2026-03-01 22:04:01
1564,1564,COD,Success,4805.84,2026-06-18 11:22:02
1565,1565,NetBanking,Success,2316.95,2026-02-21 07:49:35
1566,1566,NetBanking,Success,282.74,2026-07-04 23:10:03
1567,1567,COD,Success,802.91,2026-06-27 21:09:25
1568,1568,NetBanking,Success,465.0,2026-05-21 16:07:49
1569,1569,NetBanking,Success,1331.77,2026-03-29 10:25:46
1570,1570,Wallet,Success,1024.73,2026-04-01 07:44:35
1571,1571,NetBanking,Success,370.59,2026-02-19 16:41:40
1572,1572,Wallet,Success,2511.28,2026-05-15 10:34:10
1573,1573,UPI,Success,2099.8,2026-03-21 08:05:52
1574,1574,Card,Success,2033.5,2026-08-04 16:25:53
1575,1575,Card,Success,1189.34,2026-07-25 00:00:11
1576,1576,UPI,Success,550.09,2026-07-03 22:47:12
1577,1577,NetBanking,Failed,0.0,2026-05-15 17:30:13
1578,1578,COD,Success,3087.62,2026-08-01 14:12:50
1579,1579,COD,Success,1135.5,2026-06-29 22:17:21
1580,1580,UPI,Success,829.47,2026-05-02 22:58:06
1581,1581,UPI,Failed,0.0,2026-04-04 14:47:57
1582,1582,COD,Success,5754.51,2026-02-09 21:55:07
1583,1583,Wallet,Success,3907.62,2026-03-14 07:24:47
1584,1584,Card,Success,2911.49,2026-05-06 11:38:36
1585,1585,COD,Success,6060.54,2026-05-16 07:37:13
1586,1586,NetBanking,Success,2491.38,2026-06-23 08:31:17
1587,1587,NetBanking,Success,3994.6,2026-03-18 21:12:39
1588,1588,Wallet,Success,211.24,2026-02-23 10:14:41
1589,1589,NetBanking,Success,3680.39,2026-07-24 22:01:18
1590,1590,Card,Success,4493.69,2026-05-14 13:26:22
1591,1591,Card,Success,2811.17,2026-06-23 08:23:31
1592,1592,Card,Success,3115.02,2026-06-03 20:09:58
1593,1593,Wallet,Success,2793.74,2026-06-30 17:05:00
1594,1594,UPI,Success,3600.51,2026-05-12 07:19:40
1595,1595,NetBanking,Success,4436.1,2026-02-05 07:53:47
1596,1596,UPI,Success,3864.49,2026-05-13 09:47:07
1597,1597,UPI,Success,6093.04,2026-02-05 08:28:00
1598,1598,Wallet,Success,1450.19,2026-04-16 13:33:04
1599,1599,NetBanking,Success,3490.13,2026-02-21 16:47:02
1600,1600,Wallet,Success,301.25,2026-03-13 19:46:12
1601,1601,COD,Success,1446.29,2026-03-06 23:35:50
1602,1602,Wallet,Success,706.66,2026-02-05 16:03:14
1603,1603,Card,Success,2906.9,2026-02-28 21:17:10
1604,1604,Wallet,Success,1505.18,2026-06-03 17:45:13
1605,1605,UPI,Success,4276.24,2026-02-26 22:32:46
1606,1606,NetBanking,Success,2223.12,2026-04-15 13:42:22
1607,1607,UPI,Success,1504.03,2026-07-05 23:27:52
1608,1608,NetBanking,Success,2446.35,2026-03-20 15:28:27
1609,1609,NetBanking,Success,2580.42,2026-05-15 15:43:16
1610,1610,NetBanking,Success,7359.4,2026-02-11 14:15:06
1611,1611,Wallet,Success,3375.61,2026-03-08 13:49:00
1612,1612,COD,Success,1140.34,2026-06-29 09:23:23
1613,1613,COD,Success,656.76,2026-06-15 09:15:51
1614,1614,Wallet,Failed,0.0,2026-03-27 17:07:22
1615,1615,NetBanking,Success,700.8,2026-03-16 07:53:36
1616,1616,UPI,Success,4986.99,2026-03-05 14:37:11
1617,1617,Wallet,Success,705.36,2026-04-19 08:42:59
1618,1618,Card,Success,4841.06,2026-04-20 17:47:54
1619,1619,Card,Success,2273.12,2026-05-14 21:03:42
1620,1620,Wallet,Success,592.5,2026-04-12 11:05:20
1621,1621,UPI,Success,2399.23,2026-03-24 23:32:01
1622,1622,Wallet,Failed,0.0,2026-05-17 09:50:05
1623,1623,NetBanking,Success,3482.6,2026-07-14 10:06:03
1624,1624,Wallet,Success,2497.07,2026-08-01 12:32:21
1625,1625,Wallet,Success,259.43,2026-05-12 13:52:37
1626,1626,NetBanking,Success,296.91,2026-03-03 23:07:43
1627,1627,COD,Success,1045.83,2026-04-21 13:46:27
1628,1628,UPI,Success,221.19,2026-02-22 21:04:08
1629,1629,COD,Success,3484.72,2026-06-09 20:09:39
1630,1630,NetBanking,Success,5633.62,2026-04-24 15:17:30
1631,1631,NetBanking,Success,1159.09,2026-05-22 10:48:19
1632,1632,NetBanking,Success,3496.38,2026-06-26 13:12:32
1633,1633,Wallet,Success,3183.63,2026-06-07 21:48:58
1634,1634,Wallet,Success,2341.39,2026-05-20 21:02:27
1635,1635,UPI,Success,1351.41,2026-07-28 22:43:06
1636,1636,NetBanking,Success,4904.42,2026-07-22 15:45:23
1637,1637,UPI,Success,1812.57,2026-05-24 08:55:50
1638,1638,Wallet,Success,217.94,2026-04-19 20:09:19
1639,1639,NetBanking,Success,2902.98,2026-04-02 22:03:49
1640,1640,UPI,Success,2044.19,2026-04-18 21:27:10
1641,1641,UPI,Success,600.9,2026-02-07 13:28:02
1642,1642,COD,Success,3179.01,2026-06-20 20:38:56
1643,1643,Wallet,Success,640.08,2026-02-26 07:40:16
1644,1644,UPI,Success,1041.86,2026-03-04 18:48:53
1645,1645,Wallet,Success,2327.86,2026-04-30 13:06:58
1646,1646,Card,Failed,0.0,2026-05-10 23:58:36
1647,1647,NetBanking,Success,316.97,2026-04-04 09:50:53
1648,1648,UPI,Success,4421.4,2026-06-08 10:57:39
1649,1649,NetBanking,Success,1364.3,2026-02-27 07:26:09
1650,1650,COD,Success,3746.08,2026-07-15 12:06:39
1651,1651,COD,Success,2798.4,2026-04-12 21:45:30
1652,1652,Card,Success,1318.25,2026-08-01 07:59:31
1653,1653,Card,Success,3468.29,2026-04-16 18:20:56
1654,1654,NetBanking,Success,4514.52,2026-05-15 08:48:37
1655,1655,NetBanking,Success,2480.83,2026-07-14 15:21:46
1656,1656,UPI,Success,2287.02,2026-04-22 14:10:38
1657,1657,COD,Success,1006.86,2026-03-16 14:39:04
1658,1658,Wallet,Success,3805.92,2026-02-27 12:47:33
1659,1659,NetBanking,Success,2495.8,2026-04-21 10:10:51
1660,1660,Wallet,Success,3380.64,2026-03-12 16:48:12
1661,1661,UPI,Success,1904.88,2026-02-25 12:11:06
1662,1662,NetBanking,Success,3136.64,2026-03-07 17:32:12
1663,1663,Card,Success,2616.48,2026-06-06 21:50:45
1664,1664,UPI,Failed,0.0,2026-02-09 10:58:35
1665,1665,NetBanking,Success,1384.89,2026-02-05 16:47:10
1666,1666,COD,Success,3166.08,2026-07-19 17:18:22
1667,1667,Card,Success,2779.63,2026-06-18 12:34:20
1668,1668,UPI,Success,2298.7,2026-05-17 10:50:09
1669,1669,Wallet,Success,978.6,2026-05-16 19:50:54
1670,1670,Card,Success,1672.86,2026-03-23 22:03:35
1671,1671,Card,Success,4928.65,2026-02-17 10:18:51
1672,1672,Wallet,Success,1054.44,2026-03-09 07:09:56
1673,1673,Card,Success,1893.59,2026-03-10 18:41:00
1674,1674,NetBanking,Success,3620.2,2026-04-24 16:19:07
1675,1675,COD,Success,5085.07,2026-03-22 14:39:10
1676,1676,Card,Success,180.7,2026-06-24 08:35:26
1677,1677,COD,Success,3992.83,2026-05-15 19:11:58
1678,1678,NetBanking,Success,3957.84,2026-05-04 09:08:14
1679,1679,NetBanking,Refunded,0.0,2026-03-14 16:13:44
1680,1680,NetBanking,Refunded,0.0,2026-02-28 16:52:08
1681,1681,UPI,Success,464.02,2026-02-25 23:32:35
1682,1682,UPI,Success,3164.69,2026-03-18 17:32:10
1683,1683,Card,Refunded,0.0,2026-06-08 09:39:52
1684,1684,NetBanking,Success,3265.51,2026-06-30 20:26:03
1685,1685,NetBanking,Refunded,0.0,2026-05-07 13:22:07
1686,1686,UPI,Success,2950.81,2026-04-14 12:36:16
1687,1687,Card,Success,3510.74,2026-03-19 20:17:34
1688,1688,NetBanking,Success,971.31,2026-07-30 13:03:23
1689,1689,UPI,Success,3591.45,2026-04-16 13:30:01
1690,1690,UPI,Success,117.54,2026-04-10 09:49:18
1691,1691,NetBanking,Success,798.24,2026-07-02 13:56:44
1692,1692,COD,Success,350.76,2026-05-25 11:53:05
1693,1693,Wallet,Success,1862.92,2026-06-28 19:54:06
1694,1694,Card,Success,1232.66,2026-06-12 20:55:00
1695,1695,Wallet,Success,1306.7,2026-06-08 20:41:19
1696,1696,UPI,Success,371.19,2026-02-18 23:32:55
1697,1697,UPI,Success,1694.6,2026-07-31 19:06:25
1698,1698,Card,Success,2056.13,2026-04-08 10:23:49
1699,1699,NetBanking,Success,939.42,2026-07-25 22:42:50
1700,1700,Wallet,Success,940.48,2026-02-27 11:38:21
1701,1701,Card,Success,832.71,2026-05-30 08:12:11
1702,1702,Wallet,Success,2765.71,2026-02-06 16:20:53
1703,1703,UPI,Success,3144.04,2026-02-26 10:17:20
1704,1704,UPI,Success,1796.96,2026-04-20 21:11:48
1705,1705,Card,Refunded,0.0,2026-02-28 23:36:24
1706,1706,NetBanking,Success,246.45,2026-05-28 09:02:44
1707,1707,NetBanking,Success,1500.66,2026-07-10 13:25:47
1708,1708,Card,Success,3016.53,2026-05-20 23:44:37
1709,1709,NetBanking,Success,4001.25,2026-04-28 08:57:48
1710,1710,COD,Success,2654.42,2026-03-11 22:29:56
1711,1711,NetBanking,Success,2816.18,2026-06-13 10:06:12
1712,1712,NetBanking,Success,4978.18,2026-07-07 08:57:32
1713,1713,Card,Failed,0.0,2026-02-22 09:09:49
1714,1714,Wallet,Success,954.04,2026-04-24 23:50:53
1715,1715,Wallet,Success,3159.24,2026-07-22 10:17:25
1716,1716,COD,Success,1848.13,2026-06-29 21:29:04
1717,1717,UPI,Success,522.31,2026-07-20 14:02:12
1718,1718,Wallet,Success,2490.72,2026-05-18 07:51:13
1719,1719,UPI,Success,4427.56,2026-03-15 11:40:32
1720,1720,COD,Success,3702.28,2026-07-18 08:26:38
1721,1721,COD,Success,2799.08,2026-03-10 11:00:09
1722,1722,NetBanking,Success,2311.28,2026-06-10 15:13:59
1723,1723,COD,Success,773.8,2026-02-28 19:54:38
1724,1724,Card,Success,2047.66,2026-04-29 09:19:19
1725,1725,UPI,Success,2833.3,2026-06-28 16:23:25
1726,1726,Wallet,Success,94.78,2026-06-09 15:29:21
1727,1727,Card,Success,937.3,2026-05-25 13:04:36
1728,1728,Wallet,Success,4247.1,2026-07-02 10:28:19
1729,1729,Card,Success,3638.53,2026-07-03 19:20:29
1730,1730,Wallet,Success,3737.27,2026-07-05 22:20:22
1731,1731,Card,Success,3040.01,2026-06-21 14:55:44
1732,1732,COD,Success,1523.07,2026-05-02 23:10:49
1733,1733,UPI,Success,5465.94,2026-05-27 12:59:44
1734,1734,NetBanking,Success,4588.51,2026-07-03 15:46:15
1735,1735,Wallet,Success,1506.15,2026-07-09 07:27:48
1736,1736,UPI,Failed,0.0,2026-02-19 13:16:51
1737,1737,Wallet,Success,1987.24,2026-06-02 20:19:45
1738,1738,COD,Success,4257.51,2026-02-28 08:57:45
1739,1739,UPI,Success,6080.45,2026-08-01 21:54:38
1740,1740,NetBanking,Success,547.34,2026-02-28 22:55:08
1741,1741,NetBanking,Success,5222.7,2026-07-20 10:41:15
1742,1742,Wallet,Success,3476.72,2026-06-29 20:10:50
1743,1743,UPI,Success,5522.44,2026-07-08 18:18:03
1744,1744,Wallet,Success,875.98,2026-02-09 13:03:10
1745,1745,Card,Success,297.72,2026-05-20 17:38:13
1746,1746,Card,Success,3258.28,2026-05-04 23:45:54
1747,1747,UPI,Success,543.82,2026-06-29 12:18:31
1748,1748,Card,Success,4558.4,2026-04-20 21:18:49
1749,1749,Wallet,Success,1874.28,2026-02-22 13:57:17
1750,1750,Card,Success,920.46,2026-06-09 00:02:41
1751,1751,NetBanking,Failed,0.0,2026-03-11 23:32:33
1752,1752,UPI,Success,1437.42,2026-06-23 08:42:07
1753,1753,Card,Success,5130.96,2026-05-24 07:07:46
1754,1754,Card,Success,2830.5,2026-06-23 22:46:08
1755,1755,Card,Failed,0.0,2026-03-01 07:48:55
1756,1756,Wallet,Success,524.24,2026-06-15 12:02:01
1757,1757,Card,Success,1585.05,2026-02-16 19:18:11
1758,1758,NetBanking,Success,2152.72,2026-02-18 23:29:19
1759,1759,UPI,Success,3632.57,2026-06-10 16:00:04
1760,1760,Wallet,Success,4371.24,2026-04-17 20:20:24
1761,1761,NetBanking,Success,1639.59,2026-05-17 20:59:43
1762,1762,Card,Success,3159.67,2026-04-10 14:32:47
1763,1763,UPI,Success,4627.98,2026-02-06 19:33:15
1764,1764,COD,Success,895.14,2026-05-10 18:38:53
1765,1765,COD,Success,1167.84,2026-06-21 20:58:36
1766,1766,NetBanking,Success,735.18,2026-04-24 09:45:05
1767,1767,Card,Success,2039.06,2026-05-25 19:18:19
1768,1768,NetBanking,Success,3128.03,2026-07-19 14:21:32
1769,1769,UPI,Refunded,0.0,2026-04-20 07:42:18
1770,1770,Wallet,Failed,0.0,2026-02-09 14:40:50
1771,1771,COD,Success,256.79,2026-05-11 20:48:02
1772,1772,NetBanking,Success,43.41,2026-05-13 19:34:05
1773,1773,Wallet,Success,281.72,2026-05-22 19:00:22
1774,1774,COD,Success,170.03,2026-05-30 17:42:49
1775,1775,Wallet,Success,4499.92,2026-03-14 15:50:21
1776,1776,UPI,Success,1735.4,2026-03-25 22:12:05
1777,1777,COD,Success,3689.06,2026-05-11 22:37:22
1778,1778,Card,Success,1690.52,2026-04-27 12:34:20
1779,1779,Card,Success,4119.41,2026-05-26 16:57:34
1780,1780,Wallet,Success,5675.69,2026-02-26 08:32:33
1781,1781,NetBanking,Success,1894.97,2026-02-26 11:41:19
1782,1782,NetBanking,Success,2591.35,2026-06-24 21:42:38
1783,1783,Wallet,Success,2185.14,2026-02-15 15:06:28
1784,1784,COD,Success,1013.56,2026-06-30 14:49:07
1785,1785,UPI,Success,818.06,2026-07-18 07:48:22
1786,1786,NetBanking,Success,2544.78,2026-05-07 18:58:04
1787,1787,COD,Success,2336.66,2026-05-12 14:55:41
1788,1788,COD,Refunded,0.0,2026-02-09 12:42:24
1789,1789,NetBanking,Success,2873.9,2026-07-16 07:12:59
1790,1790,NetBanking,Success,1888.51,2026-02-19 20:21:53
1791,1791,Card,Success,680.3,2026-04-06 19:36:24
1792,1792,COD,Success,1573.62,2026-07-02 08:06:31
1793,1793,COD,Success,903.67,2026-02-24 18:29:18
1794,1794,Wallet,Success,1104.76,2026-03-16 19:47:00
1795,1795,UPI,Success,383.95,2026-04-15 17:40:12
1796,1796,Card,Success,2925.22,2026-05-04 17:15:12
1797,1797,UPI,Success,1698.98,2026-04-07 16:03:31
1798,1798,COD,Success,8659.22,2026-03-09 12:02:44
1799,1799,UPI,Refunded,0.0,2026-05-22 12:28:19
1800,1800,Wallet,Success,3060.92,2026-03-25 14:06:18
1801,1801,NetBanking,Success,486.33,2026-06-15 10:57:02
1802,1802,Card,Success,1770.6,2026-06-28 13:28:47
1803,1803,Card,Success,2751.08,2026-07-23 11:53:18
1804,1804,Card,Success,3263.83,2026-07-30 18:33:15
1805,1805,UPI,Success,738.46,2026-05-17 10:10:08
1806,1806,Card,Success,1332.07,2026-05-08 14:13:37
1807,1807,Card,Success,2035.82,2026-06-27 10:20:25
1808,1808,Wallet,Success,4077.9,2026-02-09 10:31:13
1809,1809,Wallet,Success,314.93,2026-05-01 10:26:46
1810,1810,COD,Success,2263.81,2026-03-06 14:10:50
1811,1811,Card,Success,380.07,2026-03-22 17:53:56
1812,1812,UPI,Success,1584.63,2026-03-27 21:38:25
1813,1813,NetBanking,Success,1116.13,2026-03-06 10:35:59
1814,1814,COD,Success,277.57,2026-04-25 15:56:17
1815,1815,NetBanking,Success,521.07,2026-02-20 17:52:40
1816,1816,COD,Success,799.01,2026-06-10 22:36:44
1817,1817,NetBanking,Success,2391.14,2026-06-18 08:33:11
1818,1818,NetBanking,Success,1743.7,2026-04-19 23:08:23
1819,1819,COD,Refunded,0.0,2026-06-01 16:36:26
1820,1820,Wallet,Success,2742.68,2026-02-13 22:19:20
1821,1821,UPI,Success,3379.1,2026-04-30 08:54:16
1822,1822,NetBanking,Success,1179.68,2026-05-20 11:38:25
1823,1823,COD,Success,815.77,2026-04-23 13:29:45
1824,1824,Wallet,Success,1191.48,2026-04-28 10:18:44
1825,1825,COD,Refunded,0.0,2026-05-08 18:12:28
1826,1826,Card,Success,3258.09,2026-07-11 13:35:59
1827,1827,Wallet,Success,3646.5,2026-05-02 21:00:18
1828,1828,NetBanking,Success,599.94,2026-05-02 17:46:59
1829,1829,Wallet,Success,2724.48,2026-04-19 11:04:50
1830,1830,UPI,Success,5675.45,2026-02-20 21:20:30
1831,1831,COD,Success,2447.71,2026-06-11 13:17:29
1832,1832,COD,Success,935.56,2026-05-09 18:43:59
1833,1833,Wallet,Success,1973.74,2026-05-11 15:18:13
1834,1834,UPI,Success,1667.95,2026-02-23 10:03:33
1835,1835,NetBanking,Success,3469.19,2026-08-03 12:31:12
1836,1836,Card,Success,1555.78,2026-04-13 16:41:02
1837,1837,NetBanking,Success,4159.88,2026-07-23 08:46:57
1838,1838,NetBanking,Success,469.63,2026-05-01 23:28:26
1839,1839,Wallet,Success,6300.09,2026-03-03 10:18:09
1840,1840,COD,Success,424.96,2026-02-25 22:38:52
1841,1841,Card,Success,2977.95,2026-07-01 08:28:55
1842,1842,NetBanking,Success,3090.66,2026-05-17 16:26:43
1843,1843,NetBanking,Success,3345.32,2026-06-28 09:52:36
1844,1844,Wallet,Success,3298.48,2026-05-15 11:36:32
1845,1845,NetBanking,Success,722.4,2026-02-20 12:08:14
1846,1846,UPI,Success,3559.42,2026-03-20 18:42:30
1847,1847,COD,Success,2307.24,2026-02-13 08:38:42
1848,1848,Card,Success,2566.23,2026-07-20 10:12:09
1849,1849,COD,Success,2692.5,2026-02-10 13:20:27
1850,1850,Card,Success,1089.76,2026-02-20 22:29:00
1851,1851,Wallet,Success,3800.98,2026-05-26 08:39:04
1852,1852,Wallet,Success,2427.92,2026-07-23 21:12:54
1853,1853,UPI,Success,405.74,2026-05-09 09:10:54
1854,1854,NetBanking,Success,4576.31,2026-05-11 23:05:49
1855,1855,UPI,Success,3801.84,2026-07-16 08:44:33
1856,1856,Wallet,Success,4925.43,2026-07-11 09:12:22
1857,1857,Wallet,Success,1417.42,2026-04-10 08:04:09
1858,1858,UPI,Success,3713.76,2026-05-28 13:55:41
1859,1859,Wallet,Failed,0.0,2026-05-18 11:47:14
1860,1860,UPI,Success,1640.72,2026-07-11 16:46:47
1861,1861,UPI,Success,394.48,2026-04-25 22:40:53
1862,1862,UPI,Refunded,0.0,2026-04-29 12:49:28
1863,1863,UPI,Success,2487.62,2026-04-13 20:29:34
1864,1864,Wallet,Success,2630.02,2026-02-15 07:50:26
1865,1865,UPI,Success,205.02,2026-05-04 19:43:39
1866,1866,Wallet,Success,1913.42,2026-04-25 19:52:33
1867,1867,Wallet,Success,1326.24,2026-02-07 19:17:22
1868,1868,Card,Success,3782.86,2026-05-01 12:13:16
1869,1869,UPI,Success,2134.59,2026-08-04 23:17:13
1870,1870,Wallet,Success,5381.62,2026-05-20 10:06:32
1871,1871,NetBanking,Success,2510.69,2026-03-05 21:46:27
1872,1872,UPI,Success,6569.44,2026-03-29 22:26:31
1873,1873,UPI,Failed,0.0,2026-07-24 15:48:46
1874,1874,UPI,Success,552.38,2026-06-23 09:19:56
1875,1875,NetBanking,Success,5301.3,2026-07-19 23:35:10
1876,1876,Wallet,Success,3637.83,2026-03-30 11:59:50
1877,1877,UPI,Success,5116.11,2026-05-21 22:17:24
1878,1878,UPI,Success,2039.64,2026-05-28 16:20:01
1879,1879,UPI,Success,1349.28,2026-05-22 07:18:15
1880,1880,UPI,Success,3288.2,2026-05-12 18:35:12
1881,1881,COD,Success,623.88,2026-04-16 13:51:00
1882,1882,COD,Success,3602.44,2026-05-25 21:49:19
1883,1883,NetBanking,Success,1764.9,2026-07-27 13:23:03
1884,1884,Wallet,Success,3601.62,2026-05-16 19:05:53
1885,1885,UPI,Success,336.06,2026-03-05 22:40:02
1886,1886,Card,Success,2312.16,2026-02-27 13:23:54
1887,1887,NetBanking,Success,2843.05,2026-04-02 07:54:04
1888,1888,NetBanking,Success,2537.86,2026-05-29 08:54:13
1889,1889,UPI,Success,2511.45,2026-07-13 14:33:07
1890,1890,UPI,Success,1719.59,2026-04-12 12:02:58
1891,1891,COD,Success,299.55,2026-06-11 09:20:44
1892,1892,Card,Success,1398.63,2026-05-06 14:34:56
1893,1893,UPI,Refunded,0.0,2026-08-01 19:38:31
1894,1894,UPI,Refunded,0.0,2026-04-04 12:34:00
1895,1895,COD,Success,1408.89,2026-04-10 10:34:56
1896,1896,NetBanking,Success,1515.04,2026-06-26 09:36:01
1897,1897,Wallet,Success,1241.82,2026-06-01 15:48:39
1898,1898,UPI,Success,635.36,2026-06-06 23:31:29
1899,1899,COD,Success,3819.49,2026-04-07 11:23:13
1900,1900,Wallet,Success,2749.52,2026-07-15 18:01:03
1901,1901,COD,Success,2293.11,2026-05-19 16:15:24
1902,1902,NetBanking,Refunded,0.0,2026-03-04 15:28:06
1903,1903,NetBanking,Success,525.49,2026-06-01 20:57:28
1904,1904,NetBanking,Success,3173.95,2026-02-06 14:23:48
1905,1905,Wallet,Success,2412.94,2026-06-18 22:08:28
1906,1906,UPI,Success,1408.37,2026-04-16 14:37:00
1907,1907,UPI,Refunded,0.0,2026-05-13 14:31:41
1908,1908,NetBanking,Success,1220.12,2026-05-21 16:59:22
1909,1909,UPI,Success,1159.28,2026-07-27 08:41:42
1910,1910,Wallet,Success,1907.37,2026-05-23 17:14:29
1911,1911,NetBanking,Success,224.13,2026-04-03 22:11:36
1912,1912,Wallet,Success,1781.27,2026-05-07 14:34:21
1913,1913,Wallet,Success,3425.44,2026-02-28 16:35:53
1914,1914,NetBanking,Success,212.92,2026-03-08 15:12:54
1915,1915,NetBanking,Success,1206.24,2026-02-20 10:02:16
1916,1916,Card,Success,223.33,2026-04-24 13:47:35
1917,1917,UPI,Success,1715.85,2026-06-07 19:34:28
1918,1918,UPI,Success,2382.96,2026-02-28 18:53:27
1919,1919,Wallet,Success,3994.52,2026-03-15 07:36:22
1920,1920,Wallet,Success,1788.05,2026-07-14 19:49:32
1921,1921,NetBanking,Success,2232.86,2026-03-04 16:30:50
1922,1922,UPI,Success,2154.62,2026-05-10 18:40:02
1923,1923,COD,Success,4168.79,2026-06-21 13:11:52
1924,1924,UPI,Success,4243.99,2026-06-27 22:02:52
1925,1925,COD,Success,347.53,2026-05-03 07:22:07
1926,1926,COD,Refunded,0.0,2026-04-29 16:13:59
1927,1927,UPI,Success,3956.83,2026-04-11 07:38:53
1928,1928,UPI,Success,1664.96,2026-03-28 23:39:48
1929,1929,Card,Success,4099.12,2026-06-16 09:25:02
1930,1930,Card,Failed,0.0,2026-06-20 07:04:46
1931,1931,UPI,Failed,0.0,2026-06-20 20:35:16
1932,1932,NetBanking,Success,1443.28,2026-04-07 14:04:33
1933,1933,Card,Success,873.64,2026-02-25 07:34:54
1934,1934,UPI,Success,1213.91,2026-06-29 07:24:14
1935,1935,NetBanking,Success,6994.1,2026-07-07 19:31:53
1936,1936,COD,Refunded,0.0,2026-03-20 19:02:39
1937,1937,Wallet,Success,3515.6,2026-07-14 17:01:42
1938,1938,Wallet,Success,1231.56,2026-02-22 17:34:49
1939,1939,Card,Success,5337.67,2026-08-02 20:14:39
1940,1940,UPI,Success,2291.86,2026-02-13 21:18:01
1941,1941,COD,Success,1887.7,2026-06-03 15:26:26
1942,1942,Wallet,Success,885.69,2026-04-09 11:27:12
1943,1943,Card,Success,922.43,2026-07-04 18:35:36
1944,1944,Wallet,Success,2546.46,2026-07-25 10:23:50
1945,1945,Wallet,Failed,0.0,2026-06-05 09:05:18
1946,1946,NetBanking,Success,1330.42,2026-06-22 19:12:32
1947,1947,Wallet,Success,2730.77,2026-07-28 09:44:22
1948,1948,COD,Success,1856.3,2026-06-14 16:08:31
1949,1949,COD,Success,2914.92,2026-04-09 11:19:30
1950,1950,UPI,Success,2365.91,2026-02-11 23:32:56
1951,1951,Card,Failed,0.0,2026-04-13 12:17:40
1952,1952,Wallet,Success,2044.67,2026-05-08 13:45:39
1953,1953,COD,Success,3551.3,2026-02-19 22:24:33
1954,1954,Card,Success,3844.59,2026-07-05 14:18:31
1955,1955,Wallet,Success,2032.81,2026-05-29 10:17:49
1956,1956,UPI,Success,219.2,2026-07-10 16:52:05
1957,1957,NetBanking,Failed,0.0,2026-03-27 17:22:22
1958,1958,Wallet,Refunded,0.0,2026-06-20 15:26:42
1959,1959,NetBanking,Success,2891.32,2026-03-15 10:08:39
1960,1960,UPI,Refunded,0.0,2026-05-01 15:28:18
1961,1961,Wallet,Success,2882.87,2026-02-08 16:41:58
1962,1962,NetBanking,Success,3990.3,2026-04-24 20:36:24
1963,1963,Wallet,Failed,0.0,2026-02-22 13:40:46
1964,1964,Wallet,Success,1018.97,2026-06-12 16:22:01
1965,1965,NetBanking,Success,3327.74,2026-03-24 20:05:00
1966,1966,UPI,Success,4163.81,2026-08-03 22:27:38
1967,1967,Wallet,Success,4524.71,2026-07-31 12:34:04
1968,1968,Card,Success,5355.71,2026-02-17 11:47:04
1969,1969,NetBanking,Failed,0.0,2026-05-24 13:53:44
1970,1970,Wallet,Success,1538.11,2026-07-15 14:25:37
1971,1971,COD,Success,2605.45,2026-08-01 23:55:40
1972,1972,UPI,Success,2421.07,2026-07-02 14:51:57
1973,1973,NetBanking,Success,4715.72,2026-03-11 22:00:18
1974,1974,COD,Success,1358.56,2026-04-08 12:01:01
1975,1975,Card,Success,4135.3,2026-06-03 08:17:15
1976,1976,UPI,Success,1373.85,2026-06-12 17:20:38
1977,1977,NetBanking,Success,3306.88,2026-06-15 15:49:02
1978,1978,UPI,Success,1450.94,2026-05-30 19:40:51
1979,1979,COD,Success,1078.99,2026-05-22 15:58:54
1980,1980,Card,Success,2435.4,2026-03-21 13:04:59
1981,1981,Wallet,Success,750.44,2026-05-13 11:30:33
1982,1982,Wallet,Success,608.02,2026-02-17 10:40:35
1983,1983,COD,Failed,0.0,2026-02-05 11:00:22
1984,1984,NetBanking,Success,3881.81,2026-07-03 15:10:41
1985,1985,COD,Success,3635.97,2026-06-02 12:24:41
1986,1986,NetBanking,Success,2968.54,2026-04-14 17:07:08
1987,1987,Wallet,Failed,0.0,2026-02-05 23:05:46
1988,1988,Card,Success,5038.89,2026-06-30 20:29:49
1989,1989,Card,Success,3415.92,2026-08-01 14:03:51
1990,1990,NetBanking,Success,3569.79,2026-03-23 10:48:00
1991,1991,NetBanking,Success,1184.59,2026-06-10 12:16:51
1992,1992,NetBanking,Success,1156.51,2026-02-24 11:25:31
1993,1993,COD,Success,1514.04,2026-05-04 13:55:26
1994,1994,Wallet,Success,3730.06,2026-05-05 09:35:29
1995,1995,Wallet,Success,4974.69,2026-07-10 08:42:09
1996,1996,Card,Success,639.2,2026-05-01 22:34:26
1997,1997,Card,Success,3503.28,2026-07-10 19:20:17
1998,1998,UPI,Success,4495.28,2026-05-18 21:11:13
1999,1999,Wallet,Success,773.08,2026-05-13 09:02:42
2000,2000,Wallet,Success,1678.08,2026-04-20 12:28:31
2001,2001,Card,Success,3869.56,2026-02-24 11:24:31
2002,2002,Card,Success,422.43,2026-04-23 07:13:31
2003,2003,Card,Success,844.96,2026-05-18 09:40:15
2004,2004,Wallet,Success,347.6,2026-03-03 19:49:53
2005,2005,COD,Success,1507.8,2026-03-16 07:40:31
2006,2006,Wallet,Success,870.14,2026-05-04 22:03:39
2007,2007,COD,Success,2226.02,2026-02-14 11:23:54
2008,2008,COD,Success,1649.38,2026-02-17 22:16:58
2009,2009,Wallet,Success,2739.1,2026-02-21 18:04:10
2010,2010,COD,Success,32.63,2026-06-04 07:30:58
2011,2011,NetBanking,Success,3484.42,2026-07-03 08:22:34
2012,2012,COD,Success,1189.17,2026-02-28 09:13:38
2013,2013,Wallet,Success,849.76,2026-06-02 16:00:09
2014,2014,Wallet,Success,4536.92,2026-05-30 10:41:07
2015,2015,Wallet,Success,2190.67,2026-05-23 17:21:08
2016,2016,Wallet,Failed,0.0,2026-07-27 16:12:51
2017,2017,Wallet,Refunded,0.0,2026-03-14 13:03:15
2018,2018,NetBanking,Success,2815.25,2026-06-14 08:28:50
2019,2019,Wallet,Success,1504.14,2026-08-04 10:02:24
2020,2020,NetBanking,Success,2465.85,2026-05-06 20:54:43
2021,2021,Card,Success,4433.73,2026-03-31 15:41:36
2022,2022,NetBanking,Success,1498.78,2026-02-11 21:33:53
2023,2023,UPI,Success,1501.28,2026-05-16 09:36:16
2024,2024,COD,Success,3187.16,2026-03-26 11:38:59
2025,2025,Card,Success,4504.37,2026-03-24 16:37:00
2026,2026,NetBanking,Success,3739.13,2026-03-28 16:53:59
2027,2027,Wallet,Success,2023.0,2026-05-24 16:19:31
2028,2028,UPI,Success,3210.92,2026-02-11 20:33:34
2029,2029,Wallet,Success,4231.34,2026-06-20 12:06:00
2030,2030,Card,Success,1781.21,2026-03-28 19:51:30
2031,2031,Wallet,Success,1339.44,2026-04-11 14:25:51
2032,2032,Card,Success,1080.33,2026-05-19 20:37:02
2033,2033,NetBanking,Success,1391.07,2026-02-16 07:45:35
2034,2034,UPI,Success,6096.44,2026-05-23 16:11:59
2035,2035,UPI,Success,530.75,2026-04-09 18:31:15
2036,2036,NetBanking,Success,1168.46,2026-07-11 10:27:44
2037,2037,Card,Success,3356.01,2026-05-24 07:24:56
2038,2038,Card,Failed,0.0,2026-03-27 23:57:09
2039,2039,NetBanking,Success,3602.78,2026-07-27 22:28:29
2040,2040,COD,Success,1495.52,2026-04-30 12:17:34
2041,2041,UPI,Success,681.35,2026-06-20 08:02:43
2042,2042,Card,Success,1219.49,2026-05-16 22:50:59
2043,2043,Wallet,Success,5586.42,2026-07-12 17:17:37
2044,2044,COD,Success,4551.22,2026-03-23 07:43:28
2045,2045,UPI,Success,1408.61,2026-07-10 19:30:48
2046,2046,NetBanking,Failed,0.0,2026-07-20 17:48:55
2047,2047,NetBanking,Success,1333.82,2026-04-14 18:23:00
2048,2048,COD,Success,138.91,2026-04-25 10:24:03
2049,2049,Wallet,Success,754.12,2026-05-17 16:13:20
2050,2050,Wallet,Success,3033.41,2026-03-02 17:16:16
2051,2051,COD,Failed,0.0,2026-02-28 10:28:02
2052,2052,NetBanking,Success,2800.32,2026-02-11 08:03:51
2053,2053,Wallet,Success,990.18,2026-02-28 21:22:45
2054,2054,UPI,Refunded,0.0,2026-08-01 12:15:32
2055,2055,COD,Refunded,0.0,2026-04-04 19:48:23
2056,2056,COD,Success,809.04,2026-03-26 21:28:31
2057,2057,Card,Success,2606.85,2026-06-23 19:29:11
2058,2058,UPI,Success,2484.78,2026-06-15 18:45:21
2059,2059,NetBanking,Success,3510.39,2026-04-21 12:55:33
2060,2060,COD,Success,1641.66,2026-05-03 21:08:43
2061,2061,NetBanking,Success,385.14,2026-06-01 11:02:34
2062,2062,NetBanking,Refunded,0.0,2026-05-24 17:59:08
2063,2063,NetBanking,Success,2446.17,2026-03-23 21:49:05
2064,2064,Card,Refunded,0.0,2026-02-07 08:30:13
2065,2065,NetBanking,Success,1742.28,2026-02-13 07:33:50
2066,2066,Wallet,Success,3447.23,2026-05-06 13:12:02
2067,2067,NetBanking,Success,371.68,2026-06-21 16:24:20
2068,2068,NetBanking,Success,367.32,2026-02-07 18:38:31
2069,2069,UPI,Success,6455.34,2026-07-25 23:11:41
2070,2070,COD,Success,3960.48,2026-06-19 12:36:48
2071,2071,COD,Success,3920.05,2026-05-14 13:55:58
2072,2072,COD,Success,1042.14,2026-06-23 23:49:19
2073,2073,UPI,Success,2284.33,2026-05-23 20:23:54
2074,2074,Card,Success,3414.79,2026-07-11 23:59:49
2075,2075,Wallet,Success,316.97,2026-07-26 21:21:32
2076,2076,UPI,Success,3539.48,2026-04-19 18:45:40
2077,2077,COD,Success,5845.37,2026-05-27 18:37:41
2078,2078,Wallet,Success,3192.93,2026-05-24 10:52:56
2079,2079,UPI,Success,2202.12,2026-06-23 20:18:57
2080,2080,Card,Refunded,0.0,2026-04-08 22:15:25
2081,2081,UPI,Success,3357.21,2026-04-12 21:41:30
2082,2082,Wallet,Success,2815.21,2026-07-23 07:53:59
2083,2083,COD,Success,1842.54,2026-06-10 15:03:16
2084,2084,COD,Success,936.72,2026-06-07 16:34:01
2085,2085,Wallet,Success,5505.63,2026-04-07 15:12:58
2086,2086,Wallet,Failed,0.0,2026-06-20 23:36:56
2087,2087,NetBanking,Refunded,0.0,2026-04-30 15:02:00
2088,2088,NetBanking,Success,2005.62,2026-05-31 17:44:55
2089,2089,Wallet,Success,174.48,2026-06-16 14:44:12
2090,2090,Wallet,Success,1961.11,2026-03-10 17:23:15
2091,2091,Wallet,Success,3791.5,2026-06-14 20:20:59
2092,2092,Wallet,Success,2154.74,2026-02-08 22:21:25
2093,2093,Card,Success,2882.95,2026-05-03 14:45:46
2094,2094,Card,Success,3064.9,2026-04-03 21:16:07
2095,2095,UPI,Success,1450.56,2026-03-21 08:03:39
2096,2096,UPI,Refunded,0.0,2026-05-31 17:20:46
2097,2097,Wallet,Success,4652.34,2026-08-01 20:58:00
2098,2098,UPI,Success,1303.67,2026-02-11 00:01:13
2099,2099,COD,Success,1051.02,2026-05-03 12:39:44
2100,2100,NetBanking,Success,127.78,2026-07-31 22:29:11
2101,2101,Wallet,Failed,0.0,2026-06-16 14:25:02
2102,2102,NetBanking,Success,1420.44,2026-03-19 16:13:15
2103,2103,NetBanking,Success,420.88,2026-07-02 18:23:23
2104,2104,COD,Success,1150.52,2026-05-10 14:52:30
2105,2105,Wallet,Success,1310.22,2026-03-05 17:06:01
2106,2106,Card,Success,2538.07,2026-03-30 17:20:49
2107,2107,Card,Success,2327.03,2026-06-12 11:11:57
2108,2108,UPI,Success,6172.26,2026-05-04 08:04:24
2109,2109,Card,Success,2105.32,2026-05-12 09:04:38
2110,2110,Card,Success,3481.02,2026-07-01 15:44:32
2111,2111,NetBanking,Success,1850.94,2026-03-23 21:36:48
2112,2112,NetBanking,Success,3220.29,2026-06-20 20:41:58
2113,2113,Card,Success,1633.26,2026-02-05 09:58:21
2114,2114,COD,Success,197.5,2026-04-12 13:22:18
2115,2115,UPI,Success,6130.96,2026-02-25 17:09:36
2116,2116,Card,Success,1231.91,2026-06-05 17:23:48
2117,2117,Card,Success,28.9,2026-05-12 17:03:06
2118,2118,COD,Success,3302.02,2026-04-05 15:11:54
2119,2119,Wallet,Success,2225.63,2026-07-21 07:41:24
2120,2120,UPI,Success,3649.1,2026-05-30 13:07:26
2121,2121,Card,Success,1106.36,2026-04-06 08:21:20
2122,2122,UPI,Success,3629.65,2026-04-07 22:51:39
2123,2123,UPI,Success,2013.44,2026-07-13 16:24:52
2124,2124,UPI,Success,1307.98,2026-02-12 13:40:27
2125,2125,Card,Success,1675.72,2026-05-06 15:14:59
2126,2126,UPI,Success,2202.12,2026-04-24 13:14:46
2127,2127,Card,Success,2525.95,2026-05-20 21:08:09
2128,2128,Wallet,Failed,0.0,2026-08-01 14:46:39
2129,2129,COD,Success,1264.34,2026-05-21 18:20:24
2130,2130,Card,Success,6473.69,2026-07-09 22:32:52
2131,2131,Wallet,Success,4168.72,2026-05-09 23:47:30
2132,2132,NetBanking,Success,3342.62,2026-07-06 16:48:42
2133,2133,UPI,Refunded,0.0,2026-03-22 08:54:32
2134,2134,NetBanking,Success,589.68,2026-05-19 19:05:32
2135,2135,Card,Success,3625.97,2026-04-11 21:18:20
2136,2136,NetBanking,Success,1368.36,2026-02-17 13:53:46
2137,2137,NetBanking,Success,1878.73,2026-07-28 12:07:21
2138,2138,Wallet,Success,1780.5,2026-04-03 17:54:30
2139,2139,Card,Success,2307.61,2026-06-18 09:25:31
2140,2140,UPI,Success,589.68,2026-06-14 15:55:34
2141,2141,COD,Success,1331.16,2026-06-22 09:01:36
2142,2142,Wallet,Success,2095.03,2026-04-25 08:15:05
2143,2143,COD,Success,2640.25,2026-08-04 20:43:28
2144,2144,NetBanking,Success,312.03,2026-05-21 14:50:59
2145,2145,COD,Success,1291.87,2026-05-16 18:10:41
2146,2146,UPI,Success,2423.74,2026-06-17 16:00:13
2147,2147,UPI,Success,3174.76,2026-06-22 08:09:30
2148,2148,UPI,Success,2057.28,2026-06-29 20:03:20
2149,2149,NetBanking,Success,2248.38,2026-04-07 20:33:35
2150,2150,NetBanking,Refunded,0.0,2026-07-25 07:59:02
2151,2151,Card,Success,66.23,2026-05-02 22:34:10
2152,2152,Wallet,Success,1755.64,2026-02-16 07:13:44
2153,2153,Wallet,Success,1583.64,2026-03-27 10:23:00
2154,2154,NetBanking,Success,653.85,2026-02-15 14:39:48
2155,2155,Wallet,Success,2202.12,2026-05-15 22:39:10
2156,2156,NetBanking,Success,4662.27,2026-05-25 19:29:11
2157,2157,UPI,Refunded,0.0,2026-05-07 15:31:39
2158,2158,UPI,Success,1883.46,2026-05-03 12:07:27
2159,2159,Card,Success,2582.98,2026-04-25 16:13:32
2160,2160,UPI,Failed,0.0,2026-03-08 14:47:22
2161,2161,COD,Success,376.36,2026-05-17 17:46:54
2162,2162,UPI,Success,2442.91,2026-06-26 21:14:35
2163,2163,Card,Success,738.46,2026-07-10 22:27:48
2164,2164,UPI,Success,957.07,2026-05-15 18:55:33
2165,2165,UPI,Success,2882.47,2026-07-16 20:25:43
2166,2166,Card,Success,2741.56,2026-03-13 19:46:24
2167,2167,Wallet,Success,3956.21,2026-06-07 23:14:32
2168,2168,NetBanking,Success,101.25,2026-03-29 14:40:05
2169,2169,NetBanking,Success,1748.66,2026-02-13 15:02:33
2170,2170,COD,Refunded,0.0,2026-05-26 21:57:57
2171,2171,Card,Success,4330.47,2026-07-12 07:43:21
2172,2172,NetBanking,Success,4864.96,2026-07-11 10:41:19
2173,2173,UPI,Success,2877.48,2026-07-22 07:07:54
2174,2174,NetBanking,Success,5282.22,2026-06-08 14:46:21
2175,2175,UPI,Success,1533.72,2026-02-19 18:09:08
2176,2176,NetBanking,Success,2137.64,2026-04-02 21:03:48
2177,2177,Card,Success,4622.12,2026-04-10 16:10:44
2178,2178,COD,Success,1698.78,2026-03-23 11:45:20
2179,2179,Card,Success,250.55,2026-07-13 09:42:04
2180,2180,COD,Success,1576.67,2026-03-08 14:43:49
2181,2181,UPI,Success,2197.05,2026-05-21 14:01:34
2182,2182,Wallet,Success,1751.46,2026-07-28 11:59:54
2183,2183,Wallet,Success,1462.1,2026-07-29 15:25:02
2184,2184,NetBanking,Success,382.9,2026-06-25 22:40:39
2185,2185,UPI,Success,6253.3,2026-02-05 22:48:42
2186,2186,UPI,Success,2551.06,2026-03-17 07:41:45
2187,2187,UPI,Success,4764.08,2026-06-08 23:31:52
2188,2188,COD,Success,1709.9,2026-07-14 07:20:18
2189,2189,NetBanking,Refunded,0.0,2026-04-29 16:19:02
2190,2190,Wallet,Success,5305.69,2026-04-08 14:45:59
2191,2191,Card,Success,2265.95,2026-07-04 23:02:00
2192,2192,NetBanking,Success,3646.5,2026-03-19 19:32:06
2193,2193,NetBanking,Success,638.04,2026-07-24 22:12:40
2194,2194,Card,Success,2221.55,2026-04-07 20:15:57
2195,2195,COD,Success,3274.44,2026-02-06 11:06:54
2196,2196,COD,Success,3413.06,2026-07-16 22:59:24
2197,2197,Wallet,Success,4069.09,2026-03-24 07:35:26
2198,2198,UPI,Success,4271.72,2026-03-04 13:34:11
2199,2199,Wallet,Success,3335.99,2026-04-26 14:13:07
2200,2200,COD,Success,1290.07,2026-06-25 20:52:26
2201,2201,Wallet,Success,1937.74,2026-08-01 11:43:11
2202,2202,COD,Success,2618.99,2026-05-20 23:35:46
2203,2203,COD,Success,1161.5,2026-02-08 23:15:07
2204,2204,Wallet,Success,2642.47,2026-08-04 08:44:00
2205,2205,Card,Success,3846.5,2026-02-27 15:20:44
2206,2206,Card,Success,424.45,2026-08-03 21:00:32
2207,2207,NetBanking,Success,1919.34,2026-03-29 08:06:22
2208,2208,NetBanking,Success,1580.03,2026-04-05 07:43:26
2209,2209,UPI,Success,2364.53,2026-04-13 15:47:35
2210,2210,COD,Failed,0.0,2026-03-14 21:56:20
2211,2211,NetBanking,Refunded,0.0,2026-04-28 12:17:31
2212,2212,UPI,Success,2434.05,2026-05-15 10:31:00
2213,2213,Card,Success,3237.1,2026-07-28 18:02:50
2214,2214,Wallet,Success,2162.57,2026-05-20 13:59:06
2215,2215,Wallet,Success,3676.29,2026-03-06 09:06:46
2216,2216,Wallet,Refunded,0.0,2026-06-13 13:15:30
2217,2217,COD,Success,2095.18,2026-07-10 18:05:56
2218,2218,COD,Success,1558.41,2026-07-16 23:36:49
2219,2219,COD,Success,2362.61,2026-03-21 21:58:47
2220,2220,COD,Success,3957.51,2026-02-19 21:20:48
2221,2221,Card,Success,1232.94,2026-03-03 20:11:32
2222,2222,Wallet,Success,194.14,2026-04-19 21:32:06
2223,2223,NetBanking,Success,4239.74,2026-03-31 13:57:07
2224,2224,UPI,Success,4212.6,2026-07-16 22:02:29
2225,2225,COD,Success,137.54,2026-04-07 14:12:45
2226,2226,Card,Success,246.21,2026-05-10 09:52:22
2227,2227,NetBanking,Success,3473.71,2026-06-25 16:34:13
2228,2228,UPI,Success,364.48,2026-07-24 23:21:16
2229,2229,UPI,Success,1752.75,2026-06-21 21:09:40
2230,2230,NetBanking,Success,876.4,2026-06-19 11:39:01
2231,2231,COD,Success,2792.92,2026-04-10 20:46:09
2232,2232,Wallet,Success,2249.56,2026-03-27 11:40:38
2233,2233,Card,Success,2200.61,2026-06-11 14:38:53
2234,2234,COD,Success,3062.9,2026-07-05 18:28:39
2235,2235,COD,Success,2097.64,2026-06-05 18:29:42
2236,2236,UPI,Success,2257.88,2026-05-21 23:57:31
2237,2237,Wallet,Success,4152.44,2026-03-21 18:21:05
2238,2238,Wallet,Success,71.66,2026-04-21 12:16:27
2239,2239,Wallet,Success,3683.49,2026-08-02 23:47:46
2240,2240,Wallet,Success,354.06,2026-03-15 13:22:51
2241,2241,Card,Success,2889.23,2026-05-18 21:18:52
2242,2242,NetBanking,Success,2603.56,2026-04-16 19:17:43
2243,2243,COD,Refunded,0.0,2026-06-30 23:53:10
2244,2244,COD,Success,3460.12,2026-04-06 20:08:10
2245,2245,UPI,Refunded,0.0,2026-06-21 16:57:57
2246,2246,Card,Success,1651.59,2026-05-24 09:19:08
2247,2247,COD,Success,795.15,2026-04-09 17:43:58
2248,2248,UPI,Refunded,0.0,2026-03-24 22:40:49
2249,2249,UPI,Success,1857.36,2026-05-10 20:00:57
2250,2250,Card,Success,703.09,2026-03-05 11:49:07
2251,2251,NetBanking,Success,1802.5,2026-05-02 12:15:14
2252,2252,Wallet,Success,2018.7,2026-07-08 21:23:46
2253,2253,COD,Success,132.01,2026-07-07 00:03:53
2254,2254,NetBanking,Success,212.92,2026-07-19 12:53:33
2255,2255,COD,Success,1929.72,2026-02-06 19:32:27
2256,2256,Card,Success,4482.95,2026-06-14 15:50:23
2257,2257,COD,Failed,0.0,2026-06-22 16:25:49
2258,2258,Wallet,Success,4292.53,2026-03-01 09:52:03
2259,2259,Wallet,Success,4337.2,2026-04-15 20:35:52
2260,2260,COD,Success,1118.11,2026-02-09 18:43:54
2261,2261,Wallet,Success,5775.47,2026-07-13 18:14:46
2262,2262,Card,Success,1583.64,2026-02-08 17:55:43
2263,2263,COD,Success,1091.21,2026-06-08 20:12:57
2264,2264,NetBanking,Success,2508.97,2026-07-22 16:39:56
2265,2265,Card,Success,4580.96,2026-03-03 22:16:40
2266,2266,NetBanking,Success,325.64,2026-05-12 23:07:12
2267,2267,Wallet,Failed,0.0,2026-06-17 22:49:51
2268,2268,COD,Success,3984.36,2026-07-17 20:42:46
2269,2269,COD,Success,2840.98,2026-04-02 19:46:56
2270,2270,COD,Success,3347.57,2026-07-01 13:32:11
2271,2271,Card,Success,1267.47,2026-03-06 10:35:35
2272,2272,Wallet,Success,2805.65,2026-04-08 13:03:38
2273,2273,COD,Refunded,0.0,2026-03-09 21:15:06
2274,2274,COD,Success,565.94,2026-05-07 09:30:02
2275,2275,COD,Success,2664.87,2026-04-30 16:29:21
2276,2276,Wallet,Refunded,0.0,2026-04-09 11:31:38
2277,2277,UPI,Success,1392.26,2026-03-02 17:56:46
2278,2278,Wallet,Failed,0.0,2026-07-14 13:42:39
2279,2279,NetBanking,Success,2590.85,2026-06-23 22:58:33
2280,2280,COD,Success,3957.54,2026-06-02 08:13:19
2281,2281,COD,Success,800.92,2026-04-11 18:17:39
2282,2282,UPI,Refunded,0.0,2026-05-21 18:04:03
2283,2283,Card,Success,1899.34,2026-02-18 15:52:53
2284,2284,COD,Success,2962.21,2026-06-29 13:52:50
2285,2285,NetBanking,Success,2832.51,2026-06-23 14:35:22
2286,2286,Card,Success,3676.78,2026-03-10 13:40:50
2287,2287,Wallet,Success,3016.69,2026-05-11 20:44:31
2288,2288,Wallet,Success,1214.12,2026-07-17 15:44:36
2289,2289,COD,Success,4084.95,2026-07-18 10:58:30
2290,2290,Card,Success,3520.4,2026-03-05 09:37:11
2291,2291,Wallet,Success,3716.77,2026-02-25 18:38:23
2292,2292,Card,Success,1051.44,2026-04-03 23:45:40
2293,2293,Wallet,Success,3044.38,2026-08-03 20:16:08
2294,2294,Wallet,Success,5516.38,2026-05-16 20:41:12
2295,2295,Wallet,Success,1653.62,2026-04-17 09:57:07
2296,2296,Wallet,Success,1050.62,2026-04-03 23:31:13
2297,2297,COD,Success,555.76,2026-04-05 22:14:29
2298,2298,UPI,Failed,0.0,2026-05-13 19:18:09
2299,2299,NetBanking,Success,2432.81,2026-02-16 07:33:29
2300,2300,UPI,Success,1394.77,2026-06-20 22:12:41
2301,2301,NetBanking,Success,342.8,2026-03-24 16:34:54
2302,2302,Wallet,Success,1145.79,2026-02-20 22:43:58
2303,2303,COD,Success,1111.56,2026-07-24 14:31:27
2304,2304,NetBanking,Success,142.17,2026-04-23 13:52:25
2305,2305,NetBanking,Success,376.56,2026-04-17 18:48:50
2306,2306,UPI,Success,3328.77,2026-07-25 22:07:29
2307,2307,Wallet,Success,3418.68,2026-03-23 12:49:29
2308,2308,COD,Success,2627.73,2026-02-26 20:21:49
2309,2309,Card,Success,1837.8,2026-03-04 12:50:32
2310,2310,Wallet,Success,3094.35,2026-04-14 22:27:24
2311,2311,Wallet,Success,1170.83,2026-07-04 15:57:36
2312,2312,COD,Refunded,0.0,2026-02-13 14:35:14
2313,2313,Card,Success,3491.08,2026-05-17 18:37:24
2314,2314,Card,Success,200.44,2026-08-03 16:46:25
2315,2315,COD,Refunded,0.0,2026-06-21 22:06:04
2316,2316,Wallet,Success,2344.36,2026-03-04 15:57:10
2317,2317,NetBanking,Success,1544.14,2026-05-11 17:21:21
2318,2318,NetBanking,Success,2671.17,2026-05-20 07:53:04
2319,2319,COD,Success,442.67,2026-04-16 16:49:53
2320,2320,Wallet,Success,804.59,2026-04-22 15:47:27
2321,2321,UPI,Success,1529.58,2026-07-13 21:17:55
2322,2322,UPI,Success,420.58,2026-06-18 09:52:05
2323,2323,COD,Success,3742.4,2026-04-20 19:26:44
2324,2324,UPI,Success,1065.52,2026-06-24 22:35:22
2325,2325,Card,Success,902.16,2026-07-01 13:00:53
2326,2326,UPI,Refunded,0.0,2026-06-26 18:12:39
2327,2327,Card,Success,1358.56,2026-02-07 16:51:46
2328,2328,UPI,Refunded,0.0,2026-07-10 16:50:07
2329,2329,COD,Success,1538.1,2026-06-02 20:40:09
2330,2330,NetBanking,Success,2765.24,2026-03-20 16:41:27
2331,2331,NetBanking,Success,100.48,2026-03-04 16:01:13
2332,2332,NetBanking,Success,1702.22,2026-06-06 13:42:03
2333,2333,Wallet,Refunded,0.0,2026-07-22 21:39:46
2334,2334,Wallet,Success,902.4,2026-03-27 08:39:25
2335,2335,NetBanking,Success,3018.73,2026-07-27 15:00:14
2336,2336,COD,Success,1400.63,2026-04-23 12:19:47
2337,2337,COD,Success,337.78,2026-06-13 08:30:13
2338,2338,Wallet,Success,5195.03,2026-02-15 15:49:59
2339,2339,Card,Success,1047.09,2026-06-18 17:29:35
2340,2340,Card,Success,1423.84,2026-02-06 12:49:15
2341,2341,NetBanking,Success,2190.24,2026-03-27 23:43:51
2342,2342,Card,Success,5993.42,2026-07-21 15:02:39
2343,2343,UPI,Success,1272.54,2026-05-14 11:09:18
2344,2344,UPI,Success,134.18,2026-04-03 13:54:16
2345,2345,NetBanking,Success,1957.59,2026-02-13 20:57:12
2346,2346,Card,Success,4611.93,2026-07-03 07:39:52
2347,2347,Card,Success,302.85,2026-02-23 21:39:26
2348,2348,COD,Success,2009.56,2026-07-17 09:28:24
2349,2349,Card,Success,7693.97,2026-06-17 22:09:10
2350,2350,NetBanking,Success,2053.88,2026-06-11 09:28:52
2351,2351,COD,Success,2056.07,2026-06-20 21:59:48
2352,2352,UPI,Success,655.15,2026-03-23 16:41:59
2353,2353,UPI,Failed,0.0,2026-04-02 11:34:41
2354,2354,NetBanking,Success,2076.39,2026-07-18 15:05:21
2355,2355,Card,Failed,0.0,2026-04-09 09:14:38
2356,2356,Wallet,Success,2457.96,2026-04-02 10:56:23
2357,2357,UPI,Success,832.58,2026-02-24 16:37:35
2358,2358,NetBanking,Success,3104.34,2026-03-17 11:37:33
2359,2359,Card,Success,5144.79,2026-03-11 21:33:42
2360,2360,NetBanking,Success,1667.34,2026-05-10 17:46:34
2361,2361,COD,Success,2093.55,2026-03-10 07:24:49
2362,2362,COD,Success,501.1,2026-07-08 09:11:42
2363,2363,Wallet,Success,3064.65,2026-04-30 12:57:49
2364,2364,Wallet,Success,2537.68,2026-05-17 15:03:44
2365,2365,Wallet,Success,939.39,2026-05-14 10:56:01
2366,2366,NetBanking,Success,1436.88,2026-03-09 16:50:25
2367,2367,Wallet,Success,3293.8,2026-07-31 14:16:50
2368,2368,Wallet,Success,3516.53,2026-07-05 09:14:49
2369,2369,COD,Success,1082.95,2026-07-22 09:15:03
2370,2370,Card,Success,1151.4,2026-06-15 09:58:44
2371,2371,UPI,Success,3668.6,2026-04-09 22:57:32
2372,2372,Wallet,Success,2743.49,2026-02-18 23:55:13
2373,2373,COD,Success,1904.28,2026-04-07 09:40:46
2374,2374,NetBanking,Success,109.82,2026-07-23 15:26:15
2375,2375,UPI,Success,528.04,2026-05-10 23:12:05
2376,2376,COD,Success,4178.0,2026-05-05 14:41:12
2377,2377,COD,Success,1236.06,2026-03-18 21:49:21
2378,2378,UPI,Success,4250.52,2026-03-08 10:04:51
2379,2379,UPI,Failed,0.0,2026-03-05 15:08:09
2380,2380,Card,Success,158.31,2026-07-05 16:00:20
2381,2381,COD,Success,5706.95,2026-07-24 12:55:47
2382,2382,Wallet,Success,969.58,2026-05-20 15:15:39
2383,2383,NetBanking,Success,1730.38,2026-05-30 10:24:54
2384,2384,NetBanking,Success,1563.1,2026-05-13 17:01:17
2385,2385,Card,Success,4123.56,2026-05-04 17:01:06
2386,2386,Wallet,Success,988.83,2026-05-19 13:43:10
2387,2387,NetBanking,Success,1276.06,2026-04-25 10:29:35
2388,2388,Wallet,Failed,0.0,2026-06-01 19:58:06
2389,2389,Card,Success,1954.86,2026-06-06 10:32:37
2390,2390,Card,Failed,0.0,2026-02-20 12:42:21
2391,2391,Card,Success,2377.3,2026-05-23 13:39:48
2392,2392,UPI,Success,4498.41,2026-07-14 21:51:37
2393,2393,UPI,Success,1576.38,2026-02-28 12:51:24
2394,2394,UPI,Success,1856.41,2026-06-12 10:18:25
2395,2395,COD,Success,518.31,2026-07-21 12:06:00
2396,2396,NetBanking,Success,3552.24,2026-06-17 19:52:43
2397,2397,Wallet,Success,1114.63,2026-03-17 10:42:07
2398,2398,Card,Success,371.68,2026-04-08 23:33:26
2399,2399,Card,Success,727.76,2026-03-18 21:21:48
2400,2400,Wallet,Success,4319.1,2026-06-26 08:49:19
2401,2401,Card,Failed,0.0,2026-05-26 20:54:12
2402,2402,Card,Refunded,0.0,2026-02-23 09:59:02
2403,2403,Wallet,Success,2347.03,2026-07-21 10:28:49
2404,2404,COD,Success,442.88,2026-03-25 18:41:45
2405,2405,Card,Success,642.24,2026-02-21 13:28:35
2406,2406,COD,Success,698.94,2026-08-01 15:21:08
2407,2407,NetBanking,Success,1794.32,2026-07-15 21:37:35
2408,2408,Card,Success,1956.6,2026-07-26 23:43:26
2409,2409,COD,Success,5662.13,2026-03-10 10:02:13
2410,2410,UPI,Success,294.92,2026-02-18 08:25:36
2411,2411,NetBanking,Success,2524.15,2026-04-30 08:19:13
2412,2412,COD,Success,1349.27,2026-05-16 18:15:44
2413,2413,Wallet,Refunded,0.0,2026-04-29 08:42:38
2414,2414,UPI,Success,5499.23,2026-06-13 07:48:12
2415,2415,UPI,Success,1760.4,2026-05-11 11:49:49
2416,2416,Wallet,Success,5060.81,2026-02-23 13:19:12
2417,2417,Card,Success,4644.05,2026-04-10 11:10:25
2418,2418,Wallet,Success,3192.98,2026-07-12 17:40:40
2419,2419,UPI,Success,2230.36,2026-06-22 20:44:19
2420,2420,UPI,Success,2720.52,2026-06-25 16:57:54
2421,2421,UPI,Success,2156.29,2026-05-03 17:42:39
2422,2422,Card,Success,2796.24,2026-05-25 16:24:07
2423,2423,NetBanking,Refunded,0.0,2026-02-25 22:13:31
2424,2424,Wallet,Success,495.64,2026-05-11 16:24:21
2425,2425,Card,Success,3058.49,2026-06-25 12:22:00
2426,2426,Card,Success,2860.27,2026-05-04 23:42:32
2427,2427,NetBanking,Success,629.2,2026-04-03 20:00:20
2428,2428,UPI,Success,1906.15,2026-07-14 16:51:07
2429,2429,Wallet,Success,1221.03,2026-04-13 20:49:40
2430,2430,NetBanking,Success,1002.02,2026-03-04 12:45:07
2431,2431,NetBanking,Success,2702.4,2026-02-20 09:18:22
2432,2432,Wallet,Success,1267.27,2026-06-01 22:28:10
2433,2433,Wallet,Success,2140.27,2026-05-21 21:37:26
2434,2434,COD,Success,3223.42,2026-03-01 10:49:58
2435,2435,Wallet,Success,3760.03,2026-04-18 15:43:54
2436,2436,Card,Success,2345.51,2026-05-19 21:04:54
2437,2437,Wallet,Success,1511.1,2026-03-15 07:33:37
2438,2438,COD,Success,944.79,2026-07-14 12:25:06
2439,2439,UPI,Failed,0.0,2026-03-24 20:12:22
2440,2440,Wallet,Failed,0.0,2026-05-10 23:19:33
2441,2441,Card,Failed,0.0,2026-04-25 14:19:58
2442,2442,Wallet,Success,1399.43,2026-06-21 11:06:19
2443,2443,NetBanking,Success,1364.21,2026-04-03 12:38:12
2444,2444,UPI,Success,1685.03,2026-07-02 13:43:34
2445,2445,COD,Success,2558.35,2026-05-09 22:10:01
2446,2446,UPI,Success,267.16,2026-06-23 21:44:25
2447,2447,NetBanking,Success,377.68,2026-02-12 14:50:53
2448,2448,Wallet,Success,242.67,2026-02-24 21:37:52
2449,2449,NetBanking,Success,3575.21,2026-02-12 07:03:08
2450,2450,Card,Success,3031.74,2026-06-26 09:13:50
2451,2451,NetBanking,Success,3201.95,2026-06-04 07:58:24
2452,2452,Card,Success,477.62,2026-06-25 12:12:48
2453,2453,Wallet,Success,2228.14,2026-06-02 12:35:44
2454,2454,Wallet,Success,1709.32,2026-06-28 07:35:51
2455,2455,UPI,Success,361.28,2026-05-06 18:45:59
2456,2456,UPI,Success,2306.15,2026-06-03 19:50:05
2457,2457,COD,Success,5049.82,2026-07-17 11:16:37
2458,2458,Wallet,Success,5630.23,2026-06-23 16:39:05
2459,2459,Wallet,Success,2226.36,2026-06-19 23:10:49
2460,2460,Card,Success,2575.34,2026-04-05 15:02:23
2461,2461,COD,Success,1561.78,2026-07-13 20:05:07
2462,2462,NetBanking,Success,2790.49,2026-02-12 13:45:05
2463,2463,NetBanking,Success,505.3,2026-05-20 13:38:34
2464,2464,Card,Success,140.86,2026-06-16 23:20:09
2465,2465,NetBanking,Success,1689.36,2026-04-06 21:54:11
2466,2466,Card,Success,2336.61,2026-05-03 11:15:47
2467,2467,UPI,Refunded,0.0,2026-07-21 11:58:36
2468,2468,COD,Success,57.39,2026-04-23 12:50:04
2469,2469,NetBanking,Refunded,0.0,2026-05-03 20:07:25
2470,2470,COD,Success,1193.52,2026-02-27 14:42:03
2471,2471,COD,Success,2820.8,2026-05-14 09:21:25
2472,2472,Wallet,Success,527.46,2026-05-06 22:37:08
2473,2473,COD,Success,284.9,2026-06-30 17:04:07
2474,2474,COD,Success,2861.94,2026-03-31 10:26:39
2475,2475,COD,Success,3790.06,2026-05-16 15:40:25
2476,2476,Wallet,Success,1329.38,2026-05-24 20:20:02
2477,2477,NetBanking,Success,1543.8,2026-02-26 09:44:13
2478,2478,UPI,Success,5993.38,2026-07-26 19:30:31
2479,2479,NetBanking,Success,5993.75,2026-05-15 15:06:37
2480,2480,Wallet,Failed,0.0,2026-03-05 21:23:24
2481,2481,NetBanking,Success,1036.95,2026-05-10 15:02:07
2482,2482,Card,Success,2699.46,2026-04-14 16:44:03
2483,2483,COD,Success,3158.05,2026-04-10 16:36:20
2484,2484,COD,Success,3272.17,2026-08-01 13:20:31
2485,2485,UPI,Success,1730.54,2026-05-09 20:14:15
2486,2486,Wallet,Success,1118.67,2026-06-14 12:50:06
2487,2487,Card,Success,2218.89,2026-02-22 18:57:19
2488,2488,Wallet,Success,3130.67,2026-07-17 20:52:57
2489,2489,Wallet,Success,2295.98,2026-05-06 21:25:21
2490,2490,Wallet,Success,1470.82,2026-05-17 15:54:55
2491,2491,UPI,Success,1849.61,2026-03-30 15:29:32
2492,2492,NetBanking,Refunded,0.0,2026-02-19 14:33:33
2493,2493,Card,Success,2208.63,2026-05-13 12:37:36
2494,2494,NetBanking,Success,946.34,2026-07-20 10:50:43
2495,2495,COD,Success,2991.31,2026-07-26 21:59:28
2496,2496,UPI,Success,2455.57,2026-05-18 17:03:30
2497,2497,Wallet,Success,1853.42,2026-06-13 21:11:48
2498,2498,Card,Success,1487.72,2026-07-27 08:35:46
2499,2499,UPI,Success,5170.08,2026-07-11 11:20:03
2500,2500,Card,Success,3125.39,2026-07-04 07:27:36
2501,2501,UPI,Success,597.8,2026-05-27 21:19:26
2502,2502,UPI,Success,5225.01,2026-04-04 22:14:03
2503,2503,COD,Success,4640.48,2026-03-17 23:43:10
2504,2504,Card,Success,3594.3,2026-05-13 07:57:32
2505,2505,COD,Success,3542.78,2026-04-06 20:08:29
2506,2506,NetBanking,Success,996.64,2026-05-26 13:43:26
2507,2507,UPI,Success,4155.83,2026-07-24 17:33:41
2508,2508,Wallet,Success,245.1,2026-07-10 22:52:40
2509,2509,COD,Success,3302.99,2026-03-07 14:31:05
2510,2510,Card,Success,2744.32,2026-02-09 16:32:36
2511,2511,COD,Failed,0.0,2026-06-09 20:00:01
2512,2512,Wallet,Success,1062.75,2026-06-13 13:46:42
2513,2513,Wallet,Success,4023.82,2026-03-28 21:37:31
2514,2514,Wallet,Success,2945.31,2026-04-02 07:21:20
2515,2515,Card,Success,205.25,2026-05-23 14:21:49
2516,2516,Card,Success,2570.88,2026-06-08 09:23:08
2517,2517,NetBanking,Success,3082.04,2026-07-02 16:18:41
2518,2518,Wallet,Refunded,0.0,2026-02-27 13:15:02
2519,2519,UPI,Success,716.22,2026-02-17 22:50:54
2520,2520,Card,Success,170.03,2026-04-11 08:48:23
2521,2521,NetBanking,Success,2530.34,2026-02-18 10:27:50
2522,2522,Card,Success,607.12,2026-06-03 07:59:36
2523,2523,Wallet,Success,632.06,2026-07-09 16:01:34
2524,2524,UPI,Failed,0.0,2026-07-14 21:42:31
2525,2525,Card,Success,615.87,2026-05-16 14:07:56
2526,2526,UPI,Success,1533.68,2026-05-20 19:08:32
2527,2527,UPI,Success,377.42,2026-02-27 19:47:31
2528,2528,NetBanking,Success,2259.29,2026-07-29 16:38:57
2529,2529,Wallet,Success,110.72,2026-02-28 10:13:36
2530,2530,NetBanking,Success,4445.42,2026-03-31 18:22:25
2531,2531,Card,Success,2435.16,2026-07-26 20:59:45
2532,2532,UPI,Failed,0.0,2026-02-21 08:42:22
2533,2533,Wallet,Success,592.66,2026-06-30 18:17:45
2534,2534,Card,Success,898.57,2026-06-25 22:41:17
2535,2535,Wallet,Success,435.22,2026-03-26 23:06:51
2536,2536,UPI,Success,3955.05,2026-06-06 23:33:50
2537,2537,Wallet,Success,148.31,2026-07-24 08:49:05
2538,2538,Card,Success,3972.33,2026-07-10 19:52:40
2539,2539,Card,Success,2336.63,2026-03-15 11:48:15
2540,2540,UPI,Success,2697.87,2026-07-06 22:28:22
2541,2541,NetBanking,Success,3310.5,2026-03-13 11:30:01
2542,2542,COD,Success,3377.13,2026-02-26 11:37:16
2543,2543,COD,Success,867.07,2026-03-31 09:39:17
2544,2544,Wallet,Success,1920.11,2026-02-28 08:35:37
2545,2545,Card,Success,2094.28,2026-06-03 13:04:46
2546,2546,UPI,Success,4392.11,2026-04-02 11:45:38
2547,2547,Wallet,Success,2342.45,2026-05-17 16:06:10
2548,2548,UPI,Success,763.88,2026-04-02 21:31:50
2549,2549,COD,Success,4513.16,2026-05-02 11:49:17
2550,2550,COD,Success,3438.88,2026-06-03 20:42:33
2551,2551,Wallet,Success,3911.96,2026-07-14 07:11:04
2552,2552,Card,Success,588.8,2026-05-11 18:11:09
2553,2553,COD,Success,1484.52,2026-03-09 22:06:37
2554,2554,Wallet,Success,2926.27,2026-03-28 10:27:48
2555,2555,Card,Success,130.8,2026-07-11 09:58:32
2556,2556,NetBanking,Refunded,0.0,2026-07-06 14:24:22
2557,2557,Card,Success,2620.22,2026-07-11 21:05:07
2558,2558,Card,Success,2931.83,2026-03-09 14:15:37
2559,2559,UPI,Success,1004.37,2026-03-02 21:09:40
2560,2560,Wallet,Success,3041.71,2026-02-28 14:48:09
2561,2561,NetBanking,Success,3866.17,2026-06-11 16:14:57
2562,2562,UPI,Success,1309.78,2026-03-03 21:09:08
2563,2563,COD,Success,1733.86,2026-04-15 18:02:35
2564,2564,NetBanking,Success,2946.29,2026-04-01 21:35:59
2565,2565,Card,Success,3324.09,2026-05-09 19:07:00
2566,2566,Wallet,Success,953.94,2026-03-17 00:01:41
2567,2567,UPI,Success,509.91,2026-04-30 14:12:58
2568,2568,COD,Success,1921.77,2026-07-21 16:58:27
2569,2569,COD,Success,1636.13,2026-03-08 20:33:30
2570,2570,COD,Success,3554.31,2026-04-18 23:55:45
2571,2571,Card,Success,4631.46,2026-05-22 14:04:09
2572,2572,UPI,Success,4221.35,2026-05-07 22:55:29
2573,2573,Card,Success,2228.82,2026-08-02 13:59:04
2574,2574,NetBanking,Success,2168.9,2026-06-05 11:16:30
2575,2575,NetBanking,Success,2173.14,2026-06-05 14:17:57
2576,2576,UPI,Success,2180.41,2026-07-21 18:35:21
2577,2577,Card,Success,3033.64,2026-02-14 18:14:17
2578,2578,Wallet,Success,3593.52,2026-07-21 18:22:33
2579,2579,Wallet,Success,625.0,2026-04-01 19:42:38
2580,2580,COD,Success,1458.42,2026-05-25 18:49:22
2581,2581,COD,Success,5335.72,2026-02-26 08:17:37
2582,2582,Wallet,Success,672.29,2026-05-19 09:37:47
2583,2583,NetBanking,Success,2212.56,2026-05-11 14:57:58
2584,2584,Wallet,Success,3984.82,2026-02-26 14:57:18
2585,2585,NetBanking,Success,5330.15,2026-06-05 21:50:25
2586,2586,COD,Success,1471.28,2026-03-04 19:48:28
2587,2587,Card,Success,1202.88,2026-02-27 22:15:54
2588,2588,Wallet,Success,2542.15,2026-03-10 17:23:29
2589,2589,Wallet,Success,689.32,2026-04-25 16:48:36
2590,2590,Card,Success,2977.52,2026-08-04 15:38:54
2591,2591,Card,Success,2516.31,2026-04-02 08:07:07
2592,2592,UPI,Success,5157.22,2026-04-21 13:32:34
2593,2593,Wallet,Success,1166.23,2026-06-21 07:48:58
2594,2594,Wallet,Success,1828.18,2026-03-15 10:18:02
2595,2595,COD,Success,1350.36,2026-03-05 10:14:04
2596,2596,UPI,Failed,0.0,2026-04-11 18:50:59
2597,2597,Wallet,Success,3160.45,2026-07-19 12:20:32
2598,2598,COD,Success,1226.91,2026-04-23 07:10:11
2599,2599,NetBanking,Success,3410.28,2026-08-02 20:50:45
2600,2600,NetBanking,Success,3126.66,2026-05-28 23:32:28
2601,2601,NetBanking,Success,933.98,2026-06-23 07:31:05
2602,2602,Wallet,Success,3098.51,2026-07-13 22:38:42
2603,2603,UPI,Failed,0.0,2026-08-03 18:43:19
2604,2604,NetBanking,Success,1019.85,2026-03-27 10:03:44
2605,2605,COD,Success,1884.31,2026-04-23 11:19:39
2606,2606,NetBanking,Success,1499.5,2026-03-31 15:32:27
2607,2607,UPI,Failed,0.0,2026-02-15 17:21:16
2608,2608,NetBanking,Success,2807.51,2026-04-04 17:49:13
2609,2609,Wallet,Failed,0.0,2026-08-03 11:16:45
2610,2610,UPI,Success,320.2,2026-02-06 09:27:44
2611,2611,Wallet,Success,4506.73,2026-04-28 16:06:59
2612,2612,NetBanking,Failed,0.0,2026-04-23 21:31:55
2613,2613,Wallet,Success,2433.12,2026-02-27 18:49:40
2614,2614,COD,Success,490.2,2026-06-17 16:20:21
2615,2615,Card,Success,3588.3,2026-05-10 08:41:37
2616,2616,NetBanking,Success,1972.94,2026-06-24 16:42:45
2617,2617,COD,Success,1286.38,2026-05-14 11:59:24
2618,2618,UPI,Success,5165.46,2026-05-21 13:22:59
2619,2619,COD,Success,3699.76,2026-04-13 21:03:24
2620,2620,NetBanking,Refunded,0.0,2026-05-04 08:11:31
2621,2621,Card,Success,2524.08,2026-05-29 07:14:15
2622,2622,COD,Refunded,0.0,2026-06-20 17:05:11
2623,2623,UPI,Success,845.1,2026-06-22 13:11:38
2624,2624,Wallet,Failed,0.0,2026-07-16 18:10:59
2625,2625,NetBanking,Success,1720.5,2026-08-03 18:07:04
2626,2626,Wallet,Success,1187.74,2026-07-16 15:30:30
2627,2627,NetBanking,Success,5084.31,2026-06-04 13:12:32
2628,2628,COD,Success,3898.65,2026-07-09 10:21:47
2629,2629,Card,Success,5169.3,2026-06-22 22:20:37
2630,2630,Wallet,Success,1512.68,2026-02-11 09:15:18
2631,2631,Card,Refunded,0.0,2026-05-30 09:05:36
2632,2632,Wallet,Success,1059.24,2026-05-27 23:17:18
2633,2633,COD,Success,3710.72,2026-06-29 22:25:01
2634,2634,COD,Refunded,0.0,2026-05-28 21:35:17
2635,2635,UPI,Success,1669.44,2026-05-20 15:14:28
2636,2636,NetBanking,Success,2253.41,2026-07-25 20:07:03
2637,2637,Card,Success,1813.71,2026-04-11 23:48:00
2638,2638,UPI,Success,124.0,2026-04-27 10:29:59
2639,2639,UPI,Success,5705.14,2026-03-08 20:27:25
2640,2640,NetBanking,Success,429.96,2026-02-23 14:17:20
2641,2641,Card,Success,1367.87,2026-02-06 13:48:00
2642,2642,COD,Success,4045.54,2026-03-03 08:23:20
2643,2643,NetBanking,Success,692.0,2026-05-13 23:04:48
2644,2644,Card,Success,331.36,2026-02-09 22:39:30
2645,2645,Wallet,Success,2608.09,2026-07-01 21:48:10
2646,2646,Wallet,Success,2777.89,2026-03-26 22:26:57
2647,2647,UPI,Success,4794.31,2026-06-15 15:42:02
2648,2648,COD,Success,1893.93,2026-03-16 19:36:42
2649,2649,COD,Success,104.88,2026-03-05 07:56:04
2650,2650,Wallet,Success,1010.6,2026-05-31 17:36:39
2651,2651,Wallet,Success,971.52,2026-05-15 18:53:13
2652,2652,Wallet,Success,1673.36,2026-06-28 12:38:36
2653,2653,UPI,Success,2066.18,2026-05-21 10:19:05
2654,2654,NetBanking,Success,3489.57,2026-04-18 20:53:44
2655,2655,NetBanking,Success,2575.4,2026-06-25 21:37:24
2656,2656,COD,Success,2402.43,2026-02-12 15:50:18
2657,2657,Wallet,Success,1961.16,2026-03-09 11:21:06
2658,2658,UPI,Success,773.93,2026-02-20 18:36:58
2659,2659,Card,Success,7238.4,2026-03-02 19:31:34
2660,2660,NetBanking,Failed,0.0,2026-04-19 16:42:33
2661,2661,Card,Success,487.8,2026-05-29 10:50:22
2662,2662,NetBanking,Success,2549.55,2026-06-28 07:34:47
2663,2663,COD,Success,1582.73,2026-06-13 21:57:09
2664,2664,Card,Success,2670.89,2026-06-13 11:53:39
2665,2665,COD,Success,1166.31,2026-02-23 12:59:27
2666,2666,NetBanking,Success,1838.58,2026-02-12 14:52:38
2667,2667,Wallet,Success,2985.62,2026-05-20 21:07:27
2668,2668,Wallet,Success,574.77,2026-06-19 09:48:05
2669,2669,NetBanking,Refunded,0.0,2026-03-14 22:32:24
2670,2670,COD,Success,1164.84,2026-06-04 18:11:42
2671,2671,NetBanking,Failed,0.0,2026-07-01 12:20:13
2672,2672,UPI,Failed,0.0,2026-06-07 11:47:22
2673,2673,COD,Success,328.38,2026-07-19 18:11:28
2674,2674,NetBanking,Success,4521.19,2026-06-05 21:46:13
2675,2675,NetBanking,Success,2165.88,2026-07-13 14:08:02
2676,2676,Wallet,Success,444.62,2026-05-19 23:33:01
2677,2677,Card,Success,3309.89,2026-07-10 20:26:16
2678,2678,NetBanking,Success,1768.29,2026-04-10 09:41:36
2679,2679,COD,Success,2128.18,2026-06-05 20:27:50
2680,2680,COD,Success,4676.91,2026-04-07 14:30:01
2681,2681,Card,Success,3055.44,2026-03-11 21:45:13
2682,2682,Card,Success,1332.34,2026-04-20 18:57:08
2683,2683,UPI,Success,2964.9,2026-06-19 17:12:06
2684,2684,Card,Success,1839.86,2026-03-17 12:05:48
2685,2685,Card,Success,1256.34,2026-03-30 10:38:04
2686,2686,Card,Refunded,0.0,2026-07-19 12:38:29
2687,2687,UPI,Success,2620.48,2026-05-12 07:53:16
2688,2688,Card,Success,3728.14,2026-03-13 08:32:23
2689,2689,COD,Success,1442.04,2026-05-18 19:22:16
2690,2690,NetBanking,Success,383.43,2026-02-08 22:10:47
2691,2691,NetBanking,Success,1573.46,2026-04-12 14:02:01
2692,2692,NetBanking,Success,81.41,2026-07-21 17:34:42
2693,2693,Wallet,Success,1372.46,2026-02-12 15:48:43
2694,2694,Wallet,Success,3118.56,2026-06-03 12:46:56
2695,2695,Card,Success,2041.49,2026-04-12 23:25:56
2696,2696,COD,Success,5733.62,2026-03-20 18:26:12
2697,2697,Card,Success,1839.61,2026-04-12 10:32:07
2698,2698,Wallet,Success,2978.54,2026-02-15 18:00:50
2699,2699,COD,Success,3191.58,2026-06-05 08:11:31
2700,2700,COD,Success,3502.55,2026-06-25 16:10:26
2701,2701,UPI,Success,478.67,2026-07-26 21:09:27
2702,2702,UPI,Success,1909.54,2026-05-15 16:25:10
2703,2703,NetBanking,Failed,0.0,2026-06-24 22:59:04
2704,2704,Card,Success,234.96,2026-05-25 07:54:24
2705,2705,Wallet,Success,196.56,2026-04-15 08:04:32
2706,2706,COD,Success,2874.14,2026-02-28 07:36:06
2707,2707,UPI,Success,1301.92,2026-02-18 23:38:04
2708,2708,COD,Success,4129.35,2026-02-21 23:10:00
2709,2709,NetBanking,Success,1037.59,2026-05-22 11:43:08
2710,2710,Wallet,Success,4563.49,2026-08-01 22:13:32
2711,2711,Wallet,Success,3023.75,2026-06-08 12:05:11
2712,2712,COD,Success,2518.44,2026-05-03 19:49:03
2713,2713,Wallet,Success,3879.37,2026-04-02 23:43:37
2714,2714,Wallet,Success,1329.88,2026-04-05 13:16:43
2715,2715,NetBanking,Success,1331.52,2026-08-04 14:48:32
2716,2716,Wallet,Success,1335.28,2026-05-30 14:53:03
2717,2717,UPI,Success,2611.33,2026-02-15 17:14:31
2718,2718,UPI,Success,735.3,2026-07-15 14:31:45
2719,2719,UPI,Success,2505.28,2026-04-15 16:04:59
2720,2720,NetBanking,Success,1137.71,2026-05-16 09:04:49
2721,2721,Wallet,Success,2719.08,2026-03-06 12:35:18
2722,2722,COD,Success,758.6,2026-03-10 11:38:26
2723,2723,COD,Success,3624.08,2026-07-21 00:01:47
2724,2724,Card,Refunded,0.0,2026-03-16 12:51:21
2725,2725,UPI,Success,379.76,2026-03-29 22:50:42
2726,2726,UPI,Success,1945.72,2026-05-31 11:09:57
2727,2727,NetBanking,Refunded,0.0,2026-05-23 12:01:13
2728,2728,COD,Success,3417.4,2026-03-03 07:54:42
2729,2729,COD,Success,3079.97,2026-02-17 09:40:06
2730,2730,UPI,Success,1291.05,2026-03-22 12:52:09
2731,2731,Card,Success,2655.4,2026-02-14 21:32:16
2732,2732,UPI,Success,3917.01,2026-06-02 12:34:33
2733,2733,COD,Success,495.06,2026-03-05 10:24:53
2734,2734,COD,Success,3978.41,2026-06-28 21:16:14
2735,2735,NetBanking,Success,1722.62,2026-07-11 10:19:18
2736,2736,Wallet,Success,1978.6,2026-07-31 18:49:08
2737,2737,UPI,Success,1939.75,2026-04-11 19:13:04
2738,2738,COD,Success,821.16,2026-04-29 07:19:13
2739,2739,UPI,Success,4824.4,2026-06-30 14:29:41
2740,2740,Wallet,Refunded,0.0,2026-06-16 15:14:42
2741,2741,NetBanking,Refunded,0.0,2026-04-22 09:24:34
2742,2742,UPI,Success,1218.29,2026-04-02 19:21:51
2743,2743,COD,Success,6263.63,2026-06-01 11:38:07
2744,2744,UPI,Success,1121.61,2026-07-25 08:52:26
2745,2745,Wallet,Success,2001.4,2026-07-28 10:59:16
2746,2746,COD,Success,1174.0,2026-03-03 11:28:26
2747,2747,Card,Success,5857.71,2026-05-16 18:07:03
2748,2748,Card,Success,3028.88,2026-05-08 22:59:28
2749,2749,COD,Success,2652.03,2026-04-12 09:30:32
2750,2750,NetBanking,Success,3151.19,2026-03-20 16:04:34
2751,2751,NetBanking,Success,703.16,2026-05-20 18:07:59
2752,2752,UPI,Success,988.1,2026-04-05 19:42:24
2753,2753,NetBanking,Success,2760.47,2026-07-08 23:23:17
2754,2754,Wallet,Success,694.84,2026-02-22 13:00:06
2755,2755,Card,Success,2247.9,2026-03-23 11:35:33
2756,2756,Wallet,Success,932.31,2026-04-19 09:41:45
2757,2757,Card,Success,5206.89,2026-07-28 17:01:31
2758,2758,UPI,Success,3262.56,2026-06-27 11:41:39
2759,2759,Card,Refunded,0.0,2026-07-13 14:24:02
2760,2760,COD,Success,1824.07,2026-04-07 08:12:55
2761,2761,UPI,Success,2442.91,2026-04-05 19:00:57
2762,2762,NetBanking,Success,4067.35,2026-02-06 23:59:01
2763,2763,UPI,Success,2758.47,2026-05-25 20:50:38
2764,2764,Wallet,Success,1011.09,2026-03-20 08:00:39
2765,2765,COD,Success,287.23,2026-06-09 13:58:37
2766,2766,UPI,Success,3111.64,2026-03-06 14:35:08
2767,2767,Wallet,Success,2166.15,2026-03-31 12:18:14
2768,2768,NetBanking,Success,2887.91,2026-02-17 07:15:46
2769,2769,NetBanking,Success,1126.74,2026-07-16 18:22:39
2770,2770,NetBanking,Success,438.68,2026-06-25 18:13:05
2771,2771,UPI,Success,1772.93,2026-06-22 19:00:13
2772,2772,NetBanking,Success,2611.72,2026-05-10 22:15:37
2773,2773,Card,Success,3384.33,2026-03-07 07:05:21
2774,2774,Card,Success,2127.91,2026-03-01 20:59:13
2775,2775,COD,Success,837.32,2026-02-11 21:38:35
2776,2776,COD,Success,3452.44,2026-07-04 11:27:53
2777,2777,UPI,Success,4145.22,2026-04-15 15:45:06
2778,2778,UPI,Success,1639.74,2026-02-07 07:38:39
2779,2779,UPI,Success,2581.63,2026-03-28 16:56:23
2780,2780,NetBanking,Success,4166.95,2026-06-13 12:34:46
2781,2781,Card,Success,2017.19,2026-03-06 09:23:47
2782,2782,Wallet,Success,4316.87,2026-07-09 12:44:15
2783,2783,Wallet,Success,6034.04,2026-05-08 07:36:13
2784,2784,COD,Success,752.49,2026-06-04 09:17:59
2785,2785,Wallet,Success,4502.02,2026-02-13 20:30:25
2786,2786,UPI,Success,2427.16,2026-04-06 16:04:09
2787,2787,Card,Success,3421.48,2026-02-14 09:51:54
2788,2788,UPI,Success,4489.65,2026-02-13 21:36:21
2789,2789,Wallet,Success,91.12,2026-03-04 17:36:13
2790,2790,COD,Success,3493.65,2026-07-21 23:31:28
2791,2791,COD,Success,6062.75,2026-05-13 22:49:57
2792,2792,UPI,Success,4470.8,2026-03-22 23:54:56
2793,2793,COD,Success,2544.93,2026-04-27 20:43:43
2794,2794,Wallet,Success,3227.38,2026-04-10 23:52:46
2795,2795,NetBanking,Success,1415.04,2026-06-27 13:33:42
2796,2796,UPI,Success,3743.05,2026-05-28 09:15:51
2797,2797,COD,Success,3400.49,2026-04-12 07:48:49
2798,2798,Wallet,Success,1353.73,2026-06-16 09:13:44
2799,2799,UPI,Success,3691.99,2026-02-12 19:20:33
2800,2800,COD,Success,2578.06,2026-05-03 23:54:59
2801,2801,COD,Success,4450.92,2026-06-27 08:57:15
2802,2802,Wallet,Success,2389.01,2026-04-16 15:10:42
2803,2803,Wallet,Success,1646.53,2026-02-18 13:24:21
2804,2804,NetBanking,Success,1697.53,2026-06-26 19:40:40
2805,2805,Card,Success,723.45,2026-08-02 15:33:49
2806,2806,UPI,Success,602.75,2026-08-01 09:13:26
2807,2807,Card,Success,3465.54,2026-05-13 21:51:14
2808,2808,Card,Success,2065.17,2026-03-16 15:00:04
2809,2809,COD,Success,3431.68,2026-06-24 09:14:23
2810,2810,NetBanking,Success,3606.42,2026-04-08 19:12:08
2811,2811,Wallet,Success,703.05,2026-06-04 16:07:50
2812,2812,Card,Success,2876.66,2026-03-30 12:06:41
2813,2813,Card,Success,697.51,2026-03-03 08:11:00
2814,2814,UPI,Success,3524.6,2026-06-14 21:03:24
2815,2815,NetBanking,Success,5206.94,2026-04-11 09:18:39
2816,2816,NetBanking,Success,1113.18,2026-03-29 08:47:58
2817,2817,Wallet,Success,4123.38,2026-03-07 15:46:25
2818,2818,NetBanking,Success,959.18,2026-08-04 09:10:55
2819,2819,NetBanking,Success,1742.43,2026-05-28 09:11:51
2820,2820,COD,Success,2507.27,2026-03-02 18:25:15
2821,2821,UPI,Success,4194.66,2026-05-22 07:25:29
2822,2822,NetBanking,Success,3103.77,2026-06-06 16:26:49
2823,2823,NetBanking,Success,1275.33,2026-05-24 07:37:44
2824,2824,NetBanking,Success,3380.22,2026-03-16 00:02:29
2825,2825,Wallet,Success,2642.5,2026-07-22 14:30:49
2826,2826,Card,Success,3404.62,2026-04-25 16:42:35
2827,2827,UPI,Success,3390.05,2026-08-04 07:43:52
2828,2828,NetBanking,Success,1215.48,2026-04-10 13:06:25
2829,2829,UPI,Success,2328.16,2026-06-06 19:18:29
2830,2830,Wallet,Success,320.2,2026-04-08 22:56:47
2831,2831,NetBanking,Success,386.04,2026-03-17 10:50:42
2832,2832,UPI,Success,3328.65,2026-03-29 14:59:51
2833,2833,UPI,Success,3673.4,2026-06-13 22:57:22
2834,2834,Card,Success,3544.16,2026-06-17 19:29:34
2835,2835,NetBanking,Failed,0.0,2026-04-29 18:26:59
2836,2836,NetBanking,Success,1500.53,2026-05-10 21:21:35
2837,2837,Wallet,Success,1030.72,2026-04-27 10:33:03
2838,2838,Card,Success,4539.64,2026-03-09 10:46:54
2839,2839,NetBanking,Success,1722.75,2026-02-22 17:35:29
2840,2840,Card,Success,633.72,2026-02-11 08:22:39
2841,2841,NetBanking,Success,956.31,2026-04-23 23:41:16
2842,2842,Card,Success,2172.66,2026-04-28 08:00:04
2843,2843,Wallet,Success,1742.28,2026-05-05 18:22:38
2844,2844,Card,Failed,0.0,2026-05-18 07:16:45
2845,2845,COD,Success,593.65,2026-06-13 10:55:15
2846,2846,Card,Success,120.19,2026-04-11 15:50:47
2847,2847,COD,Success,87.2,2026-02-20 17:15:28
2848,2848,Wallet,Success,1312.05,2026-07-13 16:35:14
2849,2849,UPI,Success,4835.74,2026-06-18 10:56:42
2850,2850,Card,Success,2793.45,2026-05-01 22:44:42
2851,2851,Wallet,Success,4557.34,2026-05-16 09:01:19
2852,2852,COD,Success,3495.31,2026-02-26 12:16:51
2853,2853,NetBanking,Success,1764.37,2026-04-01 23:50:28
2854,2854,NetBanking,Failed,0.0,2026-07-28 23:33:06
2855,2855,UPI,Success,1873.1,2026-05-21 08:35:09
2856,2856,UPI,Success,647.65,2026-03-14 10:51:23
2857,2857,NetBanking,Refunded,0.0,2026-06-02 14:00:16
2858,2858,UPI,Success,2595.92,2026-04-17 16:33:44
2859,2859,Wallet,Success,3458.28,2026-06-21 08:31:26
2860,2860,Card,Refunded,0.0,2026-03-04 08:26:26
2861,2861,COD,Success,475.51,2026-02-24 21:28:02
2862,2862,NetBanking,Success,1001.66,2026-05-04 11:00:53
2863,2863,COD,Success,5104.53,2026-03-08 23:28:27
2864,2864,COD,Refunded,0.0,2026-03-25 13:18:14
2865,2865,COD,Success,1615.27,2026-06-20 19:56:04
2866,2866,Card,Success,3798.68,2026-03-06 10:26:47
2867,2867,UPI,Success,5524.34,2026-02-06 20:15:56
2868,2868,Wallet,Success,953.76,2026-06-13 19:14:53
2869,2869,Card,Success,5212.08,2026-07-01 15:36:44
2870,2870,Wallet,Success,460.49,2026-02-18 16:17:34
2871,2871,UPI,Success,3140.69,2026-02-11 12:14:46
2872,2872,COD,Success,1424.62,2026-08-03 19:57:28
2873,2873,Wallet,Success,86.32,2026-04-04 12:05:53
2874,2874,Wallet,Success,5614.42,2026-05-05 11:19:01
2875,2875,Wallet,Success,2031.2,2026-08-01 17:58:17
2876,2876,Card,Success,5215.97,2026-05-02 08:23:43
2877,2877,UPI,Success,2350.7,2026-05-17 13:19:34
2878,2878,UPI,Success,825.0,2026-05-10 12:50:47
2879,2879,NetBanking,Success,2865.21,2026-05-17 21:38:40
2880,2880,NetBanking,Failed,0.0,2026-06-06 11:47:18
2881,2881,Card,Success,377.28,2026-08-04 23:50:47
2882,2882,COD,Success,2566.68,2026-05-23 15:49:21
2883,2883,Card,Success,3154.03,2026-07-30 23:12:49
2884,2884,Wallet,Success,159.63,2026-07-16 10:26:21
2885,2885,Wallet,Success,1490.43,2026-03-19 20:40:54
2886,2886,NetBanking,Success,2925.79,2026-06-19 11:16:53
2887,2887,NetBanking,Success,757.0,2026-07-16 14:13:51
2888,2888,UPI,Success,1906.59,2026-05-11 15:22:23
2889,2889,NetBanking,Success,813.18,2026-07-23 20:25:50
2890,2890,NetBanking,Success,3557.89,2026-04-19 17:34:25
2891,2891,NetBanking,Success,4897.74,2026-02-12 17:40:35
2892,2892,Card,Success,901.06,2026-06-05 16:56:09
2893,2893,UPI,Success,2199.99,2026-03-11 14:21:35
2894,2894,Wallet,Failed,0.0,2026-02-25 14:35:02
2895,2895,COD,Success,65.26,2026-04-10 15:51:32
2896,2896,Card,Success,1220.18,2026-04-07 20:26:28
2897,2897,Card,Failed,0.0,2026-04-22 20:41:25
2898,2898,UPI,Success,277.48,2026-02-23 22:51:43
2899,2899,COD,Success,562.27,2026-06-25 22:36:32
2900,2900,NetBanking,Failed,0.0,2026-05-28 11:35:23
2901,2901,Wallet,Success,6256.37,2026-02-25 12:45:34
2902,2902,UPI,Success,424.96,2026-02-08 12:17:34
2903,2903,Wallet,Success,907.92,2026-06-22 15:43:22
2904,2904,UPI,Success,3016.9,2026-07-09 08:20:21
2905,2905,COD,Success,2259.59,2026-03-09 07:47:27
2906,2906,Wallet,Success,2168.15,2026-03-20 13:47:48
2907,2907,Card,Success,6304.95,2026-08-02 08:46:02
2908,2908,COD,Success,6149.01,2026-03-27 21:32:04
2909,2909,COD,Failed,0.0,2026-02-09 15:58:05
2910,2910,Wallet,Success,2394.43,2026-07-29 21:48:45
2911,2911,Card,Success,1326.51,2026-05-22 11:23:57
2912,2912,NetBanking,Success,6137.74,2026-04-05 20:30:57
2913,2913,Card,Success,4545.82,2026-02-09 08:39:55
2914,2914,COD,Success,647.67,2026-02-10 19:55:56
2915,2915,NetBanking,Success,4567.95,2026-05-03 22:34:59
2916,2916,Card,Success,839.05,2026-07-13 09:58:44
2917,2917,Wallet,Success,3485.64,2026-03-07 09:41:41
2918,2918,COD,Success,4889.16,2026-05-20 12:21:16
2919,2919,NetBanking,Success,2728.74,2026-05-29 11:21:07
2920,2920,Wallet,Success,1301.71,2026-07-18 09:17:28
2921,2921,Card,Success,929.48,2026-06-24 17:24:51
2922,2922,Card,Success,405.0,2026-08-01 22:51:02
2923,2923,COD,Success,2041.79,2026-05-01 11:23:25
2924,2924,Wallet,Success,2098.06,2026-04-19 21:47:39
2925,2925,Wallet,Refunded,0.0,2026-03-09 16:56:41
2926,2926,Wallet,Success,1450.32,2026-06-22 15:25:42
2927,2927,UPI,Success,4378.72,2026-02-25 22:53:33
2928,2928,COD,Success,828.7,2026-04-03 07:57:41
2929,2929,NetBanking,Success,3966.48,2026-07-09 15:29:11
2930,2930,NetBanking,Success,2711.96,2026-03-04 08:14:49
2931,2931,NetBanking,Success,1122.9,2026-05-02 20:23:15
2932,2932,UPI,Success,4062.41,2026-06-03 16:16:43
2933,2933,COD,Success,931.62,2026-05-16 21:14:18
2934,2934,Card,Success,1130.1,2026-07-19 22:03:30
2935,2935,NetBanking,Success,2372.94,2026-06-17 23:45:38
2936,2936,UPI,Success,361.77,2026-06-29 22:58:36
2937,2937,Wallet,Success,1347.72,2026-02-11 13:58:14
2938,2938,Wallet,Success,2599.24,2026-02-08 22:34:15
2939,2939,Card,Success,5009.96,2026-06-20 20:49:49
2940,2940,NetBanking,Success,1131.86,2026-06-25 10:06:49
2941,2941,NetBanking,Success,6123.55,2026-07-24 21:44:07
2942,2942,NetBanking,Success,2232.96,2026-04-17 12:02:34
2943,2943,Wallet,Success,2137.45,2026-07-27 23:57:49
2944,2944,NetBanking,Failed,0.0,2026-06-18 16:40:25
2945,2945,COD,Success,1074.9,2026-02-19 21:30:29
2946,2946,UPI,Success,1916.37,2026-06-01 19:47:15
2947,2947,UPI,Success,2929.76,2026-07-21 16:19:57
2948,2948,Card,Success,1667.94,2026-04-11 17:18:51
2949,2949,COD,Failed,0.0,2026-07-29 17:36:13
2950,2950,Card,Success,3268.5,2026-05-01 07:41:10
2951,2951,COD,Success,2791.06,2026-02-28 11:54:50
2952,2952,Card,Success,265.23,2026-04-11 09:05:38
2953,2953,Wallet,Success,6310.94,2026-07-12 17:47:43
2954,2954,Wallet,Success,2156.0,2026-04-02 10:25:22
2955,2955,Card,Success,683.41,2026-05-10 13:19:12
2956,2956,NetBanking,Success,4308.67,2026-05-19 11:27:05
2957,2957,Card,Success,2290.24,2026-02-14 07:18:07
2958,2958,Card,Success,1076.34,2026-06-05 16:50:42
2959,2959,Wallet,Success,4412.86,2026-04-07 22:32:24
2960,2960,COD,Success,3804.8,2026-04-29 10:59:55
2961,2961,COD,Success,744.16,2026-07-20 19:05:15
2962,2962,UPI,Success,2297.0,2026-04-26 18:18:24
2963,2963,NetBanking,Success,2259.21,2026-03-09 20:25:04
2964,2964,Wallet,Success,2282.21,2026-06-19 13:48:33
2965,2965,UPI,Success,2518.57,2026-05-26 13:42:32
2966,2966,NetBanking,Success,2668.38,2026-06-11 11:51:22
2967,2967,NetBanking,Success,3602.72,2026-03-18 23:33:22
2968,2968,UPI,Success,1783.99,2026-05-01 20:53:30
2969,2969,Wallet,Success,4133.81,2026-08-02 15:38:38
2970,2970,Card,Success,3934.27,2026-07-18 20:02:47
2971,2971,Card,Success,2404.44,2026-03-20 11:36:18
2972,2972,Card,Success,2470.06,2026-07-07 12:56:25
2973,2973,COD,Success,2012.76,2026-04-26 11:27:14
2974,2974,Card,Success,3336.33,2026-04-11 16:39:11
2975,2975,Card,Success,2677.13,2026-03-05 12:27:21
2976,2976,Wallet,Success,803.12,2026-06-13 11:41:35
2977,2977,COD,Success,2197.8,2026-06-07 11:22:35
2978,2978,Card,Success,371.13,2026-06-08 10:49:16
2979,2979,Wallet,Success,5005.22,2026-07-02 18:18:42
2980,2980,COD,Success,1074.5,2026-07-09 12:59:14
2981,2981,COD,Success,2193.29,2026-03-31 14:27:18
2982,2982,UPI,Success,3576.55,2026-06-16 21:07:11
2983,2983,Card,Success,4223.48,2026-02-11 22:03:39
2984,2984,UPI,Success,1139.89,2026-05-17 14:55:48
2985,2985,Wallet,Success,3329.67,2026-03-19 19:32:28
2986,2986,Card,Success,3860.34,2026-03-09 23:15:54
2987,2987,Wallet,Success,2225.48,2026-07-08 15:28:56
2988,2988,UPI,Failed,0.0,2026-03-24 09:50:33
2989,2989,Card,Success,1799.12,2026-05-26 11:17:09
2990,2990,Wallet,Success,325.91,2026-06-15 13:33:46
2991,2991,NetBanking,Success,200.78,2026-06-21 19:26:53
2992,2992,COD,Success,5750.52,2026-02-08 08:09:11
2993,2993,Card,Failed,0.0,2026-05-17 14:51:06
2994,2994,COD,Success,1253.01,2026-06-06 20:25:06
2995,2995,Card,Success,751.65,2026-06-01 16:26:17
2996,2996,NetBanking,Success,1578.42,2026-05-25 20:40:46
2997,2997,Card,Success,1074.56,2026-05-07 09:02:42
2998,2998,NetBanking,Failed,0.0,2026-03-27 15:44:59
2999,2999,UPI,Success,2098.98,2026-06-25 09:54:18
3000,3000,COD,Success,245.1,2026-03-01 14:24:40
3001,3001,Wallet,Success,129.92,2026-05-13 19:41:12
3002,3002,NetBanking,Success,1975.89,2026-05-08 13:08:14
3003,3003,Card,Success,3968.72,2026-05-12 12:36:22
3004,3004,UPI,Refunded,0.0,2026-05-08 23:20:56
3005,3005,UPI,Failed,0.0,2026-04-03 19:47:19
3006,3006,Wallet,Success,1064.05,2026-05-25 07:23:13
3007,3007,UPI,Success,655.39,2026-06-25 09:15:55
3008,3008,UPI,Success,3988.09,2026-07-23 09:32:34
3009,3009,COD,Success,832.71,2026-07-29 16:28:54
3010,3010,COD,Success,4577.41,2026-03-17 15:27:57
3011,3011,Card,Success,1521.22,2026-05-16 19:17:55
3012,3012,COD,Success,382.43,2026-03-03 22:54:36
3013,3013,UPI,Success,1651.69,2026-04-25 22:36:55
3014,3014,COD,Success,873.06,2026-06-11 17:30:35
3015,3015,Card,Success,238.86,2026-05-09 21:21:09
3016,3016,COD,Success,238.78,2026-07-03 14:11:05
3017,3017,Wallet,Success,1825.23,2026-03-14 21:59:13
3018,3018,UPI,Success,4159.92,2026-06-23 15:23:09
3019,3019,COD,Success,3275.82,2026-06-18 20:09:07
3020,3020,NetBanking,Success,778.94,2026-02-05 14:56:38
3021,3021,COD,Success,1984.75,2026-06-19 11:10:00
3022,3022,Wallet,Refunded,0.0,2026-05-29 08:18:21
3023,3023,NetBanking,Success,2619.65,2026-08-02 08:15:37
3024,3024,COD,Success,3676.87,2026-06-12 21:27:44
3025,3025,Card,Success,4342.22,2026-05-12 19:29:40
3026,3026,Wallet,Success,3248.68,2026-05-04 07:41:59
3027,3027,COD,Success,1828.96,2026-03-27 11:36:12
3028,3028,NetBanking,Success,3517.65,2026-06-12 20:09:58
3029,3029,NetBanking,Failed,0.0,2026-03-18 20:26:29
3030,3030,Wallet,Success,1344.57,2026-06-02 09:06:25
3031,3031,Card,Success,3039.13,2026-04-13 19:40:33
3032,3032,Card,Success,2145.6,2026-03-03 20:35:40
3033,3033,Card,Success,3472.89,2026-06-04 10:00:06
3034,3034,COD,Success,2285.7,2026-04-18 18:01:09
3035,3035,COD,Success,131.89,2026-03-17 15:15:34
3036,3036,NetBanking,Success,3640.92,2026-04-13 14:55:11
3037,3037,UPI,Success,4211.23,2026-05-28 17:06:23
3038,3038,Wallet,Success,4813.89,2026-03-06 08:37:26
3039,3039,Card,Success,2820.39,2026-03-17 14:26:25
3040,3040,Wallet,Success,346.0,2026-06-28 09:18:39
3041,3041,UPI,Success,2281.39,2026-04-21 21:45:54
3042,3042,UPI,Success,1526.2,2026-06-09 15:03:23
3043,3043,Wallet,Success,383.07,2026-02-09 20:31:40
3044,3044,COD,Success,1307.44,2026-04-02 09:24:33
3045,3045,UPI,Refunded,0.0,2026-03-20 09:13:25
3046,3046,Card,Success,2739.22,2026-06-23 17:04:50
3047,3047,UPI,Success,2484.56,2026-05-19 14:37:57
3048,3048,Card,Success,3062.78,2026-04-10 10:12:11
3049,3049,Wallet,Success,3846.18,2026-03-18 11:09:51
3050,3050,UPI,Success,5337.47,2026-04-30 17:27:40
3051,3051,UPI,Success,633.72,2026-07-15 17:45:26
3052,3052,UPI,Refunded,0.0,2026-08-01 22:53:46
3053,3053,Card,Success,2404.08,2026-05-18 15:10:09
3054,3054,UPI,Success,624.06,2026-07-11 22:48:12
3055,3055,Card,Success,2402.61,2026-03-06 10:45:47
3056,3056,NetBanking,Success,91.34,2026-06-16 19:13:01
3057,3057,NetBanking,Success,2565.73,2026-02-19 07:33:46
3058,3058,Card,Success,1983.35,2026-05-29 15:53:48
3059,3059,Wallet,Success,1122.9,2026-07-10 22:54:07
3060,3060,Wallet,Success,3444.02,2026-02-14 07:42:25
3061,3061,Wallet,Success,2381.23,2026-02-05 08:36:25
3062,3062,UPI,Success,1903.22,2026-07-23 18:43:54
3063,3063,UPI,Success,603.72,2026-07-13 21:46:20
3064,3064,NetBanking,Success,2047.46,2026-02-12 21:45:55
3065,3065,COD,Success,2001.85,2026-03-22 09:19:22
3066,3066,UPI,Refunded,0.0,2026-06-20 22:20:39
3067,3067,UPI,Success,806.86,2026-04-26 23:40:06
3068,3068,Wallet,Success,374.27,2026-03-29 14:05:33
3069,3069,COD,Success,9237.46,2026-07-13 09:22:17
3070,3070,NetBanking,Success,4140.38,2026-07-10 21:30:25
3071,3071,UPI,Success,1412.36,2026-06-29 08:37:12
3072,3072,NetBanking,Success,821.0,2026-03-09 11:37:40
3073,3073,COD,Success,627.37,2026-07-23 12:05:22
3074,3074,COD,Success,4355.1,2026-02-07 15:17:12
3075,3075,COD,Success,865.39,2026-04-24 21:01:32
3076,3076,COD,Success,1871.8,2026-02-25 16:35:01
3077,3077,Card,Success,2451.04,2026-06-28 12:40:14
3078,3078,NetBanking,Success,4413.09,2026-06-01 12:26:18
3079,3079,NetBanking,Success,4171.29,2026-05-03 14:45:31
3080,3080,NetBanking,Refunded,0.0,2026-05-28 19:01:06
3081,3081,UPI,Success,1150.46,2026-03-26 09:37:52
3082,3082,UPI,Refunded,0.0,2026-06-16 10:27:27
3083,3083,Wallet,Success,3611.64,2026-06-27 14:29:29
3084,3084,COD,Success,805.63,2026-05-21 19:26:59
3085,3085,Wallet,Refunded,0.0,2026-07-15 15:06:29
3086,3086,Wallet,Success,200.78,2026-04-29 08:16:33
3087,3087,UPI,Success,1714.89,2026-07-22 10:40:10
3088,3088,Card,Failed,0.0,2026-06-13 08:17:12
3089,3089,COD,Success,1451.2,2026-05-20 20:47:01
3090,3090,Wallet,Success,6294.29,2026-03-15 11:12:12
3091,3091,COD,Success,2432.19,2026-04-05 09:59:14
3092,3092,COD,Success,589.84,2026-05-22 21:31:08
3093,3093,Card,Success,4002.28,2026-03-24 08:59:39
3094,3094,COD,Success,377.06,2026-07-12 19:20:08
3095,3095,Card,Failed,0.0,2026-05-08 09:25:15
3096,3096,Wallet,Success,1067.61,2026-06-17 20:04:55
3097,3097,NetBanking,Success,1937.74,2026-03-12 11:42:29
3098,3098,Card,Success,699.15,2026-07-14 13:30:39
3099,3099,COD,Success,2981.21,2026-04-30 18:46:56
3100,3100,COD,Success,5132.45,2026-04-12 07:32:44
3101,3101,COD,Failed,0.0,2026-03-13 11:11:06
3102,3102,Wallet,Success,1083.96,2026-04-23 10:59:09
3103,3103,Card,Success,726.46,2026-06-09 12:55:20
3104,3104,Card,Success,1932.49,2026-04-22 13:15:41
3105,3105,Card,Success,355.11,2026-05-08 17:02:04
3106,3106,NetBanking,Success,3855.68,2026-06-25 09:37:18
3107,3107,UPI,Success,1221.14,2026-06-22 15:25:38
3108,3108,Wallet,Success,2981.37,2026-05-02 19:15:33
3109,3109,Card,Success,2039.89,2026-06-26 15:07:35
3110,3110,Card,Success,1379.54,2026-07-21 09:57:14
3111,3111,Wallet,Success,2374.83,2026-05-19 16:36:51
3112,3112,Card,Failed,0.0,2026-02-08 20:53:05
3113,3113,Wallet,Success,2192.1,2026-03-15 10:27:00
3114,3114,UPI,Success,3591.21,2026-05-11 14:36:01
3115,3115,Wallet,Success,2952.04,2026-07-11 20:38:30
3116,3116,Card,Success,2496.87,2026-04-08 10:46:14
3117,3117,UPI,Success,1351.03,2026-06-07 18:50:23
3118,3118,NetBanking,Refunded,0.0,2026-04-30 11:10:48
3119,3119,NetBanking,Success,2415.64,2026-06-08 14:22:24
3120,3120,Wallet,Success,1701.47,2026-03-22 17:54:52
3121,3121,Wallet,Success,1913.9,2026-02-09 16:11:00
3122,3122,COD,Success,1659.02,2026-07-03 07:03:43
3123,3123,Wallet,Refunded,0.0,2026-05-10 15:25:04
3124,3124,Wallet,Success,2191.38,2026-02-21 20:46:35
3125,3125,NetBanking,Success,1465.06,2026-02-10 07:40:19
3126,3126,UPI,Success,2522.47,2026-06-18 12:53:33
3127,3127,COD,Success,2641.14,2026-04-02 08:41:02
3128,3128,UPI,Success,474.57,2026-07-18 07:05:30
3129,3129,NetBanking,Success,1247.16,2026-05-04 13:37:26
3130,3130,UPI,Success,1987.24,2026-08-02 10:29:06
3131,3131,Wallet,Refunded,0.0,2026-03-27 17:23:46
3132,3132,COD,Success,5186.14,2026-04-17 17:01:51
3133,3133,UPI,Success,187.72,2026-06-28 19:18:53
3134,3134,Wallet,Success,516.12,2026-07-15 08:55:38
3135,3135,Wallet,Success,1444.22,2026-03-26 23:37:48
3136,3136,Wallet,Success,2281.36,2026-07-04 16:55:56
3137,3137,COD,Success,2503.41,2026-07-24 17:24:53
3138,3138,COD,Success,4150.24,2026-05-21 16:05:58
3139,3139,COD,Success,3172.24,2026-02-20 11:53:38
3140,3140,Card,Success,5221.03,2026-08-02 10:01:54
3141,3141,COD,Success,2682.2,2026-05-21 08:01:24
3142,3142,UPI,Success,5393.0,2026-06-05 23:36:06
3143,3143,UPI,Success,3429.63,2026-06-06 14:34:39
3144,3144,NetBanking,Refunded,0.0,2026-03-27 22:02:28
3145,3145,Wallet,Success,4793.22,2026-06-23 08:10:38
3146,3146,Wallet,Success,1631.84,2026-03-10 08:07:26
3147,3147,NetBanking,Success,3185.98,2026-05-28 11:34:04
3148,3148,Card,Success,876.18,2026-04-29 07:31:52
3149,3149,NetBanking,Success,3955.2,2026-04-12 17:54:50
3150,3150,UPI,Success,2453.05,2026-03-06 20:54:01
3151,3151,Card,Success,3022.08,2026-06-19 23:11:34
3152,3152,Card,Success,8047.88,2026-06-24 15:10:19
3153,3153,Wallet,Success,1512.17,2026-02-13 14:40:39
3154,3154,COD,Success,1306.87,2026-05-26 12:43:15
3155,3155,Wallet,Failed,0.0,2026-08-03 20:38:54
3156,3156,UPI,Success,2348.86,2026-04-29 07:33:59
3157,3157,Card,Success,1371.56,2026-05-01 12:46:47
3158,3158,NetBanking,Success,3923.68,2026-06-04 12:54:55
3159,3159,UPI,Success,935.68,2026-03-15 09:46:54
3160,3160,NetBanking,Success,948.73,2026-03-14 16:05:20
3161,3161,Card,Success,2459.79,2026-02-21 18:57:00
3162,3162,NetBanking,Success,284.9,2026-06-02 09:43:26
3163,3163,COD,Success,3537.42,2026-07-13 21:08:29
3164,3164,Card,Success,2951.06,2026-07-19 10:43:15
3165,3165,COD,Success,104.88,2026-03-08 10:33:10
3166,3166,UPI,Success,1149.94,2026-06-10 12:21:50
3167,3167,Card,Success,1559.12,2026-07-10 19:39:06
3168,3168,NetBanking,Success,4483.11,2026-05-31 16:51:52
3169,3169,UPI,Success,1451.2,2026-03-31 14:32:41
3170,3170,UPI,Success,1503.9,2026-04-27 08:29:21
3171,3171,UPI,Success,5263.44,2026-02-17 22:50:02
3172,3172,Wallet,Success,8005.62,2026-03-03 13:21:37
3173,3173,Wallet,Success,3201.41,2026-05-18 20:58:29
3174,3174,UPI,Success,2060.49,2026-06-03 14:58:24
3175,3175,Wallet,Success,1845.43,2026-03-28 15:58:58
3176,3176,Card,Success,1567.56,2026-07-18 11:20:24
3177,3177,NetBanking,Success,5420.4,2026-04-18 14:31:26
3178,3178,UPI,Refunded,0.0,2026-06-24 09:02:31
3179,3179,Card,Success,3180.41,2026-04-24 13:40:46
3180,3180,UPI,Success,1879.86,2026-02-16 21:20:04
3181,3181,UPI,Success,1753.58,2026-02-11 17:31:18
3182,3182,Card,Failed,0.0,2026-06-14 10:37:14
3183,3183,Wallet,Success,1438.27,2026-02-17 12:41:00
3184,3184,Card,Success,1037.06,2026-07-24 10:45:03
3185,3185,Card,Success,936.56,2026-03-29 17:51:02
3186,3186,Wallet,Success,1264.78,2026-03-29 17:50:40
3187,3187,Wallet,Success,2020.26,2026-04-01 11:34:44
3188,3188,NetBanking,Success,4291.21,2026-07-03 12:03:45
3189,3189,Wallet,Success,409.8,2026-05-15 11:54:48
3190,3190,COD,Success,2012.54,2026-04-10 12:39:21
3191,3191,COD,Failed,0.0,2026-06-09 17:41:57
3192,3192,UPI,Success,919.9,2026-06-13 11:53:12
3193,3193,Wallet,Success,481.15,2026-02-10 10:04:12
3194,3194,Wallet,Success,2589.27,2026-07-24 14:59:09
3195,3195,Wallet,Success,1823.63,2026-04-23 13:50:56
3196,3196,Card,Success,3742.17,2026-06-24 08:36:43
3197,3197,Wallet,Success,860.93,2026-06-19 08:30:52
3198,3198,Card,Failed,0.0,2026-05-02 07:16:15
3199,3199,Card,Success,2711.82,2026-03-16 13:23:34
3200,3200,Card,Success,5147.16,2026-02-20 21:02:33
3201,3201,Wallet,Failed,0.0,2026-06-06 15:14:22
3202,3202,Wallet,Success,3695.74,2026-05-31 19:42:16
3203,3203,Wallet,Success,3308.41,2026-03-15 22:52:15
3204,3204,Card,Success,623.11,2026-04-10 09:09:00
3205,3205,COD,Success,3139.37,2026-07-26 23:17:26
3206,3206,UPI,Success,3048.07,2026-03-07 18:58:23
3207,3207,COD,Success,4064.57,2026-04-27 19:25:11
3208,3208,NetBanking,Success,470.86,2026-02-13 21:36:51
3209,3209,Wallet,Success,1779.41,2026-04-07 09:48:28
3210,3210,Wallet,Success,2358.33,2026-05-30 21:01:36
3211,3211,NetBanking,Success,1230.14,2026-07-05 14:54:05
3212,3212,Wallet,Success,4450.79,2026-05-30 17:42:54
3213,3213,Wallet,Success,428.16,2026-04-17 18:41:25
3214,3214,NetBanking,Success,1499.85,2026-07-15 14:04:58
3215,3215,COD,Success,1805.77,2026-03-25 20:36:17
3216,3216,Card,Success,285.05,2026-02-15 11:28:59
3217,3217,Wallet,Failed,0.0,2026-03-05 16:33:17
3218,3218,Wallet,Success,2037.68,2026-08-01 11:20:21
3219,3219,UPI,Success,4107.84,2026-03-19 12:11:26
3220,3220,Card,Failed,0.0,2026-07-04 10:00:37
3221,3221,COD,Success,2119.42,2026-02-25 15:09:49
3222,3222,Wallet,Success,3738.93,2026-04-21 21:45:30
3223,3223,NetBanking,Success,4034.53,2026-04-08 15:20:47
3224,3224,UPI,Success,2264.83,2026-07-27 08:51:55
3225,3225,Wallet,Success,2872.98,2026-05-27 09:39:45
3226,3226,COD,Success,940.8,2026-03-21 18:45:21
3227,3227,Card,Success,1187.09,2026-04-19 11:38:40
3228,3228,COD,Success,2313.97,2026-05-14 07:58:44
3229,3229,COD,Refunded,0.0,2026-07-22 12:43:34
3230,3230,Card,Success,1861.37,2026-04-29 21:42:50
3231,3231,UPI,Success,1381.47,2026-02-06 21:36:46
3232,3232,NetBanking,Success,3512.24,2026-06-08 22:54:47
3233,3233,NetBanking,Success,2795.4,2026-05-01 10:28:44
3234,3234,Wallet,Success,3202.68,2026-07-19 22:56:57
3235,3235,Wallet,Success,6314.74,2026-05-31 21:58:29
3236,3236,NetBanking,Success,355.67,2026-03-31 17:52:59
3237,3237,Wallet,Success,4181.26,2026-04-28 21:03:08
3238,3238,NetBanking,Success,5977.27,2026-04-22 21:10:16
3239,3239,Wallet,Success,1793.68,2026-05-07 14:39:39
3240,3240,Card,Success,2551.78,2026-05-29 18:56:46
3241,3241,COD,Success,1821.13,2026-06-16 22:49:34
3242,3242,COD,Success,1561.79,2026-05-16 09:43:39
3243,3243,NetBanking,Success,4179.71,2026-06-01 22:45:26
3244,3244,UPI,Success,660.08,2026-05-21 15:08:18
3245,3245,COD,Success,888.99,2026-05-22 14:04:48
3246,3246,NetBanking,Success,680.3,2026-06-12 11:45:37
3247,3247,NetBanking,Success,3496.2,2026-03-30 15:40:38
3248,3248,Wallet,Success,1075.72,2026-04-03 18:48:15
3249,3249,Card,Success,1642.11,2026-05-11 08:23:10
3250,3250,NetBanking,Success,4241.7,2026-07-24 21:00:32
3251,3251,Card,Success,4333.79,2026-05-22 13:16:53
3252,3252,COD,Failed,0.0,2026-03-06 08:48:01
3253,3253,NetBanking,Success,3745.24,2026-08-02 13:38:40
3254,3254,UPI,Success,3617.25,2026-03-14 13:28:00
3255,3255,Wallet,Success,1270.95,2026-06-06 23:28:52
3256,3256,NetBanking,Success,4112.24,2026-02-15 19:08:11
3257,3257,UPI,Success,3650.05,2026-04-03 17:29:31
3258,3258,Card,Success,3201.47,2026-03-24 20:32:13
3259,3259,Card,Success,4187.75,2026-04-29 23:21:20
3260,3260,UPI,Success,2587.24,2026-02-09 10:15:06
3261,3261,UPI,Success,1855.4,2026-03-27 21:25:29
3262,3262,Card,Success,2255.19,2026-07-03 15:26:39
3263,3263,Card,Success,446.16,2026-07-06 10:46:28
3264,3264,Card,Success,1569.69,2026-05-24 13:08:36
3265,3265,UPI,Success,2488.84,2026-04-21 12:56:46
3266,3266,NetBanking,Success,697.85,2026-02-25 22:13:24
3267,3267,NetBanking,Success,3592.72,2026-05-28 08:35:35
3268,3268,COD,Success,615.74,2026-06-05 16:16:49
3269,3269,Card,Success,4991.54,2026-02-11 19:51:41
3270,3270,COD,Success,326.91,2026-06-06 14:36:30
3271,3271,UPI,Success,3394.13,2026-06-10 13:05:31
3272,3272,COD,Success,2505.11,2026-03-05 12:26:09
3273,3273,Card,Success,586.22,2026-07-26 12:56:57
3274,3274,NetBanking,Success,501.83,2026-03-02 07:59:08
3275,3275,UPI,Success,3504.85,2026-06-25 23:11:32
3276,3276,NetBanking,Success,236.42,2026-03-13 16:05:58
3277,3277,UPI,Success,3184.79,2026-05-14 13:26:24
3278,3278,NetBanking,Success,3624.33,2026-06-06 17:17:47
3279,3279,NetBanking,Success,97.89,2026-05-27 14:11:44
3280,3280,UPI,Success,2271.24,2026-06-23 16:33:08
3281,3281,Wallet,Success,1280.2,2026-06-20 22:22:51
3282,3282,COD,Success,2115.42,2026-04-06 14:56:46
3283,3283,COD,Success,2153.12,2026-04-26 23:38:28
3284,3284,UPI,Success,3332.28,2026-03-24 13:54:48
3285,3285,Card,Success,1598.75,2026-04-26 16:47:31
3286,3286,Card,Success,65.26,2026-05-28 21:38:16
3287,3287,COD,Success,4751.86,2026-07-28 15:50:12
3288,3288,NetBanking,Success,1221.35,2026-07-25 23:48:44
3289,3289,Card,Success,2277.91,2026-06-08 19:41:46
3290,3290,UPI,Success,1841.96,2026-02-20 21:29:17
3291,3291,Wallet,Success,4218.42,2026-07-23 22:45:41
3292,3292,NetBanking,Success,3033.58,2026-06-18 11:03:16
3293,3293,NetBanking,Success,5009.04,2026-03-21 19:58:41
3294,3294,COD,Success,1575.49,2026-04-21 12:24:54
3295,3295,COD,Success,1892.96,2026-02-10 14:56:10
3296,3296,UPI,Success,4779.52,2026-07-19 16:57:18
3297,3297,Card,Success,817.38,2026-02-08 09:37:46
3298,3298,UPI,Success,2689.87,2026-04-04 07:55:31
3299,3299,COD,Success,1296.32,2026-02-27 08:46:44
3300,3300,Card,Success,1995.6,2026-04-19 21:16:51
3301,3301,NetBanking,Success,1280.44,2026-06-24 11:31:05
3302,3302,Wallet,Failed,0.0,2026-04-21 20:30:09
3303,3303,UPI,Success,4412.24,2026-06-15 08:57:08
3304,3304,NetBanking,Success,737.14,2026-07-17 14:19:53
3305,3305,Card,Success,2709.74,2026-02-16 15:15:57
3306,3306,Card,Success,2911.6,2026-03-31 08:41:06
3307,3307,NetBanking,Success,2025.9,2026-02-26 17:24:10
3308,3308,Card,Success,1361.97,2026-06-09 19:47:58
3309,3309,COD,Failed,0.0,2026-04-21 12:33:51
3310,3310,NetBanking,Success,2782.55,2026-04-23 20:50:08
3311,3311,Card,Success,565.48,2026-07-23 10:02:53
3312,3312,COD,Success,1702.68,2026-07-02 07:16:55
3313,3313,NetBanking,Success,1726.02,2026-07-23 09:52:22
3314,3314,Card,Success,267.32,2026-08-03 12:37:11
3315,3315,NetBanking,Success,2700.87,2026-07-17 15:30:25
3316,3316,Wallet,Success,2595.52,2026-02-25 21:54:04
3317,3317,UPI,Success,1072.25,2026-05-09 10:55:19
3318,3318,COD,Success,371.68,2026-04-01 10:12:48
3319,3319,UPI,Failed,0.0,2026-06-05 20:18:20
3320,3320,NetBanking,Success,1834.9,2026-02-07 09:44:08
3321,3321,Card,Success,3783.69,2026-04-19 10:35:39
3322,3322,NetBanking,Success,3106.97,2026-03-03 12:56:00
3323,3323,UPI,Success,5217.69,2026-05-24 16:49:08
3324,3324,NetBanking,Success,5739.92,2026-02-25 21:40:38
3325,3325,UPI,Success,183.66,2026-06-16 11:22:12
3326,3326,NetBanking,Success,1055.85,2026-04-01 21:45:55
3327,3327,NetBanking,Success,1403.34,2026-06-13 07:30:21
3328,3328,COD,Success,2348.63,2026-03-05 09:07:26
3329,3329,UPI,Success,1794.36,2026-05-25 08:37:27
3330,3330,Wallet,Success,152.92,2026-07-12 13:49:22
3331,3331,UPI,Success,3694.83,2026-03-06 19:14:11
3332,3332,COD,Success,1186.92,2026-06-29 22:42:07
3333,3333,UPI,Success,990.32,2026-07-16 19:18:31
3334,3334,UPI,Refunded,0.0,2026-03-11 19:49:55
3335,3335,UPI,Success,3566.79,2026-04-22 17:28:05
3336,3336,NetBanking,Success,3718.06,2026-05-11 17:27:04
3337,3337,Card,Success,4635.25,2026-07-16 17:53:04
3338,3338,Wallet,Refunded,0.0,2026-03-15 07:11:31
3339,3339,Wallet,Success,3044.94,2026-07-30 15:43:41
3340,3340,NetBanking,Success,2628.34,2026-07-27 19:21:55
3341,3341,Wallet,Success,3023.14,2026-08-03 15:22:49
3342,3342,UPI,Success,1005.4,2026-03-11 22:28:08
3343,3343,COD,Success,2566.38,2026-04-25 09:45:14
3344,3344,Card,Success,1897.02,2026-06-23 18:45:17
3345,3345,NetBanking,Success,4054.92,2026-06-03 11:10:24
3346,3346,NetBanking,Success,1406.69,2026-03-15 13:53:52
3347,3347,UPI,Failed,0.0,2026-04-28 12:10:53
3348,3348,NetBanking,Success,1097.24,2026-04-14 09:54:31
3349,3349,COD,Success,6415.83,2026-07-06 08:49:00
3350,3350,NetBanking,Success,1997.7,2026-04-18 16:10:07
3351,3351,UPI,Success,561.45,2026-05-03 09:45:43
3352,3352,NetBanking,Success,2347.7,2026-07-22 09:44:59
3353,3353,COD,Success,5050.32,2026-03-27 19:51:57
3354,3354,Wallet,Failed,0.0,2026-05-10 12:02:36
3355,3355,Card,Success,4467.4,2026-04-12 16:08:52
3356,3356,COD,Success,4315.06,2026-03-15 22:59:58
3357,3357,Wallet,Success,1871.12,2026-03-06 23:13:33
3358,3358,NetBanking,Success,1259.72,2026-06-26 08:18:11
3359,3359,COD,Success,2768.39,2026-06-13 16:53:59
3360,3360,Card,Success,3866.61,2026-03-12 12:59:18
3361,3361,NetBanking,Success,3203.73,2026-04-29 09:26:30
3362,3362,UPI,Success,6839.74,2026-07-07 14:47:13
3363,3363,Card,Success,2453.02,2026-02-07 17:51:08
3364,3364,UPI,Success,836.19,2026-08-04 14:40:52
3365,3365,NetBanking,Success,1669.84,2026-03-09 14:58:32
3366,3366,Card,Success,2475.48,2026-04-27 16:42:52
3367,3367,Card,Success,1573.8,2026-03-19 19:40:23
3368,3368,Wallet,Success,520.82,2026-06-12 20:09:51
3369,3369,Card,Success,1557.38,2026-05-24 18:36:57
3370,3370,COD,Success,1373.88,2026-03-07 20:35:26
3371,3371,UPI,Success,6524.34,2026-07-15 21:21:51
3372,3372,Card,Success,1150.98,2026-05-03 08:55:29
3373,3373,Card,Success,2726.64,2026-05-09 18:04:27
3374,3374,NetBanking,Success,4851.94,2026-03-05 22:13:46
3375,3375,NetBanking,Success,2011.81,2026-03-18 19:57:46
3376,3376,Card,Success,2701.21,2026-07-17 19:28:15
3377,3377,COD,Refunded,0.0,2026-02-19 15:54:01
3378,3378,Wallet,Success,1671.11,2026-03-09 09:44:13
3379,3379,Card,Success,1041.53,2026-05-24 10:40:27
3380,3380,Card,Success,152.92,2026-06-07 20:02:09
3381,3381,Wallet,Success,2286.97,2026-07-17 14:16:40
3382,3382,Wallet,Success,705.36,2026-06-14 14:38:16
3383,3383,UPI,Refunded,0.0,2026-06-06 00:03:56
3384,3384,Wallet,Success,764.14,2026-03-01 23:31:26
3385,3385,Card,Success,3362.04,2026-07-21 19:33:16
3386,3386,Card,Success,3472.56,2026-02-21 21:28:01
3387,3387,COD,Success,3476.8,2026-03-18 18:27:46
3388,3388,Card,Success,2119.92,2026-03-11 13:20:51
3389,3389,Wallet,Success,4558.86,2026-04-27 10:07:57
3390,3390,Wallet,Failed,0.0,2026-02-27 13:23:10
3391,3391,COD,Success,6135.58,2026-03-26 19:10:05
3392,3392,Card,Success,1858.8,2026-07-02 10:33:59
3393,3393,NetBanking,Success,5119.26,2026-05-14 13:38:30
3394,3394,Wallet,Success,3307.91,2026-03-06 14:04:36
3395,3395,Card,Success,2386.76,2026-04-23 18:46:20
3396,3396,UPI,Success,2339.0,2026-07-31 08:36:59
3397,3397,COD,Success,2256.97,2026-06-01 13:42:26
3398,3398,NetBanking,Success,474.01,2026-05-30 19:03:49
3399,3399,COD,Success,5727.4,2026-06-01 20:14:04
3400,3400,COD,Success,3560.77,2026-04-13 14:15:15
3401,3401,UPI,Failed,0.0,2026-03-26 13:32:40
3402,3402,Wallet,Success,2647.17,2026-05-27 17:59:58
3403,3403,Wallet,Success,263.78,2026-03-17 23:23:49
3404,3404,Wallet,Success,3819.68,2026-06-23 07:54:38
3405,3405,Card,Success,86.82,2026-07-26 18:11:56
3406,3406,Wallet,Success,1545.47,2026-05-28 18:58:35
3407,3407,Card,Success,1010.9,2026-04-16 15:18:01
3408,3408,UPI,Success,3873.15,2026-03-28 23:42:59
3409,3409,COD,Refunded,0.0,2026-04-05 21:04:06
3410,3410,NetBanking,Success,2163.88,2026-06-23 23:33:27
3411,3411,COD,Success,2868.61,2026-06-27 07:32:26
3412,3412,COD,Success,2618.35,2026-04-17 15:41:49
3413,3413,NetBanking,Success,3531.68,2026-02-05 18:04:39
3414,3414,Wallet,Failed,0.0,2026-03-28 20:02:39
3415,3415,NetBanking,Success,805.2,2026-03-02 16:49:24
3416,3416,UPI,Success,3291.82,2026-06-09 07:53:26
3417,3417,Wallet,Success,657.3,2026-07-10 11:46:45
3418,3418,Wallet,Success,584.98,2026-02-06 13:49:00
3419,3419,UPI,Success,2128.99,2026-05-15 15:21:09
3420,3420,COD,Success,4393.24,2026-06-14 10:03:08
3421,3421,UPI,Success,646.29,2026-05-07 23:22:35
3422,3422,COD,Success,1379.35,2026-03-26 12:15:30
3423,3423,UPI,Success,380.21,2026-06-12 15:32:36
3424,3424,NetBanking,Success,2297.86,2026-04-08 15:24:47
3425,3425,UPI,Success,2841.93,2026-02-18 09:31:25
3426,3426,Card,Success,1160.3,2026-03-18 11:17:14
3427,3427,Card,Refunded,0.0,2026-06-18 17:15:02
3428,3428,COD,Failed,0.0,2026-03-31 19:02:02
3429,3429,Wallet,Success,4500.04,2026-03-20 15:51:48
3430,3430,UPI,Success,569.63,2026-04-26 08:58:26
3431,3431,UPI,Success,877.22,2026-03-14 14:13:13
3432,3432,Card,Success,5277.92,2026-02-14 22:22:13
3433,3433,UPI,Success,2145.36,2026-03-22 20:11:35
3434,3434,NetBanking,Success,485.34,2026-07-02 07:49:13
3435,3435,COD,Success,3673.86,2026-04-25 22:40:16
3436,3436,Card,Success,1396.22,2026-05-08 22:59:04
3437,3437,NetBanking,Success,3884.9,2026-04-06 09:10:10
3438,3438,COD,Failed,0.0,2026-05-28 16:41:54
3439,3439,Wallet,Success,2142.56,2026-07-30 21:56:55
3440,3440,Wallet,Success,465.0,2026-07-06 10:35:51
3441,3441,Wallet,Success,1651.59,2026-04-12 16:02:10
3442,3442,NetBanking,Refunded,0.0,2026-04-22 20:11:46
3443,3443,Card,Success,2806.82,2026-04-25 16:15:34
3444,3444,COD,Success,2968.55,2026-07-11 10:47:13
3445,3445,Wallet,Success,1646.57,2026-02-08 08:51:50
3446,3446,Wallet,Success,2782.09,2026-02-17 20:20:48
3447,3447,UPI,Success,4372.09,2026-05-28 20:49:24
3448,3448,UPI,Failed,0.0,2026-03-24 15:55:36
3449,3449,Card,Success,1026.12,2026-03-22 21:48:07
3450,3450,COD,Success,1738.91,2026-04-06 15:03:40
3451,3451,Wallet,Success,3042.4,2026-04-16 13:33:01
3452,3452,Wallet,Failed,0.0,2026-07-31 12:30:11
3453,3453,Card,Success,3228.04,2026-07-21 21:50:35
3454,3454,NetBanking,Failed,0.0,2026-05-21 19:53:08
3455,3455,COD,Success,5682.58,2026-02-26 18:10:12
3456,3456,NetBanking,Success,1940.0,2026-04-08 07:53:07
3457,3457,COD,Success,2968.06,2026-06-28 22:34:16
3458,3458,NetBanking,Success,3576.05,2026-05-10 18:43:51
3459,3459,NetBanking,Success,2081.76,2026-05-06 13:29:09
3460,3460,Card,Success,4096.87,2026-06-18 15:49:17
3461,3461,Wallet,Success,1135.5,2026-07-26 21:28:24
3462,3462,Card,Refunded,0.0,2026-04-03 09:55:03
3463,3463,COD,Success,2975.43,2026-03-18 17:10:59
3464,3464,Card,Failed,0.0,2026-05-12 20:09:05
3465,3465,Card,Success,3067.88,2026-05-27 07:50:04
3466,3466,NetBanking,Success,2478.28,2026-04-09 21:13:51
3467,3467,COD,Success,2223.74,2026-02-05 17:49:00
3468,3468,UPI,Success,3424.12,2026-07-12 17:20:05
3469,3469,NetBanking,Success,4419.03,2026-02-07 21:18:23
3470,3470,NetBanking,Success,247.82,2026-06-28 23:34:38
3471,3471,NetBanking,Success,2299.44,2026-02-10 14:29:56
3472,3472,UPI,Success,809.76,2026-03-10 22:48:58
3473,3473,NetBanking,Success,929.39,2026-03-30 22:28:53
3474,3474,COD,Success,3326.81,2026-05-05 16:16:16
3475,3475,Wallet,Refunded,0.0,2026-02-09 12:08:21
3476,3476,Wallet,Success,1557.12,2026-06-13 13:39:26
3477,3477,Card,Success,1724.17,2026-06-01 15:15:33
3478,3478,Card,Success,624.06,2026-05-25 19:11:58
3479,3479,UPI,Success,1772.64,2026-07-07 14:53:09
3480,3480,NetBanking,Failed,0.0,2026-07-26 10:10:54
3481,3481,Card,Success,2198.15,2026-04-18 21:56:35
3482,3482,UPI,Success,1205.11,2026-03-31 19:54:55
3483,3483,COD,Success,2991.05,2026-04-09 22:58:38
3484,3484,NetBanking,Success,1774.34,2026-03-04 18:56:54
3485,3485,COD,Success,1872.86,2026-07-07 08:55:22
3486,3486,NetBanking,Success,1144.94,2026-03-02 18:26:40
3487,3487,UPI,Success,623.88,2026-07-26 12:53:54
3488,3488,Wallet,Success,2616.47,2026-06-29 17:00:52
3489,3489,Wallet,Success,1531.71,2026-03-19 07:46:21
3490,3490,UPI,Success,1080.16,2026-06-22 21:46:07
3491,3491,Card,Success,251.94,2026-07-30 21:36:00
3492,3492,UPI,Success,511.93,2026-05-08 18:35:12
3493,3493,COD,Success,2398.23,2026-06-08 21:43:27
3494,3494,Card,Success,3046.33,2026-04-27 08:17:44
3495,3495,Wallet,Success,3717.06,2026-02-21 09:00:58
3496,3496,Card,Failed,0.0,2026-03-23 15:37:36
3497,3497,NetBanking,Success,1339.32,2026-08-01 21:17:02
3498,3498,UPI,Success,2642.08,2026-05-25 23:46:18
3499,3499,NetBanking,Success,2536.43,2026-03-25 11:45:17
3500,3500,NetBanking,Success,1002.25,2026-05-19 12:47:12
3501,3501,Wallet,Success,2158.73,2026-03-22 13:00:27
3502,3502,COD,Refunded,0.0,2026-03-11 17:53:01
3503,3503,UPI,Success,2395.53,2026-02-28 15:04:11
3504,3504,UPI,Success,3165.28,2026-05-01 17:59:29
3505,3505,Card,Success,1710.32,2026-04-05 17:27:57
3506,3506,UPI,Success,1229.6,2026-02-21 13:40:08
3507,3507,Card,Success,996.34,2026-06-16 18:45:06
3508,3508,Card,Success,408.3,2026-05-31 13:44:40
3509,3509,Card,Success,3973.18,2026-07-17 10:33:05
3510,3510,COD,Success,2409.27,2026-06-15 13:32:57
3511,3511,Wallet,Success,2020.88,2026-02-17 08:08:39
3512,3512,UPI,Success,1835.86,2026-04-17 08:16:10
3513,3513,NetBanking,Failed,0.0,2026-03-22 18:42:33
3514,3514,UPI,Success,2151.06,2026-04-25 21:11:38
3515,3515,Wallet,Success,1501.28,2026-02-13 18:36:05
3516,3516,NetBanking,Success,4050.75,2026-07-10 14:52:42
3517,3517,Wallet,Success,2882.75,2026-04-03 22:18:51
3518,3518,UPI,Success,4546.72,2026-05-21 08:09:01
3519,3519,Wallet,Success,799.69,2026-04-26 09:02:44
3520,3520,COD,Success,5401.47,2026-02-05 08:59:43
3521,3521,NetBanking,Success,3647.58,2026-02-09 17:41:39
3522,3522,NetBanking,Success,4295.14,2026-03-16 10:08:04
3523,3523,COD,Success,1644.39,2026-03-23 08:46:21
3524,3524,UPI,Success,4029.01,2026-05-07 08:23:41
3525,3525,Wallet,Failed,0.0,2026-06-20 22:42:21
3526,3526,Wallet,Success,2745.6,2026-04-20 19:31:30
3527,3527,COD,Success,2111.94,2026-04-14 13:05:03
3528,3528,NetBanking,Success,753.83,2026-08-03 20:03:08
3529,3529,COD,Success,4350.16,2026-05-26 22:13:23
3530,3530,COD,Success,6498.42,2026-07-31 14:23:48
3531,3531,Card,Success,978.6,2026-02-12 07:36:26
3532,3532,UPI,Success,3389.47,2026-05-24 16:27:55
3533,3533,UPI,Success,291.1,2026-08-02 10:50:58
3534,3534,Card,Success,2446.47,2026-04-03 08:01:34
3535,3535,NetBanking,Failed,0.0,2026-03-16 19:39:56
3536,3536,UPI,Success,929.13,2026-02-17 16:22:32
3537,3537,Card,Success,6567.58,2026-07-15 08:13:48
3538,3538,Wallet,Success,1724.76,2026-06-16 22:46:55
3539,3539,Card,Success,3690.24,2026-05-20 15:55:15
3540,3540,COD,Success,5888.84,2026-06-06 13:00:23
3541,3541,Wallet,Refunded,0.0,2026-03-10 11:54:19
3542,3542,COD,Success,4058.65,2026-05-09 10:20:58
3543,3543,Card,Success,2746.54,2026-03-28 10:47:12
3544,3544,UPI,Success,3721.14,2026-03-31 21:13:17
3545,3545,Card,Success,2636.5,2026-02-21 11:52:03
3546,3546,NetBanking,Success,3795.19,2026-02-16 10:07:57
3547,3547,COD,Success,2677.08,2026-06-09 16:04:45
3548,3548,Wallet,Refunded,0.0,2026-05-12 08:24:49
3549,3549,Card,Success,1453.34,2026-04-14 08:11:54
3550,3550,UPI,Success,3483.32,2026-07-27 19:26:47
3551,3551,COD,Success,2012.78,2026-02-22 19:56:57
3552,3552,COD,Refunded,0.0,2026-05-15 09:15:43
3553,3553,UPI,Success,427.48,2026-07-05 10:54:48
3554,3554,UPI,Success,2414.71,2026-02-05 08:57:59
3555,3555,Card,Success,296.33,2026-07-26 22:26:59
3556,3556,Card,Success,476.88,2026-07-13 18:22:43
3557,3557,Wallet,Success,215.52,2026-04-13 23:10:24
3558,3558,COD,Success,2617.12,2026-07-17 14:04:01
3559,3559,UPI,Success,1521.81,2026-04-18 18:47:13
3560,3560,UPI,Success,3200.25,2026-06-26 18:28:52
3561,3561,Card,Success,427.33,2026-07-08 13:07:31
3562,3562,Wallet,Success,1798.89,2026-02-20 10:43:16
3563,3563,NetBanking,Success,830.48,2026-05-08 23:45:24
3564,3564,NetBanking,Success,2724.57,2026-05-21 22:50:30
3565,3565,NetBanking,Success,138.74,2026-03-10 14:28:25
3566,3566,Wallet,Success,454.26,2026-05-19 21:53:00
3567,3567,Wallet,Success,1141.38,2026-06-20 21:00:52
3568,3568,COD,Success,598.34,2026-03-13 15:04:02
3569,3569,COD,Success,1742.28,2026-07-12 20:55:07
3570,3570,COD,Success,1633.8,2026-02-06 08:28:33
3571,3571,Card,Success,3711.15,2026-05-19 20:07:13
3572,3572,COD,Success,2322.88,2026-02-17 10:34:17
3573,3573,NetBanking,Success,3656.66,2026-03-31 13:36:23
3574,3574,Card,Success,1569.18,2026-04-12 07:17:31
3575,3575,Wallet,Success,1881.71,2026-06-12 13:54:45
3576,3576,Card,Failed,0.0,2026-03-04 11:14:43
3577,3577,NetBanking,Success,2043.95,2026-04-10 18:47:42
3578,3578,Wallet,Success,1378.2,2026-05-05 15:31:43
3579,3579,NetBanking,Success,2580.74,2026-07-17 09:18:17
3580,3580,UPI,Success,4636.41,2026-03-02 11:35:42
3581,3581,UPI,Success,6867.3,2026-06-02 22:14:33
3582,3582,Card,Success,1650.76,2026-05-04 08:48:09
3583,3583,Card,Success,4004.71,2026-02-27 14:37:33
3584,3584,Wallet,Success,2615.68,2026-06-07 19:32:45
3585,3585,COD,Success,1187.23,2026-03-08 23:08:45
3586,3586,NetBanking,Success,497.64,2026-02-07 11:20:08
3587,3587,NetBanking,Success,6925.27,2026-03-21 10:29:34
3588,3588,UPI,Success,1366.64,2026-05-16 13:57:26
3589,3589,Card,Success,3306.46,2026-03-27 23:29:45
3590,3590,Wallet,Failed,0.0,2026-05-08 21:38:45
3591,3591,COD,Success,1206.36,2026-06-14 11:32:43
3592,3592,UPI,Success,3897.04,2026-03-13 18:21:12
3593,3593,UPI,Refunded,0.0,2026-02-05 07:17:41
3594,3594,Wallet,Refunded,0.0,2026-02-13 12:49:45
3595,3595,Wallet,Success,685.67,2026-03-31 10:22:46
3596,3596,Card,Success,4051.54,2026-06-21 12:58:17
3597,3597,COD,Success,6345.92,2026-04-11 10:15:37
3598,3598,COD,Success,3771.75,2026-04-05 07:22:07
3599,3599,Card,Success,1786.38,2026-06-06 16:49:26
3600,3600,Wallet,Success,1140.53,2026-02-23 20:15:50
3601,3601,Card,Success,3657.5,2026-06-04 11:19:05
3602,3602,UPI,Success,5769.64,2026-04-08 22:30:00
3603,3603,Wallet,Success,2557.35,2026-05-03 14:21:29
3604,3604,UPI,Success,790.0,2026-07-22 22:54:13
3605,3605,Wallet,Success,571.53,2026-04-29 16:39:45
3606,3606,UPI,Success,2536.46,2026-03-08 17:20:32
3607,3607,COD,Success,2091.73,2026-04-08 21:55:02
3608,3608,COD,Success,4993.62,2026-03-08 14:12:06
3609,3609,UPI,Success,4572.37,2026-04-15 09:39:29
3610,3610,Wallet,Success,1318.86,2026-05-28 23:13:46
3611,3611,UPI,Success,4663.22,2026-07-13 23:41:18
3612,3612,Card,Success,1020.45,2026-07-10 08:29:57
3613,3613,Card,Success,1793.92,2026-02-24 20:21:06
3614,3614,Card,Success,2222.01,2026-02-27 21:12:18
3615,3615,COD,Success,815.01,2026-04-03 10:00:16
3616,3616,Wallet,Success,139.6,2026-08-01 15:45:27
3617,3617,COD,Success,3377.41,2026-07-17 15:03:38
3618,3618,Card,Success,4942.57,2026-05-08 07:11:16
3619,3619,UPI,Success,2477.5,2026-06-07 14:21:09
3620,3620,UPI,Refunded,0.0,2026-03-20 23:55:10
3621,3621,NetBanking,Refunded,0.0,2026-03-15 21:18:19
3622,3622,NetBanking,Success,4162.22,2026-07-14 19:01:14
3623,3623,Wallet,Success,3327.31,2026-02-13 12:38:50
3624,3624,COD,Success,1578.4,2026-06-05 16:14:47
3625,3625,Card,Success,2359.36,2026-06-01 18:52:46
3626,3626,UPI,Success,3841.93,2026-06-14 21:27:42
3627,3627,NetBanking,Success,5712.7,2026-04-30 07:27:43
3628,3628,UPI,Success,413.24,2026-06-22 08:26:06
3629,3629,Wallet,Success,2769.88,2026-02-24 16:42:00
3630,3630,Wallet,Success,2838.22,2026-07-14 07:33:47
3631,3631,Wallet,Success,3020.24,2026-06-06 17:44:53
3632,3632,UPI,Success,1611.31,2026-03-07 11:47:17
3633,3633,Wallet,Success,2144.2,2026-04-25 22:16:39
3634,3634,Card,Success,2802.8,2026-02-23 18:37:02
3635,3635,NetBanking,Success,997.82,2026-06-11 10:38:58
3636,3636,NetBanking,Success,1153.17,2026-07-20 15:51:17
3637,3637,Wallet,Success,190.51,2026-07-22 09:03:22
3638,3638,Card,Success,1299.68,2026-06-16 08:46:21
3639,3639,UPI,Success,3817.28,2026-07-30 19:12:23
3640,3640,COD,Success,390.76,2026-05-22 20:13:29
3641,3641,NetBanking,Success,2591.9,2026-05-20 20:22:04
3642,3642,Wallet,Success,1555.04,2026-05-12 13:57:34
3643,3643,COD,Failed,0.0,2026-03-06 11:30:12
3644,3644,COD,Failed,0.0,2026-03-25 14:23:32
3645,3645,Wallet,Success,5335.17,2026-03-28 13:31:30
3646,3646,Wallet,Success,2069.69,2026-07-10 11:38:03
3647,3647,NetBanking,Success,4035.26,2026-05-05 20:38:50
3648,3648,Wallet,Success,1127.68,2026-02-11 10:52:06
3649,3649,Wallet,Success,2274.98,2026-03-29 12:29:47
3650,3650,UPI,Success,76.92,2026-04-14 10:54:39
3651,3651,NetBanking,Success,5945.52,2026-03-23 23:40:00
3652,3652,Wallet,Success,2594.93,2026-02-24 11:26:33
3653,3653,UPI,Success,1144.78,2026-04-20 14:06:03
3654,3654,UPI,Success,1468.81,2026-02-15 23:40:13
3655,3655,UPI,Success,3822.61,2026-03-05 21:25:45
3656,3656,Wallet,Success,3084.58,2026-07-14 21:20:20
3657,3657,Card,Success,159.33,2026-07-23 20:39:52
3658,3658,Card,Success,2633.39,2026-06-22 19:56:54
3659,3659,Card,Success,1535.92,2026-04-06 20:20:09
3660,3660,Card,Success,3548.95,2026-04-23 10:41:12
3661,3661,Wallet,Success,2405.06,2026-04-17 17:11:11
3662,3662,Wallet,Success,2912.47,2026-03-28 19:45:57
3663,3663,Card,Success,2230.81,2026-06-11 23:49:05
3664,3664,NetBanking,Success,2904.62,2026-05-06 16:10:48
3665,3665,UPI,Refunded,0.0,2026-04-04 10:44:37
3666,3666,Card,Success,2788.46,2026-06-04 23:27:52
3667,3667,NetBanking,Success,870.97,2026-03-14 10:36:09
3668,3668,UPI,Success,1675.79,2026-04-26 13:46:40
3669,3669,COD,Success,3423.18,2026-05-18 10:54:25
3670,3670,NetBanking,Success,1802.51,2026-04-12 10:18:56
3671,3671,Wallet,Success,5330.99,2026-03-06 22:45:57
3672,3672,COD,Failed,0.0,2026-06-09 10:38:05
3673,3673,Card,Success,1694.52,2026-02-08 09:39:55
3674,3674,NetBanking,Success,1218.28,2026-04-16 08:34:45
3675,3675,Card,Success,4203.49,2026-02-08 20:55:27
3676,3676,Card,Success,972.9,2026-04-18 19:39:29
3677,3677,COD,Success,3603.33,2026-05-15 10:34:17
3678,3678,Card,Success,1982.65,2026-06-21 15:41:14
3679,3679,Card,Success,1655.26,2026-03-23 08:58:04
3680,3680,Card,Refunded,0.0,2026-05-25 16:58:53
3681,3681,Wallet,Success,1704.77,2026-02-13 09:26:04
3682,3682,COD,Success,1948.46,2026-05-09 18:14:16
3683,3683,NetBanking,Success,529.8,2026-02-15 17:12:25
3684,3684,UPI,Success,2456.0,2026-03-31 21:08:11
3685,3685,COD,Success,1587.13,2026-06-09 09:43:43
3686,3686,Card,Success,2728.65,2026-07-04 08:21:43
3687,3687,COD,Success,1032.91,2026-03-31 23:35:38
3688,3688,NetBanking,Success,747.11,2026-04-18 09:54:43
3689,3689,NetBanking,Success,1082.78,2026-02-15 07:52:47
3690,3690,COD,Success,1871.42,2026-08-01 14:52:42
3691,3691,COD,Success,482.92,2026-03-11 13:25:18
3692,3692,Wallet,Success,1873.28,2026-03-20 15:41:48
3693,3693,UPI,Success,2958.65,2026-06-01 09:46:50
3694,3694,Wallet,Success,1248.69,2026-02-15 20:04:44
3695,3695,Wallet,Failed,0.0,2026-07-21 23:14:58
3696,3696,UPI,Success,1490.43,2026-05-28 20:19:25
3697,3697,UPI,Refunded,0.0,2026-04-02 14:17:49
3698,3698,COD,Success,920.98,2026-05-17 08:12:04
3699,3699,Card,Success,1689.44,2026-02-22 15:35:06
3700,3700,Card,Success,704.88,2026-04-24 09:28:15
3701,3701,Card,Success,1632.78,2026-07-08 08:24:05
3702,3702,NetBanking,Success,2820.55,2026-02-05 17:16:42
3703,3703,COD,Success,3498.61,2026-04-15 22:25:53
3704,3704,NetBanking,Success,2644.92,2026-05-15 17:10:10
3705,3705,Card,Success,5014.67,2026-02-17 13:52:35
3706,3706,UPI,Refunded,0.0,2026-06-03 13:52:50
3707,3707,Card,Success,3228.35,2026-06-14 23:38:18
3708,3708,NetBanking,Success,3123.63,2026-06-20 23:45:37
3709,3709,NetBanking,Success,2596.01,2026-05-01 23:55:50
3710,3710,NetBanking,Success,3582.93,2026-06-22 18:09:46
3711,3711,Wallet,Success,3686.1,2026-06-29 08:35:01
3712,3712,COD,Success,3300.58,2026-04-28 09:32:51
3713,3713,Wallet,Success,3082.4,2026-07-26 19:26:06
3714,3714,NetBanking,Success,299.59,2026-06-08 14:54:23
3715,3715,UPI,Success,3533.22,2026-05-10 21:42:09
3716,3716,Wallet,Refunded,0.0,2026-02-09 10:12:39
3717,3717,Wallet,Success,6759.49,2026-04-21 16:02:21
3718,3718,NetBanking,Success,896.5,2026-03-31 11:59:31
3719,3719,UPI,Success,2681.94,2026-05-01 10:45:41
3720,3720,UPI,Success,4477.75,2026-03-22 18:58:57
3721,3721,NetBanking,Success,1257.52,2026-04-02 23:10:36
3722,3722,NetBanking,Success,481.6,2026-05-28 13:12:16
3723,3723,Wallet,Success,2906.36,2026-03-22 12:12:16
3724,3724,COD,Success,4201.12,2026-05-16 21:44:13
3725,3725,Card,Success,565.48,2026-06-29 23:35:35
3726,3726,Wallet,Success,2734.12,2026-03-14 08:26:27
3727,3727,Card,Failed,0.0,2026-05-08 20:05:54
3728,3728,Card,Success,4302.99,2026-03-07 09:56:30
3729,3729,UPI,Success,1157.11,2026-07-16 14:34:42
3730,3730,Card,Success,2996.77,2026-07-17 21:25:40
3731,3731,UPI,Success,495.4,2026-05-22 20:57:55
3732,3732,COD,Success,2406.64,2026-06-06 13:12:51
3733,3733,COD,Success,851.26,2026-07-21 11:22:25
3734,3734,UPI,Failed,0.0,2026-07-29 19:33:02
3735,3735,UPI,Success,8027.65,2026-02-14 13:10:00
3736,3736,NetBanking,Success,920.98,2026-05-10 22:47:25
3737,3737,Wallet,Success,218.87,2026-06-09 16:08:19
3738,3738,Wallet,Success,2696.85,2026-05-19 08:43:38
3739,3739,NetBanking,Success,541.36,2026-05-10 09:22:53
3740,3740,NetBanking,Success,1128.85,2026-02-18 09:16:44
3741,3741,UPI,Success,356.64,2026-02-22 20:44:56
3742,3742,COD,Success,1347.72,2026-08-04 08:38:00
3743,3743,NetBanking,Success,3073.44,2026-06-26 19:11:26
3744,3744,Card,Success,1621.83,2026-07-30 08:01:24
3745,3745,Card,Success,2081.21,2026-05-14 08:51:21
3746,3746,NetBanking,Success,1143.2,2026-04-04 20:59:35
3747,3747,NetBanking,Success,1193.76,2026-05-23 13:52:48
3748,3748,COD,Success,3677.56,2026-06-25 20:38:08
3749,3749,NetBanking,Success,170.03,2026-07-20 08:43:20
3750,3750,COD,Success,3909.2,2026-06-14 09:56:45
3751,3751,Card,Success,2215.42,2026-07-16 22:35:01
3752,3752,NetBanking,Success,5330.42,2026-06-14 09:39:53
3753,3753,UPI,Success,1406.93,2026-06-08 16:24:22
3754,3754,Wallet,Success,285.65,2026-02-26 11:11:46
3755,3755,Card,Success,6386.42,2026-07-31 20:52:35
3756,3756,Card,Success,2640.72,2026-06-09 16:16:59
3757,3757,Card,Success,1674.24,2026-05-19 15:09:26
3758,3758,COD,Success,2170.27,2026-06-19 21:33:12
3759,3759,COD,Success,1467.22,2026-07-20 11:50:53
3760,3760,NetBanking,Success,1058.12,2026-06-09 16:48:16
3761,3761,NetBanking,Success,594.88,2026-04-29 00:02:21
3762,3762,Card,Success,719.4,2026-02-25 21:56:14
3763,3763,UPI,Success,1213.5,2026-02-09 22:17:26
3764,3764,COD,Success,2847.53,2026-04-21 10:11:33
3765,3765,UPI,Failed,0.0,2026-02-11 12:00:47
3766,3766,Card,Success,6039.98,2026-02-26 19:01:33
3767,3767,UPI,Refunded,0.0,2026-06-17 11:20:14
3768,3768,NetBanking,Success,2153.24,2026-03-18 11:57:15
3769,3769,NetBanking,Refunded,0.0,2026-04-27 18:40:15
3770,3770,Wallet,Success,788.58,2026-06-07 16:17:30
3771,3771,NetBanking,Refunded,0.0,2026-03-24 12:59:29
3772,3772,NetBanking,Success,893.32,2026-04-23 09:23:33
3773,3773,Wallet,Success,1184.76,2026-04-29 15:26:29
3774,3774,COD,Success,2828.32,2026-05-30 17:45:10
3775,3775,NetBanking,Success,1071.48,2026-03-27 20:07:54
3776,3776,UPI,Success,4802.52,2026-07-22 22:47:48
3777,3777,Card,Success,2147.33,2026-03-23 09:37:40
3778,3778,Wallet,Success,4836.2,2026-04-26 17:47:00
3779,3779,UPI,Refunded,0.0,2026-05-04 16:20:57
3780,3780,UPI,Success,1045.09,2026-02-10 19:15:22
3781,3781,NetBanking,Success,2460.88,2026-03-19 18:19:34
3782,3782,COD,Success,520.09,2026-06-01 19:44:18
3783,3783,UPI,Success,102.64,2026-03-01 22:03:37
3784,3784,Card,Success,2210.44,2026-06-07 07:44:54
3785,3785,COD,Success,136.1,2026-02-20 16:52:17
3786,3786,COD,Refunded,0.0,2026-07-08 18:09:13
3787,3787,NetBanking,Success,940.48,2026-07-18 11:34:19
3788,3788,COD,Success,2262.89,2026-07-01 18:30:11
3789,3789,Wallet,Success,3447.92,2026-08-04 18:07:21
3790,3790,NetBanking,Success,2214.88,2026-03-07 19:47:17
3791,3791,UPI,Success,861.53,2026-04-07 22:43:52
3792,3792,NetBanking,Success,1526.86,2026-03-30 15:41:19
3793,3793,COD,Success,3072.87,2026-07-25 07:52:14
3794,3794,UPI,Success,2295.11,2026-07-29 16:15:02
3795,3795,Wallet,Success,2708.83,2026-07-09 15:24:06
3796,3796,Card,Success,2370.67,2026-05-17 09:51:18
3797,3797,Wallet,Success,239.07,2026-07-14 14:49:00
3798,3798,Wallet,Success,3469.97,2026-03-04 11:10:58
3799,3799,NetBanking,Success,2883.97,2026-02-25 15:13:01
3800,3800,Wallet,Success,3512.74,2026-04-22 21:58:21
3801,3801,NetBanking,Success,7411.64,2026-07-08 21:55:06
3802,3802,Card,Success,1477.89,2026-05-04 18:43:14
3803,3803,UPI,Success,2755.66,2026-04-22 10:02:19
3804,3804,Card,Success,3630.94,2026-06-29 23:37:18
3805,3805,Wallet,Success,2826.63,2026-05-28 10:40:18
3806,3806,Card,Success,3192.74,2026-07-11 21:33:40
3807,3807,UPI,Refunded,0.0,2026-07-03 10:13:50
3808,3808,COD,Success,5948.07,2026-07-07 17:03:50
3809,3809,COD,Success,3682.06,2026-05-23 21:06:04
3810,3810,COD,Failed,0.0,2026-05-18 09:36:20
3811,3811,COD,Success,1713.54,2026-05-30 22:36:35
3812,3812,NetBanking,Refunded,0.0,2026-07-09 18:38:49
3813,3813,Wallet,Success,1928.61,2026-05-08 19:16:37
3814,3814,Card,Success,1031.86,2026-07-19 12:00:44
3815,3815,UPI,Success,2586.25,2026-07-22 20:12:55
3816,3816,NetBanking,Success,741.51,2026-07-05 15:43:03
3817,3817,UPI,Success,1992.6,2026-06-16 15:28:08
3818,3818,Wallet,Success,3398.82,2026-04-11 07:44:35
3819,3819,Card,Success,2248.82,2026-06-02 13:46:41
3820,3820,Card,Success,764.28,2026-07-29 21:00:02
3821,3821,COD,Success,4501.71,2026-02-05 09:47:01
3822,3822,Wallet,Success,124.27,2026-03-29 16:08:56
3823,3823,Wallet,Success,725.7,2026-07-09 20:23:51
3824,3824,COD,Failed,0.0,2026-06-16 11:14:19
3825,3825,NetBanking,Success,3568.08,2026-06-17 19:24:33
3826,3826,UPI,Success,5335.94,2026-08-01 10:02:06
3827,3827,NetBanking,Success,1361.48,2026-07-23 07:04:30
3828,3828,Card,Success,1308.82,2026-04-01 21:44:33
3829,3829,Wallet,Success,4234.91,2026-05-30 11:48:25
3830,3830,COD,Success,2376.16,2026-03-17 22:33:51
3831,3831,UPI,Refunded,0.0,2026-07-27 23:57:03
3832,3832,COD,Success,3426.42,2026-06-30 11:12:05
3833,3833,Card,Success,928.68,2026-03-04 18:43:43
3834,3834,UPI,Success,2128.86,2026-07-27 08:16:39
3835,3835,Wallet,Success,1800.18,2026-05-31 08:06:13
3836,3836,Card,Failed,0.0,2026-03-17 20:32:05
3837,3837,Card,Success,1922.27,2026-02-23 12:26:59
3838,3838,Wallet,Success,2954.53,2026-02-06 16:06:32
3839,3839,COD,Success,2005.43,2026-05-18 17:00:14
3840,3840,UPI,Success,3072.84,2026-06-04 18:02:06
3841,3841,Card,Success,1492.0,2026-05-09 14:29:04
3842,3842,Wallet,Success,6476.78,2026-07-04 23:47:13
3843,3843,UPI,Success,821.34,2026-06-26 19:59:21
3844,3844,UPI,Success,375.48,2026-03-25 11:20:52
3845,3845,UPI,Failed,0.0,2026-07-29 19:03:45
3846,3846,UPI,Refunded,0.0,2026-04-11 21:11:19
3847,3847,NetBanking,Success,3430.76,2026-02-13 14:04:01
3848,3848,Card,Success,2355.74,2026-05-01 15:24:11
3849,3849,NetBanking,Refunded,0.0,2026-02-09 22:52:44
3850,3850,Card,Success,2794.16,2026-06-24 18:35:48
3851,3851,COD,Success,2135.46,2026-02-09 15:13:27
3852,3852,NetBanking,Success,3740.18,2026-06-23 14:22:12
3853,3853,COD,Success,3023.24,2026-04-12 13:22:29
3854,3854,NetBanking,Success,3794.64,2026-04-02 09:27:02
3855,3855,UPI,Success,2193.58,2026-05-16 10:12:19
3856,3856,NetBanking,Success,3512.79,2026-05-11 15:58:10
3857,3857,UPI,Success,2052.67,2026-04-03 19:11:58
3858,3858,NetBanking,Success,4667.11,2026-05-23 12:40:10
3859,3859,Wallet,Refunded,0.0,2026-06-24 16:08:39
3860,3860,UPI,Refunded,0.0,2026-07-15 20:06:41
3861,3861,UPI,Success,2581.17,2026-02-18 17:23:00
3862,3862,Card,Success,2641.25,2026-03-22 08:26:32
3863,3863,UPI,Success,1708.76,2026-02-17 07:45:55
3864,3864,Wallet,Success,5236.22,2026-02-06 17:45:20
3865,3865,UPI,Success,4272.16,2026-03-31 07:17:17
3866,3866,Wallet,Success,410.4,2026-06-17 12:18:41
3867,3867,Wallet,Success,506.76,2026-05-07 11:20:21
3868,3868,Card,Success,2480.4,2026-07-04 08:02:08
3869,3869,COD,Success,344.25,2026-03-25 17:15:14
3870,3870,Card,Success,3880.04,2026-04-01 09:21:51
3871,3871,UPI,Success,2086.17,2026-05-21 11:45:54
3872,3872,Card,Failed,0.0,2026-06-30 16:27:04
3873,3873,COD,Success,1543.6,2026-03-06 13:35:28
3874,3874,NetBanking,Success,2912.3,2026-04-21 17:45:52
3875,3875,Wallet,Success,2785.22,2026-02-09 21:38:21
3876,3876,Card,Success,2733.36,2026-04-19 10:03:24
3877,3877,NetBanking,Success,2935.27,2026-06-23 23:00:27
3878,3878,NetBanking,Success,5243.25,2026-02-09 15:23:41
3879,3879,Wallet,Success,2595.97,2026-03-06 13:24:12
3880,3880,COD,Success,3087.3,2026-06-10 14:45:20
3881,3881,COD,Failed,0.0,2026-02-26 12:44:26
3882,3882,COD,Success,1778.04,2026-07-31 08:33:38
3883,3883,Wallet,Success,3563.2,2026-05-22 13:17:03
3884,3884,Card,Success,211.26,2026-07-06 09:04:42
3885,3885,NetBanking,Success,640.4,2026-05-14 19:48:00
3886,3886,Card,Success,350.34,2026-07-08 12:31:59
3887,3887,Wallet,Success,5583.5,2026-05-23 10:38:04
3888,3888,Card,Success,170.71,2026-02-24 23:34:04
3889,3889,NetBanking,Success,115.6,2026-04-04 18:20:47
3890,3890,NetBanking,Success,3119.42,2026-05-25 21:57:23
3891,3891,NetBanking,Success,3377.04,2026-02-10 09:48:26
3892,3892,UPI,Success,1963.22,2026-07-01 18:47:50
3893,3893,UPI,Success,333.21,2026-04-07 19:31:40
3894,3894,Card,Success,4829.8,2026-03-28 13:09:32
3895,3895,NetBanking,Failed,0.0,2026-05-13 14:30:09
3896,3896,COD,Failed,0.0,2026-02-16 19:26:18
3897,3897,COD,Failed,0.0,2026-05-18 12:04:57
3898,3898,UPI,Refunded,0.0,2026-05-07 20:10:07
3899,3899,COD,Success,2557.57,2026-02-08 09:19:37
3900,3900,NetBanking,Success,1663.8,2026-06-14 09:12:51
3901,3901,Card,Success,2409.64,2026-03-14 14:25:02
3902,3902,COD,Success,3188.36,2026-03-16 13:57:37
3903,3903,UPI,Success,48.72,2026-05-13 16:58:58
3904,3904,NetBanking,Success,4938.3,2026-02-22 12:38:29
3905,3905,NetBanking,Success,2434.19,2026-06-19 22:45:44
3906,3906,UPI,Success,3044.28,2026-06-02 12:27:22
3907,3907,UPI,Success,1272.65,2026-03-10 21:31:08
3908,3908,Wallet,Refunded,0.0,2026-05-24 15:00:54
3909,3909,NetBanking,Success,4923.71,2026-05-08 21:45:17
3910,3910,UPI,Success,121.78,2026-03-15 19:04:07
3911,3911,Card,Success,2198.1,2026-06-22 14:52:15
3912,3912,COD,Success,6468.67,2026-02-13 17:36:34
3913,3913,UPI,Success,2742.39,2026-06-26 14:51:35
3914,3914,Card,Success,3685.02,2026-03-11 22:53:51
3915,3915,NetBanking,Success,1094.74,2026-04-10 09:25:54
3916,3916,NetBanking,Success,837.02,2026-05-11 18:30:21
3917,3917,Wallet,Success,3194.89,2026-03-19 17:35:02
3918,3918,Wallet,Success,1042.15,2026-07-27 21:48:31
3919,3919,COD,Refunded,0.0,2026-04-18 15:52:10
3920,3920,COD,Success,5060.91,2026-04-15 10:31:56
3921,3921,Card,Success,4285.37,2026-03-09 23:06:28
3922,3922,NetBanking,Success,840.61,2026-04-09 07:12:10
3923,3923,Card,Success,2010.7,2026-06-19 08:28:56
3924,3924,NetBanking,Success,614.8,2026-05-28 22:27:34
3925,3925,COD,Success,2397.87,2026-07-21 20:23:29
3926,3926,NetBanking,Success,3041.48,2026-02-12 17:47:13
3927,3927,NetBanking,Success,1483.9,2026-02-16 22:52:38
3928,3928,Wallet,Success,1368.36,2026-06-19 11:11:44
3929,3929,NetBanking,Success,3008.72,2026-04-01 12:23:24
3930,3930,COD,Refunded,0.0,2026-02-17 16:26:17
3931,3931,NetBanking,Refunded,0.0,2026-03-28 14:34:11
3932,3932,COD,Success,2317.64,2026-02-24 21:08:35
3933,3933,Card,Success,3928.74,2026-03-04 12:07:29
3934,3934,Card,Success,1235.85,2026-07-03 23:06:57
3935,3935,COD,Success,709.43,2026-05-15 10:30:25
3936,3936,Wallet,Failed,0.0,2026-07-30 11:11:44
3937,3937,COD,Success,1278.29,2026-04-27 13:41:36
3938,3938,UPI,Success,3700.24,2026-05-15 16:22:15
3939,3939,UPI,Success,1935.55,2026-05-19 10:24:27
3940,3940,Wallet,Success,2375.62,2026-06-03 07:13:58
3941,3941,COD,Success,4518.24,2026-04-10 12:11:49
3942,3942,Card,Success,2432.5,2026-07-16 08:06:47
3943,3943,Wallet,Failed,0.0,2026-06-12 11:36:00
3944,3944,COD,Success,1673.11,2026-04-04 19:23:18
3945,3945,Card,Success,297.02,2026-03-07 07:34:41
3946,3946,UPI,Success,1740.96,2026-04-03 14:18:32
3947,3947,Wallet,Success,5310.4,2026-07-04 12:36:11
3948,3948,NetBanking,Failed,0.0,2026-02-07 22:09:43
3949,3949,COD,Success,985.64,2026-07-08 18:10:32
3950,3950,COD,Success,2207.05,2026-07-08 16:31:31
3951,3951,Card,Success,3552.09,2026-02-11 16:38:04
3952,3952,COD,Success,1343.74,2026-05-02 15:11:24
3953,3953,Wallet,Success,506.76,2026-02-26 12:41:16
3954,3954,UPI,Failed,0.0,2026-07-02 09:51:24
3955,3955,Card,Success,1764.54,2026-03-09 18:53:29
3956,3956,NetBanking,Success,2131.71,2026-06-25 18:42:44
3957,3957,UPI,Success,1817.72,2026-02-24 19:07:54
3958,3958,Card,Success,3708.58,2026-03-27 12:01:03
3959,3959,Card,Success,2942.52,2026-02-11 10:16:14
3960,3960,Card,Success,1789.65,2026-05-15 20:38:14
3961,3961,Wallet,Failed,0.0,2026-04-09 10:42:13
3962,3962,COD,Failed,0.0,2026-05-21 08:28:39
3963,3963,COD,Success,1058.25,2026-07-27 14:25:29
3964,3964,UPI,Success,450.37,2026-04-08 09:37:06
3965,3965,COD,Success,1515.16,2026-07-13 13:03:53
3966,3966,UPI,Success,1837.92,2026-02-21 13:25:15
3967,3967,NetBanking,Success,1777.25,2026-03-13 19:34:44
3968,3968,Card,Success,4007.55,2026-07-10 12:27:37
3969,3969,COD,Success,2008.14,2026-07-09 13:05:55
3970,3970,UPI,Success,2708.16,2026-06-16 19:09:28
3971,3971,Card,Success,2149.41,2026-05-31 19:20:29
3972,3972,Wallet,Success,3953.75,2026-02-11 18:29:37
3973,3973,Card,Success,2632.74,2026-04-10 07:40:46
3974,3974,Wallet,Success,2591.67,2026-05-02 11:56:01
3975,3975,Card,Success,4500.27,2026-04-19 15:42:14
3976,3976,UPI,Success,2479.38,2026-05-18 21:26:45
3977,3977,Card,Success,3824.44,2026-02-20 13:05:44
3978,3978,Card,Success,1141.38,2026-05-14 16:14:05
3979,3979,NetBanking,Success,1561.93,2026-03-02 16:12:43
3980,3980,COD,Success,747.48,2026-06-18 19:12:04
3981,3981,Card,Success,4111.99,2026-03-18 18:07:38
3982,3982,Wallet,Success,3890.18,2026-06-19 09:15:33
3983,3983,Wallet,Success,2635.07,2026-06-20 22:16:44
3984,3984,Wallet,Success,2103.76,2026-06-17 21:47:41
3985,3985,NetBanking,Success,2830.68,2026-05-13 08:21:01
3986,3986,NetBanking,Success,1399.62,2026-07-26 13:12:45
3987,3987,NetBanking,Success,2163.97,2026-03-19 17:27:10
3988,3988,NetBanking,Success,1320.82,2026-07-20 14:55:05
3989,3989,Wallet,Success,358.78,2026-03-18 19:42:03
3990,3990,NetBanking,Success,5047.89,2026-04-22 20:12:45
3991,3991,NetBanking,Refunded,0.0,2026-04-14 14:56:24
3992,3992,UPI,Success,1476.92,2026-05-05 18:07:34
3993,3993,Card,Success,2427.48,2026-02-22 18:47:11
3994,3994,UPI,Refunded,0.0,2026-06-30 19:29:41
3995,3995,COD,Success,1950.74,2026-06-17 13:37:33
3996,3996,Card,Success,995.38,2026-04-28 11:19:41
3997,3997,COD,Success,3343.83,2026-02-14 23:07:19
3998,3998,Card,Success,1606.93,2026-06-08 09:58:00
3999,3999,Wallet,Success,4346.57,2026-05-16 15:25:22
4000,4000,COD,Success,3262.31,2026-02-07 07:26:34
4001,4001,Wallet,Success,3916.94,2026-03-11 22:56:30
4002,4002,UPI,Success,4091.03,2026-02-08 23:54:30
4003,4003,NetBanking,Success,1432.09,2026-08-02 10:54:53
4004,4004,NetBanking,Success,2516.81,2026-04-24 13:11:51
4005,4005,UPI,Success,2701.8,2026-03-14 16:17:29
4006,4006,UPI,Success,207.96,2026-04-07 13:00:39
4007,4007,Card,Success,2469.41,2026-07-14 13:31:40
4008,4008,Wallet,Success,4451.46,2026-07-21 08:03:07
4009,4009,NetBanking,Success,3739.02,2026-02-08 22:41:41
4010,4010,UPI,Success,1136.37,2026-03-13 22:29:49
4011,4011,Card,Success,3066.87,2026-07-08 12:51:55
4012,4012,COD,Success,917.5,2026-03-07 22:42:40
4013,4013,Wallet,Success,513.6,2026-02-20 16:25:13
4014,4014,Wallet,Success,1699.6,2026-04-13 21:16:42
4015,4015,Card,Success,6137.33,2026-04-12 09:54:08
4016,4016,Card,Success,3676.6,2026-06-26 21:58:32
4017,4017,COD,Success,2488.92,2026-06-16 08:21:56
4018,4018,Card,Success,2631.28,2026-02-18 10:58:31
4019,4019,NetBanking,Success,1961.16,2026-05-22 21:09:59
4020,4020,UPI,Success,3432.69,2026-07-20 17:45:36
4021,4021,UPI,Success,5506.72,2026-06-24 18:47:59
4022,4022,COD,Success,640.89,2026-02-08 22:18:32
4023,4023,COD,Refunded,0.0,2026-05-06 15:36:23
4024,4024,UPI,Success,2118.28,2026-04-08 14:16:01
4025,4025,Wallet,Success,659.39,2026-02-24 10:58:31
4026,4026,COD,Success,1387.53,2026-04-19 08:21:55
4027,4027,COD,Success,591.99,2026-07-17 14:51:16
4028,4028,Card,Success,1298.93,2026-06-02 14:21:00
4029,4029,Wallet,Success,202.27,2026-05-30 11:13:37
4030,4030,Card,Success,4802.03,2026-04-01 18:15:20
4031,4031,Wallet,Success,2459.15,2026-02-19 15:05:52
4032,4032,Wallet,Success,6077.57,2026-04-02 21:01:32
4033,4033,UPI,Refunded,0.0,2026-06-10 07:57:05
4034,4034,Wallet,Failed,0.0,2026-03-12 18:44:40
4035,4035,Card,Success,1372.94,2026-05-14 22:47:15
4036,4036,Card,Success,1350.93,2026-03-06 07:55:47
4037,4037,NetBanking,Failed,0.0,2026-06-22 09:10:55
4038,4038,UPI,Success,2469.42,2026-04-17 18:13:42
4039,4039,COD,Success,3233.55,2026-06-02 08:34:50
4040,4040,NetBanking,Success,1294.64,2026-03-05 07:48:44
4041,4041,Wallet,Success,328.84,2026-04-23 21:47:59
4042,4042,NetBanking,Refunded,0.0,2026-04-25 10:14:48
4043,4043,Card,Failed,0.0,2026-04-17 22:46:10
4044,4044,UPI,Success,3508.98,2026-04-13 18:07:32
4045,4045,UPI,Success,1513.46,2026-07-02 14:11:27
4046,4046,Wallet,Success,1336.2,2026-06-08 07:08:39
4047,4047,UPI,Success,2881.01,2026-04-23 10:23:13
4048,4048,Wallet,Success,1182.84,2026-06-27 09:12:45
4049,4049,UPI,Success,978.6,2026-06-04 13:24:21
4050,4050,Card,Success,2219.88,2026-06-14 10:17:26
4051,4051,UPI,Failed,0.0,2026-07-06 10:31:37
4052,4052,COD,Success,1538.6,2026-05-21 12:23:27
4053,4053,COD,Success,4098.16,2026-06-11 23:38:20
4054,4054,NetBanking,Success,3447.7,2026-07-01 20:43:08
4055,4055,COD,Success,4408.34,2026-05-19 22:50:00
4056,4056,UPI,Success,1016.74,2026-06-17 23:03:04
4057,4057,UPI,Success,3934.92,2026-04-21 10:46:46
4058,4058,UPI,Success,1231.14,2026-02-16 20:01:34
4059,4059,NetBanking,Failed,0.0,2026-08-04 08:46:36
4060,4060,Card,Success,2089.3,2026-04-24 14:18:35
4061,4061,UPI,Refunded,0.0,2026-05-16 19:15:52
4062,4062,Card,Success,620.07,2026-06-29 08:17:17
4063,4063,NetBanking,Success,1451.56,2026-02-08 11:40:22
4064,4064,Card,Success,2902.5,2026-05-18 12:36:06
4065,4065,COD,Success,544.4,2026-04-03 07:15:33
4066,4066,NetBanking,Success,1474.94,2026-05-29 16:35:07
4067,4067,Wallet,Success,589.84,2026-07-31 17:05:03
4068,4068,NetBanking,Success,1563.59,2026-06-28 14:43:25
4069,4069,NetBanking,Refunded,0.0,2026-02-07 23:02:11
4070,4070,COD,Refunded,0.0,2026-05-23 10:01:05
4071,4071,Card,Success,1339.94,2026-03-31 09:51:25
4072,4072,Wallet,Success,1058.02,2026-05-31 14:01:32
4073,4073,NetBanking,Success,1687.37,2026-07-29 17:15:04
4074,4074,Card,Success,2013.24,2026-07-31 18:51:59
4075,4075,UPI,Success,24.61,2026-03-24 16:15:19
4076,4076,COD,Success,1904.2,2026-07-10 20:49:21
4077,4077,COD,Success,743.36,2026-07-10 10:36:23
4078,4078,COD,Success,3089.6,2026-02-18 15:42:54
4079,4079,NetBanking,Success,371.18,2026-03-28 22:39:16
4080,4080,UPI,Success,4680.97,2026-07-15 11:12:29
4081,4081,UPI,Success,4821.34,2026-04-02 11:48:15
4082,4082,COD,Success,1561.36,2026-03-07 11:16:44
4083,4083,NetBanking,Success,5953.22,2026-07-18 21:21:14
4084,4084,NetBanking,Failed,0.0,2026-05-11 18:04:17
4085,4085,UPI,Success,4046.64,2026-05-23 15:13:25
4086,4086,Card,Refunded,0.0,2026-03-03 10:26:59
4087,4087,UPI,Success,5541.82,2026-05-20 15:08:06
4088,4088,Wallet,Success,823.96,2026-03-19 20:59:01
4089,4089,Wallet,Success,1921.72,2026-07-04 18:38:49
4090,4090,Card,Success,3681.06,2026-02-12 14:05:53
4091,4091,Card,Success,1154.76,2026-04-14 13:23:04
4092,4092,COD,Success,1305.95,2026-05-03 20:45:01
4093,4093,COD,Success,140.86,2026-06-26 16:57:40
4094,4094,COD,Success,3055.92,2026-05-15 21:03:50
4095,4095,COD,Refunded,0.0,2026-04-22 19:25:53
4096,4096,UPI,Success,75.93,2026-03-27 16:57:01
4097,4097,COD,Success,5252.92,2026-03-22 18:27:02
4098,4098,Wallet,Success,265.93,2026-05-27 12:33:39
4099,4099,Card,Refunded,0.0,2026-05-25 09:49:53
4100,4100,COD,Success,4066.95,2026-05-14 15:53:36
4101,4101,Wallet,Success,2400.74,2026-05-31 21:35:31
4102,4102,NetBanking,Success,1653.01,2026-06-11 11:43:35
4103,4103,Wallet,Success,2742.32,2026-05-21 19:28:28
4104,4104,NetBanking,Success,1170.37,2026-06-22 08:59:28
4105,4105,Wallet,Success,745.26,2026-07-03 18:37:47
4106,4106,NetBanking,Success,932.39,2026-04-15 16:20:51
4107,4107,COD,Success,728.26,2026-06-01 09:25:42
4108,4108,NetBanking,Success,1744.61,2026-04-28 22:27:38
4109,4109,NetBanking,Success,1073.59,2026-03-12 21:43:59
4110,4110,COD,Success,1589.92,2026-03-16 12:48:37
4111,4111,COD,Success,1013.15,2026-04-18 10:00:03
4112,4112,COD,Success,3578.62,2026-02-23 17:31:00
4113,4113,COD,Refunded,0.0,2026-04-03 12:10:08
4114,4114,Card,Success,3174.46,2026-02-06 23:43:24
4115,4115,COD,Success,592.66,2026-03-26 15:49:17
4116,4116,NetBanking,Success,2530.9,2026-03-21 08:34:54
4117,4117,NetBanking,Success,3714.25,2026-08-01 13:31:40
4118,4118,COD,Success,693.07,2026-06-14 16:00:16
4119,4119,UPI,Success,782.42,2026-02-21 18:18:31
4120,4120,COD,Success,4712.89,2026-02-21 13:12:14
4121,4121,Card,Success,6448.48,2026-03-04 16:40:16
4122,4122,NetBanking,Success,826.26,2026-02-19 20:33:09
4123,4123,COD,Success,2854.06,2026-05-28 22:44:47
4124,4124,UPI,Refunded,0.0,2026-02-09 22:08:39
4125,4125,Card,Success,2198.38,2026-06-11 08:27:21
4126,4126,Card,Failed,0.0,2026-03-03 10:00:04
4127,4127,COD,Success,3422.06,2026-06-26 16:12:36
4128,4128,UPI,Success,896.53,2026-06-23 07:13:04
4129,4129,Card,Success,2340.57,2026-06-02 11:35:45
4130,4130,Wallet,Success,4699.11,2026-06-17 07:36:40
4131,4131,NetBanking,Failed,0.0,2026-02-09 19:15:06
4132,4132,UPI,Success,168.03,2026-06-13 12:03:27
4133,4133,Wallet,Success,3653.03,2026-05-10 20:43:44
4134,4134,NetBanking,Success,806.71,2026-04-04 08:28:27
4135,4135,Wallet,Success,1886.02,2026-06-07 17:53:57
4136,4136,Wallet,Refunded,0.0,2026-02-12 20:27:58
4137,4137,UPI,Success,3125.94,2026-07-28 07:04:22
4138,4138,UPI,Success,1880.28,2026-04-17 12:29:14
4139,4139,Card,Success,1846.86,2026-02-16 22:44:55
4140,4140,COD,Success,4614.65,2026-02-17 15:35:06
4141,4141,Wallet,Success,275.13,2026-07-30 23:39:55
4142,4142,COD,Success,3292.49,2026-06-09 13:52:46
4143,4143,NetBanking,Failed,0.0,2026-05-13 12:47:00
4144,4144,COD,Refunded,0.0,2026-06-05 17:02:12
4145,4145,UPI,Success,3425.14,2026-07-11 20:17:49
4146,4146,COD,Failed,0.0,2026-03-01 10:04:49
4147,4147,Wallet,Success,3427.42,2026-02-10 11:28:36
4148,4148,Card,Success,3247.0,2026-04-15 09:27:57
4149,4149,UPI,Success,3071.42,2026-02-23 12:56:48
4150,4150,COD,Success,3141.76,2026-07-23 11:57:20
4151,4151,Card,Success,281.72,2026-07-26 22:35:52
4152,4152,Card,Success,36.18,2026-03-18 12:45:18
4153,4153,Card,Success,1909.78,2026-06-25 07:13:47
4154,4154,COD,Success,2194.35,2026-05-13 16:49:25
4155,4155,UPI,Success,2635.8,2026-02-12 22:16:14
4156,4156,Card,Success,287.63,2026-05-17 14:22:54
4157,4157,Wallet,Success,3551.71,2026-04-23 19:26:46
4158,4158,UPI,Success,3636.82,2026-04-10 13:36:26
4159,4159,Card,Success,2516.95,2026-05-22 15:42:27
4160,4160,NetBanking,Success,1082.63,2026-02-10 18:19:39
4161,4161,Wallet,Success,2442.44,2026-04-18 07:40:59
4162,4162,NetBanking,Success,213.86,2026-06-09 19:38:02
4163,4163,NetBanking,Success,3417.37,2026-07-04 23:42:12
4164,4164,COD,Success,2934.82,2026-02-26 21:07:17
4165,4165,Wallet,Success,131.35,2026-05-06 15:22:34
4166,4166,UPI,Success,920.92,2026-07-01 14:26:32
4167,4167,NetBanking,Success,1041.08,2026-07-06 19:49:41
4168,4168,UPI,Success,2879.94,2026-03-11 08:40:07
4169,4169,Wallet,Success,786.24,2026-03-06 11:34:48
4170,4170,NetBanking,Success,4593.41,2026-03-29 10:46:29
4171,4171,NetBanking,Failed,0.0,2026-04-27 12:42:07
4172,4172,COD,Success,2436.24,2026-07-07 15:06:26
4173,4173,Wallet,Success,3375.07,2026-04-27 09:04:41
4174,4174,Wallet,Success,2139.0,2026-02-24 13:28:27
4175,4175,COD,Success,6155.36,2026-06-05 09:48:22
4176,4176,Card,Success,995.52,2026-05-09 16:08:48
4177,4177,Card,Success,1597.1,2026-03-12 20:41:19
4178,4178,Wallet,Success,2007.72,2026-06-15 07:08:51
4179,4179,COD,Success,553.85,2026-05-28 15:55:40
4180,4180,Wallet,Success,2201.47,2026-06-07 08:19:59
4181,4181,Card,Success,1826.94,2026-05-10 17:15:54
4182,4182,NetBanking,Success,3959.44,2026-06-03 09:34:46
4183,4183,COD,Success,2604.38,2026-02-18 23:31:13
4184,4184,NetBanking,Success,1902.46,2026-03-25 08:22:10
4185,4185,COD,Success,4329.73,2026-03-11 18:05:33
4186,4186,UPI,Success,1072.98,2026-04-08 23:26:16
4187,4187,Card,Failed,0.0,2026-05-23 09:53:47
4188,4188,Card,Success,4459.08,2026-06-18 15:57:01
4189,4189,Wallet,Success,238.44,2026-06-05 21:15:51
4190,4190,Card,Success,3246.32,2026-03-08 17:27:21
4191,4191,UPI,Success,1505.54,2026-07-10 08:39:14
4192,4192,UPI,Success,3662.49,2026-06-10 08:56:29
4193,4193,Wallet,Success,1359.31,2026-04-26 12:08:41
4194,4194,COD,Success,3057.53,2026-06-13 15:19:52
4195,4195,COD,Success,2782.78,2026-04-17 20:44:49
4196,4196,COD,Refunded,0.0,2026-08-04 19:30:06
4197,4197,COD,Success,695.33,2026-02-19 15:57:05
4198,4198,Card,Success,1757.67,2026-06-02 17:22:12
4199,4199,Card,Success,1671.8,2026-08-03 09:40:43
4200,4200,Wallet,Success,293.86,2026-05-14 23:29:13
4201,4201,Card,Success,2445.36,2026-05-07 16:36:38
4202,4202,NetBanking,Success,2306.57,2026-07-24 21:52:42
4203,4203,NetBanking,Success,3687.14,2026-06-19 21:06:28
4204,4204,Card,Success,2047.06,2026-02-26 13:47:44
4205,4205,Wallet,Success,387.99,2026-07-26 21:17:27
4206,4206,Card,Success,3530.16,2026-02-24 20:07:53
4207,4207,Card,Success,6092.65,2026-04-17 07:55:12
4208,4208,UPI,Success,45.25,2026-07-08 12:32:12
4209,4209,UPI,Success,2231.37,2026-06-20 07:30:56
4210,4210,NetBanking,Success,3645.65,2026-05-25 08:41:36
4211,4211,Card,Success,428.11,2026-02-25 18:50:04
4212,4212,UPI,Refunded,0.0,2026-07-09 15:32:29
4213,4213,NetBanking,Success,1309.25,2026-02-05 16:30:42
4214,4214,NetBanking,Success,3046.75,2026-03-14 15:58:48
4215,4215,NetBanking,Success,2088.6,2026-07-24 17:35:55
4216,4216,COD,Success,2873.7,2026-03-18 16:49:47
4217,4217,Card,Success,646.14,2026-05-06 11:30:18
4218,4218,Card,Success,1807.84,2026-05-04 09:46:05
4219,4219,NetBanking,Success,1895.97,2026-05-14 19:00:10
4220,4220,NetBanking,Success,4634.03,2026-06-04 13:10:23
4221,4221,UPI,Refunded,0.0,2026-06-12 21:35:11
4222,4222,UPI,Success,4057.28,2026-03-11 11:34:49
4223,4223,COD,Success,3576.67,2026-05-22 13:05:09
4224,4224,COD,Success,5942.31,2026-05-14 20:41:44
4225,4225,Wallet,Success,424.88,2026-05-13 16:05:45
4226,4226,NetBanking,Success,1417.92,2026-04-05 09:35:01
4227,4227,Wallet,Success,3014.23,2026-02-17 19:07:35
4228,4228,Card,Success,2310.62,2026-07-21 07:39:01
4229,4229,NetBanking,Success,4450.73,2026-02-25 20:15:14
4230,4230,NetBanking,Success,1415.81,2026-07-28 18:23:12
4231,4231,NetBanking,Success,828.57,2026-07-29 17:01:28
4232,4232,UPI,Success,4791.78,2026-02-09 17:52:50
4233,4233,Card,Success,3744.97,2026-03-16 19:19:26
4234,4234,COD,Success,1736.15,2026-05-28 10:20:52
4235,4235,Card,Success,3203.03,2026-07-29 22:27:21
4236,4236,UPI,Success,1603.3,2026-03-29 16:23:35
4237,4237,COD,Success,1306.12,2026-04-27 08:42:43
4238,4238,NetBanking,Success,3165.74,2026-02-05 07:35:22
4239,4239,Card,Success,3327.55,2026-03-01 11:54:47
4240,4240,NetBanking,Success,2916.02,2026-07-02 15:26:17
4241,4241,COD,Success,1110.04,2026-07-30 11:10:09
4242,4242,Card,Success,1069.58,2026-03-26 15:16:49
4243,4243,Card,Success,509.91,2026-06-10 09:29:49
4244,4244,Wallet,Success,368.1,2026-04-26 12:32:12
4245,4245,COD,Success,3035.01,2026-04-19 08:46:37
4246,4246,NetBanking,Success,1677.32,2026-06-26 12:43:53
4247,4247,Wallet,Success,2468.54,2026-02-25 08:24:41
4248,4248,COD,Success,248.62,2026-03-20 17:33:08
4249,4249,COD,Success,595.72,2026-05-05 15:07:48
4250,4250,UPI,Success,2916.56,2026-05-05 20:07:52
4251,4251,Card,Success,596.06,2026-07-18 10:45:44
4252,4252,NetBanking,Success,4482.12,2026-05-02 14:29:09
4253,4253,Wallet,Success,489.3,2026-02-16 22:06:57
4254,4254,NetBanking,Success,43.41,2026-05-27 07:48:53
4255,4255,Card,Success,699.17,2026-07-02 09:45:03
4256,4256,Wallet,Failed,0.0,2026-05-02 20:15:13
4257,4257,Card,Success,454.19,2026-05-02 14:11:24
4258,4258,UPI,Success,2831.81,2026-04-24 14:53:05
4259,4259,Wallet,Success,2906.11,2026-02-14 12:50:28
4260,4260,UPI,Refunded,0.0,2026-02-26 10:29:03
4261,4261,NetBanking,Success,4798.41,2026-03-24 20:03:25
4262,4262,UPI,Success,912.09,2026-03-12 23:15:54
4263,4263,Wallet,Success,307.4,2026-07-13 19:13:03
4264,4264,UPI,Success,1501.22,2026-05-15 22:05:58
4265,4265,Wallet,Success,6597.82,2026-02-06 11:16:17
4266,4266,Wallet,Success,6030.32,2026-06-22 14:10:02
4267,4267,Wallet,Success,4190.23,2026-07-13 16:17:12
4268,4268,UPI,Success,495.01,2026-06-18 15:55:37
4269,4269,Card,Success,981.8,2026-05-09 20:35:31
4270,4270,Wallet,Success,2337.61,2026-07-04 15:34:49
4271,4271,COD,Success,1864.22,2026-08-03 15:20:03
4272,4272,Card,Success,3506.48,2026-06-18 15:03:01
4273,4273,NetBanking,Success,242.67,2026-03-06 14:35:09
4274,4274,UPI,Failed,0.0,2026-05-15 14:47:15
4275,4275,COD,Failed,0.0,2026-02-05 10:39:13
4276,4276,UPI,Failed,0.0,2026-06-23 12:28:22
4277,4277,COD,Success,330.8,2026-06-25 20:29:08
4278,4278,UPI,Success,5165.39,2026-07-29 20:37:55
4279,4279,Wallet,Success,2114.86,2026-07-30 23:13:16
4280,4280,Wallet,Success,4319.41,2026-08-04 19:40:46
4281,4281,UPI,Success,162.6,2026-02-27 20:13:22
4282,4282,UPI,Success,2148.5,2026-03-08 13:23:38
4283,4283,Wallet,Success,5974.76,2026-04-13 21:01:10
4284,4284,NetBanking,Success,1346.94,2026-07-07 11:32:43
4285,4285,Card,Success,3660.49,2026-04-15 19:58:47
4286,4286,UPI,Success,876.4,2026-03-26 15:47:40
4287,4287,UPI,Success,578.96,2026-02-14 13:19:14
4288,4288,Wallet,Success,629.86,2026-07-16 18:33:22
4289,4289,UPI,Success,3213.12,2026-06-10 16:01:12
4290,4290,NetBanking,Success,2120.36,2026-08-01 15:04:35
4291,4291,UPI,Success,3136.62,2026-06-10 07:58:17
4292,4292,Card,Success,1972.53,2026-06-08 11:49:32
4293,4293,UPI,Success,554.96,2026-03-01 20:06:42
4294,4294,UPI,Success,5812.77,2026-07-01 23:28:33
4295,4295,COD,Success,4204.91,2026-02-05 18:21:11
4296,4296,COD,Success,3981.46,2026-03-27 12:26:29
4297,4297,Wallet,Refunded,0.0,2026-07-11 19:55:44
4298,4298,Card,Success,2356.62,2026-02-11 16:45:37
4299,4299,Card,Success,6321.54,2026-04-26 09:15:04
4300,4300,COD,Success,3668.95,2026-07-12 21:11:35
4301,4301,UPI,Success,996.64,2026-04-17 15:45:10
4302,4302,Card,Success,864.02,2026-02-19 22:37:10
4303,4303,Card,Success,743.46,2026-03-17 22:10:10
4304,4304,COD,Success,1603.01,2026-06-10 07:08:18
4305,4305,Wallet,Success,494.54,2026-07-21 22:14:43
4306,4306,COD,Success,1845.89,2026-06-30 08:02:05
4307,4307,UPI,Success,3463.05,2026-06-11 14:38:59
4308,4308,UPI,Success,715.32,2026-04-01 21:43:41
4309,4309,Card,Success,538.58,2026-04-15 13:08:46
4310,4310,Wallet,Refunded,0.0,2026-03-20 19:23:50
4311,4311,NetBanking,Success,2785.47,2026-06-04 23:22:42
4312,4312,COD,Success,962.98,2026-05-21 07:21:34
4313,4313,Card,Success,2894.84,2026-05-30 18:34:51
4314,4314,Card,Success,2223.12,2026-05-31 12:09:15
4315,4315,Wallet,Success,3226.28,2026-07-02 08:57:19
4316,4316,NetBanking,Success,2071.3,2026-05-12 13:31:56
4317,4317,COD,Success,3371.65,2026-06-08 12:45:24
4318,4318,NetBanking,Failed,0.0,2026-06-23 07:13:28
4319,4319,UPI,Success,771.22,2026-06-23 09:22:03
4320,4320,Wallet,Success,3552.94,2026-07-06 15:48:03
4321,4321,Card,Success,1956.93,2026-08-03 23:50:02
4322,4322,COD,Success,2711.28,2026-02-16 14:03:11
4323,4323,UPI,Success,1400.58,2026-08-04 19:38:42
4324,4324,Card,Refunded,0.0,2026-03-13 17:46:09
4325,4325,UPI,Success,1055.01,2026-03-01 13:50:19
4326,4326,Wallet,Success,3946.98,2026-04-07 14:51:56
4327,4327,COD,Success,3216.06,2026-03-12 13:59:24
4328,4328,Card,Success,2832.66,2026-03-20 10:32:33
4329,4329,NetBanking,Success,2318.92,2026-07-13 22:33:34
4330,4330,UPI,Success,2156.26,2026-03-24 16:05:25
4331,4331,Card,Success,3609.79,2026-06-15 13:16:23
4332,4332,Wallet,Success,935.66,2026-03-03 16:03:03
4333,4333,NetBanking,Success,2079.21,2026-07-02 12:37:52
4334,4334,Wallet,Failed,0.0,2026-03-24 08:48:31
4335,4335,NetBanking,Success,4186.32,2026-06-21 12:33:36
4336,4336,COD,Success,490.86,2026-02-17 16:40:53
4337,4337,NetBanking,Refunded,0.0,2026-03-03 22:08:52
4338,4338,Wallet,Success,1370.18,2026-03-29 22:50:08
4339,4339,UPI,Success,265.93,2026-04-23 11:07:45
4340,4340,NetBanking,Success,5030.02,2026-06-11 16:11:15
4341,4341,Wallet,Success,2144.43,2026-06-17 07:21:35
4342,4342,COD,Success,1859.13,2026-04-24 09:46:19
4343,4343,COD,Success,1605.41,2026-04-11 22:58:48
4344,4344,Card,Success,1537.34,2026-07-29 20:36:34
4345,4345,COD,Success,3884.58,2026-06-17 12:53:00
4346,4346,Card,Success,3645.04,2026-07-08 11:59:38
4347,4347,COD,Success,3381.57,2026-05-03 12:07:16
4348,4348,Wallet,Success,1005.98,2026-04-25 22:24:29
4349,4349,Wallet,Success,2328.36,2026-04-12 12:50:26
4350,4350,NetBanking,Success,4719.38,2026-06-30 22:55:23
4351,4351,Wallet,Success,186.74,2026-04-27 08:49:57
4352,4352,NetBanking,Success,235.12,2026-08-02 07:54:38
4353,4353,Card,Success,1135.06,2026-06-15 18:54:22
4354,4354,NetBanking,Success,2444.32,2026-02-05 13:30:02
4355,4355,NetBanking,Success,1347.72,2026-03-10 10:54:15
4356,4356,Card,Success,4623.32,2026-07-13 14:17:22
4357,4357,NetBanking,Success,2232.32,2026-05-14 21:26:16
4358,4358,UPI,Success,349.47,2026-04-17 13:49:40
4359,4359,Card,Success,136.1,2026-06-15 22:00:19
4360,4360,COD,Success,2355.56,2026-05-22 21:59:59
4361,4361,Wallet,Success,1574.65,2026-06-15 13:15:26
4362,4362,Wallet,Failed,0.0,2026-06-06 23:29:36
4363,4363,COD,Success,4015.27,2026-02-08 15:16:38
4364,4364,Card,Success,1009.87,2026-06-29 09:16:07
4365,4365,Card,Failed,0.0,2026-06-04 11:22:35
4366,4366,Wallet,Success,4444.09,2026-06-09 12:27:18
4367,4367,UPI,Success,1445.63,2026-07-29 20:43:00
4368,4368,COD,Success,2102.98,2026-05-26 12:03:27
4369,4369,Wallet,Success,388.27,2026-04-19 07:11:38
4370,4370,COD,Success,3048.08,2026-08-01 20:54:47
4371,4371,NetBanking,Success,328.38,2026-07-11 15:26:24
4372,4372,Wallet,Success,2456.53,2026-02-28 18:52:44
4373,4373,COD,Success,4010.25,2026-05-18 20:56:16
4374,4374,UPI,Success,3111.3,2026-03-11 11:55:42
4375,4375,Wallet,Success,573.92,2026-04-01 10:38:24
4376,4376,COD,Failed,0.0,2026-05-30 18:59:06
4377,4377,UPI,Failed,0.0,2026-05-03 18:38:12
4378,4378,Card,Success,2356.82,2026-05-05 21:21:35
4379,4379,UPI,Failed,0.0,2026-06-02 18:29:53
4380,4380,Wallet,Success,1531.11,2026-07-11 12:45:13
4381,4381,Card,Success,2863.31,2026-06-13 10:57:33
4382,4382,COD,Success,2128.45,2026-05-17 08:06:38
4383,4383,Wallet,Failed,0.0,2026-05-20 15:45:49
4384,4384,UPI,Success,634.06,2026-04-05 10:05:00
4385,4385,NetBanking,Success,467.78,2026-06-09 21:04:35
4386,4386,COD,Success,5505.66,2026-02-22 07:06:16
4387,4387,Card,Success,2320.42,2026-07-01 21:20:24
4388,4388,NetBanking,Failed,0.0,2026-02-10 17:03:27
4389,4389,COD,Success,1823.33,2026-02-11 23:55:07
4390,4390,NetBanking,Success,4903.6,2026-03-23 22:43:27
4391,4391,COD,Success,60.89,2026-07-24 15:04:22
4392,4392,NetBanking,Success,1419.78,2026-02-25 17:21:33
4393,4393,Card,Success,3248.21,2026-04-21 08:52:04
4394,4394,UPI,Success,5757.49,2026-05-05 22:44:01
4395,4395,Wallet,Success,3083.23,2026-04-06 23:08:35
4396,4396,COD,Success,735.42,2026-05-07 22:24:00
4397,4397,Card,Success,1453.66,2026-03-29 21:05:02
4398,4398,Wallet,Success,2101.63,2026-02-14 16:35:33
4399,4399,Wallet,Success,3878.96,2026-02-19 19:53:54
4400,4400,NetBanking,Success,3691.73,2026-07-31 08:14:56
4401,4401,Card,Success,2956.92,2026-05-02 10:53:04
4402,4402,COD,Success,1856.92,2026-04-08 19:57:45
4403,4403,Card,Success,2456.18,2026-06-30 23:18:11
4404,4404,COD,Success,5004.76,2026-07-24 12:45:54
4405,4405,UPI,Success,1926.73,2026-07-07 18:58:47
4406,4406,Wallet,Success,2335.96,2026-04-03 13:00:18
4407,4407,Wallet,Success,1293.85,2026-05-08 20:04:32
4408,4408,Wallet,Success,932.31,2026-08-01 18:37:43
4409,4409,NetBanking,Success,1784.21,2026-06-10 19:21:17
4410,4410,COD,Success,263.73,2026-05-24 10:48:02
4411,4411,NetBanking,Failed,0.0,2026-08-02 22:16:16
4412,4412,Card,Success,3337.03,2026-06-06 15:38:54
4413,4413,UPI,Success,2473.22,2026-04-19 14:01:30
4414,4414,Card,Success,3104.76,2026-08-03 21:54:25
4415,4415,Card,Success,5411.18,2026-03-25 13:51:14
4416,4416,NetBanking,Success,2899.4,2026-02-27 15:33:29
4417,4417,Card,Success,5332.1,2026-02-07 23:56:45
4418,4418,Card,Success,5596.83,2026-03-13 22:11:49
4419,4419,Card,Success,1108.08,2026-05-14 10:59:26
4420,4420,COD,Success,3017.6,2026-06-25 15:16:49
4421,4421,COD,Success,1949.52,2026-07-13 09:27:19
4422,4422,NetBanking,Success,700.31,2026-08-01 11:36:03
4423,4423,NetBanking,Success,1555.89,2026-04-09 16:26:29
4424,4424,UPI,Success,1190.0,2026-08-02 16:53:22
4425,4425,Wallet,Success,1639.6,2026-07-02 21:53:50
4426,4426,UPI,Success,4372.69,2026-02-05 17:41:45
4427,4427,UPI,Success,242.88,2026-06-20 19:49:41
4428,4428,NetBanking,Success,3297.21,2026-06-27 08:33:37
4429,4429,Card,Success,184.75,2026-05-08 19:57:03
4430,4430,Card,Success,1366.04,2026-03-02 15:09:16
4431,4431,COD,Success,3830.48,2026-07-12 09:39:15
4432,4432,NetBanking,Success,982.13,2026-06-17 10:08:52
4433,4433,COD,Success,673.24,2026-03-18 07:30:16
4434,4434,Card,Success,267.16,2026-03-19 10:40:17
4435,4435,UPI,Success,1757.68,2026-02-27 15:58:55
4436,4436,Wallet,Failed,0.0,2026-08-04 07:17:39
4437,4437,COD,Failed,0.0,2026-08-01 10:11:22
4438,4438,COD,Success,2074.86,2026-04-12 23:47:06
4439,4439,NetBanking,Failed,0.0,2026-03-07 11:28:57
4440,4440,UPI,Success,3392.88,2026-03-23 07:04:57
4441,4441,UPI,Success,900.62,2026-06-15 16:40:28
4442,4442,NetBanking,Success,2644.47,2026-04-26 07:41:47
4443,4443,Wallet,Success,1636.32,2026-03-12 08:06:25
4444,4444,UPI,Success,3005.96,2026-02-21 13:45:09
4445,4445,NetBanking,Success,663.99,2026-05-11 19:59:28
4446,4446,Wallet,Success,2216.94,2026-05-09 20:56:06
4447,4447,UPI,Success,1879.59,2026-05-26 12:18:33
4448,4448,NetBanking,Success,5626.48,2026-02-24 23:47:59
4449,4449,NetBanking,Success,2530.7,2026-05-22 14:14:01
4450,4450,Wallet,Success,4894.88,2026-07-15 12:01:55
4451,4451,UPI,Success,3373.42,2026-04-19 08:36:57
4452,4452,NetBanking,Success,1420.44,2026-05-06 19:23:29
4453,4453,NetBanking,Success,2377.86,2026-07-11 15:16:59
4454,4454,Wallet,Success,1879.04,2026-06-05 18:14:54
4455,4455,NetBanking,Success,1901.0,2026-06-14 17:24:27
4456,4456,UPI,Success,595.43,2026-02-23 21:11:13
4457,4457,COD,Success,2232.95,2026-07-12 13:29:44
4458,4458,COD,Success,3567.66,2026-02-20 09:18:11
4459,4459,Wallet,Success,4102.43,2026-04-08 12:15:50
4460,4460,NetBanking,Success,2803.94,2026-05-26 15:03:06
4461,4461,COD,Success,1274.68,2026-07-05 14:51:32
4462,4462,Card,Success,923.38,2026-02-08 16:29:50
4463,4463,Wallet,Success,2906.89,2026-06-08 16:26:30
4464,4464,COD,Success,3250.93,2026-07-21 15:18:23
4465,4465,NetBanking,Success,571.51,2026-06-21 18:24:04
4466,4466,UPI,Success,847.3,2026-04-04 22:22:48
4467,4467,UPI,Success,3479.65,2026-03-16 16:20:46
4468,4468,Card,Success,490.29,2026-06-26 10:09:26
4469,4469,NetBanking,Refunded,0.0,2026-04-12 19:21:13
4470,4470,COD,Success,973.09,2026-05-14 17:57:19
4471,4471,COD,Success,4020.08,2026-03-23 10:26:55
4472,4472,NetBanking,Success,564.29,2026-07-13 16:04:23
4473,4473,NetBanking,Success,2521.21,2026-05-07 09:00:41
4474,4474,UPI,Success,3265.11,2026-04-01 17:45:26
4475,4475,COD,Success,580.76,2026-06-03 12:21:18
4476,4476,Card,Success,2717.18,2026-07-03 13:55:24
4477,4477,UPI,Success,2568.74,2026-04-23 13:20:48
4478,4478,COD,Success,1584.9,2026-07-19 21:00:12
4479,4479,NetBanking,Success,824.84,2026-07-21 13:17:51
4480,4480,Wallet,Success,431.55,2026-07-31 13:52:17
4481,4481,Card,Success,275.58,2026-07-09 12:33:47
4482,4482,Card,Success,2244.74,2026-05-29 16:53:21
4483,4483,Card,Success,55.2,2026-06-28 15:36:49
4484,4484,NetBanking,Success,3822.85,2026-02-19 17:48:55
4485,4485,Card,Success,2849.22,2026-03-11 20:07:22
4486,4486,Wallet,Success,1615.12,2026-05-01 11:57:32
4487,4487,UPI,Success,1263.63,2026-05-08 16:15:57
4488,4488,COD,Success,1646.66,2026-03-23 11:51:13
4489,4489,Card,Success,2477.4,2026-02-08 14:30:34
4490,4490,NetBanking,Success,2522.02,2026-05-05 12:13:04
4491,4491,Card,Success,1944.77,2026-07-20 11:36:18
4492,4492,UPI,Success,2671.61,2026-04-15 20:26:22
4493,4493,UPI,Success,2814.29,2026-06-22 11:20:07
4494,4494,UPI,Success,2677.58,2026-03-09 16:34:01
4495,4495,COD,Success,950.4,2026-03-17 18:52:19
4496,4496,UPI,Success,2169.68,2026-03-01 12:17:05
4497,4497,NetBanking,Success,2977.02,2026-05-05 23:11:35
4498,4498,UPI,Refunded,0.0,2026-06-26 17:06:46
4499,4499,NetBanking,Success,1340.06,2026-02-16 13:30:36
4500,4500,UPI,Success,2204.83,2026-03-07 19:20:19
4501,4501,UPI,Success,3130.63,2026-06-07 16:32:10
4502,4502,Card,Success,3968.27,2026-07-06 08:18:07
4503,4503,Card,Success,1496.52,2026-03-24 07:55:32
4504,4504,UPI,Success,4268.22,2026-03-16 16:09:41
4505,4505,Wallet,Success,1420.63,2026-03-15 10:17:01
4506,4506,UPI,Success,6040.36,2026-07-28 14:55:37
4507,4507,COD,Success,1580.83,2026-05-30 13:49:16
4508,4508,Card,Success,2119.92,2026-03-22 20:29:53
4509,4509,Card,Success,824.34,2026-03-13 14:21:37
4510,4510,Card,Failed,0.0,2026-07-02 13:03:57
4511,4511,COD,Success,4054.04,2026-06-16 21:37:39
4512,4512,NetBanking,Success,3078.22,2026-05-19 19:23:14
4513,4513,NetBanking,Success,1027.2,2026-03-18 18:14:13
4514,4514,Wallet,Success,4030.26,2026-05-01 09:02:03
4515,4515,COD,Success,1479.26,2026-07-22 07:22:42
4516,4516,NetBanking,Failed,0.0,2026-04-19 17:48:00
4517,4517,UPI,Success,1670.27,2026-05-22 12:38:38
4518,4518,COD,Success,3265.16,2026-07-11 16:48:32
4519,4519,Card,Success,4117.3,2026-05-11 17:02:12
4520,4520,NetBanking,Success,2637.52,2026-02-08 11:35:53
4521,4521,NetBanking,Success,4574.49,2026-07-07 18:56:11
4522,4522,UPI,Success,224.13,2026-03-30 13:17:53
4523,4523,UPI,Success,686.63,2026-06-11 17:26:29
4524,4524,COD,Success,1440.92,2026-03-16 19:11:57
4525,4525,Wallet,Success,4232.37,2026-06-17 08:47:20
4526,4526,COD,Success,2513.9,2026-04-02 08:06:45
4527,4527,Card,Success,4071.29,2026-04-26 12:36:27
4528,4528,COD,Success,680.3,2026-04-27 14:07:24
4529,4529,Wallet,Success,3660.59,2026-07-09 07:51:31
4530,4530,UPI,Success,2175.18,2026-02-16 15:03:23
4531,4531,Wallet,Success,2841.63,2026-04-26 18:51:29
4532,4532,Wallet,Success,3233.24,2026-06-10 15:40:41
4533,4533,NetBanking,Success,3785.12,2026-04-05 23:20:22
4534,4534,COD,Success,603.89,2026-07-06 10:06:14
4535,4535,Card,Success,2115.17,2026-05-07 11:59:44
4536,4536,Wallet,Success,1981.53,2026-04-13 22:25:13
4537,4537,NetBanking,Failed,0.0,2026-07-20 13:00:09
4538,4538,NetBanking,Success,3495.64,2026-06-09 07:52:06
4539,4539,COD,Success,2167.14,2026-03-14 22:50:12
4540,4540,UPI,Success,1526.64,2026-04-08 07:47:34
4541,4541,Card,Success,4139.84,2026-06-08 13:58:12
4542,4542,NetBanking,Success,2128.89,2026-06-16 08:21:45
4543,4543,Wallet,Success,5006.07,2026-07-19 10:46:58
4544,4544,Wallet,Success,3732.82,2026-06-22 11:36:41
4545,4545,UPI,Success,2185.4,2026-06-01 08:57:51
4546,4546,UPI,Success,2162.91,2026-06-01 07:10:25
4547,4547,COD,Success,1003.33,2026-05-07 14:25:39
4548,4548,Wallet,Success,65.07,2026-03-09 12:50:25
4549,4549,NetBanking,Success,165.62,2026-06-25 12:11:49
4550,4550,Card,Success,3484.34,2026-03-24 16:18:12
4551,4551,UPI,Success,3255.39,2026-02-20 10:34:59
4552,4552,Card,Success,2966.52,2026-04-30 13:30:57
4553,4553,COD,Success,772.51,2026-04-20 21:25:29
4554,4554,NetBanking,Success,499.38,2026-05-02 22:54:15
4555,4555,Wallet,Success,2863.78,2026-04-04 13:55:34
4556,4556,Card,Failed,0.0,2026-07-21 10:55:47
4557,4557,UPI,Success,824.77,2026-05-08 10:26:26
4558,4558,NetBanking,Success,1909.84,2026-07-05 07:19:31
4559,4559,UPI,Success,1325.7,2026-07-15 08:16:35
4560,4560,UPI,Success,229.56,2026-05-09 21:38:13
4561,4561,Wallet,Refunded,0.0,2026-06-10 23:43:40
4562,4562,Card,Success,3518.72,2026-03-27 09:02:41
4563,4563,Card,Success,201.3,2026-03-23 14:10:28
4564,4564,Wallet,Success,872.75,2026-04-08 14:20:57
4565,4565,Wallet,Success,1631.54,2026-04-15 17:35:32
4566,4566,COD,Success,615.87,2026-02-25 12:05:37
4567,4567,COD,Success,757.34,2026-03-24 11:47:53
4568,4568,NetBanking,Success,4479.64,2026-05-09 12:21:43
4569,4569,UPI,Success,2011.84,2026-07-28 15:25:45
4570,4570,Card,Success,2716.56,2026-04-24 09:23:29
4571,4571,COD,Success,3363.39,2026-03-17 11:42:14
4572,4572,Card,Refunded,0.0,2026-02-16 16:05:06
4573,4573,Wallet,Success,951.7,2026-06-02 20:09:07
4574,4574,UPI,Success,3240.58,2026-06-04 10:09:03
4575,4575,UPI,Success,2266.67,2026-03-07 16:16:52
4576,4576,Card,Success,4162.9,2026-05-07 23:45:56
4577,4577,Card,Success,491.23,2026-04-20 11:22:08
4578,4578,Card,Success,834.81,2026-06-17 15:29:30
4579,4579,COD,Success,2555.07,2026-06-05 11:42:09
4580,4580,UPI,Success,945.32,2026-03-11 21:21:49
4581,4581,UPI,Success,3532.24,2026-04-16 17:47:55
4582,4582,NetBanking,Success,726.84,2026-04-18 09:21:37
4583,4583,Wallet,Success,3934.45,2026-07-27 08:26:28
4584,4584,Wallet,Success,1795.23,2026-07-28 22:38:44
4585,4585,Wallet,Success,2660.01,2026-07-09 10:50:37
4586,4586,Card,Success,2273.73,2026-05-05 15:55:25
4587,4587,COD,Success,3836.16,2026-07-05 23:36:34
4588,4588,Card,Success,1607.87,2026-03-26 12:20:46
4589,4589,UPI,Success,2565.6,2026-06-03 11:15:36
4590,4590,Card,Success,1435.12,2026-03-19 15:50:44
4591,4591,UPI,Success,4486.93,2026-06-14 16:59:04
4592,4592,COD,Success,317.01,2026-06-12 15:56:45
4593,4593,UPI,Success,2437.96,2026-03-02 07:15:56
4594,4594,Wallet,Success,665.47,2026-06-28 11:13:47
4595,4595,NetBanking,Success,1348.43,2026-07-27 12:12:30
4596,4596,Wallet,Failed,0.0,2026-05-18 15:54:46
4597,4597,UPI,Success,2221.84,2026-03-03 15:45:16
4598,4598,Wallet,Success,769.07,2026-03-06 15:47:17
4599,4599,COD,Failed,0.0,2026-05-03 14:30:17
4600,4600,NetBanking,Failed,0.0,2026-02-17 16:55:35
4601,4601,NetBanking,Success,2115.35,2026-06-29 13:12:12
4602,4602,NetBanking,Success,1830.34,2026-07-20 12:45:07
4603,4603,NetBanking,Success,1235.31,2026-04-27 20:10:52
4604,4604,Wallet,Success,2190.49,2026-04-07 19:42:22
4605,4605,NetBanking,Success,21.58,2026-08-03 12:10:18
4606,4606,Wallet,Success,2857.86,2026-05-31 19:19:23
4607,4607,Wallet,Success,1829.9,2026-05-20 11:43:01
4608,4608,COD,Success,3435.1,2026-05-22 22:11:32
4609,4609,Wallet,Success,2221.84,2026-02-11 10:26:00
4610,4610,Card,Success,1920.43,2026-04-19 16:40:44
4611,4611,Card,Success,1488.38,2026-04-08 13:03:45
4612,4612,Card,Success,4160.19,2026-07-11 20:22:31
4613,4613,COD,Success,1765.03,2026-02-06 23:45:52
4614,4614,COD,Success,603.72,2026-04-07 18:48:06
4615,4615,COD,Success,1182.69,2026-04-20 12:28:05
4616,4616,Wallet,Success,3843.99,2026-03-12 19:53:24
4617,4617,Card,Success,700.68,2026-03-11 07:20:17
4618,4618,Card,Success,1576.92,2026-08-03 20:58:06
4619,4619,Card,Success,1928.07,2026-08-03 23:43:51
4620,4620,NetBanking,Success,3926.41,2026-08-04 20:38:48
4621,4621,Wallet,Success,870.72,2026-05-01 23:00:24
4622,4622,NetBanking,Success,2216.86,2026-06-07 10:48:37
4623,4623,NetBanking,Success,2428.32,2026-07-23 10:04:33
4624,4624,NetBanking,Success,1301.53,2026-02-20 16:49:01
4625,4625,Wallet,Success,854.66,2026-04-26 23:40:53
4626,4626,COD,Success,1341.49,2026-02-14 09:34:01
4627,4627,COD,Success,2792.15,2026-02-09 22:24:34
4628,4628,COD,Success,3329.19,2026-02-26 08:21:02
4629,4629,Wallet,Success,5053.58,2026-07-03 22:10:15
4630,4630,COD,Success,2905.06,2026-05-20 22:05:53
4631,4631,UPI,Success,3191.61,2026-02-11 13:27:35
4632,4632,NetBanking,Success,3675.07,2026-05-15 17:38:32
4633,4633,COD,Success,185.87,2026-06-19 14:37:34
4634,4634,UPI,Success,1497.87,2026-03-22 10:12:46
4635,4635,Card,Success,1063.72,2026-03-29 22:20:15
4636,4636,COD,Success,2562.04,2026-06-03 10:42:50
4637,4637,COD,Success,2057.78,2026-06-15 23:53:56
4638,4638,UPI,Refunded,0.0,2026-04-20 17:16:47
4639,4639,Card,Success,4705.63,2026-07-10 12:47:57
4640,4640,UPI,Success,5127.92,2026-03-28 17:34:24
4641,4641,Wallet,Success,2615.9,2026-06-06 11:49:53
4642,4642,UPI,Success,3700.34,2026-04-08 21:58:20
4643,4643,UPI,Success,1944.16,2026-02-11 17:35:42
4644,4644,NetBanking,Success,65.26,2026-07-15 08:32:36
4645,4645,NetBanking,Refunded,0.0,2026-07-13 08:16:03
4646,4646,UPI,Success,1876.07,2026-04-11 14:29:06
4647,4647,UPI,Success,2911.45,2026-07-18 23:44:51
4648,4648,COD,Success,388.78,2026-04-25 18:32:45
4649,4649,UPI,Success,779.12,2026-03-05 08:42:37
4650,4650,NetBanking,Success,2015.67,2026-06-04 16:50:20
4651,4651,NetBanking,Success,2813.77,2026-02-22 13:04:50
4652,4652,COD,Success,111.68,2026-02-17 22:49:41
4653,4653,UPI,Success,3195.15,2026-02-06 19:56:06
4654,4654,Wallet,Success,1570.01,2026-04-18 22:56:17
4655,4655,Wallet,Refunded,0.0,2026-06-12 19:52:44
4656,4656,Card,Success,6517.26,2026-07-13 16:35:33
4657,4657,NetBanking,Success,1415.91,2026-07-08 07:50:50
4658,4658,Card,Refunded,0.0,2026-06-09 11:19:03
4659,4659,Wallet,Success,1425.81,2026-05-04 08:04:47
4660,4660,Card,Success,2910.74,2026-05-26 09:37:40
4661,4661,Wallet,Success,5451.11,2026-07-13 20:52:41
4662,4662,COD,Success,2228.1,2026-07-09 08:36:55
4663,4663,Wallet,Success,5230.1,2026-07-16 15:33:22
4664,4664,UPI,Success,2437.43,2026-07-22 16:24:50
4665,4665,UPI,Success,2033.31,2026-03-30 12:37:43
4666,4666,Wallet,Success,2871.93,2026-03-15 12:37:23
4667,4667,UPI,Success,727.76,2026-03-02 10:24:21
4668,4668,Card,Success,4711.51,2026-06-18 10:43:48
4669,4669,UPI,Success,645.26,2026-04-10 16:36:47
4670,4670,Card,Success,3746.44,2026-03-07 09:30:25
4671,4671,Wallet,Success,2400.28,2026-05-08 13:37:12
4672,4672,UPI,Success,1283.23,2026-02-20 23:55:51
4673,4673,NetBanking,Success,2928.04,2026-06-15 13:57:26
4674,4674,NetBanking,Success,3140.86,2026-05-31 18:39:27
4675,4675,Wallet,Success,6804.56,2026-03-13 12:30:09
4676,4676,UPI,Success,1819.08,2026-07-03 15:37:15
4677,4677,Wallet,Success,5170.34,2026-06-29 08:16:15
4678,4678,Wallet,Success,3769.48,2026-06-28 08:20:42
4679,4679,Card,Success,3223.32,2026-03-03 09:40:36
4680,4680,Wallet,Success,7636.48,2026-02-28 07:32:08
4681,4681,Card,Success,1166.31,2026-05-29 22:34:50
4682,4682,NetBanking,Refunded,0.0,2026-06-01 18:30:34
4683,4683,Wallet,Success,3942.63,2026-06-04 23:25:58
4684,4684,Wallet,Failed,0.0,2026-04-19 08:49:10
4685,4685,Wallet,Success,4890.18,2026-05-22 17:13:51
4686,4686,NetBanking,Success,212.06,2026-06-06 10:59:05
4687,4687,Wallet,Success,2221.82,2026-05-16 11:46:41
4688,4688,UPI,Success,2640.97,2026-07-24 20:47:17
4689,4689,NetBanking,Success,4056.36,2026-07-18 18:13:24
4690,4690,Card,Success,4526.42,2026-07-06 20:31:18
4691,4691,NetBanking,Success,511.99,2026-06-05 19:57:06
4692,4692,COD,Success,1214.24,2026-04-07 10:57:26
4693,4693,NetBanking,Success,505.3,2026-07-03 17:50:52
4694,4694,Card,Success,995.7,2026-02-22 11:56:23
4695,4695,UPI,Success,2841.54,2026-07-03 07:43:58
4696,4696,COD,Success,2671.87,2026-02-08 07:14:55
4697,4697,Card,Success,2931.35,2026-06-19 09:08:00
4698,4698,Wallet,Success,4522.06,2026-06-22 10:08:55
4699,4699,Wallet,Success,5182.12,2026-08-02 20:26:59
4700,4700,Wallet,Success,3499.82,2026-07-01 16:07:08
4701,4701,UPI,Success,1051.98,2026-03-08 16:46:29
4702,4702,UPI,Success,1401.36,2026-08-02 09:49:58
4703,4703,UPI,Success,2657.8,2026-03-01 13:56:19
4704,4704,Wallet,Refunded,0.0,2026-05-28 16:46:47
4705,4705,NetBanking,Failed,0.0,2026-07-04 17:09:23
4706,4706,UPI,Success,5604.03,2026-03-19 18:30:13
4707,4707,Wallet,Success,1086.46,2026-03-26 11:04:10
4708,4708,Wallet,Success,788.46,2026-02-28 18:15:00
4709,4709,Wallet,Success,2672.98,2026-03-14 07:18:42
4710,4710,UPI,Success,1353.88,2026-06-16 10:41:16
4711,4711,COD,Success,2873.37,2026-03-02 22:20:22
4712,4712,COD,Success,1972.59,2026-03-09 12:14:03
4713,4713,UPI,Success,1997.86,2026-02-20 11:21:32
4714,4714,Wallet,Success,2535.92,2026-02-16 16:17:47
4715,4715,UPI,Success,377.42,2026-02-06 18:12:45
4716,4716,UPI,Success,1679.34,2026-07-13 22:07:55
4717,4717,Card,Success,1907.94,2026-02-19 21:21:57
4718,4718,Card,Success,1150.28,2026-05-29 17:54:53
4719,4719,Card,Success,1661.05,2026-06-10 23:53:00
4720,4720,UPI,Success,501.1,2026-08-01 21:52:58
4721,4721,UPI,Success,601.2,2026-04-17 22:46:14
4722,4722,Card,Success,55.22,2026-03-11 19:36:20
4723,4723,COD,Success,3333.86,2026-04-07 21:17:10
4724,4724,NetBanking,Success,5952.21,2026-06-21 07:34:43
4725,4725,NetBanking,Success,5427.73,2026-07-17 15:06:04
4726,4726,Card,Success,2278.98,2026-07-27 23:17:37
4727,4727,UPI,Success,4616.31,2026-07-19 18:05:19
4728,4728,COD,Success,2111.86,2026-03-02 09:52:29
4729,4729,Card,Success,1595.5,2026-05-22 20:05:26
4730,4730,NetBanking,Success,1329.14,2026-03-02 07:16:00
4731,4731,Card,Success,1770.04,2026-06-01 11:03:20
4732,4732,Wallet,Success,3978.94,2026-04-04 11:49:52
4733,4733,UPI,Success,249.16,2026-06-27 11:45:57
4734,4734,UPI,Success,4362.44,2026-07-27 08:12:47
4735,4735,Wallet,Success,50.11,2026-04-22 17:14:35
4736,4736,NetBanking,Success,2827.83,2026-07-30 20:13:50
4737,4737,NetBanking,Refunded,0.0,2026-07-30 20:50:57
4738,4738,Card,Success,1032.39,2026-05-06 21:39:46
4739,4739,Wallet,Success,3038.51,2026-06-07 12:11:49
4740,4740,COD,Failed,0.0,2026-06-24 12:47:15
4741,4741,Card,Success,2873.63,2026-02-26 14:42:43
4742,4742,COD,Success,5831.58,2026-03-15 15:55:25
4743,4743,NetBanking,Failed,0.0,2026-02-19 20:49:53
4744,4744,Card,Refunded,0.0,2026-03-03 07:15:23
4745,4745,COD,Success,686.25,2026-04-16 23:38:16
4746,4746,COD,Success,2663.06,2026-07-10 18:31:05
4747,4747,Wallet,Success,2071.82,2026-06-21 13:41:13
4748,4748,Wallet,Success,82.07,2026-07-19 23:05:20
4749,4749,Wallet,Success,2461.45,2026-03-11 10:02:49
4750,4750,Wallet,Success,2165.84,2026-06-22 20:09:25
4751,4751,NetBanking,Success,3198.02,2026-07-05 21:51:21
4752,4752,COD,Success,1640.83,2026-05-10 17:17:29
4753,4753,COD,Success,1018.92,2026-05-24 16:25:51
4754,4754,Wallet,Success,217.94,2026-02-15 11:53:13
4755,4755,UPI,Success,481.6,2026-03-26 08:44:05
4756,4756,Wallet,Success,521.07,2026-06-15 13:04:25
4757,4757,Wallet,Success,2779.88,2026-06-11 21:08:54
4758,4758,Wallet,Success,2681.05,2026-07-30 13:24:43
4759,4759,Wallet,Success,129.92,2026-07-22 22:50:51
4760,4760,NetBanking,Refunded,0.0,2026-03-28 16:02:00
4761,4761,COD,Success,1826.58,2026-06-18 12:41:24
4762,4762,Wallet,Success,1189.76,2026-06-02 20:54:14
4763,4763,NetBanking,Success,2279.38,2026-05-02 19:13:46
4764,4764,NetBanking,Success,1290.33,2026-03-08 23:43:37
4765,4765,Card,Success,666.71,2026-07-15 12:03:03
4766,4766,Card,Success,3579.45,2026-03-15 18:30:35
4767,4767,Card,Success,3934.23,2026-03-10 15:51:24
4768,4768,Card,Success,1378.2,2026-03-13 18:30:08
4769,4769,COD,Success,4789.23,2026-06-16 09:32:33
4770,4770,Card,Success,967.1,2026-07-13 15:29:29
4771,4771,COD,Success,1990.56,2026-03-22 23:18:01
4772,4772,Card,Success,496.9,2026-06-21 17:45:44
4773,4773,Card,Success,4507.12,2026-03-13 15:25:57
4774,4774,UPI,Failed,0.0,2026-07-11 15:47:09
4775,4775,COD,Success,2251.26,2026-05-20 12:41:06
4776,4776,NetBanking,Success,1558.52,2026-04-04 10:13:31
4777,4777,NetBanking,Success,1143.66,2026-02-25 23:58:21
4778,4778,Card,Success,2798.75,2026-02-13 19:43:23
4779,4779,UPI,Success,2626.1,2026-08-03 13:21:12
4780,4780,NetBanking,Success,2857.36,2026-07-17 11:40:39
4781,4781,NetBanking,Success,2479.08,2026-06-16 17:40:57
4782,4782,COD,Refunded,0.0,2026-06-02 19:48:28
4783,4783,UPI,Success,1764.33,2026-06-04 19:48:27
4784,4784,NetBanking,Success,947.92,2026-05-10 07:03:42
4785,4785,NetBanking,Success,1458.49,2026-04-29 19:18:32
4786,4786,Card,Success,1222.92,2026-06-06 14:32:24
4787,4787,Card,Success,4926.91,2026-07-08 17:41:08
4788,4788,Card,Failed,0.0,2026-03-17 16:00:53
4789,4789,UPI,Refunded,0.0,2026-04-08 12:22:45
4790,4790,COD,Success,1447.83,2026-02-18 15:02:30
4791,4791,NetBanking,Success,864.8,2026-05-04 22:43:47
4792,4792,Wallet,Failed,0.0,2026-02-28 12:31:56
4793,4793,COD,Success,3360.52,2026-05-18 10:54:04
4794,4794,COD,Failed,0.0,2026-06-14 23:28:36
4795,4795,Card,Success,2248.92,2026-04-03 13:51:54
4796,4796,Wallet,Success,144.0,2026-02-25 13:22:12
4797,4797,COD,Success,1202.43,2026-03-29 07:34:40
4798,4798,COD,Failed,0.0,2026-05-05 11:24:52
4799,4799,Card,Success,2159.1,2026-08-04 23:08:54
4800,4800,COD,Success,4428.66,2026-02-28 19:52:09
4801,4801,Card,Refunded,0.0,2026-05-07 16:59:59
4802,4802,Card,Success,1301.87,2026-04-21 16:51:44
4803,4803,Card,Success,3926.75,2026-05-15 21:25:59
4804,4804,COD,Success,3087.89,2026-06-05 15:11:46
4805,4805,COD,Success,3996.59,2026-03-21 15:32:54
4806,4806,Wallet,Success,1539.7,2026-04-18 16:51:56
4807,4807,Wallet,Failed,0.0,2026-04-27 14:57:49
4808,4808,NetBanking,Success,2764.23,2026-07-30 17:47:58
4809,4809,COD,Success,1788.56,2026-02-10 07:34:08
4810,4810,NetBanking,Success,1666.44,2026-04-18 12:28:34
4811,4811,Card,Success,647.72,2026-07-24 17:16:48
4812,4812,NetBanking,Success,4237.77,2026-03-28 17:04:23
4813,4813,NetBanking,Success,5129.34,2026-04-18 18:09:32
4814,4814,UPI,Success,2914.83,2026-04-25 07:17:24
4815,4815,Wallet,Success,1639.37,2026-03-22 00:00:04
4816,4816,UPI,Success,1412.71,2026-02-21 23:33:10
4817,4817,UPI,Success,598.88,2026-08-01 12:42:52
4818,4818,Wallet,Success,1538.48,2026-06-24 22:03:07
4819,4819,COD,Success,3933.66,2026-02-24 13:10:59
4820,4820,Card,Failed,0.0,2026-07-30 21:57:56
4821,4821,Wallet,Success,1935.99,2026-05-29 08:14:51
4822,4822,Wallet,Success,3052.43,2026-04-01 19:07:58
4823,4823,COD,Success,1718.94,2026-05-27 07:02:40
4824,4824,NetBanking,Success,1572.08,2026-03-15 20:51:14
4825,4825,COD,Success,1288.46,2026-05-07 09:01:39
4826,4826,Card,Success,1127.58,2026-05-18 10:45:51
4827,4827,Card,Success,2901.51,2026-07-02 13:13:35
4828,4828,COD,Success,434.23,2026-04-01 07:54:21
4829,4829,UPI,Success,2387.47,2026-02-21 11:45:19
4830,4830,UPI,Success,2568.86,2026-02-25 11:05:21
4831,4831,COD,Success,955.14,2026-05-08 10:23:33
4832,4832,Wallet,Success,1291.12,2026-03-05 19:46:25
4833,4833,NetBanking,Success,3450.68,2026-02-28 12:02:12
4834,4834,Wallet,Success,1865.84,2026-07-06 20:58:46
4835,4835,Card,Success,469.92,2026-07-20 23:50:00
4836,4836,Card,Success,687.54,2026-06-20 20:38:02
4837,4837,Card,Success,2006.92,2026-07-27 21:18:51
4838,4838,NetBanking,Success,5035.23,2026-05-11 19:52:15
4839,4839,Card,Success,2735.04,2026-03-23 18:48:04
4840,4840,Wallet,Success,5665.71,2026-03-01 08:02:53
4841,4841,Wallet,Success,256.52,2026-03-15 15:58:56
4842,4842,NetBanking,Success,3595.64,2026-03-02 22:28:39
4843,4843,UPI,Success,4283.12,2026-07-28 21:59:52
4844,4844,NetBanking,Success,1750.66,2026-05-29 22:40:44
4845,4845,NetBanking,Success,497.64,2026-06-01 13:51:09
4846,4846,UPI,Success,4547.13,2026-06-02 19:14:40
4847,4847,Card,Success,1624.17,2026-03-29 15:21:37
4848,4848,UPI,Success,3366.65,2026-04-03 15:39:22
4849,4849,COD,Success,1555.65,2026-02-11 08:44:15
4850,4850,Card,Success,3406.99,2026-02-09 16:46:48
4851,4851,COD,Success,1621.14,2026-02-20 17:42:56
4852,4852,Wallet,Success,3312.92,2026-02-13 11:51:20
4853,4853,UPI,Success,521.07,2026-06-01 18:40:04
4854,4854,Card,Success,524.12,2026-05-05 18:34:03
4855,4855,COD,Success,4422.04,2026-04-07 23:13:03
4856,4856,Wallet,Success,1741.6,2026-03-10 15:05:13
4857,4857,UPI,Success,1104.76,2026-08-03 14:44:08
4858,4858,Card,Success,1255.57,2026-07-08 12:20:37
4859,4859,Card,Refunded,0.0,2026-05-17 22:04:00
4860,4860,NetBanking,Success,116.22,2026-02-23 15:11:15
4861,4861,UPI,Success,2186.4,2026-06-10 15:08:59
4862,4862,UPI,Success,3503.83,2026-07-15 16:31:20
4863,4863,Card,Failed,0.0,2026-03-30 16:13:36
4864,4864,COD,Success,2995.16,2026-06-14 08:29:42
4865,4865,Card,Success,2431.34,2026-05-09 10:58:58
4866,4866,Card,Success,288.6,2026-06-19 18:51:14
4867,4867,COD,Success,4800.66,2026-03-12 08:10:32
4868,4868,UPI,Success,5163.96,2026-06-05 19:34:29
4869,4869,COD,Success,244.23,2026-05-01 17:33:18
4870,4870,Wallet,Success,1683.75,2026-03-07 22:10:21
4871,4871,COD,Success,1895.67,2026-03-19 19:21:34
4872,4872,COD,Success,1482.67,2026-02-19 23:56:36
4873,4873,UPI,Success,2214.79,2026-07-25 08:26:14
4874,4874,COD,Failed,0.0,2026-07-01 19:21:53
4875,4875,COD,Success,2522.36,2026-04-08 12:33:50
4876,4876,COD,Success,5161.49,2026-03-31 18:26:02
4877,4877,Wallet,Success,695.06,2026-07-10 10:13:40
4878,4878,COD,Success,28.92,2026-02-12 10:01:33
4879,4879,Wallet,Success,2219.26,2026-07-11 22:21:14
4880,4880,UPI,Success,401.99,2026-07-23 13:53:42
4881,4881,NetBanking,Success,5492.6,2026-05-02 18:50:04
4882,4882,COD,Success,2660.99,2026-04-25 19:26:39
4883,4883,COD,Success,354.63,2026-04-25 18:24:27
4884,4884,UPI,Success,968.42,2026-04-10 11:35:48
4885,4885,Card,Success,794.31,2026-05-04 08:19:56
4886,4886,NetBanking,Success,6012.32,2026-07-29 18:21:56
4887,4887,Wallet,Refunded,0.0,2026-03-13 12:57:29
4888,4888,Wallet,Success,2632.3,2026-06-04 14:54:18
4889,4889,COD,Success,1566.54,2026-05-28 22:51:11
4890,4890,UPI,Success,1814.75,2026-04-28 21:12:41
4891,4891,Card,Success,6647.92,2026-03-18 14:45:31
4892,4892,Wallet,Success,2298.67,2026-06-09 11:02:42
4893,4893,NetBanking,Success,2181.47,2026-03-17 12:30:19
4894,4894,Card,Success,702.42,2026-04-15 22:50:10
4895,4895,Wallet,Success,4138.62,2026-03-12 20:31:08
4896,4896,NetBanking,Success,2604.65,2026-03-30 18:07:06
4897,4897,NetBanking,Success,3849.1,2026-05-05 21:47:21
4898,4898,Wallet,Success,5111.47,2026-04-17 08:00:43
4899,4899,NetBanking,Success,2079.28,2026-06-20 14:52:52
4900,4900,UPI,Success,1769.52,2026-02-23 11:03:43
4901,4901,Wallet,Success,1706.86,2026-02-21 21:16:41
4902,4902,Card,Success,2645.59,2026-06-27 16:09:10
4903,4903,UPI,Success,3029.81,2026-05-22 11:04:24
4904,4904,NetBanking,Success,32.48,2026-04-05 17:46:09
4905,4905,NetBanking,Success,4120.16,2026-07-11 18:56:16
4906,4906,Wallet,Success,2328.33,2026-03-15 22:28:57
4907,4907,NetBanking,Success,979.69,2026-04-05 07:09:29
4908,4908,NetBanking,Success,2214.16,2026-07-28 21:14:12
4909,4909,Card,Success,2330.82,2026-03-10 20:20:52
4910,4910,Wallet,Success,2320.7,2026-07-15 15:01:27
4911,4911,UPI,Success,3522.87,2026-06-11 14:23:09
4912,4912,COD,Success,3865.16,2026-05-23 16:49:17
4913,4913,COD,Success,740.17,2026-04-27 08:51:10
4914,4914,Card,Success,5568.7,2026-07-17 19:51:26
4915,4915,NetBanking,Success,1450.75,2026-07-16 13:02:45
4916,4916,UPI,Success,460.49,2026-07-03 19:38:37
4917,4917,Card,Success,2939.46,2026-05-15 23:45:45
4918,4918,NetBanking,Success,569.8,2026-04-29 13:15:07
4919,4919,Wallet,Success,4160.54,2026-03-13 20:09:28
4920,4920,COD,Success,1783.65,2026-03-18 11:45:06
4921,4921,COD,Success,3674.13,2026-06-19 17:50:40
4922,4922,NetBanking,Success,6328.85,2026-06-16 12:47:07
4923,4923,UPI,Success,4068.17,2026-03-30 23:47:34
4924,4924,COD,Success,899.68,2026-03-14 13:16:03
4925,4925,UPI,Success,4086.33,2026-04-21 15:35:32
4926,4926,UPI,Success,3343.93,2026-04-13 21:35:30
4927,4927,Wallet,Success,716.85,2026-03-22 18:53:43
4928,4928,Wallet,Success,55.47,2026-06-06 23:12:00
4929,4929,Wallet,Success,2495.28,2026-03-01 22:10:10
4930,4930,NetBanking,Success,1036.36,2026-07-22 10:23:51
4931,4931,Wallet,Success,1929.38,2026-07-01 13:25:30
4932,4932,COD,Success,211.24,2026-03-21 19:56:29
4933,4933,NetBanking,Success,1578.21,2026-07-22 14:01:17
4934,4934,Card,Success,1416.01,2026-05-26 17:24:34
4935,4935,Wallet,Success,1280.8,2026-04-03 18:56:34
4936,4936,COD,Refunded,0.0,2026-06-07 21:03:08
4937,4937,NetBanking,Success,3137.2,2026-04-13 23:11:27
4938,4938,NetBanking,Success,899.88,2026-07-18 15:42:38
4939,4939,Wallet,Refunded,0.0,2026-02-25 20:14:02
4940,4940,COD,Success,4265.88,2026-07-28 21:50:43
4941,4941,Wallet,Success,3528.03,2026-03-30 16:47:54
4942,4942,UPI,Success,1977.32,2026-06-16 10:27:19
4943,4943,COD,Refunded,0.0,2026-06-19 21:26:25
4944,4944,COD,Success,3140.25,2026-07-09 08:12:56
4945,4945,COD,Success,526.34,2026-02-05 20:08:58
4946,4946,UPI,Refunded,0.0,2026-07-18 20:40:29
4947,4947,Card,Success,1681.98,2026-02-06 11:05:56
4948,4948,Wallet,Success,680.87,2026-05-09 18:22:19
4949,4949,NetBanking,Success,3058.74,2026-06-13 11:44:23
4950,4950,Card,Success,5092.52,2026-03-24 13:11:02
4951,4951,NetBanking,Refunded,0.0,2026-04-23 19:11:50
4952,4952,COD,Success,1808.46,2026-03-16 19:10:14
4953,4953,NetBanking,Success,1509.82,2026-02-08 17:21:59
4954,4954,Card,Success,1463.8,2026-07-07 14:39:43
4955,4955,COD,Success,2520.08,2026-03-24 11:54:56
4956,4956,Wallet,Success,401.56,2026-03-23 16:35:57
4957,4957,UPI,Success,1335.56,2026-06-22 08:04:32
4958,4958,Card,Success,1982.89,2026-05-09 16:52:31
4959,4959,Wallet,Success,1443.78,2026-04-17 19:09:28
4960,4960,UPI,Success,1940.94,2026-02-25 16:58:24
4961,4961,COD,Success,2326.39,2026-05-17 19:54:46
4962,4962,UPI,Success,2462.61,2026-03-15 09:19:36
4963,4963,Wallet,Success,4440.31,2026-06-28 16:21:03
4964,4964,COD,Success,1098.76,2026-07-24 19:29:22
4965,4965,UPI,Success,1620.95,2026-06-27 17:35:48
4966,4966,NetBanking,Success,38.46,2026-04-14 14:38:12
4967,4967,COD,Success,1927.34,2026-05-31 17:14:40
4968,4968,COD,Success,5810.14,2026-02-16 07:23:10
4969,4969,NetBanking,Refunded,0.0,2026-02-08 08:39:10
4970,4970,Card,Success,3961.29,2026-05-04 17:23:20
4971,4971,UPI,Failed,0.0,2026-06-08 20:59:38
4972,4972,Card,Success,377.28,2026-02-12 09:22:54
4973,4973,UPI,Success,1505.47,2026-08-04 17:11:45
4974,4974,COD,Success,1306.68,2026-07-13 18:53:07
4975,4975,Card,Success,282.74,2026-07-23 21:05:53
4976,4976,UPI,Success,1182.77,2026-03-21 23:43:57
4977,4977,Card,Success,926.95,2026-07-22 11:15:18
4978,4978,NetBanking,Success,4547.11,2026-06-26 15:16:53
4979,4979,COD,Success,3985.09,2026-06-24 09:50:11
4980,4980,COD,Success,3081.8,2026-05-26 21:44:30
4981,4981,Card,Success,3862.55,2026-04-25 19:24:42
4982,4982,NetBanking,Success,2385.72,2026-02-19 23:33:06
4983,4983,UPI,Success,3506.35,2026-03-20 08:04:26
4984,4984,COD,Success,3575.36,2026-03-14 13:29:26
4985,4985,Wallet,Success,680.3,2026-03-03 17:57:08
4986,4986,Wallet,Success,8920.11,2026-03-27 10:46:59
4987,4987,Card,Success,1430.76,2026-06-28 10:45:55
4988,4988,NetBanking,Success,4239.88,2026-02-25 10:55:57
4989,4989,COD,Success,1235.31,2026-05-13 16:34:59
4990,4990,Card,Success,707.35,2026-07-06 11:58:42
4991,4991,UPI,Success,4302.15,2026-04-05 23:44:49
4992,4992,COD,Success,5516.33,2026-05-26 15:07:31
4993,4993,UPI,Success,1208.02,2026-03-07 21:24:16
4994,4994,Wallet,Success,5973.14,2026-03-11 18:05:20
4995,4995,UPI,Success,1028.66,2026-04-01 17:41:34
4996,4996,Card,Success,3495.96,2026-06-15 23:09:51
4997,4997,Card,Refunded,0.0,2026-04-25 14:09:13
4998,4998,COD,Success,7011.13,2026-06-13 16:58:41
4999,4999,Card,Success,788.96,2026-04-13 16:51:58
5000,5000,Card,Success,3215.12,2026-03-18 08:33:22
5001,5001,NetBanking,Success,5247.79,2026-04-05 16:04:21
5002,5002,Card,Success,2684.11,2026-05-22 13:36:42
5003,5003,UPI,Success,1350.93,2026-06-13 07:21:27
5004,5004,UPI,Success,1877.57,2026-02-20 14:45:26
5005,5005,COD,Success,1085.04,2026-07-27 07:10:44
5006,5006,NetBanking,Success,5317.01,2026-07-19 20:03:10
5007,5007,Card,Success,3621.08,2026-05-23 08:40:48
5008,5008,NetBanking,Success,3456.88,2026-02-28 19:13:02
5009,5009,Card,Success,2816.82,2026-02-12 21:09:34
5010,5010,Card,Success,2703.31,2026-02-26 21:17:46
5011,5011,COD,Success,1451.25,2026-07-25 09:06:15
5012,5012,COD,Success,2466.9,2026-03-23 21:03:47
5013,5013,Wallet,Success,927.44,2026-04-18 22:36:17
5014,5014,Card,Success,4502.52,2026-04-20 09:07:14
5015,5015,UPI,Success,4092.87,2026-05-20 07:06:55
5016,5016,Card,Failed,0.0,2026-04-19 11:22:44
5017,5017,COD,Success,2305.7,2026-02-18 17:39:36
5018,5018,COD,Success,1150.29,2026-06-15 15:56:43
5019,5019,Wallet,Success,1550.63,2026-07-30 08:25:42
5020,5020,Card,Success,1505.76,2026-03-11 17:59:12
5021,5021,COD,Success,293.5,2026-05-18 07:52:37
5022,5022,Card,Success,2822.91,2026-03-28 17:47:09
5023,5023,Wallet,Success,728.64,2026-06-26 21:55:38
5024,5024,Card,Refunded,0.0,2026-03-10 10:27:15
5025,5025,NetBanking,Success,2740.7,2026-05-22 12:57:37
5026,5026,NetBanking,Success,2381.17,2026-03-15 22:28:29
5027,5027,COD,Success,2349.21,2026-07-15 12:38:53
5028,5028,NetBanking,Success,1617.28,2026-05-21 14:16:01
5029,5029,Wallet,Success,1849.61,2026-05-30 17:09:28
5030,5030,UPI,Success,2718.02,2026-05-09 21:15:57
5031,5031,Card,Success,888.88,2026-04-30 14:28:06
5032,5032,Card,Success,2587.04,2026-06-04 20:15:00
5033,5033,UPI,Success,639.75,2026-03-30 23:58:23
5034,5034,NetBanking,Success,411.95,2026-04-04 11:56:53
5035,5035,Wallet,Success,3185.42,2026-05-04 17:49:56
5036,5036,COD,Success,1455.52,2026-06-03 17:51:31
5037,5037,NetBanking,Success,3241.35,2026-08-03 21:03:33
5038,5038,Wallet,Success,527.99,2026-07-11 19:27:24
5039,5039,NetBanking,Success,2323.62,2026-05-22 11:12:13
5040,5040,Wallet,Success,1162.14,2026-02-05 17:28:12
5041,5041,Wallet,Refunded,0.0,2026-05-08 22:50:26
5042,5042,COD,Success,2903.02,2026-06-14 12:18:06
5043,5043,NetBanking,Failed,0.0,2026-03-24 10:23:40
5044,5044,COD,Success,1609.72,2026-05-20 07:07:03
5045,5045,Wallet,Success,4607.78,2026-05-26 11:48:00
5046,5046,COD,Failed,0.0,2026-03-16 23:50:16
5047,5047,Wallet,Success,3756.72,2026-05-11 15:55:15
5048,5048,COD,Success,1339.98,2026-04-02 14:13:35
5049,5049,COD,Success,5009.71,2026-07-09 08:49:45
5050,5050,NetBanking,Success,958.11,2026-04-04 21:13:14
5051,5051,UPI,Success,3826.85,2026-03-15 23:02:53
5052,5052,NetBanking,Success,1494.67,2026-06-22 08:31:45
5053,5053,NetBanking,Success,86.32,2026-05-12 10:53:12
5054,5054,COD,Success,840.79,2026-03-07 22:15:35
5055,5055,COD,Success,8108.46,2026-08-02 12:40:38
5056,5056,NetBanking,Success,512.7,2026-03-15 16:31:10
5057,5057,UPI,Success,412.76,2026-07-28 17:05:48
5058,5058,Card,Success,3334.14,2026-04-08 16:01:50
5059,5059,UPI,Success,1171.82,2026-03-06 11:12:15
5060,5060,NetBanking,Success,2082.62,2026-03-08 09:29:12
5061,5061,NetBanking,Success,1162.09,2026-03-02 19:19:31
5062,5062,Wallet,Failed,0.0,2026-06-05 15:42:34
5063,5063,Card,Success,3468.16,2026-06-22 11:58:56
5064,5064,NetBanking,Success,2850.34,2026-06-20 20:32:27
5065,5065,Wallet,Success,1990.71,2026-04-12 22:26:58
5066,5066,Card,Success,575.26,2026-03-08 08:12:53
5067,5067,COD,Success,2679.61,2026-04-14 14:42:46
5068,5068,Card,Success,378.54,2026-05-20 18:54:50
5069,5069,UPI,Failed,0.0,2026-06-19 15:22:31
5070,5070,COD,Success,2968.49,2026-03-23 19:21:02
5071,5071,NetBanking,Success,2813.04,2026-08-03 12:25:06
5072,5072,NetBanking,Success,5630.35,2026-04-09 22:19:28
5073,5073,Wallet,Success,816.52,2026-04-22 10:15:15
5074,5074,COD,Refunded,0.0,2026-04-14 12:51:44
5075,5075,COD,Failed,0.0,2026-03-12 22:57:48
5076,5076,Card,Success,5381.24,2026-06-03 17:56:53
5077,5077,UPI,Success,541.39,2026-04-04 19:17:25
5078,5078,UPI,Success,2112.14,2026-03-03 19:06:24
5079,5079,COD,Success,3799.75,2026-05-02 09:15:52
5080,5080,NetBanking,Success,3629.25,2026-07-04 12:58:32
5081,5081,NetBanking,Success,1568.64,2026-07-12 16:33:19
5082,5082,Card,Success,4731.18,2026-04-26 18:58:48
5083,5083,UPI,Refunded,0.0,2026-07-14 14:10:33
5084,5084,UPI,Success,2797.07,2026-07-10 13:21:49
5085,5085,Wallet,Refunded,0.0,2026-03-02 10:02:06
5086,5086,COD,Failed,0.0,2026-07-31 12:37:59
5087,5087,Card,Success,1450.74,2026-07-30 16:42:13
5088,5088,NetBanking,Success,141.37,2026-07-07 17:27:04
5089,5089,Card,Success,593.48,2026-02-09 10:35:56
5090,5090,COD,Success,702.58,2026-03-28 12:09:01
5091,5091,NetBanking,Success,966.46,2026-03-16 22:51:56
5092,5092,Wallet,Success,3633.86,2026-07-12 11:41:15
5093,5093,Card,Success,1660.96,2026-04-23 16:56:25
5094,5094,Card,Success,1920.61,2026-04-04 11:41:13
5095,5095,COD,Success,2389.53,2026-04-02 21:35:03
5096,5096,UPI,Success,2058.72,2026-06-17 23:44:35
5097,5097,NetBanking,Success,301.25,2026-06-17 09:44:10
5098,5098,NetBanking,Success,2352.49,2026-07-05 07:45:41
5099,5099,NetBanking,Success,5701.94,2026-05-17 23:43:14
5100,5100,Card,Success,3403.15,2026-06-24 14:17:24
5101,5101,COD,Success,2691.67,2026-06-01 21:50:26
5102,5102,UPI,Success,930.84,2026-03-07 09:38:48
5103,5103,NetBanking,Success,2961.2,2026-02-23 15:34:52
5104,5104,COD,Success,5270.63,2026-04-03 11:14:58
5105,5105,UPI,Success,1125.96,2026-04-15 15:34:11
5106,5106,NetBanking,Success,1104.76,2026-06-25 10:40:31
5107,5107,Wallet,Success,782.92,2026-04-15 12:46:57
5108,5108,Wallet,Success,348.99,2026-06-05 15:04:03
5109,5109,UPI,Success,1371.02,2026-08-02 08:25:32
5110,5110,UPI,Success,1531.96,2026-07-20 18:14:11
5111,5111,Wallet,Success,3398.37,2026-02-26 16:19:01
5112,5112,NetBanking,Success,1162.3,2026-03-25 12:33:49
5113,5113,Card,Success,1311.97,2026-02-13 16:21:14
5114,5114,Card,Success,1106.12,2026-07-16 22:03:00
5115,5115,Wallet,Failed,0.0,2026-05-08 18:29:45
5116,5116,NetBanking,Success,1351.41,2026-05-24 23:22:02
5117,5117,UPI,Success,862.3,2026-07-29 12:34:50
5118,5118,Card,Failed,0.0,2026-03-29 07:12:28
5119,5119,UPI,Success,2047.18,2026-03-31 12:07:43
5120,5120,COD,Success,1550.46,2026-07-12 23:10:08
5121,5121,Wallet,Success,4708.42,2026-03-08 20:46:27
5122,5122,COD,Success,1751.34,2026-05-22 22:44:37
5123,5123,UPI,Success,435.85,2026-06-29 13:34:20
5124,5124,Wallet,Success,1134.17,2026-06-06 16:44:46
5125,5125,Wallet,Success,291.2,2026-06-01 20:04:30
5126,5126,NetBanking,Success,1185.59,2026-05-28 19:30:50
5127,5127,COD,Success,3579.49,2026-06-29 21:28:48
5128,5128,UPI,Success,608.54,2026-04-22 18:54:16
5129,5129,Wallet,Success,2386.99,2026-04-03 16:10:24
5130,5130,UPI,Success,1286.52,2026-06-24 12:40:59
5131,5131,NetBanking,Success,1470.87,2026-07-31 17:17:00
5132,5132,Card,Success,1100.35,2026-07-07 13:59:18
5133,5133,COD,Success,4649.79,2026-07-28 18:56:27
5134,5134,NetBanking,Success,3581.32,2026-04-14 14:30:53
5135,5135,Card,Success,1242.42,2026-05-22 15:50:11
5136,5136,COD,Success,5979.94,2026-06-30 11:40:23
5137,5137,NetBanking,Success,3918.7,2026-02-09 13:02:18
5138,5138,UPI,Success,706.67,2026-06-25 11:27:19
5139,5139,Wallet,Refunded,0.0,2026-03-10 12:23:54
5140,5140,Wallet,Success,2500.38,2026-06-08 13:03:43
5141,5141,UPI,Success,1719.76,2026-06-13 16:05:14
5142,5142,Card,Success,2541.3,2026-03-02 18:29:56
5143,5143,Card,Success,355.67,2026-06-07 19:48:38
5144,5144,UPI,Success,4240.44,2026-02-11 12:53:29
5145,5145,Wallet,Success,254.73,2026-02-15 10:52:17
5146,5146,UPI,Success,2555.54,2026-06-20 13:42:44
5147,5147,NetBanking,Success,2930.38,2026-02-10 12:34:48
5148,5148,UPI,Success,663.64,2026-06-07 15:01:20
5149,5149,Card,Success,3985.51,2026-02-22 18:07:32
5150,5150,Wallet,Success,2092.9,2026-06-13 20:24:30
5151,5151,NetBanking,Success,4610.55,2026-05-26 11:26:25
5152,5152,NetBanking,Success,3050.38,2026-07-27 19:50:49
5153,5153,COD,Success,1189.76,2026-03-30 08:51:13
5154,5154,Wallet,Success,86.82,2026-04-16 17:27:46
5155,5155,COD,Success,1945.32,2026-03-13 16:24:31
5156,5156,COD,Success,2246.02,2026-06-20 08:52:34
5157,5157,Wallet,Refunded,0.0,2026-07-20 18:28:15
5158,5158,Card,Success,757.43,2026-04-09 20:05:46
5159,5159,UPI,Success,3912.21,2026-07-12 10:15:37
5160,5160,Wallet,Success,1821.12,2026-02-25 19:25:18
5161,5161,NetBanking,Success,2558.22,2026-02-05 13:29:10
5162,5162,NetBanking,Success,4232.76,2026-02-26 14:08:42
5163,5163,UPI,Success,2961.45,2026-05-04 18:11:38
5164,5164,UPI,Success,427.33,2026-03-10 07:31:25
5165,5165,COD,Success,4608.34,2026-06-05 18:56:55
5166,5166,Wallet,Success,1280.07,2026-03-12 16:48:09
5167,5167,COD,Success,3075.29,2026-08-03 14:02:19
5168,5168,Wallet,Success,2756.35,2026-04-08 23:17:46
5169,5169,NetBanking,Success,3209.61,2026-05-03 11:45:41
5170,5170,Wallet,Success,1268.67,2026-03-18 10:48:36
5171,5171,UPI,Success,1927.62,2026-07-14 10:35:17
5172,5172,COD,Success,1850.3,2026-05-03 22:21:20
5173,5173,COD,Success,2773.87,2026-05-20 23:34:49
5174,5174,Wallet,Success,2273.72,2026-06-12 19:42:12
5175,5175,Card,Success,4179.91,2026-03-30 17:05:39
5176,5176,Card,Success,5852.3,2026-05-17 17:17:34
5177,5177,NetBanking,Success,784.04,2026-06-25 07:42:42
5178,5178,NetBanking,Success,2239.74,2026-03-20 11:33:21
5179,5179,NetBanking,Success,5274.72,2026-08-02 23:54:43
5180,5180,NetBanking,Success,3203.04,2026-07-03 18:56:43
5181,5181,NetBanking,Success,4305.23,2026-05-18 16:36:31
5182,5182,Wallet,Success,2702.33,2026-04-02 21:25:47
5183,5183,UPI,Success,2030.41,2026-07-06 11:13:38
5184,5184,UPI,Success,2917.7,2026-05-25 15:07:25
5185,5185,Wallet,Failed,0.0,2026-04-14 09:09:37
5186,5186,NetBanking,Success,2734.4,2026-02-24 07:39:41
5187,5187,Card,Success,4607.24,2026-06-27 08:53:21
5188,5188,UPI,Success,703.28,2026-04-29 18:59:21
5189,5189,UPI,Success,5178.04,2026-04-07 11:59:42
5190,5190,Wallet,Success,3851.06,2026-02-05 23:07:40
5191,5191,Card,Success,2091.24,2026-02-14 07:26:45
5192,5192,Card,Success,2049.41,2026-06-07 22:20:08
5193,5193,UPI,Success,468.74,2026-05-24 08:37:16
5194,5194,Card,Success,2908.66,2026-07-28 09:39:55
5195,5195,NetBanking,Success,1464.16,2026-04-16 20:59:16
5196,5196,Wallet,Success,1308.73,2026-03-02 17:21:52
5197,5197,NetBanking,Success,1286.9,2026-03-29 12:34:49
5198,5198,Wallet,Success,2466.06,2026-03-04 10:24:32
5199,5199,Card,Success,4720.15,2026-04-02 13:15:08
5200,5200,NetBanking,Success,325.64,2026-08-02 13:11:51
5201,5201,Wallet,Success,4107.49,2026-02-10 07:06:45
5202,5202,Wallet,Success,1234.63,2026-06-18 08:16:07
5203,5203,Card,Success,1107.29,2026-06-16 20:33:40
5204,5204,COD,Success,4036.86,2026-05-17 15:47:39
5205,5205,UPI,Success,2993.02,2026-06-26 19:24:20
5206,5206,NetBanking,Success,2212.56,2026-02-23 13:57:32
5207,5207,COD,Success,3703.4,2026-04-21 11:56:01
5208,5208,COD,Success,550.98,2026-03-01 20:50:39
5209,5209,NetBanking,Success,2070.06,2026-06-29 17:23:19
5210,5210,Wallet,Failed,0.0,2026-04-17 23:04:24
5211,5211,NetBanking,Success,1847.84,2026-05-15 09:46:39
5212,5212,Card,Success,1731.69,2026-07-08 18:53:56
5213,5213,COD,Success,709.84,2026-03-03 22:52:44
5214,5214,Card,Success,594.55,2026-03-07 10:28:37
5215,5215,COD,Success,978.6,2026-06-27 09:26:38
5216,5216,COD,Success,1888.4,2026-03-02 09:15:07
5217,5217,COD,Success,2081.34,2026-06-07 09:26:49
5218,5218,UPI,Success,6120.0,2026-03-10 17:28:10
5219,5219,Wallet,Success,1941.24,2026-04-06 14:07:11
5220,5220,COD,Failed,0.0,2026-06-16 10:08:11
5221,5221,COD,Success,5472.93,2026-03-31 10:42:59
5222,5222,Card,Success,360.22,2026-03-09 08:18:18
5223,5223,NetBanking,Success,1096.92,2026-05-01 10:34:57
5224,5224,Wallet,Success,3256.8,2026-06-07 18:57:42
5225,5225,NetBanking,Success,340.06,2026-04-16 19:13:46
5226,5226,Wallet,Success,3130.27,2026-06-12 16:53:41
5227,5227,Card,Success,4313.62,2026-07-07 23:48:15
5228,5228,COD,Success,5444.51,2026-07-11 20:46:22
5229,5229,Card,Success,2777.81,2026-08-03 23:49:25
5230,5230,UPI,Success,2156.45,2026-05-23 18:47:02
5231,5231,Card,Success,2318.44,2026-05-15 16:31:42
5232,5232,NetBanking,Success,3264.37,2026-04-28 08:27:04
5233,5233,NetBanking,Success,2050.29,2026-04-20 23:52:19
5234,5234,Wallet,Success,1192.16,2026-03-23 07:42:14
5235,5235,UPI,Success,2872.92,2026-06-14 11:51:46
5236,5236,COD,Success,2486.94,2026-07-09 18:07:29
5237,5237,Card,Success,2588.24,2026-03-18 15:50:18
5238,5238,Card,Success,2329.89,2026-02-15 12:58:01
5239,5239,COD,Success,1475.85,2026-06-13 23:17:11
5240,5240,UPI,Success,5566.65,2026-02-21 14:21:36
5241,5241,COD,Success,3153.64,2026-04-03 22:54:55
5242,5242,UPI,Success,2173.64,2026-06-07 19:49:40
5243,5243,Card,Success,1504.52,2026-05-22 16:02:35
5244,5244,Card,Success,1683.0,2026-02-14 08:19:52
5245,5245,NetBanking,Success,1581.8,2026-04-19 23:53:01
5246,5246,Card,Success,1533.68,2026-02-13 15:43:26
5247,5247,COD,Success,3548.35,2026-03-22 07:18:34
5248,5248,Card,Success,1887.49,2026-05-14 09:30:53
5249,5249,Card,Success,711.34,2026-07-14 21:19:23
5250,5250,Wallet,Refunded,0.0,2026-05-13 14:21:49
5251,5251,Card,Success,3457.61,2026-05-03 17:14:03
5252,5252,NetBanking,Success,2763.72,2026-02-13 18:42:32
5253,5253,Wallet,Success,3134.22,2026-03-29 20:37:54
5254,5254,UPI,Success,1950.72,2026-03-13 07:16:25
5255,5255,NetBanking,Success,7229.02,2026-04-22 15:29:51
5256,5256,COD,Success,3179.1,2026-07-23 18:50:04
5257,5257,Card,Success,1514.0,2026-04-09 17:55:33
5258,5258,Wallet,Failed,0.0,2026-04-12 07:44:07
5259,5259,Card,Success,1209.54,2026-04-17 17:25:07
5260,5260,Wallet,Success,2525.95,2026-05-10 07:17:33
5261,5261,UPI,Success,510.09,2026-07-21 09:23:51
5262,5262,COD,Success,2690.37,2026-07-02 17:41:41
5263,5263,UPI,Success,3026.99,2026-03-21 11:13:38
5264,5264,Wallet,Success,2187.14,2026-05-13 07:34:53
5265,5265,UPI,Success,213.79,2026-02-27 19:34:31
5266,5266,NetBanking,Failed,0.0,2026-05-27 20:16:00
5267,5267,Wallet,Success,224.98,2026-06-26 22:17:11
5268,5268,UPI,Success,1113.18,2026-02-09 16:05:21
5269,5269,Wallet,Success,1771.74,2026-05-04 09:43:41
5270,5270,Wallet,Success,1246.22,2026-05-27 19:41:56
5271,5271,Card,Refunded,0.0,2026-04-02 10:34:55
5272,5272,Card,Success,558.98,2026-04-22 21:55:40
5273,5273,NetBanking,Success,611.68,2026-02-20 21:10:40
5274,5274,UPI,Success,301.65,2026-07-09 14:00:21
5275,5275,Wallet,Success,4097.94,2026-06-09 11:25:06
5276,5276,UPI,Success,4055.12,2026-07-12 10:35:57
5277,5277,UPI,Success,3528.34,2026-06-24 23:39:38
5278,5278,COD,Success,2007.35,2026-04-09 15:02:25
5279,5279,NetBanking,Refunded,0.0,2026-03-04 18:02:36
5280,5280,COD,Success,2007.05,2026-04-21 18:18:12
5281,5281,Card,Refunded,0.0,2026-02-19 20:22:49
5282,5282,UPI,Success,972.87,2026-04-15 10:17:39
5283,5283,UPI,Success,3669.17,2026-04-16 12:18:33
5284,5284,UPI,Success,317.95,2026-02-20 10:00:38
5285,5285,UPI,Success,2874.19,2026-07-21 09:47:11
5286,5286,Card,Success,3251.82,2026-07-13 13:44:54
5287,5287,NetBanking,Success,2062.73,2026-04-08 22:17:50
5288,5288,Wallet,Success,2809.1,2026-05-29 19:46:03
5289,5289,UPI,Success,2547.29,2026-03-17 12:45:04
5290,5290,NetBanking,Success,1949.56,2026-03-14 20:14:44
5291,5291,UPI,Success,1996.93,2026-03-19 21:43:18
5292,5292,NetBanking,Success,2997.63,2026-05-18 16:13:06
5293,5293,NetBanking,Success,2137.74,2026-03-09 14:27:42
5294,5294,Wallet,Success,1406.63,2026-05-25 09:50:05
5295,5295,NetBanking,Failed,0.0,2026-06-27 10:53:19
5296,5296,Card,Success,3421.46,2026-06-28 19:11:07
5297,5297,Wallet,Success,4323.74,2026-03-11 10:40:31
5298,5298,NetBanking,Success,946.15,2026-04-02 14:41:26
5299,5299,Card,Success,3652.17,2026-07-22 16:52:18
5300,5300,COD,Success,615.87,2026-07-24 13:33:54
5301,5301,NetBanking,Success,3110.47,2026-06-17 14:56:02
5302,5302,Wallet,Failed,0.0,2026-06-02 11:03:10
5303,5303,COD,Success,4007.5,2026-02-22 14:57:47
5304,5304,Wallet,Success,6065.77,2026-02-18 12:59:48
5305,5305,UPI,Success,1076.65,2026-03-02 09:06:59
5306,5306,NetBanking,Success,3395.91,2026-03-11 23:05:48
5307,5307,UPI,Success,919.92,2026-03-17 19:15:00
5308,5308,Card,Failed,0.0,2026-05-18 13:13:55
5309,5309,Card,Success,2808.4,2026-05-13 09:28:39
5310,5310,COD,Success,1545.99,2026-03-20 18:13:45
5311,5311,Wallet,Success,1478.25,2026-05-02 13:50:54
5312,5312,COD,Success,3694.86,2026-03-10 14:46:47
5313,5313,UPI,Success,4032.04,2026-04-25 18:10:10
5314,5314,COD,Success,4544.88,2026-04-12 07:09:52
5315,5315,NetBanking,Success,647.17,2026-02-26 17:58:16
5316,5316,NetBanking,Success,849.76,2026-03-06 21:18:07
5317,5317,COD,Success,1021.34,2026-07-09 22:20:27
5318,5318,COD,Success,2792.61,2026-05-31 23:48:02
5319,5319,Card,Success,3075.55,2026-03-25 19:02:46
5320,5320,Wallet,Success,2380.22,2026-04-16 19:10:53
5321,5321,Wallet,Success,991.28,2026-03-01 15:10:32
5322,5322,Card,Success,4072.69,2026-02-23 07:57:05
5323,5323,COD,Success,468.28,2026-04-29 21:36:01
5324,5324,COD,Success,560.32,2026-02-25 11:53:24
5325,5325,Wallet,Success,1427.9,2026-03-28 23:04:01
5326,5326,Wallet,Success,762.26,2026-02-17 13:48:24
5327,5327,Wallet,Success,3890.0,2026-04-09 15:14:48
5328,5328,Wallet,Success,1660.51,2026-04-29 23:51:53
5329,5329,Card,Success,446.54,2026-04-26 22:18:04
5330,5330,UPI,Failed,0.0,2026-05-04 22:13:52
5331,5331,NetBanking,Success,666.17,2026-06-14 10:28:39
5332,5332,UPI,Success,4811.83,2026-05-01 10:17:14
5333,5333,Wallet,Success,3325.12,2026-05-18 20:08:13
5334,5334,COD,Success,1651.6,2026-05-21 11:13:59
5335,5335,COD,Success,1244.77,2026-06-01 18:17:50
5336,5336,Card,Failed,0.0,2026-05-02 08:14:48
5337,5337,UPI,Refunded,0.0,2026-05-28 17:56:28
5338,5338,Card,Success,320.2,2026-07-15 14:59:32
5339,5339,UPI,Success,410.67,2026-04-08 13:41:40
5340,5340,COD,Success,788.01,2026-04-23 19:19:09
5341,5341,NetBanking,Success,1010.79,2026-03-24 10:29:50
5342,5342,UPI,Success,4897.1,2026-04-06 13:19:17
5343,5343,NetBanking,Success,2885.29,2026-05-29 09:02:54
5344,5344,UPI,Success,2034.35,2026-05-27 12:54:36
5345,5345,NetBanking,Success,2202.75,2026-07-24 20:48:08
5346,5346,UPI,Success,717.86,2026-03-04 09:14:26
5347,5347,UPI,Success,1604.52,2026-02-18 23:59:10
5348,5348,UPI,Success,2934.7,2026-04-14 14:45:35
5349,5349,UPI,Success,4815.34,2026-04-23 09:00:04
5350,5350,Card,Success,1574.93,2026-07-21 08:19:14
5351,5351,Wallet,Success,424.11,2026-05-08 12:00:58
5352,5352,COD,Refunded,0.0,2026-03-04 15:47:02
5353,5353,Wallet,Failed,0.0,2026-05-15 16:07:12
5354,5354,COD,Success,3469.57,2026-07-18 12:27:53
5355,5355,NetBanking,Success,1333.27,2026-02-26 23:52:20
5356,5356,Card,Success,266.98,2026-07-11 07:06:27
5357,5357,UPI,Refunded,0.0,2026-03-04 22:29:57
5358,5358,UPI,Success,669.42,2026-06-13 16:57:56
5359,5359,COD,Success,3486.0,2026-02-25 07:55:11
5360,5360,Wallet,Success,1935.14,2026-05-18 07:39:57
5361,5361,UPI,Failed,0.0,2026-06-06 09:32:43
5362,5362,UPI,Success,3534.6,2026-03-25 23:07:26
5363,5363,COD,Refunded,0.0,2026-05-01 19:54:39
5364,5364,Wallet,Failed,0.0,2026-06-02 19:16:23
5365,5365,UPI,Success,4125.81,2026-06-15 22:49:40
5366,5366,NetBanking,Success,875.12,2026-05-17 23:49:08
5367,5367,NetBanking,Success,3777.76,2026-07-08 19:33:03
5368,5368,Card,Success,2915.27,2026-03-08 10:49:30
5369,5369,UPI,Success,3488.19,2026-07-23 21:35:55
5370,5370,UPI,Refunded,0.0,2026-03-10 11:42:41
5371,5371,COD,Success,4028.19,2026-05-10 14:37:28
5372,5372,NetBanking,Success,2233.41,2026-03-10 09:52:17
5373,5373,Wallet,Success,4222.29,2026-07-17 15:42:13
5374,5374,NetBanking,Success,3235.11,2026-07-01 09:54:25
5375,5375,Card,Success,2579.45,2026-05-06 23:03:05
5376,5376,COD,Success,4873.36,2026-03-12 18:09:31
5377,5377,Card,Success,72.26,2026-07-18 09:31:18
5378,5378,Wallet,Success,504.46,2026-03-15 10:32:18
5379,5379,NetBanking,Success,1798.75,2026-06-18 07:59:28
5380,5380,Card,Success,1314.73,2026-04-10 15:37:02
5381,5381,Card,Success,2514.24,2026-06-12 07:45:26
5382,5382,Wallet,Success,3292.66,2026-06-24 15:23:16
5383,5383,NetBanking,Refunded,0.0,2026-06-08 22:05:04
5384,5384,NetBanking,Success,3717.34,2026-06-10 12:09:15
5385,5385,NetBanking,Success,5323.97,2026-05-14 22:04:39
5386,5386,Card,Success,806.97,2026-05-09 21:33:28
5387,5387,COD,Success,1734.26,2026-02-10 09:11:24
5388,5388,Wallet,Failed,0.0,2026-03-20 11:27:02
5389,5389,UPI,Success,1731.91,2026-06-18 23:01:44
5390,5390,NetBanking,Success,3419.67,2026-04-12 09:03:28
5391,5391,COD,Refunded,0.0,2026-05-23 18:24:12
5392,5392,COD,Success,3135.16,2026-07-30 20:44:39
5393,5393,Wallet,Success,696.93,2026-04-24 12:11:52
5394,5394,NetBanking,Success,3346.17,2026-06-25 13:52:56
5395,5395,UPI,Success,4870.53,2026-05-10 14:26:53
5396,5396,NetBanking,Success,1061.52,2026-06-26 17:53:04
5397,5397,Wallet,Success,1597.06,2026-06-20 21:52:37
5398,5398,UPI,Success,3352.02,2026-05-17 20:52:29
5399,5399,COD,Success,3994.09,2026-04-25 19:31:32
5400,5400,Wallet,Success,1638.35,2026-04-21 16:30:22
5401,5401,UPI,Failed,0.0,2026-03-01 23:29:41
5402,5402,UPI,Success,2325.57,2026-06-18 11:30:53
5403,5403,UPI,Success,336.06,2026-05-28 15:23:30
5404,5404,UPI,Success,1255.64,2026-06-03 18:44:32
5405,5405,UPI,Refunded,0.0,2026-05-03 17:52:42
5406,5406,COD,Success,1196.26,2026-03-12 20:14:08
5407,5407,NetBanking,Success,502.47,2026-07-12 23:02:05
5408,5408,Wallet,Success,1044.57,2026-02-07 08:22:55
5409,5409,COD,Success,1935.8,2026-03-13 12:50:32
5410,5410,UPI,Success,2001.46,2026-04-07 09:50:54
5411,5411,COD,Success,2511.6,2026-05-21 16:01:40
5412,5412,NetBanking,Success,2433.92,2026-07-07 23:06:09
5413,5413,COD,Success,4426.78,2026-06-12 09:52:06
5414,5414,Card,Success,297.02,2026-07-11 21:33:13
5415,5415,Card,Success,115.6,2026-07-15 17:51:16
5416,5416,Wallet,Success,237.76,2026-05-24 14:56:03
5417,5417,Wallet,Success,449.24,2026-05-01 14:01:30
5418,5418,Card,Success,2161.29,2026-03-25 13:52:57
5419,5419,UPI,Success,236.42,2026-02-25 21:54:09
5420,5420,UPI,Success,1120.37,2026-06-21 13:17:03
5421,5421,COD,Success,5391.27,2026-04-13 17:29:59
5422,5422,Wallet,Success,1629.66,2026-05-10 12:04:55
5423,5423,COD,Success,130.52,2026-04-30 16:36:10
5424,5424,NetBanking,Failed,0.0,2026-02-23 15:33:07
5425,5425,Card,Success,3925.72,2026-03-04 23:25:38
5426,5426,NetBanking,Success,4260.55,2026-04-01 20:39:31
5427,5427,Card,Success,5701.02,2026-07-30 09:40:51
5428,5428,COD,Success,70.43,2026-05-22 09:43:09
5429,5429,Wallet,Success,728.64,2026-04-01 07:58:10
5430,5430,Wallet,Refunded,0.0,2026-06-18 21:32:59
5431,5431,Card,Success,645.08,2026-03-12 11:29:33
5432,5432,COD,Success,863.75,2026-06-25 08:59:39
5433,5433,COD,Success,3521.83,2026-07-31 11:12:52
5434,5434,Card,Success,2102.64,2026-07-15 17:39:25
5435,5435,Wallet,Success,4943.14,2026-08-03 18:32:42
5436,5436,UPI,Success,1915.35,2026-06-21 23:03:06
5437,5437,Card,Success,1390.5,2026-07-17 10:09:59
5438,5438,COD,Success,1011.62,2026-02-14 17:58:09
5439,5439,UPI,Success,1156.73,2026-05-17 16:46:11
5440,5440,Card,Success,1709.32,2026-06-08 13:36:28
5441,5441,UPI,Success,920.65,2026-04-30 13:41:56
5442,5442,UPI,Success,1792.21,2026-03-29 20:30:39
5443,5443,COD,Success,1515.9,2026-04-26 08:31:44
5444,5444,COD,Success,1005.79,2026-03-27 19:09:36
5445,5445,COD,Success,2499.39,2026-07-06 14:49:54
5446,5446,COD,Success,511.93,2026-07-11 09:03:06
5447,5447,UPI,Success,1337.97,2026-04-22 14:44:14
5448,5448,COD,Success,2877.26,2026-03-03 11:29:42
5449,5449,Card,Success,1026.27,2026-07-30 12:16:16
5450,5450,Wallet,Success,2565.91,2026-03-19 14:04:33
5451,5451,Card,Success,4177.31,2026-05-29 11:07:30
5452,5452,Card,Success,86.53,2026-06-29 08:32:55
5453,5453,Card,Success,3359.98,2026-06-01 19:25:36
5454,5454,COD,Success,3169.45,2026-03-02 13:44:41
5455,5455,Card,Success,3739.83,2026-04-05 09:04:06
5456,5456,Wallet,Refunded,0.0,2026-05-18 22:04:07
5457,5457,Wallet,Success,2863.35,2026-05-04 16:53:15
5458,5458,Wallet,Success,446.79,2026-02-14 22:48:42
5459,5459,Wallet,Success,2404.98,2026-04-11 17:22:22
5460,5460,Wallet,Success,130.52,2026-02-15 12:09:37
5461,5461,NetBanking,Success,6316.86,2026-03-24 13:01:48
5462,5462,Wallet,Success,1350.87,2026-03-04 08:59:08
5463,5463,UPI,Success,4402.01,2026-04-15 23:13:16
5464,5464,UPI,Success,1146.41,2026-04-26 11:54:56
5465,5465,NetBanking,Success,2555.23,2026-06-20 14:53:22
5466,5466,Wallet,Success,648.41,2026-05-12 13:25:57
5467,5467,COD,Success,4252.26,2026-03-26 15:26:51
5468,5468,UPI,Success,793.32,2026-02-08 21:19:40
5469,5469,NetBanking,Success,3767.79,2026-05-09 23:40:34
5470,5470,Wallet,Success,259.23,2026-03-03 14:09:34
5471,5471,NetBanking,Success,2480.16,2026-06-18 14:12:55
5472,5472,COD,Refunded,0.0,2026-07-28 20:47:15
5473,5473,Wallet,Success,1265.92,2026-03-06 16:26:39
5474,5474,NetBanking,Success,1343.09,2026-06-17 09:26:22
5475,5475,COD,Success,2312.76,2026-05-17 16:19:18
5476,5476,UPI,Success,2176.84,2026-06-13 07:08:44
5477,5477,UPI,Success,3275.75,2026-04-07 08:37:27
5478,5478,NetBanking,Success,1285.46,2026-05-28 10:42:08
5479,5479,COD,Refunded,0.0,2026-04-27 21:54:03
5480,5480,UPI,Success,2775.68,2026-04-21 18:27:58
5481,5481,NetBanking,Refunded,0.0,2026-07-31 14:18:34
5482,5482,COD,Success,1912.23,2026-03-07 20:05:57
5483,5483,COD,Success,2145.35,2026-04-20 18:15:58
5484,5484,Wallet,Success,2857.76,2026-07-28 09:25:02
5485,5485,Wallet,Success,1345.39,2026-06-01 11:36:02
5486,5486,COD,Success,1972.07,2026-07-15 15:00:22
5487,5487,Card,Success,2991.28,2026-02-16 16:10:35
5488,5488,UPI,Success,2672.08,2026-05-31 13:49:44
5489,5489,UPI,Success,3304.55,2026-02-28 18:07:47
5490,5490,Card,Success,1739.09,2026-03-27 11:11:26
5491,5491,UPI,Success,1454.09,2026-06-28 20:06:06
5492,5492,Card,Success,1767.24,2026-07-02 23:14:16
5493,5493,Card,Success,1786.6,2026-07-17 11:10:47
5494,5494,NetBanking,Success,4691.75,2026-07-15 13:52:15
5495,5495,COD,Success,3039.32,2026-07-28 11:29:44
5496,5496,Wallet,Success,2319.37,2026-08-02 12:18:26
5497,5497,COD,Refunded,0.0,2026-06-26 22:24:32
5498,5498,COD,Success,2067.92,2026-02-27 13:18:01
5499,5499,Wallet,Success,43.04,2026-05-31 08:57:25
5500,5500,COD,Success,1779.59,2026-04-13 16:50:48
5501,5501,NetBanking,Refunded,0.0,2026-04-03 22:15:43
5502,5502,Wallet,Failed,0.0,2026-03-12 23:25:33
5503,5503,UPI,Success,1121.56,2026-03-28 15:53:16
5504,5504,COD,Success,359.22,2026-05-03 21:47:24
5505,5505,UPI,Success,805.92,2026-06-29 21:36:38
5506,5506,UPI,Success,821.07,2026-07-01 11:44:10
5507,5507,Card,Refunded,0.0,2026-02-23 12:18:11
5508,5508,UPI,Success,803.01,2026-02-09 13:44:28
5509,5509,UPI,Success,1622.96,2026-05-15 12:28:18
5510,5510,Card,Success,633.94,2026-04-06 13:31:33
5511,5511,Wallet,Success,602.28,2026-06-24 19:15:41
5512,5512,NetBanking,Success,2112.52,2026-06-27 23:31:53
5513,5513,UPI,Refunded,0.0,2026-04-22 15:11:59
5514,5514,NetBanking,Success,5103.72,2026-04-28 23:29:44
5515,5515,COD,Success,5817.15,2026-07-16 19:18:31
5516,5516,COD,Success,1076.02,2026-07-13 19:48:32
5517,5517,NetBanking,Success,3159.91,2026-03-02 19:36:41
5518,5518,Wallet,Success,3930.83,2026-03-17 15:04:39
5519,5519,Wallet,Success,3410.64,2026-03-05 18:06:20
5520,5520,COD,Success,863.1,2026-06-14 09:05:59
5521,5521,Card,Success,1920.65,2026-05-19 13:37:37
5522,5522,COD,Success,3286.3,2026-06-03 23:13:29
5523,5523,NetBanking,Success,3956.3,2026-06-20 10:37:00
5524,5524,NetBanking,Success,719.26,2026-05-05 22:00:40
5525,5525,COD,Success,3935.91,2026-07-04 20:12:48
5526,5526,Card,Success,4357.61,2026-03-23 08:02:27
5527,5527,UPI,Success,646.27,2026-06-27 10:58:09
5528,5528,NetBanking,Success,377.77,2026-05-27 14:43:27
5529,5529,UPI,Success,2703.57,2026-05-02 18:19:17
5530,5530,UPI,Success,2109.78,2026-04-25 12:47:26
5531,5531,NetBanking,Success,2113.44,2026-05-03 12:17:09
5532,5532,Wallet,Success,2548.75,2026-02-21 20:52:59
5533,5533,NetBanking,Success,4788.17,2026-05-18 23:30:14
5534,5534,Wallet,Success,407.34,2026-06-16 09:44:20
5535,5535,Wallet,Success,3225.29,2026-05-27 14:33:11
5536,5536,UPI,Failed,0.0,2026-05-04 09:16:13
5537,5537,NetBanking,Success,3659.62,2026-02-12 19:53:08
5538,5538,UPI,Success,3495.46,2026-02-25 13:40:12
5539,5539,COD,Refunded,0.0,2026-06-13 13:09:05
5540,5540,Wallet,Success,1872.55,2026-02-10 22:18:20
5541,5541,Card,Success,2139.15,2026-06-10 15:25:13
5542,5542,UPI,Success,5362.21,2026-04-17 20:32:18
5543,5543,Card,Success,544.4,2026-06-26 13:31:55
5544,5544,Wallet,Success,1010.38,2026-06-24 14:11:30
5545,5545,Wallet,Failed,0.0,2026-07-02 22:26:05
5546,5546,NetBanking,Success,249.73,2026-07-07 07:58:04
5547,5547,Card,Success,3590.01,2026-03-04 10:13:28
5548,5548,Card,Success,3196.34,2026-05-07 22:55:38
5549,5549,UPI,Success,1455.28,2026-06-17 15:12:13
5550,5550,NetBanking,Success,1538.8,2026-05-06 16:30:03
5551,5551,Wallet,Success,4887.43,2026-03-17 18:28:57
5552,5552,UPI,Success,6330.96,2026-05-29 22:58:23
5553,5553,COD,Success,3946.37,2026-06-07 08:31:53
5554,5554,COD,Success,2069.21,2026-02-23 16:47:54
5555,5555,Card,Success,4304.01,2026-07-21 22:11:12
5556,5556,Wallet,Success,3662.61,2026-06-18 08:22:56
5557,5557,NetBanking,Success,424.11,2026-06-01 22:09:40
5558,5558,NetBanking,Success,1027.16,2026-07-23 21:59:10
5559,5559,COD,Success,3884.77,2026-08-01 10:25:56
5560,5560,COD,Failed,0.0,2026-04-04 17:12:22
5561,5561,Wallet,Success,2938.85,2026-03-16 19:25:42
5562,5562,Card,Success,4071.83,2026-05-04 00:00:46
5563,5563,UPI,Success,3612.16,2026-06-09 21:34:31
5564,5564,Card,Success,2632.22,2026-02-23 13:28:07
5565,5565,NetBanking,Success,1950.28,2026-02-19 17:21:46
5566,5566,Card,Success,4292.77,2026-03-26 11:19:59
5567,5567,Card,Success,2185.3,2026-04-04 11:47:38
5568,5568,Card,Success,1955.87,2026-07-16 20:49:43
5569,5569,UPI,Success,2726.94,2026-05-03 09:24:33
5570,5570,NetBanking,Success,1822.02,2026-06-07 15:00:46
5571,5571,COD,Success,3715.8,2026-04-29 11:46:40
5572,5572,NetBanking,Success,1511.77,2026-02-10 16:18:37
5573,5573,UPI,Success,3155.2,2026-07-12 23:06:54
5574,5574,UPI,Success,1056.26,2026-03-27 13:55:51
5575,5575,Card,Success,2789.32,2026-07-29 18:17:42
5576,5576,Card,Success,2620.02,2026-02-09 12:49:17
5577,5577,Wallet,Success,2875.05,2026-05-07 16:18:10
5578,5578,Wallet,Success,642.24,2026-04-23 18:48:04
5579,5579,COD,Success,5218.69,2026-02-10 20:39:44
5580,5580,UPI,Success,5848.99,2026-02-13 15:01:57
5581,5581,COD,Success,4056.03,2026-07-08 09:28:34
5582,5582,Card,Success,935.56,2026-02-17 11:20:42
5583,5583,COD,Success,2950.44,2026-07-11 10:16:15
5584,5584,UPI,Success,4560.55,2026-07-13 20:32:37
5585,5585,Card,Success,2629.81,2026-06-08 18:34:11
5586,5586,UPI,Refunded,0.0,2026-07-24 12:37:43
5587,5587,Wallet,Success,1518.25,2026-06-12 20:24:33
5588,5588,UPI,Success,431.44,2026-07-11 15:04:16
5589,5589,Wallet,Success,2322.18,2026-05-26 18:07:43
5590,5590,COD,Success,632.06,2026-07-31 14:50:48
5591,5591,UPI,Refunded,0.0,2026-05-05 14:00:34
5592,5592,COD,Success,1515.9,2026-08-02 15:08:34
5593,5593,NetBanking,Success,813.63,2026-07-17 23:54:53
5594,5594,Card,Success,3346.26,2026-05-06 20:36:14
5595,5595,UPI,Success,1479.49,2026-05-05 16:43:54
5596,5596,NetBanking,Success,3179.41,2026-05-31 12:50:22
5597,5597,NetBanking,Success,1334.86,2026-04-18 10:36:36
5598,5598,COD,Success,2842.34,2026-07-20 22:23:44
5599,5599,Wallet,Success,1761.36,2026-03-03 15:51:57
5600,5600,COD,Success,4226.15,2026-03-01 22:07:00
5601,5601,Wallet,Success,2269.69,2026-06-22 20:55:37
5602,5602,COD,Success,4175.77,2026-03-11 07:26:31
5603,5603,NetBanking,Success,1136.37,2026-03-24 20:17:49
5604,5604,UPI,Success,5289.43,2026-07-24 19:58:43
5605,5605,NetBanking,Success,2320.46,2026-03-25 11:11:16
5606,5606,Card,Success,830.6,2026-02-27 07:59:05
5607,5607,UPI,Success,1522.37,2026-05-07 09:14:53
5608,5608,COD,Success,4046.66,2026-05-15 13:29:06
5609,5609,COD,Success,1425.29,2026-06-25 20:31:59
5610,5610,Card,Success,1195.46,2026-06-22 22:26:32
5611,5611,Wallet,Success,451.18,2026-05-31 16:57:39
5612,5612,NetBanking,Success,1109.3,2026-04-27 21:54:42
5613,5613,Wallet,Failed,0.0,2026-04-21 20:01:39
5614,5614,Wallet,Success,3216.31,2026-07-10 09:05:21
5615,5615,COD,Success,400.12,2026-02-14 07:56:45
5616,5616,COD,Success,1049.75,2026-05-13 23:38:26
5617,5617,UPI,Success,2527.05,2026-05-14 09:43:11
5618,5618,COD,Failed,0.0,2026-03-14 11:49:00
5619,5619,NetBanking,Success,1489.78,2026-03-02 13:11:13
5620,5620,Card,Success,212.48,2026-05-09 14:23:24
5621,5621,COD,Success,1553.63,2026-02-20 18:36:01
5622,5622,Card,Refunded,0.0,2026-07-15 09:12:47
5623,5623,COD,Success,1666.99,2026-06-07 07:59:01
5624,5624,UPI,Success,1135.5,2026-03-05 14:17:43
5625,5625,COD,Success,4413.28,2026-06-05 17:20:44
5626,5626,Wallet,Success,3943.28,2026-05-07 21:49:39
5627,5627,UPI,Success,1511.1,2026-04-22 10:52:54
5628,5628,Wallet,Success,1898.86,2026-06-02 11:15:21
5629,5629,UPI,Success,602.34,2026-05-28 23:55:40
5630,5630,Card,Success,2617.76,2026-04-01 18:06:09
5631,5631,COD,Success,211.61,2026-02-21 15:48:23
5632,5632,UPI,Success,1576.92,2026-03-05 17:01:23
5633,5633,UPI,Refunded,0.0,2026-02-23 16:09:55
5634,5634,NetBanking,Failed,0.0,2026-07-03 23:41:12
5635,5635,Card,Success,1263.73,2026-02-21 15:31:21
5636,5636,NetBanking,Success,3037.08,2026-07-29 12:52:31
5637,5637,NetBanking,Success,2849.0,2026-06-28 16:02:47
5638,5638,Wallet,Failed,0.0,2026-05-28 20:42:38
5639,5639,NetBanking,Success,1492.78,2026-04-27 14:32:54
5640,5640,Card,Success,205.29,2026-05-08 08:17:46
5641,5641,Wallet,Success,776.21,2026-06-03 08:45:40
5642,5642,NetBanking,Success,4074.95,2026-05-14 16:03:37
5643,5643,Wallet,Success,2568.91,2026-08-04 14:05:39
5644,5644,NetBanking,Success,564.54,2026-03-23 15:59:53
5645,5645,NetBanking,Success,3311.57,2026-02-13 14:14:47
5646,5646,Wallet,Success,261.72,2026-06-01 19:45:45
5647,5647,COD,Success,2507.52,2026-04-20 11:39:09
5648,5648,Wallet,Failed,0.0,2026-05-07 21:40:57
5649,5649,Card,Success,215.38,2026-05-11 15:38:00
5650,5650,Wallet,Success,4464.53,2026-03-15 21:08:28
5651,5651,Wallet,Success,2848.66,2026-03-14 20:03:13
5652,5652,NetBanking,Success,2338.78,2026-07-09 20:12:09
5653,5653,Wallet,Success,569.8,2026-05-14 15:13:23
5654,5654,Wallet,Refunded,0.0,2026-05-04 19:51:46
5655,5655,COD,Success,3473.78,2026-02-19 13:10:55
5656,5656,Card,Success,1631.28,2026-06-19 09:23:00
5657,5657,NetBanking,Success,495.06,2026-04-29 16:53:26
5658,5658,Card,Success,361.28,2026-07-27 20:46:34
5659,5659,Card,Failed,0.0,2026-06-15 23:27:50
5660,5660,Wallet,Success,2271.36,2026-06-10 19:58:58
5661,5661,COD,Success,207.14,2026-02-09 16:47:06
5662,5662,Wallet,Success,3437.43,2026-05-20 15:52:23
5663,5663,Wallet,Success,1337.78,2026-04-21 08:08:27
5664,5664,UPI,Success,2869.06,2026-04-08 10:12:11
5665,5665,NetBanking,Success,5473.97,2026-05-01 16:38:44
5666,5666,Wallet,Success,1383.87,2026-05-06 09:58:29
5667,5667,COD,Success,210.87,2026-07-13 10:46:51
5668,5668,NetBanking,Success,1286.9,2026-02-19 07:26:30
5669,5669,COD,Success,3761.11,2026-03-29 20:29:02
5670,5670,COD,Success,2518.34,2026-02-14 10:45:17
5671,5671,NetBanking,Success,3626.07,2026-04-03 07:19:54
5672,5672,Card,Success,4410.01,2026-03-04 17:39:10
5673,5673,UPI,Success,2932.71,2026-06-23 16:44:05
5674,5674,Card,Success,2235.05,2026-06-25 21:51:39
5675,5675,Card,Success,21.58,2026-04-21 18:05:52
5676,5676,UPI,Success,3582.67,2026-05-27 23:51:57
5677,5677,UPI,Success,2763.86,2026-03-16 14:58:08
5678,5678,COD,Success,1373.13,2026-06-08 18:58:07
5679,5679,NetBanking,Success,2037.0,2026-04-25 09:30:51
5680,5680,COD,Success,1247.56,2026-06-05 14:34:45
5681,5681,Wallet,Success,5196.68,2026-03-20 21:42:14
5682,5682,Card,Success,1081.56,2026-03-09 08:02:44
5683,5683,NetBanking,Success,414.44,2026-07-02 17:19:46
5684,5684,NetBanking,Success,3946.32,2026-04-02 23:17:09
5685,5685,NetBanking,Success,4286.13,2026-07-20 09:42:47
5686,5686,UPI,Success,2920.18,2026-03-16 20:32:23
5687,5687,Wallet,Success,5439.46,2026-04-16 19:09:06
5688,5688,NetBanking,Success,2975.51,2026-03-18 09:29:27
5689,5689,Card,Success,426.39,2026-04-25 19:56:48
5690,5690,UPI,Success,5199.9,2026-07-22 11:41:21
5691,5691,Wallet,Success,342.89,2026-03-29 17:42:08
5692,5692,Card,Success,310.02,2026-05-20 07:08:46
5693,5693,Card,Success,2892.92,2026-04-26 17:46:23
5694,5694,Wallet,Success,1645.97,2026-05-05 13:07:20
5695,5695,Wallet,Success,3442.13,2026-04-27 21:40:44
5696,5696,Wallet,Success,610.06,2026-05-25 16:46:59
5697,5697,NetBanking,Success,1033.65,2026-08-01 22:53:19
5698,5698,Wallet,Success,2577.52,2026-04-27 11:07:57
5699,5699,Card,Success,2009.51,2026-06-25 13:08:31
5700,5700,COD,Success,1945.51,2026-07-08 12:45:14
5701,5701,UPI,Success,2659.06,2026-03-26 11:52:52
5702,5702,Card,Failed,0.0,2026-05-28 19:39:48
5703,5703,Card,Success,672.39,2026-03-09 22:02:14
5704,5704,COD,Success,956.46,2026-03-15 21:15:54
5705,5705,UPI,Success,2211.68,2026-06-19 11:47:24
5706,5706,Wallet,Failed,0.0,2026-03-22 15:38:13
5707,5707,UPI,Success,690.02,2026-05-15 20:24:54
5708,5708,NetBanking,Success,1718.68,2026-04-30 12:47:35
5709,5709,UPI,Success,3523.62,2026-02-21 11:56:14
5710,5710,UPI,Success,224.13,2026-03-10 09:18:31
5711,5711,Card,Refunded,0.0,2026-04-10 20:07:25
5712,5712,Card,Success,2148.89,2026-03-04 17:45:22
5713,5713,Card,Success,1227.17,2026-02-12 10:03:32
5714,5714,UPI,Success,3496.61,2026-04-18 08:22:48
5715,5715,Wallet,Failed,0.0,2026-03-14 15:53:44
5716,5716,COD,Success,3209.31,2026-05-28 17:54:36
5717,5717,NetBanking,Success,179.1,2026-05-11 23:47:01
5718,5718,COD,Success,1210.82,2026-04-04 10:05:31
5719,5719,COD,Success,1206.53,2026-04-15 17:02:52
5720,5720,COD,Success,1581.44,2026-04-03 10:51:53
5721,5721,COD,Success,757.0,2026-05-25 19:46:01
5722,5722,COD,Success,1261.29,2026-03-18 16:15:30
5723,5723,NetBanking,Success,2423.99,2026-02-26 11:16:31
5724,5724,NetBanking,Success,3248.16,2026-07-10 18:15:31
5725,5725,NetBanking,Success,4098.58,2026-07-26 18:15:29
5726,5726,COD,Success,1980.23,2026-06-04 15:05:02
5727,5727,NetBanking,Success,3139.65,2026-03-13 13:03:00
5728,5728,Wallet,Success,2679.92,2026-07-29 21:47:44
5729,5729,COD,Success,2285.75,2026-05-01 22:51:12
5730,5730,COD,Success,2585.87,2026-06-29 18:58:13
5731,5731,UPI,Refunded,0.0,2026-08-04 11:30:10
5732,5732,COD,Success,1951.26,2026-07-20 15:41:39
5733,5733,Card,Success,1613.2,2026-03-11 17:41:55
5734,5734,Card,Success,2194.33,2026-02-09 16:21:59
5735,5735,COD,Success,1431.05,2026-07-27 07:12:42
5736,5736,COD,Success,3032.97,2026-04-30 12:55:32
5737,5737,Card,Success,2548.0,2026-07-20 13:41:29
5738,5738,NetBanking,Success,1251.86,2026-03-22 18:08:56
5739,5739,UPI,Success,3131.61,2026-05-31 11:50:50
5740,5740,COD,Success,3468.49,2026-03-06 17:13:55
5741,5741,Wallet,Success,776.64,2026-04-06 09:32:02
5742,5742,Card,Success,4316.85,2026-04-08 23:47:04
5743,5743,COD,Failed,0.0,2026-02-14 15:57:40
5744,5744,NetBanking,Success,3411.38,2026-05-27 23:14:24
5745,5745,Wallet,Success,404.6,2026-03-08 21:25:00
5746,5746,COD,Success,2193.09,2026-02-08 12:48:10
5747,5747,Wallet,Success,3123.44,2026-03-05 11:11:11
5748,5748,Card,Failed,0.0,2026-04-08 12:22:28
5749,5749,Wallet,Success,485.34,2026-03-14 20:30:57
5750,5750,UPI,Success,2310.69,2026-06-28 18:13:02
5751,5751,Card,Success,1083.34,2026-07-23 12:07:44
5752,5752,Wallet,Success,1568.66,2026-07-23 21:28:33
5753,5753,Wallet,Success,3281.46,2026-06-27 08:17:44
5754,5754,Card,Success,1662.18,2026-07-09 11:46:08
5755,5755,COD,Success,677.66,2026-03-06 12:19:11
5756,5756,Card,Success,3660.57,2026-05-06 17:44:03
5757,5757,UPI,Success,1178.93,2026-07-06 14:22:11
5758,5758,NetBanking,Success,3231.78,2026-06-24 11:03:48
5759,5759,UPI,Success,2196.97,2026-05-06 09:58:50
5760,5760,UPI,Refunded,0.0,2026-06-29 08:54:46
5761,5761,Card,Success,4465.9,2026-03-16 12:51:07
5762,5762,NetBanking,Success,1082.72,2026-03-31 09:29:46
5763,5763,Card,Success,1602.06,2026-02-22 18:20:05
5764,5764,Card,Success,38.46,2026-03-08 20:20:15
5765,5765,UPI,Success,4776.5,2026-06-04 16:43:59
5766,5766,NetBanking,Success,243.56,2026-06-18 23:48:02
5767,5767,UPI,Success,399.88,2026-06-13 19:29:46
5768,5768,NetBanking,Success,557.52,2026-07-18 20:08:40
5769,5769,Card,Success,2175.2,2026-02-19 08:16:15
5770,5770,UPI,Success,5616.79,2026-06-08 11:33:15
5771,5771,COD,Success,2289.53,2026-03-22 19:53:19
5772,5772,UPI,Success,1165.26,2026-07-06 23:01:28
5773,5773,NetBanking,Success,494.1,2026-05-29 15:51:50
5774,5774,COD,Success,4006.51,2026-05-28 09:48:45
5775,5775,NetBanking,Success,2110.98,2026-06-02 12:42:49
5776,5776,NetBanking,Success,3967.07,2026-07-31 15:08:01
5777,5777,Wallet,Success,263.78,2026-06-15 11:27:42
5778,5778,COD,Failed,0.0,2026-05-09 07:04:11
5779,5779,NetBanking,Success,3206.12,2026-05-29 15:23:55
5780,5780,Card,Success,5366.74,2026-06-30 17:11:06
5781,5781,Card,Success,4861.71,2026-02-06 07:45:42
5782,5782,UPI,Success,1999.51,2026-07-22 07:07:52
5783,5783,COD,Success,1147.54,2026-03-16 23:48:26
5784,5784,Card,Success,2039.23,2026-07-20 12:11:11
5785,5785,Card,Success,28.9,2026-03-31 22:02:06
5786,5786,COD,Success,2378.66,2026-08-04 22:17:23
5787,5787,COD,Success,3354.35,2026-06-17 12:50:05
5788,5788,Card,Success,695.62,2026-04-02 09:35:03
5789,5789,Card,Success,2681.37,2026-03-01 07:30:50
5790,5790,NetBanking,Success,3060.85,2026-07-03 10:44:16
5791,5791,UPI,Success,3138.49,2026-04-17 10:58:23
5792,5792,UPI,Success,3438.6,2026-02-07 07:55:08
5793,5793,NetBanking,Success,4021.47,2026-07-10 20:06:43
5794,5794,Wallet,Success,1972.98,2026-03-04 10:27:18
5795,5795,NetBanking,Success,2012.9,2026-06-05 17:24:47
5796,5796,NetBanking,Success,3196.22,2026-03-02 15:24:43
5797,5797,Wallet,Success,323.33,2026-04-25 21:38:31
5798,5798,NetBanking,Success,6104.36,2026-06-19 10:34:58
5799,5799,Wallet,Success,1594.35,2026-07-13 09:51:35
5800,5800,Card,Success,922.2,2026-05-11 08:08:08
5801,5801,NetBanking,Success,1115.66,2026-03-07 10:23:10
5802,5802,NetBanking,Success,2668.2,2026-03-27 07:59:48
5803,5803,COD,Success,4558.82,2026-05-05 08:03:34
5804,5804,NetBanking,Success,1555.08,2026-05-06 08:11:56
5805,5805,COD,Failed,0.0,2026-05-15 21:09:12
5806,5806,COD,Success,3451.3,2026-05-25 20:15:34
5807,5807,Wallet,Success,892.17,2026-05-07 13:20:15
5808,5808,UPI,Refunded,0.0,2026-02-26 23:21:24
5809,5809,UPI,Success,888.99,2026-06-25 15:56:37
5810,5810,Wallet,Success,1163.22,2026-04-30 09:54:42
5811,5811,Wallet,Success,2952.42,2026-02-09 21:09:25
5812,5812,UPI,Success,404.22,2026-07-15 12:45:18
5813,5813,UPI,Success,4344.1,2026-07-23 16:05:47
5814,5814,UPI,Success,3042.86,2026-03-18 18:40:24
5815,5815,UPI,Success,3000.67,2026-02-15 19:57:49
5816,5816,COD,Success,5145.32,2026-02-27 09:49:38
5817,5817,NetBanking,Success,4537.8,2026-04-30 07:05:37
5818,5818,Card,Success,3385.14,2026-02-14 12:26:55
5819,5819,Wallet,Success,161.62,2026-06-02 23:34:06
5820,5820,Card,Success,3544.66,2026-02-21 22:09:18
5821,5821,Wallet,Refunded,0.0,2026-02-12 20:20:02
5822,5822,NetBanking,Success,3424.92,2026-04-28 17:27:53
5823,5823,Wallet,Success,4167.61,2026-07-29 23:17:42
5824,5824,Card,Success,2735.36,2026-06-21 16:55:06
5825,5825,COD,Success,3416.5,2026-06-18 14:10:38
5826,5826,Wallet,Success,2075.09,2026-03-02 09:20:30
5827,5827,COD,Failed,0.0,2026-04-16 18:45:00
5828,5828,Wallet,Success,3079.04,2026-07-01 17:31:27
5829,5829,Wallet,Success,1666.38,2026-03-13 19:51:44
5830,5830,Card,Success,2204.21,2026-06-22 14:35:22
5831,5831,Card,Success,1990.68,2026-07-05 15:45:58
5832,5832,UPI,Success,817.48,2026-02-28 20:35:50
5833,5833,COD,Success,671.15,2026-04-10 22:23:40
5834,5834,UPI,Success,1202.88,2026-07-14 19:47:56
5835,5835,COD,Success,2610.06,2026-06-23 23:24:00
5836,5836,Wallet,Success,1823.77,2026-03-08 18:52:53
5837,5837,Card,Success,1317.05,2026-05-17 11:12:37
5838,5838,COD,Success,2556.02,2026-02-16 22:45:52
5839,5839,Card,Success,3991.63,2026-06-17 10:14:47
5840,5840,UPI,Success,411.95,2026-06-20 13:19:01
5841,5841,Card,Success,703.28,2026-03-17 08:05:29
5842,5842,NetBanking,Failed,0.0,2026-05-23 20:46:09
5843,5843,COD,Success,3559.97,2026-04-22 10:02:18
5844,5844,COD,Success,978.0,2026-04-03 22:01:29
5845,5845,COD,Success,4039.4,2026-02-09 20:52:17
5846,5846,Card,Success,1973.03,2026-05-28 12:35:29
5847,5847,COD,Success,131.89,2026-05-26 14:27:26
5848,5848,COD,Refunded,0.0,2026-03-21 07:07:02
5849,5849,NetBanking,Success,4926.85,2026-05-15 20:50:18
5850,5850,Card,Success,1552.1,2026-05-26 17:00:50
5851,5851,UPI,Success,1408.28,2026-05-17 14:05:37
5852,5852,UPI,Success,348.96,2026-07-08 15:13:45
5853,5853,COD,Success,3475.86,2026-03-31 15:59:01
5854,5854,NetBanking,Success,1841.2,2026-05-16 23:38:30
5855,5855,Wallet,Success,6808.24,2026-03-17 14:11:03
5856,5856,COD,Success,1292.41,2026-02-15 21:10:40
5857,5857,UPI,Success,1135.72,2026-03-21 18:06:19
5858,5858,Wallet,Success,2371.76,2026-07-17 07:10:45
5859,5859,UPI,Success,2729.6,2026-02-26 21:42:37
5860,5860,UPI,Success,1652.57,2026-03-27 19:45:29
5861,5861,Wallet,Success,1451.2,2026-07-26 22:43:48
5862,5862,COD,Success,1322.2,2026-05-31 09:58:28
5863,5863,COD,Success,43.41,2026-05-16 14:19:57
5864,5864,Wallet,Success,420.58,2026-04-18 18:41:36
5865,5865,NetBanking,Success,2443.86,2026-05-09 13:04:55
5866,5866,UPI,Refunded,0.0,2026-05-13 21:12:04
5867,5867,UPI,Success,849.92,2026-07-27 21:25:08
5868,5868,Wallet,Success,1987.01,2026-06-03 07:43:13
5869,5869,COD,Refunded,0.0,2026-06-05 15:28:10
5870,5870,NetBanking,Success,2800.11,2026-06-14 07:30:08
5871,5871,UPI,Success,2014.8,2026-04-15 11:37:00
5872,5872,COD,Success,565.86,2026-03-25 20:19:04
5873,5873,NetBanking,Success,699.54,2026-06-03 18:08:35
5874,5874,UPI,Success,4536.66,2026-06-29 19:40:23
5875,5875,NetBanking,Success,1897.56,2026-08-04 12:03:58
5876,5876,NetBanking,Refunded,0.0,2026-02-21 08:29:08
5877,5877,Wallet,Success,3468.42,2026-07-04 14:39:14
5878,5878,COD,Success,794.57,2026-05-26 21:39:12
5879,5879,UPI,Success,1104.87,2026-06-04 18:30:50
5880,5880,Card,Success,3919.44,2026-04-09 15:00:44
5881,5881,Wallet,Success,3296.96,2026-03-23 11:30:50
5882,5882,Card,Success,1067.01,2026-06-25 11:14:40
5883,5883,UPI,Success,1723.28,2026-03-17 16:53:29
5884,5884,Card,Success,1736.26,2026-02-15 07:30:42
5885,5885,Wallet,Success,2101.06,2026-02-14 12:56:46
5886,5886,Wallet,Success,2770.28,2026-06-27 20:32:56
5887,5887,COD,Success,1415.87,2026-04-09 10:08:12
5888,5888,Card,Success,2278.91,2026-06-05 17:03:15
5889,5889,Card,Success,1125.8,2026-06-17 18:53:07
5890,5890,NetBanking,Success,3589.79,2026-04-03 08:07:05
5891,5891,NetBanking,Success,988.71,2026-07-04 21:56:58
5892,5892,UPI,Success,2350.02,2026-05-25 09:36:45
5893,5893,Card,Success,2035.66,2026-07-27 12:35:25
5894,5894,NetBanking,Success,1023.06,2026-03-20 20:39:58
5895,5895,COD,Success,2734.18,2026-07-03 08:56:33
5896,5896,UPI,Success,2979.96,2026-03-28 14:02:59
5897,5897,COD,Success,2958.34,2026-03-23 18:24:35
5898,5898,COD,Refunded,0.0,2026-02-08 10:27:30
5899,5899,UPI,Success,2703.99,2026-03-14 14:49:44
5900,5900,NetBanking,Success,233.92,2026-02-08 19:37:53
5901,5901,Wallet,Success,1199.0,2026-03-29 22:00:54
5902,5902,UPI,Success,2165.32,2026-03-04 07:38:58
5903,5903,UPI,Success,1486.29,2026-03-21 19:46:28
5904,5904,Card,Success,5514.26,2026-05-07 19:12:52
5905,5905,UPI,Success,1537.84,2026-04-26 21:28:55
5906,5906,Card,Success,1410.24,2026-06-29 13:35:59
5907,5907,Wallet,Success,4251.76,2026-05-28 22:22:32
5908,5908,Wallet,Success,1436.7,2026-06-25 15:16:06
5909,5909,NetBanking,Success,1829.95,2026-02-24 08:40:10
5910,5910,COD,Success,3450.48,2026-04-04 21:44:35
5911,5911,NetBanking,Failed,0.0,2026-06-28 14:08:22
5912,5912,UPI,Success,2356.56,2026-05-29 11:04:15
5913,5913,NetBanking,Success,2845.98,2026-04-30 19:36:29
5914,5914,UPI,Refunded,0.0,2026-02-07 23:30:12
5915,5915,COD,Success,3403.11,2026-06-10 12:53:30
5916,5916,UPI,Success,2900.24,2026-07-29 21:49:39
5917,5917,Card,Refunded,0.0,2026-03-07 14:27:12
5918,5918,Wallet,Success,664.4,2026-07-29 10:21:02
5919,5919,UPI,Success,3814.73,2026-03-20 09:11:21
5920,5920,COD,Success,352.53,2026-06-07 09:10:19
5921,5921,NetBanking,Success,2201.61,2026-04-16 22:42:49
5922,5922,Card,Failed,0.0,2026-03-07 15:13:25
5923,5923,Card,Failed,0.0,2026-07-15 12:03:07
5924,5924,UPI,Success,1449.46,2026-02-18 20:16:03
5925,5925,NetBanking,Success,766.14,2026-02-22 10:21:22
5926,5926,NetBanking,Success,2110.76,2026-07-01 23:45:17
5927,5927,Wallet,Success,2641.2,2026-02-11 22:13:28
5928,5928,COD,Success,909.1,2026-04-18 12:42:34
5929,5929,NetBanking,Success,2472.45,2026-03-04 13:18:44
5930,5930,NetBanking,Failed,0.0,2026-07-12 18:08:41
5931,5931,Wallet,Failed,0.0,2026-07-11 11:38:40
5932,5932,Wallet,Success,1352.32,2026-03-22 15:38:55
5933,5933,Card,Success,2594.03,2026-05-31 11:44:35
5934,5934,NetBanking,Refunded,0.0,2026-06-17 21:13:38
5935,5935,Card,Success,1824.3,2026-02-21 08:09:05
5936,5936,Card,Success,4093.94,2026-03-08 09:46:23
5937,5937,UPI,Success,90.44,2026-05-19 17:54:18
5938,5938,NetBanking,Success,2387.66,2026-04-13 15:33:01
5939,5939,Card,Success,4940.0,2026-04-17 20:38:24
5940,5940,NetBanking,Refunded,0.0,2026-05-10 10:25:57
5941,5941,COD,Success,2096.8,2026-03-26 10:29:30
5942,5942,NetBanking,Success,3660.81,2026-07-11 17:43:38
5943,5943,NetBanking,Success,642.24,2026-04-24 23:25:23
5944,5944,Wallet,Success,2008.55,2026-07-27 19:52:17
5945,5945,COD,Success,2420.8,2026-03-25 11:54:24
5946,5946,COD,Success,3376.7,2026-06-03 22:05:55
5947,5947,Wallet,Refunded,0.0,2026-02-26 21:03:53
5948,5948,UPI,Success,3648.82,2026-04-17 22:56:54
5949,5949,COD,Success,6508.23,2026-07-06 20:37:44
5950,5950,Wallet,Success,5068.84,2026-05-29 18:34:41
5951,5951,Wallet,Success,1783.78,2026-04-02 17:40:08
5952,5952,Card,Success,3513.29,2026-04-26 15:37:23
5953,5953,COD,Success,1811.5,2026-07-27 17:00:28
5954,5954,Card,Success,1040.53,2026-06-26 19:20:58
5955,5955,NetBanking,Success,2647.16,2026-07-29 21:00:58
5956,5956,Wallet,Success,1492.06,2026-05-29 18:41:19
5957,5957,COD,Success,4145.63,2026-06-07 17:47:35
5958,5958,COD,Success,3424.42,2026-06-08 15:43:51
5959,5959,Wallet,Refunded,0.0,2026-03-11 14:05:38
5960,5960,UPI,Success,1983.94,2026-07-28 08:11:39
5961,5961,UPI,Failed,0.0,2026-07-21 07:35:41
5962,5962,NetBanking,Success,2327.34,2026-04-03 14:22:59
5963,5963,UPI,Success,4463.17,2026-04-06 13:53:39
5964,5964,COD,Success,3127.95,2026-04-12 22:17:51
5965,5965,UPI,Success,3108.81,2026-02-24 16:08:55
5966,5966,Wallet,Success,4290.99,2026-02-16 11:34:42
5967,5967,UPI,Failed,0.0,2026-05-11 20:31:19
5968,5968,NetBanking,Success,1339.23,2026-06-24 21:08:42
5969,5969,Wallet,Success,1255.02,2026-05-18 21:25:24
5970,5970,NetBanking,Success,1063.72,2026-05-29 12:40:03
5971,5971,NetBanking,Success,3463.37,2026-05-24 17:10:43
5972,5972,COD,Success,2019.0,2026-06-06 14:38:33
5973,5973,COD,Success,1158.12,2026-05-02 12:58:35
5974,5974,UPI,Success,3268.31,2026-02-18 10:46:15
5975,5975,COD,Success,121.78,2026-02-21 14:45:08
5976,5976,Card,Success,1623.14,2026-06-12 21:21:39
5977,5977,Card,Success,2395.22,2026-07-03 20:20:43
5978,5978,Wallet,Success,2953.63,2026-04-15 18:27:53
5979,5979,NetBanking,Success,3269.32,2026-03-31 15:46:56
5980,5980,Wallet,Refunded,0.0,2026-02-21 20:21:06
5981,5981,Wallet,Refunded,0.0,2026-02-24 16:40:00
5982,5982,Wallet,Success,4613.54,2026-07-27 17:48:36
5983,5983,Card,Success,1005.57,2026-03-16 23:48:39
5984,5984,COD,Refunded,0.0,2026-06-21 08:15:06
5985,5985,COD,Success,2870.69,2026-06-20 15:21:19
5986,5986,NetBanking,Success,3715.16,2026-05-19 17:53:44
5987,5987,UPI,Success,3852.45,2026-02-05 23:43:24
5988,5988,COD,Success,406.18,2026-03-31 23:47:14
5989,5989,Card,Success,879.13,2026-07-07 19:41:44
5990,5990,UPI,Success,1113.31,2026-05-20 11:29:13
5991,5991,COD,Success,1495.32,2026-05-01 18:35:26
5992,5992,Card,Success,1719.87,2026-04-22 23:41:16
5993,5993,NetBanking,Success,4477.98,2026-07-03 12:28:31
5994,5994,Wallet,Success,2156.21,2026-02-23 22:16:30
5995,5995,Wallet,Success,138.74,2026-05-11 09:16:07
5996,5996,Wallet,Success,2980.73,2026-06-25 17:15:50
5997,5997,COD,Success,1603.16,2026-06-25 09:31:20
5998,5998,Wallet,Success,328.84,2026-04-25 18:27:06
5999,5999,NetBanking,Success,1603.17,2026-06-23 11:49:19
6000,6000,UPI,Failed,0.0,2026-02-18 23:34:20

